MapName,ChunkX,ChunkY,LotX,LotY,LotZ,Width,Height,ZoneID
Trammel,0,1408,116,1474,-1,9,17,1369003
Trammel,128,640,234,736,0,9,17,1216002
Trammel,128,640,233,739,0,9,17,1216002
Trammel,128,1280,205,1357,0,9,17,1369003
Trammel,128,1280,202,1366,0,9,17,1369003
Trammel,128,1280,214,1366,0,9,17,1369003
Trammel,128,1280,198,1369,0,9,17,1369003
Trammel,128,1280,211,1374,0,9,17,1369003
Trammel,128,1408,141,1457,-2,9,17,1369003
Trammel,128,1408,137,1458,0,9,17,1369003
Trammel,128,1408,134,1459,0,9,17,1369003
Trammel,128,1408,132,1460,-2,9,17,1369003
Trammel,128,1408,130,1461,-2,9,17,1369003
Trammel,128,1408,128,1462,-2,9,17,1369003
Trammel,128,1408,157,1462,0,9,17,1369003
Trammel,128,1408,156,1471,0,9,17,1369003
Trammel,128,1408,140,1477,0,9,17,1369003
Trammel,256,640,329,730,0,9,17,1216002
Trammel,256,768,349,797,0,9,17,1216002
Trammel,256,896,371,976,0,9,17,1216002
Trammel,256,896,297,1001,0,9,17,1216002
Trammel,256,1152,365,1172,0,9,17,1216002
Trammel,256,1152,374,1174,0,9,17,1216002
Trammel,256,1152,365,1189,0,9,17,1216002
Trammel,256,1152,374,1191,0,9,17,1216002
Trammel,256,1280,374,1306,0,9,17,1216002
Trammel,256,1408,368,1458,2,9,17,1216002
Trammel,256,1408,363,1459,3,9,17,1216002
Trammel,256,1408,362,1461,1,9,17,1216002
Trammel,256,1408,359,1462,1,9,17,1216002
Trammel,384,768,468,809,0,9,17,1216002
Trammel,384,768,493,853,0,9,17,1216002
Trammel,384,896,392,896,0,9,17,1216002
Trammel,384,896,493,901,0,9,17,1216002
Trammel,384,896,490,904,0,9,17,1216002
Trammel,384,896,394,961,0,9,17,1216002
Trammel,384,896,420,969,0,9,17,1216002
Trammel,384,896,448,969,0,9,17,1216002
Trammel,384,1024,485,1096,0,9,17,1216002
Trammel,384,1024,473,1109,0,9,17,1216002
Trammel,384,1152,386,1187,0,9,17,1216002
Trammel,384,1152,384,1189,0,9,17,1216002
Trammel,384,1152,410,1213,0,9,17,1216002
Trammel,384,1152,401,1225,0,9,17,1216002
Trammel,384,1280,384,1309,0,9,17,1216002
Trammel,512,768,516,770,-5,9,17,1216002
Trammel,512,768,534,793,0,9,17,1216002
Trammel,512,768,585,805,0,9,17,1216002
Trammel,512,768,538,841,0,9,17,1216002
Trammel,512,768,625,857,0,9,17,1216002
Trammel,512,768,544,861,0,9,17,1216002
Trammel,512,768,625,874,0,9,17,1216002
Trammel,512,896,560,902,0,9,17,1216002
Trammel,512,896,597,921,0,9,17,1216002
Trammel,512,896,594,925,0,9,17,1216002
Trammel,512,896,589,926,0,9,17,1216002
Trammel,512,896,541,937,0,9,17,1216002
Trammel,512,896,550,953,0,9,17,1216002
Trammel,512,896,545,954,0,9,17,1216002
Trammel,512,896,541,977,0,9,17,1216002
Trammel,512,896,561,977,0,9,17,1216002
Trammel,512,896,545,1001,0,9,17,1216002
Trammel,512,1024,545,1053,0,9,17,1216002
Trammel,512,1024,574,1088,0,9,17,1216002
Trammel,512,1024,568,1089,0,9,17,1216002
Trammel,512,1152,569,1219,0,9,17,1216002
Trammel,512,1152,555,1225,0,9,17,1216002
Trammel,512,1152,564,1225,0,9,17,1216002
Trammel,512,1152,578,1228,0,9,17,1216002
Trammel,512,1152,545,1231,0,9,17,1216002
Trammel,512,1152,573,1236,0,9,17,1216002
Trammel,512,1152,554,1241,0,9,17,1216002
Trammel,512,2048,593,2119,0,9,17,1212002
Trammel,512,2176,565,2225,0,9,17,1212002
Trammel,512,2176,625,2225,0,9,17,1212002
Trammel,512,2176,582,2241,0,9,17,1212002
Trammel,640,512,743,564,0,9,17,1369003
Trammel,640,512,742,565,0,9,17,1369003
Trammel,640,512,725,590,0,9,17,1369003
Trammel,640,512,724,591,0,9,17,1369003
Trammel,640,512,723,597,0,9,17,1369003
Trammel,640,512,721,601,0,9,17,1369003
Trammel,640,512,720,603,0,9,17,1369003
Trammel,640,512,719,604,0,9,17,1369003
Trammel,640,512,716,607,0,9,17,1369003
Trammel,640,512,715,618,0,9,17,1369003
Trammel,640,640,702,643,0,9,17,1216002
Trammel,640,640,717,707,0,9,17,1216002
Trammel,640,640,753,748,0,9,17,1216002
Trammel,640,768,658,781,0,9,17,1216002
Trammel,640,768,656,785,0,9,17,1216002
Trammel,640,768,668,789,0,9,17,1216002
Trammel,640,768,667,790,0,9,17,1216002
Trammel,640,768,678,850,0,9,17,1216002
Trammel,640,768,722,850,0,9,17,1216002
Trammel,640,896,687,899,0,9,17,1216002
Trammel,640,896,685,906,0,9,17,1216002
Trammel,640,896,682,910,0,9,17,1216002
Trammel,640,896,711,916,0,9,17,1216002
Trammel,640,896,710,917,0,9,17,1216002
Trammel,640,896,742,918,0,9,17,1216002
Trammel,640,896,665,928,0,9,17,1216002
Trammel,640,896,701,952,0,9,17,1216002
Trammel,640,896,690,992,0,9,17,1216002
Trammel,640,896,673,996,0,9,17,1216002
Trammel,640,896,688,996,0,9,17,1216002
Trammel,640,1024,729,1030,0,9,17,1216002
Trammel,640,1024,724,1032,0,9,17,1216002
Trammel,640,1024,709,1067,0,9,17,1216002
Trammel,640,1024,700,1120,0,9,17,1216002
Trammel,640,1152,721,1152,0,9,17,1216002
Trammel,640,1152,730,1152,0,9,17,1216002
Trammel,640,1152,739,1152,0,9,17,1216002
Trammel,640,1152,671,1168,0,9,17,1216002
Trammel,640,1280,648,1306,0,9,17,1216002
Trammel,640,1280,657,1310,0,9,17,1216002
Trammel,640,1280,645,1314,0,9,17,1216002
Trammel,640,1280,640,1315,0,9,17,1216002
Trammel,640,1280,654,1323,0,9,17,1216002
Trammel,640,1280,649,1331,0,9,17,1216002
Trammel,640,1280,640,1332,0,9,17,1216002
Trammel,640,1280,670,1339,0,9,17,1216002
Trammel,640,1280,661,1341,0,9,17,1216002
Trammel,640,1280,649,1348,0,9,17,1216002
Trammel,640,1280,641,1349,0,9,17,1216002
Trammel,640,1280,658,1349,0,9,17,1216002
Trammel,640,1280,683,1386,0,9,17,1216002
Trammel,640,1408,738,1502,0,9,17,1216002
Trammel,640,1792,749,1798,0,9,17,1369003
Trammel,640,1792,644,1820,0,9,17,1369003
Trammel,640,1792,756,1857,0,9,17,1369003
Trammel,640,1792,754,1860,0,9,17,1369003
Trammel,640,1792,753,1864,0,9,17,1369003
Trammel,640,1792,750,1867,0,9,17,1369003
Trammel,640,1792,707,1876,0,9,17,1369003
Trammel,640,1792,706,1879,-1,9,17,1369003
Trammel,640,1792,731,1879,0,9,17,1369003
Trammel,640,1792,721,1883,0,9,17,1369003
Trammel,640,1792,746,1883,0,9,17,1369003
Trammel,640,1792,716,1892,0,9,17,1369003
Trammel,640,1792,715,1893,0,9,17,1369003
Trammel,640,1792,711,1896,0,9,17,1369003
Trammel,640,1920,712,1932,0,9,17,1369003
Trammel,640,2048,640,2134,0,9,17,1212002
Trammel,640,2176,757,2257,0,9,17,1212002
Trammel,640,2304,752,2304,0,9,17,1212002
Trammel,768,256,835,336,0,9,17,1369003
Trammel,768,256,830,343,0,9,17,1369003
Trammel,768,256,823,350,0,9,17,1369003
Trammel,768,256,822,353,0,9,17,1369003
Trammel,768,256,821,354,0,9,17,1369003
Trammel,768,256,820,357,0,9,17,1369003
Trammel,768,256,819,360,0,9,17,1369003
Trammel,768,256,818,361,0,9,17,1369003
Trammel,768,256,817,362,0,9,17,1369003
Trammel,768,384,826,384,0,9,17,1369003
Trammel,768,384,835,386,0,9,17,1369003
Trammel,768,384,833,401,0,9,17,1369003
Trammel,768,384,844,401,0,9,17,1369003
Trammel,768,384,842,403,0,9,17,1369003
Trammel,768,384,834,418,0,9,17,1369003
Trammel,768,384,845,420,0,9,17,1369003
Trammel,768,384,817,427,0,9,17,1369003
Trammel,768,384,857,433,0,9,17,1369003
Trammel,768,384,805,434,0,9,17,1369003
Trammel,768,384,802,435,0,9,17,1369003
Trammel,768,384,866,438,0,9,17,1369003
Trammel,768,384,788,442,0,9,17,1369003
Trammel,768,384,780,450,0,9,17,1369003
Trammel,768,384,779,451,0,9,17,1369003
Trammel,768,384,868,455,0,9,17,1369003
Trammel,768,384,873,475,0,9,17,1369003
Trammel,768,512,860,581,0,9,17,1369003
Trammel,768,512,857,586,0,9,17,1369003
Trammel,768,512,849,598,0,9,17,1369003
Trammel,768,640,807,674,0,9,17,1216002
Trammel,768,640,788,677,0,9,17,1216002
Trammel,768,640,816,689,0,9,17,1216002
Trammel,768,640,807,691,0,9,17,1216002
Trammel,768,640,797,697,0,9,17,1216002
Trammel,768,768,823,775,0,9,17,1216002
Trammel,768,768,821,781,0,9,17,1216002
Trammel,768,768,809,782,0,9,17,1216002
Trammel,768,768,818,782,0,9,17,1216002
Trammel,768,768,806,783,0,9,17,1216002
Trammel,768,768,805,784,0,9,17,1216002
Trammel,768,768,801,790,0,9,17,1216002
Trammel,768,768,798,799,0,9,17,1216002
Trammel,768,768,811,801,0,9,17,1216002
Trammel,768,768,831,802,0,9,17,1216002
Trammel,768,768,821,809,0,9,17,1216002
Trammel,768,768,820,813,0,9,17,1216002
Trammel,768,768,818,818,0,9,17,1216002
Trammel,768,896,834,907,0,9,17,1216002
Trammel,768,896,831,909,0,9,17,1216002
Trammel,768,896,825,916,0,9,17,1216002
Trammel,768,896,821,922,0,9,17,1216002
Trammel,768,896,843,922,0,9,17,1216002
Trammel,768,896,840,924,0,9,17,1216002
Trammel,768,896,834,926,0,9,17,1216002
Trammel,768,896,819,930,0,9,17,1216002
Trammel,768,896,830,933,0,9,17,1216002
Trammel,768,1024,819,1039,0,9,17,1216002
Trammel,768,1024,812,1041,0,9,17,1216002
Trammel,768,1024,809,1044,0,9,17,1216002
Trammel,768,1024,807,1045,0,9,17,1216002
Trammel,768,1024,802,1055,0,9,17,1216002
Trammel,768,1024,821,1056,0,9,17,1216002
Trammel,768,1024,818,1058,0,9,17,1216002
Trammel,768,1024,816,1061,0,9,17,1216002
Trammel,768,1024,811,1063,0,9,17,1216002
Trammel,768,1024,810,1072,0,9,17,1216002
Trammel,768,1152,829,1162,0,9,17,1216002
Trammel,768,1152,853,1162,0,9,17,1216002
Trammel,768,1152,825,1164,0,9,17,1216002
Trammel,768,1152,817,1168,0,9,17,1216002
Trammel,768,1152,814,1174,0,9,17,1216002
Trammel,768,1152,843,1179,0,9,17,1216002
Trammel,768,1152,826,1181,0,9,17,1216002
Trammel,768,1152,811,1183,0,9,17,1216002
Trammel,768,1152,823,1185,0,9,17,1216002
Trammel,768,1152,861,1187,0,9,17,1216002
Trammel,768,1152,820,1191,0,9,17,1216002
Trammel,768,1152,835,1193,0,9,17,1216002
Trammel,768,1280,794,1318,0,9,17,1216002
Trammel,768,1280,793,1320,0,9,17,1216002
Trammel,768,1280,803,1321,0,9,17,1216002
Trammel,768,1280,789,1329,0,9,17,1216002
Trammel,768,1408,796,1435,0,9,17,1216002
Trammel,768,1408,807,1435,0,9,17,1216002
Trammel,768,1408,793,1436,0,9,17,1216002
Trammel,768,1408,805,1436,0,9,17,1216002
Trammel,768,1408,792,1438,0,9,17,1216002
Trammel,768,1408,789,1441,0,9,17,1216002
Trammel,768,1408,816,1444,0,9,17,1216002
Trammel,768,1408,786,1447,0,9,17,1216002
Trammel,768,1408,785,1451,0,9,17,1216002
Trammel,768,1408,802,1452,0,9,17,1216002
Trammel,768,1408,801,1453,0,9,17,1216002
Trammel,768,1408,781,1456,0,9,17,1216002
Trammel,768,1408,773,1459,0,9,17,1216002
Trammel,768,1408,770,1462,0,9,17,1216002
Trammel,768,1408,811,1465,0,9,17,1216002
Trammel,768,1408,790,1468,0,9,17,1216002
Trammel,768,1408,799,1468,0,9,17,1216002
Trammel,768,1408,810,1469,0,9,17,1216002
Trammel,768,1408,809,1470,0,9,17,1216002
Trammel,768,1408,808,1471,0,9,17,1216002
Trammel,768,1408,782,1473,0,9,17,1216002
Trammel,768,1792,782,1796,0,9,17,1369003
Trammel,768,1792,781,1801,0,9,17,1369003
Trammel,768,1792,791,1801,0,9,17,1369003
Trammel,768,1792,777,1811,0,9,17,1369003
Trammel,768,1792,768,1812,0,9,17,1369003
Trammel,768,1792,786,1818,0,9,17,1369003
Trammel,768,1792,885,1825,0,9,17,1369003
Trammel,768,1792,777,1828,0,9,17,1369003
Trammel,768,1792,883,1828,0,9,17,1369003
Trammel,768,1792,768,1829,0,9,17,1369003
Trammel,768,1792,881,1840,0,9,17,1369003
Trammel,768,1792,777,1845,0,9,17,1369003
Trammel,768,1792,768,1846,0,9,17,1369003
Trammel,768,1792,786,1846,0,9,17,1369003
Trammel,768,1792,865,1848,0,9,17,1369003
Trammel,768,1792,857,1849,0,9,17,1369003
Trammel,768,1792,877,1852,0,9,17,1369003
Trammel,768,1792,855,1854,0,9,17,1369003
Trammel,768,1792,875,1855,0,9,17,1369003
Trammel,768,1792,886,1857,0,9,17,1369003
Trammel,768,1792,854,1858,0,9,17,1369003
Trammel,768,1792,874,1859,0,9,17,1369003
Trammel,768,1792,795,1860,0,9,17,1369003
Trammel,768,1792,778,1862,0,9,17,1369003
Trammel,768,1792,768,1863,0,9,17,1369003
Trammel,768,1792,867,1865,0,9,17,1369003
Trammel,768,1792,804,1867,0,9,17,1369003
Trammel,768,1792,852,1869,0,9,17,1369003
Trammel,768,1792,884,1869,0,9,17,1369003
Trammel,768,1792,832,1871,0,9,17,1369003
Trammel,768,1792,883,1872,0,9,17,1369003
Trammel,768,1792,876,1876,0,9,17,1369003
Trammel,768,1792,787,1877,0,9,17,1369003
Trammel,768,1792,786,1879,0,9,17,1369003
Trammel,768,1792,841,1879,0,9,17,1369003
Trammel,768,1792,768,1880,0,9,17,1369003
Trammel,768,1792,850,1880,0,9,17,1369003
Trammel,768,1792,777,1882,0,9,17,1369003
Trammel,768,1792,868,1882,0,9,17,1369003
Trammel,768,1792,861,1883,0,9,17,1369003
Trammel,768,1792,833,1888,0,9,17,1369003
Trammel,768,1792,885,1889,0,9,17,1369003
Trammel,768,1792,771,1897,0,9,17,1369003
Trammel,768,1792,852,1897,0,9,17,1369003
Trammel,768,1792,844,1901,0,9,17,1369003
Trammel,768,1920,840,1920,0,9,17,1369003
Trammel,768,1920,849,1920,0,9,17,1369003
Trammel,768,1920,839,1929,0,9,17,1369003
Trammel,768,1920,768,1933,0,9,17,1369003
Trammel,768,1920,829,1936,0,9,17,1369003
Trammel,768,1920,848,1937,0,9,17,1369003
Trammel,768,1920,768,1950,0,9,17,1369003
Trammel,768,1920,783,1954,0,9,17,1369003
Trammel,768,1920,817,1955,0,9,17,1369003
Trammel,768,1920,779,1958,0,9,17,1369003
Trammel,768,1920,801,1961,0,9,17,1369003
Trammel,768,1920,831,1963,0,9,17,1369003
Trammel,768,1920,810,1968,0,9,17,1369003
Trammel,768,1920,797,1970,0,9,17,1369003
Trammel,768,1920,819,1972,0,9,17,1369003
Trammel,768,1920,786,1975,0,9,17,1369003
Trammel,768,1920,774,1978,0,9,17,1369003
Trammel,768,1920,795,1979,0,9,17,1369003
Trammel,768,1920,810,1985,0,9,17,1369003
Trammel,768,1920,877,1985,0,9,17,1369003
Trammel,768,1920,783,1986,0,9,17,1369003
Trammel,768,1920,876,1987,0,9,17,1369003
Trammel,768,1920,826,1989,0,9,17,1369003
Trammel,768,1920,835,1993,0,9,17,1369003
Trammel,768,1920,873,1996,0,9,17,1369003
Trammel,768,1920,866,2000,0,9,17,1369003
Trammel,768,1920,885,2002,0,9,17,1369003
Trammel,768,1920,853,2003,0,9,17,1369003
Trammel,768,1920,882,2004,0,9,17,1369003
Trammel,768,1920,862,2005,0,9,17,1369003
Trammel,768,2048,844,2065,0,9,17,1212002
Trammel,768,2048,838,2088,0,9,17,1212002
Trammel,768,2048,807,2128,0,9,17,1212002
Trammel,768,2048,805,2132,0,9,17,1212002
Trammel,768,2048,802,2134,0,9,17,1212002
Trammel,768,2048,801,2138,0,9,17,1212002
Trammel,768,2048,798,2146,0,9,17,1212002
Trammel,768,2048,814,2146,0,9,17,1212002
Trammel,768,2048,823,2146,0,9,17,1212002
Trammel,768,2048,811,2149,0,9,17,1212002
Trammel,768,2048,792,2151,0,9,17,1212002
Trammel,768,2048,810,2151,0,9,17,1212002
Trammel,768,2048,791,2155,2,9,17,1212002
Trammel,768,2048,807,2155,0,9,17,1212002
Trammel,768,2176,885,2197,0,9,17,1212002
Trammel,768,2176,808,2214,0,9,17,1212002
Trammel,768,2176,807,2216,0,9,17,1212002
Trammel,768,2176,869,2228,0,9,17,1212002
Trammel,768,2176,781,2230,0,9,17,1212002
Trammel,768,2176,841,2230,0,9,17,1212002
Trammel,768,2176,868,2230,0,9,17,1212002
Trammel,768,2176,829,2232,0,9,17,1212002
Trammel,768,2176,850,2232,0,9,17,1212002
Trammel,768,2176,885,2232,0,9,17,1212002
Trammel,768,2176,808,2233,0,9,17,1212002
Trammel,768,2176,838,2233,0,9,17,1212002
Trammel,768,2176,774,2236,0,9,17,1212002
Trammel,768,2176,805,2236,0,9,17,1212002
Trammel,768,2176,825,2236,0,9,17,1212002
Trammel,768,2176,768,2239,0,9,17,1212002
Trammel,768,2176,817,2239,0,9,17,1212002
Trammel,768,2176,867,2239,0,9,17,1212002
Trammel,768,2176,878,2239,0,9,17,1212002
Trammel,768,2176,865,2248,0,9,17,1212002
Trammel,768,2176,853,2249,0,9,17,1212002
Trammel,768,2176,814,2250,0,9,17,1212002
Trammel,768,2176,841,2250,0,9,17,1212002
Trammel,768,2176,809,2253,0,9,17,1212002
Trammel,768,2176,826,2253,0,9,17,1212002
Trammel,768,2176,835,2255,0,9,17,1212002
Trammel,768,2176,823,2256,0,9,17,1212002
Trammel,768,2176,862,2258,0,9,17,1212002
Trammel,768,2176,850,2259,0,9,17,1212002
Trammel,768,2176,859,2266,0,9,17,1212002
Trammel,768,2176,818,2267,0,9,17,1212002
Trammel,768,2176,844,2267,0,9,17,1212002
Trammel,768,2176,779,2269,0,9,17,1212002
Trammel,768,2176,813,2270,0,9,17,1212002
Trammel,768,2176,832,2270,0,9,17,1212002
Trammel,768,2176,841,2272,0,9,17,1212002
Trammel,768,2176,830,2273,0,9,17,1212002
Trammel,768,2176,853,2276,0,9,17,1212002
Trammel,768,2176,850,2284,0,9,17,1212002
Trammel,768,2304,783,2304,0,9,17,1212002
Trammel,768,2304,792,2304,0,9,17,1212002
Trammel,768,2304,817,2304,0,9,17,1212002
Trammel,768,2304,831,2309,0,9,17,1212002
Trammel,768,2304,845,2314,0,9,17,1212002
Trammel,768,2304,854,2317,0,9,17,1212002
Trammel,768,2304,826,2320,0,9,17,1212002
Trammel,768,2304,842,2320,0,9,17,1212002
Trammel,768,2304,873,2320,0,9,17,1212002
Trammel,768,2304,825,2321,0,9,17,1212002
Trammel,768,2304,867,2321,0,9,17,1212002
Trammel,768,2304,863,2323,0,9,17,1212002
Trammel,768,2304,835,2326,0,9,17,1212002
Trammel,768,2304,851,2331,0,9,17,1212002
Trammel,768,2304,823,2337,0,9,17,1212002
Trammel,768,2304,834,2337,0,9,17,1212002
Trammel,768,2304,846,2337,0,9,17,1212002
Trammel,768,2304,876,2337,0,9,17,1212002
Trammel,768,2304,813,2338,0,9,17,1212002
Trammel,768,2304,833,2338,0,9,17,1212002
Trammel,768,2304,873,2338,0,9,17,1212002
Trammel,768,2304,844,2340,0,9,17,1212002
Trammel,768,2304,822,2341,0,9,17,1212002
Trammel,768,2304,832,2341,0,9,17,1212002
Trammel,768,2304,869,2341,0,9,17,1212002
Trammel,768,2304,843,2343,0,9,17,1212002
Trammel,768,2304,811,2344,0,9,17,1212002
Trammel,768,2304,867,2350,0,9,17,1212002
Trammel,768,2304,831,2354,0,9,17,1212002
Trammel,768,2304,842,2354,0,9,17,1212002
Trammel,768,2304,866,2354,0,9,17,1212002
Trammel,768,2304,820,2355,0,9,17,1212002
Trammel,768,2304,841,2355,0,9,17,1212002
Trammel,768,2304,830,2358,0,9,17,1212002
Trammel,768,2304,840,2358,0,9,17,1212002
Trammel,768,2304,865,2359,0,9,17,1212002
Trammel,768,2304,864,2360,0,9,17,1212002
Trammel,768,2304,876,2360,0,9,17,1212002
Trammel,768,2304,817,2361,0,9,17,1212002
Trammel,768,2304,855,2366,0,9,17,1212002
Trammel,768,2304,875,2367,0,9,17,1212002
Trammel,768,2304,829,2370,0,9,17,1212002
Trammel,768,2304,853,2370,0,9,17,1212002
Trammel,768,2304,801,2371,0,9,17,1212002
Trammel,768,2304,874,2371,0,9,17,1212002
Trammel,768,2304,828,2372,0,9,17,1212002
Trammel,768,2304,877,2398,0,9,17,1212002
Trammel,768,2304,886,2401,0,9,17,1212002
Trammel,768,2304,873,2402,0,9,17,1212002
Trammel,768,2304,870,2407,0,9,17,1212002
Trammel,768,2304,834,2409,0,9,17,1212002
Trammel,768,2432,878,2434,0,9,17,1369003
Trammel,768,2432,872,2445,1,9,17,1369003
Trammel,896,256,960,267,0,9,17,1369003
Trammel,896,256,959,268,0,9,17,1369003
Trammel,896,256,958,270,0,9,17,1369003
Trammel,896,256,956,272,0,9,17,1369003
Trammel,896,256,955,274,0,9,17,1369003
Trammel,896,256,954,275,0,9,17,1369003
Trammel,896,256,952,276,0,9,17,1369003
Trammel,896,256,951,277,0,9,17,1369003
Trammel,896,256,950,278,0,9,17,1369003
Trammel,896,256,969,278,0,9,17,1369003
Trammel,896,256,949,279,0,9,17,1369003
Trammel,896,256,948,280,0,9,17,1369003
Trammel,896,256,947,281,0,9,17,1369003
Trammel,896,256,946,282,0,9,17,1369003
Trammel,896,256,945,283,0,9,17,1369003
Trammel,896,256,978,283,0,9,17,1369003
Trammel,896,256,944,284,0,9,17,1369003
Trammel,896,256,968,284,0,9,17,1369003
Trammel,896,256,967,285,0,9,17,1369003
Trammel,896,256,943,286,0,9,17,1369003
Trammel,896,256,965,287,0,9,17,1369003
Trammel,896,256,964,289,0,9,17,1369003
Trammel,896,256,963,291,0,9,17,1369003
Trammel,896,256,958,295,0,9,17,1369003
Trammel,896,256,957,296,0,9,17,1369003
Trammel,896,256,993,303,0,9,17,1369003
Trammel,896,256,947,310,-1,9,17,1369003
Trammel,896,256,956,313,0,9,17,1369003
Trammel,896,256,936,321,0,9,17,1369003
Trammel,896,256,934,322,0,9,17,1369003
Trammel,896,256,932,323,0,9,17,1369003
Trammel,896,256,930,324,0,9,17,1369003
Trammel,896,256,929,325,0,9,17,1369003
Trammel,896,256,947,327,0,9,17,1369003
Trammel,896,256,1001,328,0,9,17,1369003
Trammel,896,256,924,329,0,9,17,1369003
Trammel,896,256,922,330,0,9,17,1369003
Trammel,896,256,920,331,0,9,17,1369003
Trammel,896,256,913,332,0,9,17,1369003
Trammel,896,256,945,332,0,9,17,1369003
Trammel,896,256,943,338,0,9,17,1369003
Trammel,896,256,941,339,0,9,17,1369003
Trammel,896,256,939,340,0,9,17,1369003
Trammel,896,256,938,341,0,9,17,1369003
Trammel,896,256,934,342,0,9,17,1369003
Trammel,896,256,933,344,0,9,17,1369003
Trammel,896,256,931,346,0,9,17,1369003
Trammel,896,256,931,363,0,9,17,1369003
Trammel,896,384,931,384,0,9,17,1369003
Trammel,896,384,930,388,0,9,17,1369003
Trammel,896,384,929,389,0,9,17,1369003
Trammel,896,384,965,397,0,9,17,1369003
Trammel,896,384,961,400,0,9,17,1369003
Trammel,896,384,919,405,0,9,17,1369003
Trammel,896,384,917,406,0,9,17,1369003
Trammel,896,384,916,408,0,9,17,1369003
Trammel,896,384,915,409,0,9,17,1369003
Trammel,896,384,914,410,0,9,17,1369003
Trammel,896,384,913,412,0,9,17,1369003
Trammel,896,384,920,429,0,9,17,1369003
Trammel,896,384,981,446,0,9,17,1369003
Trammel,896,384,929,448,0,9,17,1369003
Trammel,896,384,990,450,0,9,17,1369003
Trammel,896,384,1010,450,-1,9,17,1369003
Trammel,896,384,999,451,0,9,17,1369003
Trammel,896,384,989,463,0,9,17,1369003
Trammel,896,512,981,523,0,9,17,1369003
Trammel,896,512,979,526,0,9,17,1369003
Trammel,896,512,976,528,0,9,17,1369003
Trammel,896,512,991,530,0,9,17,1369003
Trammel,896,512,973,532,0,9,17,1369003
Trammel,896,512,990,538,0,9,17,1369003
Trammel,896,512,988,540,0,9,17,1369003
Trammel,896,512,985,543,0,9,17,1369003
Trammel,896,640,982,646,0,9,17,1369003
Trammel,896,640,899,691,0,9,17,1369003
Trammel,896,768,921,771,0,9,17,1369003
Trammel,896,768,947,837,0,9,17,1369003
Trammel,896,768,943,839,0,9,17,1369003
Trammel,896,768,940,840,0,9,17,1369003
Trammel,896,768,931,847,0,9,17,1369003
Trammel,896,768,943,857,0,9,17,1369003
Trammel,896,768,939,864,0,9,17,1369003
Trammel,896,896,929,899,0,9,17,1369003
Trammel,896,896,960,958,0,9,17,1369003
Trammel,896,896,973,958,0,9,17,1369003
Trammel,896,896,953,959,0,9,17,1369003
Trammel,896,896,951,964,0,9,17,1369003
Trammel,896,896,969,969,0,9,17,1369003
Trammel,896,896,984,974,0,9,17,1369003
Trammel,896,896,943,978,0,9,17,1369003
Trammel,896,896,957,984,0,9,17,1369003
Trammel,896,1024,941,1098,0,9,17,1369003
Trammel,896,1024,938,1099,0,9,17,1369003
Trammel,896,1024,951,1101,0,9,17,1369003
Trammel,896,1024,929,1108,0,9,17,1369003
Trammel,896,1024,950,1108,0,9,17,1369003
Trammel,896,1024,939,1116,0,9,17,1369003
Trammel,896,1152,960,1213,0,9,17,1369003
Trammel,896,1152,958,1214,0,9,17,1369003
Trammel,896,1152,957,1215,0,9,17,1369003
Trammel,896,1152,954,1216,0,9,17,1369003
Trammel,896,1152,949,1217,0,9,17,1369003
Trammel,896,1152,948,1219,0,9,17,1369003
Trammel,896,1152,978,1219,0,9,17,1369003
Trammel,896,1152,945,1220,0,9,17,1369003
Trammel,896,1152,967,1230,0,9,17,1369003
Trammel,896,1152,958,1233,0,9,17,1369003
Trammel,896,1152,957,1234,0,9,17,1369003
Trammel,896,1152,954,1236,0,9,17,1369003
Trammel,896,1152,952,1237,0,9,17,1369003
Trammel,896,1152,976,1239,0,9,17,1369003
Trammel,896,1152,945,1240,0,9,17,1369003
Trammel,896,1280,988,1301,0,9,17,1369003
Trammel,896,1280,981,1302,0,9,17,1369003
Trammel,896,1280,978,1303,0,9,17,1369003
Trammel,896,1280,977,1305,0,9,17,1369003
Trammel,896,1280,973,1306,0,9,17,1369003
Trammel,896,1280,972,1312,0,9,17,1369003
Trammel,896,1664,925,1664,0,9,17,1369003
Trammel,896,1664,934,1664,0,9,17,1369003
Trammel,896,1664,943,1664,0,9,17,1369003
Trammel,896,1664,956,1672,0,9,17,1369003
Trammel,896,1664,952,1677,0,9,17,1369003
Trammel,896,1792,983,1792,0,9,17,1369003
Trammel,896,1792,992,1792,0,9,17,1369003
Trammel,896,1792,1003,1801,0,9,17,1369003
Trammel,896,1792,1001,1805,0,9,17,1369003
Trammel,896,1792,997,1809,0,9,17,1369003
Trammel,896,1792,896,1823,0,9,17,1369003
Trammel,896,1792,997,1826,0,9,17,1369003
Trammel,896,1792,994,1828,0,9,17,1369003
Trammel,896,1792,899,1840,0,9,17,1369003
Trammel,896,1792,989,1841,0,9,17,1369003
Trammel,896,1792,988,1843,0,9,17,1369003
Trammel,896,1792,985,1847,0,9,17,1369003
Trammel,896,1792,896,1849,0,9,17,1369003
Trammel,896,1792,915,1852,0,9,17,1369003
Trammel,896,1792,981,1857,0,9,17,1369003
Trammel,896,1792,994,1861,0,9,17,1369003
Trammel,896,1792,990,1864,0,9,17,1369003
Trammel,896,1792,896,1866,0,9,17,1369003
Trammel,896,1792,905,1871,0,9,17,1369003
Trammel,896,1792,999,1878,0,9,17,1369003
Trammel,896,1792,995,1881,0,9,17,1369003
Trammel,896,1792,896,1883,0,9,17,1369003
Trammel,896,1792,986,1885,0,9,17,1369003
Trammel,896,1792,985,1886,0,9,17,1369003
Trammel,896,1792,905,1888,0,9,17,1369003
Trammel,896,1792,975,1889,0,9,17,1369003
Trammel,896,1792,984,1889,0,9,17,1369003
Trammel,896,1792,914,1891,0,9,17,1369003
Trammel,896,1792,1004,1895,0,9,17,1369003
Trammel,896,1792,995,1898,0,9,17,1369003
Trammel,896,1792,902,1900,0,9,17,1369003
Trammel,896,1792,973,1901,0,9,17,1369003
Trammel,896,1792,994,1902,0,9,17,1369003
Trammel,896,1920,914,1920,0,9,17,1369003
Trammel,896,1920,923,1920,0,9,17,1369003
Trammel,896,1920,932,1920,0,9,17,1369003
Trammel,896,1920,945,1920,0,9,17,1369003
Trammel,896,1920,954,1920,0,9,17,1369003
Trammel,896,1920,963,1920,0,9,17,1369003
Trammel,896,1920,981,1920,0,9,17,1369003
Trammel,896,1920,993,1920,0,9,17,1369003
Trammel,896,1920,1002,1920,0,9,17,1369003
Trammel,896,1920,906,1930,0,9,17,1369003
Trammel,896,1920,997,1937,0,9,17,1369003
Trammel,896,1920,1002,1954,0,9,17,1369003
Trammel,896,1920,1003,1971,0,9,17,1369003
Trammel,896,1920,1002,1982,0,9,17,1369003
Trammel,896,1920,1001,1994,0,9,17,1369003
Trammel,896,1920,902,1999,0,9,17,1369003
Trammel,896,1920,997,1999,0,9,17,1369003
Trammel,896,1920,994,2005,0,9,17,1369003
Trammel,896,1920,896,2007,0,9,17,1369003
Trammel,896,1920,908,2019,0,9,17,1369003
Trammel,896,1920,997,2022,0,9,17,1369003
Trammel,896,2048,1004,2053,0,9,17,1212002
Trammel,896,2048,1001,2060,0,9,17,1212002
Trammel,896,2048,896,2062,0,9,17,1212002
Trammel,896,2048,905,2062,0,9,17,1212002
Trammel,896,2048,914,2065,0,9,17,1212002
Trammel,896,2048,993,2068,0,9,17,1212002
Trammel,896,2048,903,2079,0,9,17,1212002
Trammel,896,2048,999,2085,0,9,17,1212002
Trammel,896,2048,997,2092,0,9,17,1212002
Trammel,896,2048,1008,2101,0,9,17,1212002
Trammel,896,2048,1006,2102,0,9,17,1212002
Trammel,896,2048,997,2109,0,9,17,1212002
Trammel,896,2048,923,2110,2,9,17,1212002
Trammel,896,2048,1000,2126,0,9,17,1212002
Trammel,896,2048,921,2128,0,9,17,1212002
Trammel,896,2048,997,2130,0,9,17,1212002
Trammel,896,2048,987,2140,0,9,17,1212002
Trammel,896,2048,996,2141,0,9,17,1212002
Trammel,896,2048,985,2143,0,9,17,1212002
Trammel,896,2048,923,2145,0,9,17,1212002
Trammel,896,2048,959,2146,0,9,17,1212002
Trammel,896,2048,977,2146,0,9,17,1212002
Trammel,896,2048,942,2149,1,9,17,1212002
Trammel,896,2048,954,2149,0,9,17,1212002
Trammel,896,2048,921,2150,0,9,17,1212002
Trammel,896,2048,932,2150,0,9,17,1212002
Trammel,896,2048,974,2154,0,9,17,1212002
Trammel,896,2048,951,2157,0,9,17,1212002
Trammel,896,2048,994,2157,0,9,17,1212002
Trammel,896,2176,910,2176,0,9,17,1212002
Trammel,896,2176,905,2178,0,9,17,1212002
Trammel,896,2176,899,2179,0,9,17,1212002
Trammel,896,2176,896,2190,0,9,17,1212002
Trammel,896,2176,897,2212,0,9,17,1212002
Trammel,896,2176,897,2229,0,9,17,1212002
Trammel,896,2176,896,2233,0,9,17,1212002
Trammel,896,2176,961,2284,2,9,17,1212002
Trammel,896,2176,971,2284,0,9,17,1212002
Trammel,896,2304,922,2304,0,9,17,1212002
Trammel,896,2304,931,2304,0,9,17,1212002
Trammel,896,2304,940,2304,0,9,17,1212002
Trammel,896,2304,917,2314,0,9,17,1212002
Trammel,896,2304,926,2321,0,9,17,1212002
Trammel,896,2304,935,2321,0,9,17,1212002
Trammel,896,2304,913,2329,0,9,17,1212002
Trammel,896,2304,922,2331,0,9,17,1212002
Trammel,896,2304,944,2337,0,9,17,1212002
Trammel,896,2304,912,2338,0,9,17,1212002
Trammel,896,2304,937,2338,0,9,17,1212002
Trammel,896,2304,921,2346,0,9,17,1212002
Trammel,896,2304,901,2350,0,9,17,1212002
Trammel,896,2304,910,2353,0,9,17,1212002
Trammel,896,2304,933,2354,0,9,17,1212002
Trammel,896,2304,942,2355,0,9,17,1212002
Trammel,896,2304,971,2359,2,9,17,1212002
Trammel,896,2304,970,2360,2,9,17,1212002
Trammel,896,2304,969,2361,2,9,17,1212002
Trammel,896,2304,968,2363,2,9,17,1212002
Trammel,896,2304,901,2367,0,9,17,1212002
Trammel,896,2304,897,2368,0,9,17,1212002
Trammel,896,2304,907,2386,0,9,17,1212002
Trammel,896,2304,965,2399,2,9,17,1212002
Trammel,896,2304,896,2401,0,9,17,1212002
Trammel,896,2304,918,2401,0,9,17,1212002
Trammel,896,2304,964,2401,0,9,17,1212002
Trammel,896,2304,989,2401,2,9,17,1212002
Trammel,896,2304,905,2402,0,9,17,1212002
Trammel,896,2304,1007,2407,0,9,17,1212002
Trammel,896,2304,927,2413,0,9,17,1212002
Trammel,896,2432,896,2432,0,9,17,1369003
Trammel,896,2432,905,2432,0,9,17,1369003
Trammel,896,2432,918,2432,0,9,17,1369003
Trammel,896,2432,914,2438,0,9,17,1369003
Trammel,896,2432,896,2473,2,9,17,1369003
Trammel,896,2432,905,2476,0,9,17,1369003
Trammel,896,2432,910,2524,0,9,17,1369003
Trammel,896,2432,1005,2529,2,9,17,1369003
Trammel,896,2432,1000,2530,0,9,17,1369003
Trammel,896,2432,996,2533,0,9,17,1369003
Trammel,896,2560,917,2560,0,9,17,1369003
Trammel,896,2560,958,2584,0,9,17,1369003
Trammel,896,2560,997,2629,0,9,17,1369003
Trammel,896,2560,997,2646,0,9,17,1369003
Trammel,1024,128,1124,192,1,9,17,1369003
Trammel,1024,128,1130,209,1,9,17,1369003
Trammel,1024,256,1043,352,1,9,17,1369003
Trammel,1024,256,1052,355,1,9,17,1369003
Trammel,1024,384,1024,457,1,9,17,1369003
Trammel,1024,512,1125,512,1,9,17,1369003
Trammel,1024,512,1121,522,1,9,17,1369003
Trammel,1024,512,1034,525,6,9,17,1369003
Trammel,1024,512,1133,562,1,9,17,1369003
Trammel,1024,512,1142,572,1,9,17,1369003
Trammel,1024,512,1054,619,16,9,17,1369003
Trammel,1024,512,1051,622,16,9,17,1369003
Trammel,1024,640,1072,640,16,9,17,1369003
Trammel,1024,1024,1037,1031,0,9,17,1369003
Trammel,1024,1024,1035,1036,0,9,17,1369003
Trammel,1024,1024,1116,1113,1,9,17,1369003
Trammel,1024,1280,1049,1290,0,9,17,1369003
Trammel,1024,1280,1046,1291,0,9,17,1369003
Trammel,1024,1280,1058,1348,0,9,17,1369003
Trammel,1024,1280,1057,1349,0,9,17,1369003
Trammel,1024,1280,1053,1370,0,9,17,1369003
Trammel,1024,1280,1047,1375,0,9,17,1369003
Trammel,1024,1280,1065,1390,0,9,17,1369003
Trammel,1024,1536,1130,1544,0,9,17,1369003
Trammel,1024,1536,1129,1550,0,9,17,1369003
Trammel,1024,1536,1140,1553,0,9,17,1369003
Trammel,1024,1536,1139,1559,0,9,17,1369003
Trammel,1024,1536,1138,1561,0,9,17,1369003
Trammel,1024,1536,1133,1567,0,9,17,1369003
Trammel,1024,1536,1142,1578,0,9,17,1369003
Trammel,1024,1536,1134,1584,0,9,17,1369003
Trammel,1024,1536,1129,1592,0,9,17,1369003
Trammel,1024,1536,1127,1600,0,9,17,1369003
Trammel,1024,1536,1108,1602,0,9,17,1369003
Trammel,1024,1536,1117,1602,0,9,17,1369003
Trammel,1024,1536,1126,1602,0,9,17,1369003
Trammel,1024,1536,1101,1608,0,9,17,1369003
Trammel,1024,1536,1110,1619,0,9,17,1369003
Trammel,1024,1536,1119,1619,0,9,17,1369003
Trammel,1024,1536,1128,1619,0,9,17,1369003
Trammel,1024,1536,1095,1621,0,9,17,1369003
Trammel,1024,1536,1104,1625,0,9,17,1369003
Trammel,1024,1664,1141,1668,0,9,17,1369003
Trammel,1024,1664,1117,1768,0,9,17,1369003
Trammel,1024,1664,1141,1768,0,9,17,1369003
Trammel,1024,1664,1126,1769,0,9,17,1369003
Trammel,1024,1664,1137,1770,0,9,17,1369003
Trammel,1024,1664,1113,1771,0,9,17,1369003
Trammel,1024,1664,1135,1771,0,9,17,1369003
Trammel,1024,1792,1109,1792,0,9,17,1369003
Trammel,1024,1792,1118,1792,0,9,17,1369003
Trammel,1024,1792,1127,1792,0,9,17,1369003
Trammel,1024,1792,1136,1792,0,9,17,1369003
Trammel,1024,1792,1108,1795,0,9,17,1369003
Trammel,1024,1792,1129,1827,0,9,17,1369003
Trammel,1024,1792,1139,1837,0,9,17,1369003
Trammel,1024,1920,1061,1985,0,9,17,1369003
Trammel,1024,1920,1057,1987,0,9,17,1369003
Trammel,1024,1920,1070,1990,0,9,17,1369003
Trammel,1024,1920,1054,1992,0,9,17,1369003
Trammel,1024,1920,1043,2000,0,9,17,1369003
Trammel,1024,1920,1069,2002,0,9,17,1369003
Trammel,1024,1920,1060,2010,0,9,17,1369003
Trammel,1024,2048,1065,2114,5,9,17,1369003
Trammel,1024,2304,1055,2332,5,9,17,1369003
Trammel,1024,2432,1035,2464,5,9,17,1369003
Trammel,1024,2432,1044,2470,5,9,17,1369003
Trammel,1024,2432,1027,2489,0,9,17,1369003
Trammel,1024,2432,1082,2494,0,9,17,1369003
Trammel,1024,2432,1036,2495,0,9,17,1369003
Trammel,1024,2432,1062,2496,0,9,17,1369003
Trammel,1024,2432,1076,2496,0,9,17,1369003
Trammel,1024,2432,1061,2497,0,9,17,1369003
Trammel,1024,2432,1093,2497,0,9,17,1369003
Trammel,1024,2432,1113,2497,0,9,17,1369003
Trammel,1024,2432,1060,2498,0,9,17,1369003
Trammel,1024,2432,1059,2500,0,9,17,1369003
Trammel,1024,2432,1131,2502,0,9,17,1369003
Trammel,1024,2432,1103,2504,0,9,17,1369003
Trammel,1024,2432,1091,2505,0,9,17,1369003
Trammel,1024,2688,1119,2720,0,9,17,1369003
Trammel,1024,2688,1139,2722,2,9,17,1369003
Trammel,1024,2688,1137,2723,1,9,17,1369003
Trammel,1024,2688,1136,2724,0,9,17,1369003
Trammel,1024,2688,1128,2728,0,9,17,1369003
Trammel,1024,2688,1121,2737,0,9,17,1369003
Trammel,1024,2688,1120,2738,0,9,17,1369003
Trammel,1024,2688,1137,2741,0,9,17,1369003
Trammel,1024,2688,1136,2745,0,9,17,1369003
Trammel,1024,2688,1130,2752,0,9,17,1369003
Trammel,1024,2688,1129,2754,0,9,17,1369003
Trammel,1024,2688,1128,2755,0,9,17,1369003
Trammel,1024,2688,1124,2758,0,9,17,1369003
Trammel,1024,2688,1139,2762,0,9,17,1369003
Trammel,1024,2688,1123,2763,0,9,17,1369003
Trammel,1024,2688,1121,2765,-1,9,17,1369003
Trammel,1024,2688,1138,2769,0,9,17,1369003
Trammel,1024,2688,1119,2770,-1,9,17,1369003
Trammel,1024,2688,1137,2771,0,9,17,1369003
Trammel,1024,2688,1133,2772,0,9,17,1369003
Trammel,1024,2688,1118,2773,0,9,17,1369003
Trammel,1024,2688,1117,2774,0,9,17,1369003
Trammel,1024,2688,1132,2775,0,9,17,1369003
Trammel,1024,2688,1116,2777,0,9,17,1369003
Trammel,1024,2688,1114,2778,0,9,17,1369003
Trammel,1024,2688,1113,2780,0,9,17,1369003
Trammel,1024,2688,1130,2780,0,9,17,1369003
Trammel,1024,2688,1112,2781,0,9,17,1369003
Trammel,1024,2688,1128,2782,0,9,17,1369003
Trammel,1024,2688,1111,2783,0,9,17,1369003
Trammel,1024,2688,1110,2784,0,9,17,1369003
Trammel,1024,2688,1127,2787,0,9,17,1369003
Trammel,1024,2688,1142,2788,0,9,17,1369003
Trammel,1024,2688,1141,2789,0,9,17,1369003
Trammel,1024,2688,1126,2790,0,9,17,1369003
Trammel,1024,2688,1125,2791,0,9,17,1369003
Trammel,1024,2688,1139,2792,0,9,17,1369003
Trammel,1024,2688,1099,2794,0,9,17,1369003
Trammel,1024,2688,1123,2794,0,9,17,1369003
Trammel,1024,2688,1122,2795,0,9,17,1369003
Trammel,1024,2688,1108,2796,0,9,17,1369003
Trammel,1024,2688,1121,2797,0,9,17,1369003
Trammel,1024,2688,1137,2797,0,9,17,1369003
Trammel,1024,2688,1120,2798,0,9,17,1369003
Trammel,1024,2816,1104,2816,0,9,17,1369003
Trammel,1024,2816,1113,2816,0,9,17,1369003
Trammel,1024,2816,1122,2816,0,9,17,1369003
Trammel,1024,2816,1135,2816,0,9,17,1369003
Trammel,1024,2816,1131,2830,0,9,17,1369003
Trammel,1024,2816,1104,2833,0,9,17,1369003
Trammel,1024,2816,1113,2833,0,9,17,1369003
Trammel,1024,2816,1122,2833,0,9,17,1369003
Trammel,1024,2816,1140,2833,0,9,17,1369003
Trammel,1024,2816,1103,2835,0,9,17,1369003
Trammel,1024,2816,1131,2847,0,9,17,1369003
Trammel,1024,2816,1112,2850,0,9,17,1369003
Trammel,1024,2816,1121,2850,0,9,17,1369003
Trammel,1024,2816,1130,2850,0,9,17,1369003
Trammel,1024,2816,1140,2850,0,9,17,1369003
Trammel,1024,2816,1111,2852,0,9,17,1369003
Trammel,1024,2816,1140,2896,0,9,17,1369003
Trammel,1024,2816,1129,2926,0,9,17,1369003
Trammel,1024,2944,1114,2944,0,9,17,1369003
Trammel,1024,2944,1111,2945,0,9,17,1369003
Trammel,1024,2944,1108,2950,0,9,17,1369003
Trammel,1024,2944,1120,2961,0,9,17,1369003
Trammel,1024,2944,1117,2962,0,9,17,1369003
Trammel,1024,2944,1103,2967,0,9,17,1369003
Trammel,1024,2944,1112,2967,0,9,17,1369003
Trammel,1024,2944,1136,2969,0,9,17,1369003
Trammel,1024,2944,1090,2970,0,9,17,1369003
Trammel,1024,2944,1101,2970,0,9,17,1369003
Trammel,1024,2944,1129,2970,0,9,17,1369003
Trammel,1024,2944,1126,2978,0,9,17,1369003
Trammel,1024,2944,1121,2979,0,9,17,1369003
Trammel,1024,2944,1110,2984,0,9,17,1369003
Trammel,1024,2944,1119,2984,0,9,17,1369003
Trammel,1024,2944,1099,2986,0,9,17,1369003
Trammel,1024,2944,1093,2987,0,9,17,1369003
Trammel,1024,2944,1108,2987,0,9,17,1369003
Trammel,1024,2944,1091,2993,0,9,17,1369003
Trammel,1024,2944,1108,3004,0,9,17,1369003
Trammel,1024,3072,1082,3086,0,9,17,1369003
Trammel,1024,3072,1081,3087,0,9,17,1369003
Trammel,1024,3072,1080,3088,0,9,17,1369003
Trammel,1024,3072,1052,3103,0,9,17,1369003
Trammel,1024,3072,1044,3145,0,9,17,1369003
Trammel,1024,3072,1043,3148,0,9,17,1369003
Trammel,1024,3072,1042,3149,0,9,17,1369003
Trammel,1024,3072,1039,3154,0,9,17,1369003
Trammel,1024,3072,1038,3156,0,9,17,1369003
Trammel,1024,3072,1036,3167,0,9,17,1369003
Trammel,1024,3584,1137,3600,0,9,17,1205002
Trammel,1024,3584,1127,3617,0,9,17,1205002
Trammel,1024,3584,1136,3638,0,9,17,1205002
Trammel,1152,256,1157,256,1,9,17,1369003
Trammel,1152,256,1166,256,1,9,17,1369003
Trammel,1152,256,1167,285,1,9,17,1369003
Trammel,1152,256,1166,286,1,9,17,1369003
Trammel,1152,256,1230,286,1,9,17,1369003
Trammel,1152,256,1165,287,1,9,17,1369003
Trammel,1152,256,1162,288,-1,9,17,1369003
Trammel,1152,256,1161,290,1,9,17,1369003
Trammel,1152,256,1239,290,1,9,17,1369003
Trammel,1152,256,1195,326,1,9,17,1369003
Trammel,1152,256,1212,338,3,9,17,1369003
Trammel,1152,256,1207,340,1,9,17,1369003
Trammel,1152,256,1225,351,1,9,17,1369003
Trammel,1152,256,1234,359,1,9,17,1369003
Trammel,1152,256,1262,363,22,9,17,1369003
Trammel,1152,384,1230,384,1,9,17,1369003
Trammel,1152,384,1224,392,1,9,17,1369003
Trammel,1152,384,1223,400,1,9,17,1369003
Trammel,1152,384,1233,401,1,9,17,1369003
Trammel,1152,384,1222,404,1,9,17,1369003
Trammel,1152,384,1221,406,1,9,17,1369003
Trammel,1152,384,1232,409,1,9,17,1369003
Trammel,1152,384,1219,410,1,9,17,1369003
Trammel,1152,384,1217,414,1,9,17,1369003
Trammel,1152,384,1231,417,1,9,17,1369003
Trammel,1152,384,1230,421,1,9,17,1369003
Trammel,1152,384,1228,423,1,9,17,1369003
Trammel,1152,384,1215,427,1,9,17,1369003
Trammel,1152,384,1226,427,1,9,17,1369003
Trammel,1152,512,1180,517,1,9,17,1369003
Trammel,1152,512,1178,525,0,9,17,1369003
Trammel,1152,512,1179,542,1,9,17,1369003
Trammel,1152,512,1178,545,1,9,17,1369003
Trammel,1152,512,1179,562,1,9,17,1369003
Trammel,1152,512,1154,599,1,9,17,1369003
Trammel,1152,640,1268,641,1,9,17,1369003
Trammel,1152,640,1192,687,1,9,17,1369003
Trammel,1152,640,1191,688,1,9,17,1369003
Trammel,1152,640,1188,691,1,9,17,1369003
Trammel,1152,640,1187,692,1,9,17,1369003
Trammel,1152,640,1186,693,1,9,17,1369003
Trammel,1152,640,1183,694,3,9,17,1369003
Trammel,1152,640,1181,695,3,9,17,1369003
Trammel,1152,640,1179,696,3,9,17,1369003
Trammel,1152,640,1177,697,3,9,17,1369003
Trammel,1152,640,1176,699,1,9,17,1369003
Trammel,1152,640,1201,700,1,9,17,1369003
Trammel,1152,640,1242,703,1,9,17,1369003
Trammel,1152,640,1241,704,1,9,17,1369003
Trammel,1152,640,1239,705,1,9,17,1369003
Trammel,1152,640,1238,706,1,9,17,1369003
Trammel,1152,640,1213,707,1,9,17,1369003
Trammel,1152,640,1228,707,1,9,17,1369003
Trammel,1152,640,1227,708,1,9,17,1369003
Trammel,1152,640,1237,708,1,9,17,1369003
Trammel,1152,640,1210,710,1,9,17,1369003
Trammel,1152,640,1222,718,1,9,17,1369003
Trammel,1152,640,1219,726,1,9,17,1369003
Trammel,1152,640,1218,727,1,9,17,1369003
Trammel,1152,640,1210,741,1,9,17,1369003
Trammel,1152,640,1205,746,1,9,17,1369003
Trammel,1152,640,1268,746,1,9,17,1369003
Trammel,1152,896,1236,925,0,9,17,1369003
Trammel,1152,1280,1266,1280,0,9,17,1369003
Trammel,1152,1280,1265,1291,0,9,17,1369003
Trammel,1152,1280,1225,1326,0,9,17,1369003
Trammel,1152,1280,1218,1327,0,9,17,1369003
Trammel,1152,1280,1234,1330,0,9,17,1369003
Trammel,1152,1280,1217,1344,0,9,17,1369003
Trammel,1152,1280,1189,1378,0,9,17,1369003
Trammel,1152,1408,1269,1480,0,9,17,1101002
Trammel,1152,1408,1225,1486,0,9,17,1101002
Trammel,1152,1408,1224,1489,0,9,17,1101002
Trammel,1152,1536,1259,1541,0,9,17,1101002
Trammel,1152,1536,1182,1546,0,9,17,1101002
Trammel,1152,1536,1160,1557,0,9,17,1101002
Trammel,1152,1536,1152,1558,0,9,17,1101002
Trammel,1152,1536,1152,1575,0,9,17,1101002
Trammel,1152,1536,1206,1576,0,9,17,1101002
Trammel,1152,1536,1205,1584,0,9,17,1101002
Trammel,1152,1536,1215,1585,0,9,17,1101002
Trammel,1152,1536,1224,1585,0,9,17,1101002
Trammel,1152,1536,1233,1591,0,9,17,1101002
Trammel,1152,1536,1214,1593,0,9,17,1101002
Trammel,1152,1536,1185,1601,0,9,17,1101002
Trammel,1152,1536,1204,1601,0,9,17,1101002
Trammel,1152,1536,1213,1601,0,9,17,1101002
Trammel,1152,1536,1223,1602,0,9,17,1101002
Trammel,1152,1536,1232,1602,0,9,17,1101002
Trammel,1152,1536,1251,1608,0,9,17,1101002
Trammel,1152,1536,1222,1610,0,9,17,1101002
Trammel,1152,1536,1250,1610,0,9,17,1101002
Trammel,1152,1536,1209,1618,0,9,17,1101002
Trammel,1152,1536,1218,1618,0,9,17,1101002
Trammel,1152,1536,1181,1621,0,9,17,1101002
Trammel,1152,1536,1197,1645,0,9,17,1101002
Trammel,1152,1664,1157,1664,0,9,17,1101002
Trammel,1152,1664,1166,1664,0,9,17,1101002
Trammel,1152,1664,1175,1664,0,9,17,1101002
Trammel,1152,1664,1184,1664,0,9,17,1101002
Trammel,1152,1664,1193,1664,0,9,17,1101002
Trammel,1152,1664,1202,1664,0,9,17,1101002
Trammel,1152,1664,1169,1681,0,9,17,1101002
Trammel,1152,1664,1178,1681,0,9,17,1101002
Trammel,1152,1664,1187,1681,0,9,17,1101002
Trammel,1152,1664,1196,1681,0,9,17,1101002
Trammel,1152,1664,1152,1685,0,9,17,1101002
Trammel,1152,1664,1224,1696,0,9,17,1101002
Trammel,1152,1664,1201,1698,0,9,17,1101002
Trammel,1152,1664,1210,1703,0,9,17,1101002
Trammel,1152,1664,1238,1705,0,9,17,1101002
Trammel,1152,1664,1219,1712,0,9,17,1101002
Trammel,1152,1664,1233,1712,0,9,17,1101002
Trammel,1152,1664,1228,1713,0,9,17,1101002
Trammel,1152,1664,1208,1715,0,9,17,1101002
Trammel,1152,1664,1217,1720,0,9,17,1101002
Trammel,1152,1664,1206,1722,0,9,17,1101002
Trammel,1152,1664,1226,1729,0,9,17,1101002
Trammel,1152,1664,1235,1730,0,9,17,1101002
Trammel,1152,1664,1205,1732,0,9,17,1101002
Trammel,1152,1664,1230,1746,0,9,17,1101002
Trammel,1152,1664,1205,1749,0,9,17,1101002
Trammel,1152,1792,1198,1792,0,9,17,1101002
Trammel,1152,1792,1196,1793,0,9,17,1101002
Trammel,1152,1792,1182,1795,0,9,17,1101002
Trammel,1152,1792,1152,1796,0,9,17,1101002
Trammel,1152,1792,1193,1796,0,9,17,1101002
Trammel,1152,1792,1191,1803,0,9,17,1101002
Trammel,1152,1792,1211,1803,0,9,17,1101002
Trammel,1152,1792,1179,1804,0,9,17,1101002
Trammel,1152,1792,1207,1804,0,9,17,1101002
Trammel,1152,1792,1178,1807,0,9,17,1101002
Trammel,1152,1792,1205,1809,0,9,17,1101002
Trammel,1152,1792,1202,1810,0,9,17,1101002
Trammel,1152,1792,1188,1812,0,9,17,1101002
Trammel,1152,1792,1200,1813,0,9,17,1101002
Trammel,1152,1792,1197,1820,0,9,17,1101002
Trammel,1152,1792,1187,1821,0,9,17,1101002
Trammel,1152,1792,1178,1824,0,9,17,1101002
Trammel,1152,1792,1214,1825,0,9,17,1101002
Trammel,1152,1792,1211,1826,0,9,17,1101002
Trammel,1152,1792,1209,1827,0,9,17,1101002
Trammel,1152,1792,1196,1829,0,9,17,1101002
Trammel,1152,1792,1206,1830,0,9,17,1101002
Trammel,1152,1792,1250,1846,0,9,17,1101002
Trammel,1152,1792,1219,1855,0,9,17,1101002
Trammel,1152,1792,1197,1857,0,9,17,1101002
Trammel,1152,1792,1217,1865,0,9,17,1101002
Trammel,1152,1792,1237,1865,0,9,17,1101002
Trammel,1152,1792,1211,1867,0,9,17,1101002
Trammel,1152,1792,1246,1867,0,9,17,1101002
Trammel,1152,1792,1209,1869,0,9,17,1101002
Trammel,1152,1792,1228,1870,0,9,17,1101002
Trammel,1152,1792,1226,1872,0,9,17,1101002
Trammel,1152,1792,1193,1873,0,9,17,1101002
Trammel,1152,1792,1185,1876,0,9,17,1101002
Trammel,1152,1792,1202,1879,0,9,17,1101002
Trammel,1152,1792,1220,1882,0,9,17,1101002
Trammel,1152,1792,1237,1882,0,9,17,1101002
Trammel,1152,1792,1218,1884,0,9,17,1101002
Trammel,1152,1792,1246,1884,0,9,17,1101002
Trammel,1152,1792,1214,1886,0,9,17,1101002
Trammel,1152,1792,1235,1887,0,9,17,1101002
Trammel,1152,1792,1229,1889,0,9,17,1101002
Trammel,1152,1792,1194,1890,0,9,17,1101002
Trammel,1152,1792,1211,1890,0,9,17,1101002
Trammel,1152,1792,1227,1899,0,9,17,1101002
Trammel,1152,1792,1244,1899,0,9,17,1101002
Trammel,1152,1792,1223,1901,0,9,17,1101002
Trammel,1152,1920,1200,1920,0,9,17,1369003
Trammel,1152,1920,1209,1923,0,9,17,1369003
Trammel,1152,1920,1224,1966,0,9,17,1369003
Trammel,1152,1920,1223,1973,0,9,17,1369003
Trammel,1152,1920,1241,1980,0,9,17,1369003
Trammel,1152,1920,1232,1984,0,9,17,1369003
Trammel,1152,1920,1230,1990,0,9,17,1369003
Trammel,1152,2048,1210,2137,0,9,17,1369003
Trammel,1152,2304,1185,2331,0,9,17,1369003
Trammel,1152,2304,1238,2396,10,9,17,1369003
Trammel,1152,2304,1162,2398,1,9,17,1369003
Trammel,1152,2304,1155,2400,0,9,17,1369003
Trammel,1152,2304,1153,2401,0,9,17,1369003
Trammel,1152,2304,1171,2413,0,9,17,1369003
Trammel,1152,2432,1241,2473,5,9,17,1369003
Trammel,1152,2432,1159,2524,0,9,17,1369003
Trammel,1152,2560,1219,2560,0,9,17,1369003
Trammel,1152,2560,1266,2646,0,9,17,1369003
Trammel,1152,2560,1197,2650,0,9,17,1369003
Trammel,1152,2560,1206,2662,0,9,17,1369003
Trammel,1152,2688,1166,2713,0,9,17,1369003
Trammel,1152,2688,1159,2721,0,9,17,1369003
Trammel,1152,2688,1152,2726,0,9,17,1369003
Trammel,1152,2688,1152,2743,0,9,17,1369003
Trammel,1152,2688,1161,2747,0,9,17,1369003
Trammel,1152,2688,1176,2747,0,9,17,1369003
Trammel,1152,2688,1170,2748,0,9,17,1369003
Trammel,1152,2688,1152,2760,0,9,17,1369003
Trammel,1152,2688,1185,2760,0,9,17,1369003
Trammel,1152,2688,1161,2764,0,9,17,1369003
Trammel,1152,2688,1179,2764,0,9,17,1369003
Trammel,1152,2688,1170,2765,0,9,17,1369003
Trammel,1152,2688,1194,2770,0,9,17,1369003
Trammel,1152,2688,1152,2777,0,9,17,1369003
Trammel,1152,2688,1188,2777,0,9,17,1369003
Trammel,1152,2688,1161,2781,0,9,17,1369003
Trammel,1152,2688,1179,2781,0,9,17,1369003
Trammel,1152,2688,1170,2782,0,9,17,1369003
Trammel,1152,2688,1203,2785,0,9,17,1369003
Trammel,1152,2688,1197,2787,0,9,17,1369003
Trammel,1152,2688,1212,2791,0,9,17,1369003
Trammel,1152,2688,1152,2794,0,9,17,1369003
Trammel,1152,2688,1188,2794,0,9,17,1369003
Trammel,1152,2688,1168,2798,0,9,17,1369003
Trammel,1152,2688,1179,2798,0,9,17,1369003
Trammel,1152,2816,1152,2816,0,9,17,1369003
Trammel,1152,2816,1161,2824,0,9,17,1369003
Trammel,1152,2816,1152,2833,0,9,17,1369003
Trammel,1152,2816,1161,2841,0,9,17,1369003
Trammel,1152,2816,1154,2850,0,9,17,1369003
Trammel,1152,2816,1170,2856,0,9,17,1369003
Trammel,1152,2816,1163,2858,0,9,17,1369003
Trammel,1152,2816,1152,2860,0,9,17,1369003
Trammel,1152,2816,1161,2867,0,9,17,1369003
Trammel,1152,2816,1172,2873,0,9,17,1369003
Trammel,1152,2816,1152,2877,0,9,17,1369003
Trammel,1152,2816,1184,2877,0,9,17,1369003
Trammel,1152,2816,1181,2880,0,9,17,1369003
Trammel,1152,2816,1194,2880,0,9,17,1369003
Trammel,1152,2816,1193,2882,-1,9,17,1369003
Trammel,1152,2816,1180,2890,0,9,17,1369003
Trammel,1152,2816,1152,2894,0,9,17,1369003
Trammel,1152,2816,1177,2898,0,9,17,1369003
Trammel,1152,2816,1161,2900,0,9,17,1369003
Trammel,1152,2816,1170,2900,0,9,17,1369003
Trammel,1152,2816,1152,2911,0,9,17,1369003
Trammel,1152,2816,1179,2915,0,9,17,1369003
Trammel,1152,2816,1161,2917,0,9,17,1369003
Trammel,1152,2816,1170,2917,0,9,17,1369003
Trammel,1152,2816,1188,2924,0,9,17,1369003
Trammel,1152,2944,1164,2944,0,9,17,1369003
Trammel,1152,2944,1184,2944,0,9,17,1369003
Trammel,1152,2944,1193,2944,0,9,17,1369003
Trammel,1152,2944,1202,2944,0,9,17,1369003
Trammel,1152,2944,1211,2944,0,9,17,1369003
Trammel,1152,2944,1241,2944,0,9,17,1369003
Trammel,1152,2944,1250,2944,0,9,17,1369003
Trammel,1152,2944,1220,2952,0,9,17,1369003
Trammel,1152,2944,1237,2959,0,9,17,1369003
Trammel,1152,2944,1190,2961,0,9,17,1369003
Trammel,1152,2944,1205,2961,0,9,17,1369003
Trammel,1152,2944,1214,2961,0,9,17,1369003
Trammel,1152,2944,1165,2964,0,9,17,1369003
Trammel,1152,2944,1162,2965,0,9,17,1369003
Trammel,1152,2944,1159,2966,0,9,17,1369003
Trammel,1152,2944,1174,2966,0,9,17,1369003
Trammel,1152,2944,1187,2966,0,9,17,1369003
Trammel,1152,2944,1185,2967,0,9,17,1369003
Trammel,1152,2944,1152,2973,0,9,17,1369003
Trammel,1152,2944,1237,2976,0,9,17,1369003
Trammel,1152,2944,1246,2978,0,9,17,1369003
Trammel,1152,3584,1168,3601,0,9,17,1205002
Trammel,1152,3584,1158,3638,0,9,17,1205002
Trammel,1152,3584,1157,3643,0,9,17,1205002
Trammel,1280,128,1317,238,1,9,17,1369003
Trammel,1280,256,1300,273,0,9,17,1369003
Trammel,1280,256,1299,274,1,9,17,1369003
Trammel,1280,256,1297,275,1,9,17,1369003
Trammel,1280,256,1295,276,1,9,17,1369003
Trammel,1280,256,1292,277,1,9,17,1369003
Trammel,1280,256,1398,283,3,9,17,1369003
Trammel,1280,256,1397,286,3,9,17,1369003
Trammel,1280,256,1396,289,3,9,17,1369003
Trammel,1280,256,1395,291,3,9,17,1369003
Trammel,1280,256,1394,294,3,9,17,1369003
Trammel,1280,256,1373,296,6,9,17,1369003
Trammel,1280,256,1393,297,3,9,17,1369003
Trammel,1280,256,1390,303,3,9,17,1369003
Trammel,1280,256,1362,329,3,9,17,1369003
Trammel,1280,256,1282,330,22,9,17,1369003
Trammel,1280,256,1360,330,3,9,17,1369003
Trammel,1280,256,1357,332,3,9,17,1369003
Trammel,1280,256,1346,339,3,9,17,1369003
Trammel,1280,256,1345,341,1,9,17,1369003
Trammel,1280,256,1342,342,3,9,17,1369003
Trammel,1280,256,1340,343,3,9,17,1369003
Trammel,1280,256,1338,344,3,9,17,1369003
Trammel,1280,256,1336,345,3,9,17,1369003
Trammel,1280,256,1334,346,3,9,17,1369003
Trammel,1280,256,1324,349,3,9,17,1369003
Trammel,1280,256,1327,366,1,9,17,1369003
Trammel,1280,384,1337,396,6,9,17,1369003
Trammel,1280,384,1332,406,6,9,17,1369003
Trammel,1280,384,1333,423,6,9,17,1369003
Trammel,1280,384,1331,436,6,9,17,1369003
Trammel,1280,384,1330,437,6,9,17,1369003
Trammel,1280,384,1329,439,6,9,17,1369003
Trammel,1280,640,1325,640,1,9,17,1369003
Trammel,1280,640,1322,645,1,9,17,1369003
Trammel,1280,640,1321,646,1,9,17,1369003
Trammel,1280,640,1317,649,1,9,17,1369003
Trammel,1280,640,1316,652,1,9,17,1369003
Trammel,1280,640,1280,655,1,9,17,1369003
Trammel,1280,768,1363,768,0,9,17,1369003
Trammel,1280,768,1327,811,0,9,17,1369003
Trammel,1280,768,1337,862,0,9,17,1369003
Trammel,1280,768,1289,865,0,9,17,1369003
Trammel,1280,768,1284,866,-2,9,17,1369003
Trammel,1280,768,1282,867,0,9,17,1369003
Trammel,1280,768,1280,868,0,9,17,1369003
Trammel,1280,768,1329,874,0,9,17,1369003
Trammel,1280,896,1305,907,0,9,17,1369003
Trammel,1280,896,1326,937,0,9,17,1369003
Trammel,1280,896,1323,941,0,9,17,1369003
Trammel,1280,896,1318,942,0,9,17,1369003
Trammel,1280,896,1323,959,0,9,17,1369003
Trammel,1280,896,1317,967,0,9,17,1369003
Trammel,1280,896,1316,970,0,9,17,1369003
Trammel,1280,896,1315,972,0,9,17,1369003
Trammel,1280,896,1314,973,0,9,17,1369003
Trammel,1280,896,1313,974,0,9,17,1369003
Trammel,1280,896,1312,975,0,9,17,1369003
Trammel,1280,896,1309,976,0,9,17,1369003
Trammel,1280,896,1308,977,0,9,17,1369003
Trammel,1280,896,1305,978,0,9,17,1369003
Trammel,1280,896,1304,984,0,9,17,1369003
Trammel,1280,1152,1331,1234,0,9,17,1369003
Trammel,1280,1280,1333,1331,0,9,17,1369003
Trammel,1280,1280,1331,1333,0,9,17,1369003
Trammel,1280,1280,1317,1336,0,9,17,1369003
Trammel,1280,1280,1385,1348,0,9,17,1369003
Trammel,1280,1280,1394,1348,0,9,17,1369003
Trammel,1280,1408,1379,1444,10,9,17,1101002
Trammel,1280,1408,1391,1456,10,9,17,1101002
Trammel,1280,1408,1366,1483,10,9,17,1101002
Trammel,1280,1536,1316,1572,30,9,17,1101002
Trammel,1280,1536,1308,1579,30,9,17,1101002
Trammel,1280,1536,1362,1584,30,9,17,1101002
Trammel,1280,1536,1383,1608,30,9,17,1101002
Trammel,1280,1536,1308,1611,30,9,17,1101002
Trammel,1280,1536,1308,1628,30,9,17,1101002
Trammel,1280,1536,1308,1645,30,9,17,1101002
Trammel,1280,1664,1362,1664,30,9,17,1101002
Trammel,1280,1664,1371,1664,30,9,17,1101002
Trammel,1280,1664,1313,1743,10,9,17,1101002
Trammel,1280,1664,1361,1764,15,9,17,1101002
Trammel,1280,1792,1312,1800,0,9,17,1101002
Trammel,1280,1792,1366,1801,0,9,17,1101002
Trammel,1280,1792,1357,1816,0,9,17,1101002
Trammel,1280,1792,1280,1864,0,9,17,1101002
Trammel,1280,1792,1337,1879,0,9,17,1101002
Trammel,1280,1792,1332,1882,0,9,17,1101002
Trammel,1280,1792,1280,1883,0,9,17,1101002
Trammel,1280,1792,1346,1885,0,9,17,1101002
Trammel,1280,1792,1382,1888,0,9,17,1101002
Trammel,1280,1792,1329,1889,0,9,17,1101002
Trammel,1280,1792,1381,1889,0,9,17,1101002
Trammel,1280,1792,1378,1901,0,9,17,1101002
Trammel,1280,1920,1365,1930,0,9,17,1369003
Trammel,1280,1920,1302,1951,0,9,17,1369003
Trammel,1280,1920,1389,1951,0,9,17,1369003
Trammel,1280,1920,1345,1956,0,9,17,1369003
Trammel,1280,1920,1311,1965,0,9,17,1369003
Trammel,1280,1920,1381,1997,0,9,17,1369003
Trammel,1280,2176,1342,2200,0,9,17,1369003
Trammel,1280,2176,1340,2202,0,9,17,1369003
Trammel,1280,2176,1338,2217,0,9,17,1369003
Trammel,1280,2176,1315,2218,5,9,17,1369003
Trammel,1280,2176,1347,2219,0,9,17,1369003
Trammel,1280,2176,1305,2225,5,9,17,1369003
Trammel,1280,2176,1320,2235,5,9,17,1369003
Trammel,1280,2176,1321,2252,0,9,17,1369003
Trammel,1280,2176,1330,2257,0,9,17,1369003
Trammel,1280,2176,1357,2257,5,9,17,1369003
Trammel,1280,2176,1347,2263,5,9,17,1369003
Trammel,1280,2304,1297,2333,0,9,17,1369003
Trammel,1280,2304,1366,2398,0,9,17,1369003
Trammel,1280,2432,1369,2529,5,9,17,1369003
Trammel,1280,2432,1387,2539,0,9,17,1369003
Trammel,1280,2560,1312,2560,0,9,17,1369003
Trammel,1280,2560,1323,2566,1,9,17,1369003
Trammel,1280,2560,1321,2567,0,9,17,1369003
Trammel,1280,2560,1333,2572,1,9,17,1369003
Trammel,1280,2560,1332,2574,1,9,17,1369003
Trammel,1280,2560,1347,2581,0,9,17,1369003
Trammel,1280,2560,1331,2585,0,9,17,1369003
Trammel,1280,2560,1302,2656,2,9,17,1369003
Trammel,1280,2688,1314,2730,0,9,17,1369003
Trammel,1280,2688,1397,2798,0,9,17,1369003
Trammel,1280,2816,1331,2828,0,9,17,1369003
Trammel,1280,2816,1343,2828,0,9,17,1369003
Trammel,1280,2816,1340,2829,0,9,17,1369003
Trammel,1280,2816,1350,2845,0,9,17,1369003
Trammel,1280,2816,1346,2894,0,9,17,1369003
Trammel,1280,2816,1351,2911,0,9,17,1369003
Trammel,1280,2944,1335,3001,0,9,17,1369003
Trammel,1280,2944,1334,3003,-1,9,17,1369003
Trammel,1280,2944,1335,3020,0,9,17,1369003
Trammel,1280,3072,1376,3094,0,9,17,1369003
Trammel,1280,3584,1380,3684,-1,9,17,1205002
Trammel,1280,3712,1337,3713,0,9,17,1205002
Trammel,1280,3712,1337,3730,0,9,17,1205002
Trammel,1280,3712,1329,3761,0,9,17,1205002
Trammel,1280,3712,1393,3777,0,9,17,1205002
Trammel,1280,3712,1377,3801,0,9,17,1205002
Trammel,1280,3840,1393,3840,0,9,17,1205002
Trammel,1408,128,1453,185,5,9,17,1369003
Trammel,1408,128,1450,188,5,9,17,1369003
Trammel,1408,128,1495,195,6,9,17,1369003
Trammel,1408,128,1507,202,1,9,17,1369003
Trammel,1408,256,1410,268,1,9,17,1369003
Trammel,1408,256,1409,271,1,9,17,1369003
Trammel,1408,256,1408,274,1,9,17,1369003
Trammel,1408,384,1420,388,6,9,17,1369003
Trammel,1408,640,1516,662,6,9,17,1369003
Trammel,1408,640,1512,668,6,9,17,1369003
Trammel,1408,640,1490,682,1,9,17,1369003
Trammel,1408,640,1489,683,0,9,17,1369003
Trammel,1408,640,1488,684,0,9,17,1369003
Trammel,1408,640,1491,721,6,9,17,1369003
Trammel,1408,640,1474,725,1,9,17,1369003
Trammel,1408,640,1484,725,6,9,17,1369003
Trammel,1408,640,1473,726,1,9,17,1369003
Trammel,1408,640,1472,727,1,9,17,1369003
Trammel,1408,640,1471,728,1,9,17,1369003
Trammel,1408,640,1469,729,1,9,17,1369003
Trammel,1408,640,1456,730,1,9,17,1369003
Trammel,1408,640,1419,739,1,9,17,1369003
Trammel,1408,640,1417,740,1,9,17,1369003
Trammel,1408,640,1414,741,1,9,17,1369003
Trammel,1408,640,1411,742,1,9,17,1369003
Trammel,1408,640,1410,743,1,9,17,1369003
Trammel,1408,768,1463,801,0,9,17,1369003
Trammel,1408,768,1472,808,0,9,17,1369003
Trammel,1408,768,1464,818,0,9,17,1369003
Trammel,1408,768,1464,835,0,9,17,1369003
Trammel,1408,768,1463,837,0,9,17,1369003
Trammel,1408,768,1461,838,0,9,17,1369003
Trammel,1408,768,1460,839,0,9,17,1369003
Trammel,1408,768,1458,840,0,9,17,1369003
Trammel,1408,768,1457,841,0,9,17,1369003
Trammel,1408,768,1456,842,0,9,17,1369003
Trammel,1408,768,1466,857,0,9,17,1369003
Trammel,1408,768,1465,858,0,9,17,1369003
Trammel,1408,768,1457,859,0,9,17,1369003
Trammel,1408,768,1482,876,0,9,17,1369003
Trammel,1408,896,1439,896,0,9,17,1369003
Trammel,1408,896,1485,896,0,9,17,1369003
Trammel,1408,896,1438,897,0,9,17,1369003
Trammel,1408,896,1485,913,0,9,17,1369003
Trammel,1408,896,1483,921,0,9,17,1369003
Trammel,1408,896,1480,926,0,9,17,1369003
Trammel,1408,896,1475,958,0,9,17,1369003
Trammel,1408,896,1474,959,0,9,17,1369003
Trammel,1408,896,1470,963,0,9,17,1369003
Trammel,1408,896,1469,964,0,9,17,1369003
Trammel,1408,896,1479,978,0,9,17,1369003
Trammel,1408,896,1469,981,0,9,17,1369003
Trammel,1408,896,1468,983,0,9,17,1369003
Trammel,1408,896,1487,1002,0,9,17,1369003
Trammel,1408,1024,1491,1024,0,9,17,1369003
Trammel,1408,1024,1480,1033,0,9,17,1369003
Trammel,1408,1024,1479,1038,0,9,17,1369003
Trammel,1408,1024,1478,1040,0,9,17,1369003
Trammel,1408,1024,1467,1053,0,9,17,1369003
Trammel,1408,1024,1465,1054,0,9,17,1369003
Trammel,1408,1024,1463,1055,0,9,17,1369003
Trammel,1408,1024,1462,1057,0,9,17,1369003
Trammel,1408,1024,1410,1083,0,9,17,1369003
Trammel,1408,1024,1476,1133,0,9,17,1369003
Trammel,1408,1024,1473,1134,0,9,17,1369003
Trammel,1408,1280,1443,1318,0,9,17,1369003
Trammel,1408,1280,1486,1372,0,9,17,1369003
Trammel,1408,1280,1485,1376,0,9,17,1369003
Trammel,1408,1280,1429,1387,0,9,17,1369003
Trammel,1408,1280,1473,1387,0,9,17,1369003
Trammel,1408,1408,1525,1438,0,9,17,1101002
Trammel,1408,1408,1520,1464,0,9,17,1101002
Trammel,1408,1408,1518,1465,0,9,17,1101002
Trammel,1408,1536,1425,1553,30,9,17,1101002
Trammel,1408,1536,1481,1604,20,9,17,1101002
Trammel,1408,1536,1419,1616,20,9,17,1101002
Trammel,1408,1536,1438,1617,20,9,17,1101002
Trammel,1408,1536,1476,1617,20,9,17,1101002
Trammel,1408,1536,1471,1619,20,9,17,1101002
Trammel,1408,1664,1505,1665,20,9,17,1101002
Trammel,1408,1664,1524,1697,20,9,17,1101002
Trammel,1408,1664,1522,1699,20,9,17,1101002
Trammel,1408,1664,1521,1700,20,9,17,1101002
Trammel,1408,1664,1520,1701,20,9,17,1101002
Trammel,1408,1664,1482,1703,0,9,17,1101002
Trammel,1408,1664,1461,1730,0,9,17,1101002
Trammel,1408,1792,1491,1865,0,9,17,1369003
Trammel,1408,1792,1490,1866,0,9,17,1369003
Trammel,1408,1792,1500,1868,0,9,17,1369003
Trammel,1408,1792,1509,1874,0,9,17,1369003
Trammel,1408,1792,1473,1876,0,9,17,1369003
Trammel,1408,1792,1472,1877,0,9,17,1369003
Trammel,1408,1792,1471,1878,0,9,17,1369003
Trammel,1408,1792,1469,1880,0,9,17,1369003
Trammel,1408,1792,1468,1881,0,9,17,1369003
Trammel,1408,1792,1467,1883,0,9,17,1369003
Trammel,1408,1792,1490,1883,0,9,17,1369003
Trammel,1408,1792,1465,1884,0,9,17,1369003
Trammel,1408,1792,1461,1885,0,9,17,1369003
Trammel,1408,1792,1503,1885,0,9,17,1369003
Trammel,1408,1792,1450,1894,0,9,17,1369003
Trammel,1408,1920,1521,1934,0,9,17,1369003
Trammel,1408,1920,1526,1951,0,9,17,1369003
Trammel,1408,1920,1521,1977,0,9,17,1369003
Trammel,1408,1920,1520,1981,0,9,17,1369003
Trammel,1408,1920,1441,1996,0,9,17,1369003
Trammel,1408,1920,1522,1998,0,9,17,1369003
Trammel,1408,2304,1497,2316,10,9,17,1369003
Trammel,1408,2304,1495,2317,10,9,17,1369003
Trammel,1408,2304,1446,2326,5,9,17,1369003
Trammel,1408,2304,1437,2329,0,9,17,1369003
Trammel,1408,2432,1459,2432,0,9,17,1369003
Trammel,1408,2432,1497,2452,0,9,17,1369003
Trammel,1408,2432,1425,2523,0,9,17,1369003
Trammel,1408,2432,1416,2524,0,9,17,1369003
Trammel,1408,2432,1525,2530,10,9,17,1369003
Trammel,1408,2432,1519,2539,10,9,17,1369003
Trammel,1408,2688,1494,2723,0,9,17,1369003
Trammel,1408,2688,1501,2740,1,9,17,1369003
Trammel,1408,2688,1498,2744,0,9,17,1369003
Trammel,1408,2688,1518,2752,0,9,17,1369003
Trammel,1408,2688,1515,2758,0,9,17,1369003
Trammel,1408,2688,1520,2779,0,9,17,1369003
Trammel,1408,2688,1518,2790,0,9,17,1369003
Trammel,1408,2816,1506,2816,0,9,17,1369003
Trammel,1408,2944,1519,3006,0,9,17,1369003
Trammel,1408,2944,1408,3019,0,9,17,1369003
Trammel,1408,2944,1476,3046,0,9,17,1369003
Trammel,1408,2944,1475,3047,0,9,17,1369003
Trammel,1408,2944,1474,3048,0,9,17,1369003
Trammel,1408,3584,1433,3688,0,9,17,1205002
Trammel,1408,3584,1458,3691,0,9,17,1205002
Trammel,1408,3584,1457,3692,0,9,17,1205002
Trammel,1408,3584,1452,3693,0,9,17,1205002
Trammel,1408,3712,1457,3712,0,9,17,1205002
Trammel,1408,3712,1417,3785,0,9,17,1205002
Trammel,1408,3712,1412,3809,0,9,17,1205002
Trammel,1408,3712,1441,3809,0,9,17,1205002
Trammel,1408,3840,1408,3865,0,9,17,1205002
Trammel,1536,256,1614,259,6,9,17,1369003
Trammel,1536,256,1613,260,6,9,17,1369003
Trammel,1536,256,1612,261,6,9,17,1369003
Trammel,1536,256,1611,263,6,9,17,1369003
Trammel,1536,256,1608,273,6,9,17,1369003
Trammel,1536,256,1607,274,6,9,17,1369003
Trammel,1536,512,1562,515,1,9,17,1356003
Trammel,1536,512,1582,528,16,9,17,1356003
Trammel,1536,512,1581,530,16,9,17,1356003
Trammel,1536,512,1580,531,16,9,17,1356003
Trammel,1536,512,1579,533,16,9,17,1356003
Trammel,1536,512,1578,535,16,9,17,1356003
Trammel,1536,512,1577,536,16,9,17,1356003
Trammel,1536,512,1576,539,16,9,17,1356003
Trammel,1536,512,1648,546,7,9,17,1356003
Trammel,1536,512,1643,547,6,9,17,1356003
Trammel,1536,512,1642,549,6,9,17,1356003
Trammel,1536,512,1587,550,16,9,17,1356003
Trammel,1536,512,1586,552,16,9,17,1356003
Trammel,1536,512,1585,553,16,9,17,1356003
Trammel,1536,512,1605,554,17,9,17,1356003
Trammel,1536,512,1567,556,6,9,17,1356003
Trammel,1536,512,1596,558,16,9,17,1356003
Trammel,1536,512,1630,558,6,9,17,1356003
Trammel,1536,512,1629,559,6,9,17,1356003
Trammel,1536,512,1627,560,6,9,17,1356003
Trammel,1536,512,1626,561,6,9,17,1356003
Trammel,1536,512,1624,562,6,9,17,1356003
Trammel,1536,512,1623,563,6,9,17,1356003
Trammel,1536,512,1622,564,6,9,17,1356003
Trammel,1536,512,1587,602,5,9,17,1356003
Trammel,1536,512,1586,605,5,9,17,1356003
Trammel,1536,512,1583,609,5,9,17,1356003
Trammel,1536,512,1582,610,5,9,17,1356003
Trammel,1536,512,1581,611,5,9,17,1356003
Trammel,1536,512,1579,614,5,9,17,1356003
Trammel,1536,640,1537,651,16,9,17,1369003
Trammel,1536,640,1557,654,16,9,17,1369003
Trammel,1536,640,1537,669,6,9,17,1369003
Trammel,1536,640,1536,673,6,9,17,1369003
Trammel,1536,640,1549,673,6,9,17,1369003
Trammel,1536,640,1567,674,16,9,17,1369003
Trammel,1536,640,1583,685,21,9,17,1369003
Trammel,1536,640,1581,686,20,9,17,1369003
Trammel,1536,640,1580,687,21,9,17,1369003
Trammel,1536,640,1578,689,22,9,17,1369003
Trammel,1536,640,1624,689,6,9,17,1369003
Trammel,1536,640,1614,698,6,9,17,1369003
Trammel,1536,640,1613,700,6,9,17,1369003
Trammel,1536,640,1612,701,6,9,17,1369003
Trammel,1536,640,1611,702,6,9,17,1369003
Trammel,1536,640,1610,703,6,9,17,1369003
Trammel,1536,640,1609,704,6,9,17,1369003
Trammel,1536,640,1608,705,6,9,17,1369003
Trammel,1536,640,1623,705,6,9,17,1369003
Trammel,1536,640,1606,706,6,9,17,1369003
Trammel,1536,640,1605,707,6,9,17,1369003
Trammel,1536,640,1604,708,6,9,17,1369003
Trammel,1536,640,1603,709,6,9,17,1369003
Trammel,1536,640,1602,710,6,9,17,1369003
Trammel,1536,640,1601,711,6,9,17,1369003
Trammel,1536,640,1600,712,6,9,17,1369003
Trammel,1536,640,1598,713,6,9,17,1369003
Trammel,1536,640,1622,715,6,9,17,1369003
Trammel,1536,640,1596,716,6,9,17,1369003
Trammel,1536,640,1631,725,6,9,17,1369003
Trammel,1536,640,1595,727,6,9,17,1369003
Trammel,1536,640,1607,729,6,9,17,1369003
Trammel,1536,640,1605,730,6,9,17,1369003
Trammel,1536,640,1647,730,6,9,17,1369003
Trammel,1536,640,1626,732,6,9,17,1369003
Trammel,1536,640,1604,733,6,9,17,1369003
Trammel,1536,640,1640,735,6,9,17,1369003
Trammel,1536,640,1617,738,6,9,17,1369003
Trammel,1536,640,1649,747,6,9,17,1369003
Trammel,1536,768,1596,836,0,9,17,1369003
Trammel,1536,768,1590,839,0,9,17,1369003
Trammel,1536,768,1585,840,0,9,17,1369003
Trammel,1536,768,1581,844,0,9,17,1369003
Trammel,1536,768,1573,858,0,9,17,1369003
Trammel,1536,768,1569,868,0,9,17,1369003
Trammel,1536,768,1565,877,0,9,17,1369003
Trammel,1536,896,1562,905,0,9,17,1369003
Trammel,1536,896,1567,924,0,9,17,1369003
Trammel,1536,896,1569,941,0,9,17,1369003
Trammel,1536,896,1574,958,0,9,17,1369003
Trammel,1536,896,1573,972,0,9,17,1369003
Trammel,1536,896,1590,988,0,9,17,1369003
Trammel,1536,896,1581,989,0,9,17,1369003
Trammel,1536,896,1592,1005,0,9,17,1369003
Trammel,1536,1024,1599,1026,0,9,17,1369003
Trammel,1536,1024,1617,1047,0,9,17,1369003
Trammel,1536,1024,1645,1067,0,9,17,1369003
Trammel,1536,1024,1570,1096,0,9,17,1369003
Trammel,1536,1024,1601,1098,0,9,17,1369003
Trammel,1536,1024,1545,1099,0,9,17,1369003
Trammel,1536,1024,1598,1099,0,9,17,1369003
Trammel,1536,1024,1555,1100,0,9,17,1369003
Trammel,1536,1024,1536,1102,0,9,17,1369003
Trammel,1536,1152,1623,1179,0,9,17,1369003
Trammel,1536,1152,1622,1180,0,9,17,1369003
Trammel,1536,1152,1621,1181,0,9,17,1369003
Trammel,1536,1152,1620,1182,0,9,17,1369003
Trammel,1536,1152,1619,1183,0,9,17,1369003
Trammel,1536,1152,1652,1210,0,9,17,1369003
Trammel,1536,1152,1641,1215,0,9,17,1369003
Trammel,1536,1152,1640,1217,0,9,17,1369003
Trammel,1536,1152,1639,1218,0,9,17,1369003
Trammel,1536,1152,1638,1219,0,9,17,1369003
Trammel,1536,1152,1637,1222,0,9,17,1369003
Trammel,1536,1152,1636,1223,0,9,17,1369003
Trammel,1536,1152,1634,1225,0,9,17,1369003
Trammel,1536,1152,1633,1226,0,9,17,1369003
Trammel,1536,1152,1614,1227,0,9,17,1369003
Trammel,1536,1152,1623,1227,0,9,17,1369003
Trammel,1536,1152,1613,1228,0,9,17,1369003
Trammel,1536,1152,1611,1229,0,9,17,1369003
Trammel,1536,1280,1624,1310,0,9,17,1369003
Trammel,1536,1280,1595,1362,0,9,17,1369003
Trammel,1536,1408,1598,1408,0,9,17,1101002
Trammel,1536,1408,1581,1503,40,9,17,1101002
Trammel,1536,1408,1580,1508,40,9,17,1101002
Trammel,1536,1408,1578,1511,40,9,17,1101002
Trammel,1536,1408,1577,1512,40,9,17,1101002
Trammel,1536,1408,1575,1514,39,9,17,1101002
Trammel,1536,1408,1574,1515,39,9,17,1101002
Trammel,1536,1408,1573,1516,40,9,17,1101002
Trammel,1536,1408,1620,1516,40,9,17,1101002
Trammel,1536,1408,1571,1518,39,9,17,1101002
Trammel,1536,1536,1601,1556,20,9,17,1101002
Trammel,1536,1536,1593,1561,20,9,17,1101002
Trammel,1536,1536,1560,1603,10,9,17,1101002
Trammel,1536,1536,1552,1608,10,9,17,1101002
Trammel,1536,1536,1624,1617,35,9,17,1101002
Trammel,1536,1536,1623,1619,34,9,17,1101002
Trammel,1536,1664,1585,1665,10,9,17,1101002
Trammel,1536,1664,1577,1669,10,9,17,1101002
Trammel,1536,1664,1594,1672,10,9,17,1101002
Trammel,1536,1664,1588,1682,10,9,17,1101002
Trammel,1536,2048,1616,2063,0,9,17,1369003
Trammel,1536,2048,1614,2066,0,9,17,1369003
Trammel,1536,2048,1613,2067,0,9,17,1369003
Trammel,1536,2048,1612,2069,0,9,17,1369003
Trammel,1536,2048,1611,2070,0,9,17,1369003
Trammel,1536,2048,1610,2073,0,9,17,1369003
Trammel,1536,2048,1609,2077,0,9,17,1369003
Trammel,1536,2048,1608,2078,0,9,17,1369003
Trammel,1536,2048,1557,2083,0,9,17,1369003
Trammel,1536,2048,1607,2091,-1,9,17,1369003
Trammel,1536,2048,1617,2096,0,9,17,1369003
Trammel,1536,2048,1616,2099,0,9,17,1369003
Trammel,1536,2048,1606,2103,0,9,17,1369003
Trammel,1536,2048,1605,2107,0,9,17,1369003
Trammel,1536,2048,1595,2116,0,9,17,1369003
Trammel,1536,2048,1621,2116,0,9,17,1369003
Trammel,1536,2048,1623,2133,0,9,17,1369003
Trammel,1536,2176,1649,2192,0,9,17,1369003
Trammel,1536,2176,1569,2218,5,9,17,1369003
Trammel,1536,2176,1565,2224,5,9,17,1369003
Trammel,1536,2304,1589,2329,5,9,17,1369003
Trammel,1536,2304,1553,2348,5,9,17,1369003
Trammel,1536,2432,1581,2460,0,9,17,1369003
Trammel,1536,2432,1595,2461,0,9,17,1369003
Trammel,1536,2432,1567,2494,0,9,17,1369003
Trammel,1536,2432,1641,2495,5,9,17,1369003
Trammel,1536,2560,1561,2638,0,9,17,1369003
Trammel,1536,2560,1559,2639,0,9,17,1369003
Trammel,1536,2688,1637,2764,5,9,17,1369003
Trammel,1536,2816,1606,2824,0,9,17,1369003
Trammel,1536,2816,1647,2839,0,9,17,1369003
Trammel,1536,2944,1588,2969,0,9,17,1369003
Trammel,1536,3072,1577,3105,2,9,17,1369003
Trammel,1536,3328,1653,3348,1,9,17,1369003
Trammel,1536,3328,1590,3383,0,9,17,1369003
Trammel,1536,3456,1620,3516,1,9,17,1205002
Trammel,1536,3456,1618,3517,1,9,17,1205002
Trammel,1536,3456,1617,3519,2,9,17,1205002
Trammel,1536,3456,1634,3519,1,9,17,1205002
Trammel,1536,3456,1616,3520,1,9,17,1205002
Trammel,1536,3456,1633,3520,1,9,17,1205002
Trammel,1536,3456,1615,3521,1,9,17,1205002
Trammel,1536,3456,1644,3529,0,9,17,1205002
Trammel,1536,3456,1627,3533,0,9,17,1205002
Trammel,1536,3456,1626,3534,0,9,17,1205002
Trammel,1536,3456,1611,3536,1,9,17,1205002
Trammel,1536,3456,1625,3536,0,9,17,1205002
Trammel,1536,3456,1642,3536,2,9,17,1205002
Trammel,1536,3456,1610,3537,2,9,17,1205002
Trammel,1536,3456,1636,3537,2,9,17,1205002
Trammel,1536,3456,1608,3538,1,9,17,1205002
Trammel,1536,3456,1621,3538,0,9,17,1205002
Trammel,1664,256,1746,256,21,9,17,1369003
Trammel,1664,256,1760,268,18,9,17,1369003
Trammel,1664,256,1759,271,18,9,17,1369003
Trammel,1664,256,1755,283,16,9,17,1369003
Trammel,1664,256,1766,294,6,9,17,1369003
Trammel,1664,384,1759,384,5,9,17,1369003
Trammel,1664,384,1777,384,6,9,17,1369003
Trammel,1664,384,1756,385,5,9,17,1369003
Trammel,1664,384,1755,386,5,9,17,1369003
Trammel,1664,384,1768,386,6,9,17,1369003
Trammel,1664,384,1756,403,5,9,17,1369003
Trammel,1664,384,1755,407,5,9,17,1369003
Trammel,1664,384,1754,410,5,9,17,1369003
Trammel,1664,384,1753,413,5,9,17,1369003
Trammel,1664,384,1710,422,6,9,17,1369003
Trammel,1664,384,1709,423,6,9,17,1369003
Trammel,1664,384,1749,433,5,9,17,1369003
Trammel,1664,384,1748,434,5,9,17,1369003
Trammel,1664,384,1747,435,5,9,17,1369003
Trammel,1664,384,1744,436,5,9,17,1369003
Trammel,1664,384,1743,441,6,9,17,1369003
Trammel,1664,384,1741,443,6,9,17,1369003
Trammel,1664,384,1740,444,6,9,17,1369003
Trammel,1664,384,1710,450,6,9,17,1369003
Trammel,1664,512,1695,512,7,9,17,1369003
Trammel,1664,512,1704,512,6,9,17,1369003
Trammel,1664,512,1713,512,6,9,17,1369003
Trammel,1664,512,1722,512,6,9,17,1369003
Trammel,1664,512,1694,517,7,9,17,1369003
Trammel,1664,512,1693,521,6,9,17,1369003
Trammel,1664,512,1692,523,6,9,17,1369003
Trammel,1664,512,1691,525,6,9,17,1369003
Trammel,1664,512,1690,526,6,9,17,1369003
Trammel,1664,512,1689,528,6,9,17,1369003
Trammel,1664,512,1713,529,6,9,17,1369003
Trammel,1664,512,1777,529,6,9,17,1369003
Trammel,1664,512,1773,532,6,9,17,1369003
Trammel,1664,512,1770,535,6,9,17,1369003
Trammel,1664,512,1679,537,6,9,17,1369003
Trammel,1664,512,1769,537,6,9,17,1369003
Trammel,1664,512,1678,538,6,9,17,1369003
Trammel,1664,512,1688,538,6,9,17,1369003
Trammel,1664,512,1677,539,6,9,17,1369003
Trammel,1664,512,1675,540,6,9,17,1369003
Trammel,1664,512,1674,541,6,9,17,1369003
Trammel,1664,512,1763,541,6,9,17,1369003
Trammel,1664,512,1672,542,6,9,17,1369003
Trammel,1664,512,1754,548,6,9,17,1369003
Trammel,1664,512,1708,554,16,9,17,1369003
Trammel,1664,512,1773,554,6,9,17,1369003
Trammel,1664,512,1707,555,16,9,17,1369003
Trammel,1664,512,1719,559,16,9,17,1369003
Trammel,1664,512,1770,561,6,9,17,1369003
Trammel,1664,512,1757,565,6,9,17,1369003
Trammel,1664,512,1782,566,6,9,17,1369003
Trammel,1664,512,1779,571,6,9,17,1369003
Trammel,1664,512,1735,575,16,9,17,1369003
Trammel,1664,512,1754,577,6,9,17,1369003
Trammel,1664,512,1766,578,6,9,17,1369003
Trammel,1664,512,1775,583,6,9,17,1369003
Trammel,1664,512,1719,589,22,9,17,1369003
Trammel,1664,512,1763,589,6,9,17,1369003
Trammel,1664,512,1762,594,6,9,17,1369003
Trammel,1664,512,1685,595,6,9,17,1369003
Trammel,1664,512,1728,597,22,9,17,1369003
Trammel,1664,512,1738,602,16,9,17,1369003
Trammel,1664,512,1717,603,22,9,17,1369003
Trammel,1664,512,1706,604,16,9,17,1369003
Trammel,1664,512,1670,607,16,9,17,1369003
Trammel,1664,512,1759,607,6,9,17,1369003
Trammel,1664,512,1684,611,6,9,17,1369003
Trammel,1664,512,1768,612,6,9,17,1369003
Trammel,1664,512,1777,614,6,9,17,1369003
Trammel,1664,512,1683,617,7,9,17,1369003
Trammel,1664,512,1707,621,16,9,17,1369003
Trammel,1664,640,1684,640,6,9,17,1369003
Trammel,1664,640,1693,640,6,9,17,1369003
Trammel,1664,640,1759,640,6,9,17,1369003
Trammel,1664,640,1768,640,6,9,17,1369003
Trammel,1664,640,1777,640,6,9,17,1369003
Trammel,1664,640,1758,641,6,9,17,1369003
Trammel,1664,640,1757,642,6,9,17,1369003
Trammel,1664,640,1755,643,6,9,17,1369003
Trammel,1664,640,1681,644,6,9,17,1369003
Trammel,1664,640,1753,644,6,9,17,1369003
Trammel,1664,640,1752,646,6,9,17,1369003
Trammel,1664,640,1676,649,6,9,17,1369003
Trammel,1664,640,1673,652,6,9,17,1369003
Trammel,1664,640,1772,657,6,9,17,1369003
Trammel,1664,640,1669,664,6,9,17,1369003
Trammel,1664,640,1678,669,6,9,17,1369003
Trammel,1664,640,1666,673,6,9,17,1369003
Trammel,1664,640,1770,673,6,9,17,1369003
Trammel,1664,640,1664,676,6,9,17,1369003
Trammel,1664,640,1675,681,6,9,17,1369003
Trammel,1664,640,1777,696,6,9,17,1369003
Trammel,1664,640,1776,706,6,9,17,1369003
Trammel,1664,640,1774,714,6,9,17,1369003
Trammel,1664,640,1765,725,6,9,17,1369003
Trammel,1664,640,1761,727,6,9,17,1369003
Trammel,1664,640,1774,731,6,9,17,1369003
Trammel,1664,640,1723,733,6,9,17,1369003
Trammel,1664,640,1720,734,6,9,17,1369003
Trammel,1664,640,1757,734,6,9,17,1369003
Trammel,1664,640,1718,735,6,9,17,1369003
Trammel,1664,640,1715,736,6,9,17,1369003
Trammel,1664,640,1736,736,6,9,17,1369003
Trammel,1664,640,1745,736,6,9,17,1369003
Trammel,1664,640,1754,736,6,9,17,1369003
Trammel,1664,640,1710,737,7,9,17,1369003
Trammel,1664,640,1664,738,6,9,17,1369003
Trammel,1664,640,1678,738,7,9,17,1369003
Trammel,1664,640,1687,738,7,9,17,1369003
Trammel,1664,640,1704,738,6,9,17,1369003
Trammel,1664,640,1676,739,6,9,17,1369003
Trammel,1664,640,1766,744,6,9,17,1369003
Trammel,1664,640,1776,748,6,9,17,1369003
Trammel,1664,768,1764,768,0,9,17,1369003
Trammel,1664,768,1702,779,0,9,17,1369003
Trammel,1664,768,1716,781,0,9,17,1369003
Trammel,1664,768,1753,802,0,9,17,1369003
Trammel,1664,768,1671,836,0,9,17,1369003
Trammel,1664,768,1666,839,0,9,17,1369003
Trammel,1664,768,1680,842,0,9,17,1369003
Trammel,1664,768,1689,852,0,9,17,1369003
Trammel,1664,768,1699,862,0,9,17,1369003
Trammel,1664,768,1698,878,0,9,17,1369003
Trammel,1664,896,1701,896,0,9,17,1369003
Trammel,1664,896,1719,896,0,9,17,1369003
Trammel,1664,896,1713,897,0,9,17,1369003
Trammel,1664,896,1727,913,0,9,17,1369003
Trammel,1664,896,1736,927,0,9,17,1369003
Trammel,1664,896,1727,935,0,9,17,1369003
Trammel,1664,896,1739,944,0,9,17,1369003
Trammel,1664,896,1728,952,0,9,17,1369003
Trammel,1664,896,1737,955,0,9,17,1369003
Trammel,1664,896,1746,961,0,9,17,1369003
Trammel,1664,896,1731,969,0,9,17,1369003
Trammel,1664,896,1740,972,0,9,17,1369003
Trammel,1664,896,1723,985,0,9,17,1369003
Trammel,1664,896,1732,987,0,9,17,1369003
Trammel,1664,896,1748,989,0,9,17,1369003
Trammel,1664,896,1718,995,0,9,17,1369003
Trammel,1664,896,1748,1006,0,9,17,1369003
Trammel,1664,896,1757,1006,0,9,17,1369003
Trammel,1664,1024,1738,1024,0,9,17,1369003
Trammel,1664,1024,1747,1024,0,9,17,1369003
Trammel,1664,1024,1767,1024,0,9,17,1369003
Trammel,1664,1024,1764,1036,0,9,17,1369003
Trammel,1664,1024,1749,1041,0,9,17,1369003
Trammel,1664,1024,1762,1045,0,9,17,1369003
Trammel,1664,1024,1758,1053,0,9,17,1369003
Trammel,1664,1024,1754,1058,0,9,17,1369003
Trammel,1664,1024,1771,1058,0,9,17,1369003
Trammel,1664,1024,1757,1075,0,9,17,1369003
Trammel,1664,1024,1766,1086,0,9,17,1369003
Trammel,1664,1024,1760,1092,0,9,17,1369003
Trammel,1664,1024,1764,1109,0,9,17,1369003
Trammel,1664,1024,1761,1119,0,9,17,1369003
Trammel,1664,1024,1770,1126,0,9,17,1369003
Trammel,1664,1152,1761,1152,0,9,17,1369003
Trammel,1664,1152,1753,1161,0,9,17,1369003
Trammel,1664,1152,1759,1178,0,9,17,1369003
Trammel,1664,1152,1731,1182,0,9,17,1369003
Trammel,1664,1152,1730,1184,0,9,17,1369003
Trammel,1664,1152,1729,1185,0,9,17,1369003
Trammel,1664,1152,1718,1188,0,9,17,1369003
Trammel,1664,1152,1758,1190,0,9,17,1369003
Trammel,1664,1152,1749,1194,0,9,17,1369003
Trammel,1664,1152,1748,1195,0,9,17,1369003
Trammel,1664,1152,1706,1197,0,9,17,1369003
Trammel,1664,1152,1687,1207,0,9,17,1369003
Trammel,1664,1152,1765,1207,0,9,17,1369003
Trammel,1664,1152,1664,1208,0,9,17,1369003
Trammel,1664,1152,1676,1208,0,9,17,1369003
Trammel,1664,1152,1685,1208,0,9,17,1369003
Trammel,1664,1152,1774,1216,0,9,17,1369003
Trammel,1664,1152,1781,1254,0,9,17,1369003
Trammel,1664,1280,1723,1303,0,9,17,1369003
Trammel,1664,1280,1713,1307,0,9,17,1369003
Trammel,1664,1280,1722,1312,0,9,17,1369003
Trammel,1664,1280,1676,1357,0,9,17,1369003
Trammel,1664,1280,1674,1359,0,9,17,1369003
Trammel,1664,1280,1673,1362,0,9,17,1369003
Trammel,1664,1280,1672,1363,0,9,17,1369003
Trammel,1664,1280,1670,1367,0,9,17,1369003
Trammel,1664,1280,1665,1370,0,9,17,1369003
Trammel,1664,1280,1664,1372,0,9,17,1369003
Trammel,1664,1280,1686,1375,0,9,17,1369003
Trammel,1664,1280,1703,1378,0,9,17,1369003
Trammel,1664,1280,1702,1380,0,9,17,1369003
Trammel,1664,1408,1681,1408,0,9,17,1101002
Trammel,1664,1408,1738,1408,0,9,17,1101002
Trammel,1664,1408,1701,1426,0,9,17,1101002
Trammel,1664,1408,1675,1447,0,9,17,1101002
Trammel,1664,1408,1673,1448,0,9,17,1101002
Trammel,1664,1408,1669,1449,0,9,17,1101002
Trammel,1664,1408,1721,1450,0,9,17,1101002
Trammel,1664,1408,1716,1453,0,9,17,1101002
Trammel,1664,1408,1676,1489,0,9,17,1101002
Trammel,1664,2048,1669,2151,0,9,17,1369003
Trammel,1664,2048,1678,2158,0,9,17,1369003
Trammel,1664,2176,1721,2200,0,9,17,1369003
Trammel,1664,2176,1709,2203,0,9,17,1369003
Trammel,1664,2176,1782,2264,0,9,17,1369003
Trammel,1664,2304,1781,2323,0,9,17,1369003
Trammel,1664,2304,1707,2332,0,9,17,1369003
Trammel,1664,2304,1773,2356,0,9,17,1369003
Trammel,1664,2304,1782,2359,0,9,17,1369003
Trammel,1664,2304,1775,2373,0,9,17,1369003
Trammel,1664,2304,1774,2379,0,9,17,1369003
Trammel,1664,2304,1765,2392,5,9,17,1369003
Trammel,1664,2304,1782,2396,0,9,17,1369003
Trammel,1664,2304,1677,2398,10,9,17,1369003
Trammel,1664,2304,1782,2413,0,9,17,1369003
Trammel,1664,2432,1780,2432,0,9,17,1369003
Trammel,1664,2432,1721,2437,10,9,17,1369003
Trammel,1664,2432,1781,2449,0,9,17,1369003
Trammel,1664,2432,1776,2458,0,9,17,1369003
Trammel,1664,2432,1765,2461,0,9,17,1369003
Trammel,1664,2432,1774,2463,0,9,17,1369003
Trammel,1664,2432,1777,2480,0,9,17,1369003
Trammel,1664,2432,1777,2497,0,9,17,1369003
Trammel,1664,2432,1773,2503,0,9,17,1369003
Trammel,1664,2432,1782,2514,0,9,17,1369003
Trammel,1664,2560,1782,2632,0,9,17,1369003
Trammel,1664,2560,1781,2662,0,9,17,1369003
Trammel,1664,2560,1779,2665,0,9,17,1369003
Trammel,1664,2688,1782,2712,0,9,17,1369003
Trammel,1664,2688,1733,2716,10,9,17,1369003
Trammel,1664,2688,1688,2719,10,9,17,1369003
Trammel,1664,2688,1729,2719,10,9,17,1369003
Trammel,1664,2688,1781,2722,0,9,17,1369003
Trammel,1664,2688,1780,2724,0,9,17,1369003
Trammel,1664,2688,1685,2725,10,9,17,1369003
Trammel,1664,2688,1779,2727,0,9,17,1369003
Trammel,1664,2688,1778,2728,0,9,17,1369003
Trammel,1664,2688,1777,2729,0,9,17,1369003
Trammel,1664,2816,1777,2825,0,9,17,1369003
Trammel,1664,2816,1689,2836,0,9,17,1369003
Trammel,1664,3072,1669,3110,0,9,17,1369003
Trammel,1664,3072,1741,3111,0,9,17,1369003
Trammel,1664,3072,1685,3113,0,9,17,1369003
Trammel,1664,3072,1694,3119,0,9,17,1369003
Trammel,1664,3072,1711,3164,0,9,17,1369003
Trammel,1664,3200,1707,3200,0,9,17,1369003
Trammel,1664,3200,1735,3207,0,9,17,1369003
Trammel,1664,3200,1734,3210,0,9,17,1369003
Trammel,1664,3200,1733,3211,0,9,17,1369003
Trammel,1664,3200,1762,3230,0,9,17,1369003
Trammel,1664,3328,1674,3355,2,9,17,1369003
Trammel,1664,3456,1756,3462,2,9,17,1369003
Trammel,1664,3456,1755,3472,1,9,17,1369003
Trammel,1664,3456,1754,3474,3,9,17,1369003
Trammel,1664,3456,1753,3479,3,9,17,1369003
Trammel,1792,128,1892,162,1,9,17,1369003
Trammel,1792,128,1891,163,1,9,17,1369003
Trammel,1792,128,1890,166,0,9,17,1369003
Trammel,1792,128,1889,168,0,9,17,1369003
Trammel,1792,128,1888,172,0,9,17,1369003
Trammel,1792,128,1897,186,0,9,17,1369003
Trammel,1792,128,1896,189,0,9,17,1369003
Trammel,1792,128,1906,197,0,9,17,1369003
Trammel,1792,128,1888,202,0,9,17,1369003
Trammel,1792,128,1880,203,0,9,17,1369003
Trammel,1792,128,1878,205,2,9,17,1369003
Trammel,1792,128,1877,207,1,9,17,1369003
Trammel,1792,128,1794,218,0,9,17,1369003
Trammel,1792,128,1887,220,0,9,17,1369003
Trammel,1792,128,1805,224,0,9,17,1369003
Trammel,1792,128,1814,228,0,9,17,1369003
Trammel,1792,128,1866,230,-1,9,17,1369003
Trammel,1792,128,1865,231,0,9,17,1369003
Trammel,1792,128,1860,232,0,9,17,1369003
Trammel,1792,128,1857,233,0,9,17,1369003
Trammel,1792,128,1840,234,0,9,17,1369003
Trammel,1792,128,1849,234,0,9,17,1369003
Trammel,1792,256,1846,256,0,9,17,1369003
Trammel,1792,256,1855,256,0,9,17,1369003
Trammel,1792,256,1864,256,0,9,17,1369003
Trammel,1792,256,1873,256,0,9,17,1369003
Trammel,1792,256,1840,258,0,9,17,1369003
Trammel,1792,256,1797,265,0,9,17,1369003
Trammel,1792,256,1793,268,0,9,17,1369003
Trammel,1792,256,1849,273,0,9,17,1369003
Trammel,1792,256,1858,273,0,9,17,1369003
Trammel,1792,256,1867,273,0,9,17,1369003
Trammel,1792,256,1838,274,0,9,17,1369003
Trammel,1792,256,1848,275,0,9,17,1369003
Trammel,1792,256,1847,277,0,9,17,1369003
Trammel,1792,256,1857,290,0,9,17,1369003
Trammel,1792,256,1839,291,0,9,17,1369003
Trammel,1792,256,1856,292,0,9,17,1369003
Trammel,1792,256,1848,294,0,9,17,1369003
Trammel,1792,256,1830,296,0,9,17,1369003
Trammel,1792,256,1829,297,0,9,17,1369003
Trammel,1792,256,1828,298,0,9,17,1369003
Trammel,1792,256,1827,302,0,9,17,1369003
Trammel,1792,256,1826,305,0,9,17,1369003
Trammel,1792,256,1825,306,0,9,17,1369003
Trammel,1792,256,1823,307,0,9,17,1369003
Trammel,1792,256,1822,308,0,9,17,1369003
Trammel,1792,256,1839,308,0,9,17,1369003
Trammel,1792,256,1820,310,0,9,17,1369003
Trammel,1792,256,1837,314,0,9,17,1369003
Trammel,1792,256,1848,314,0,9,17,1369003
Trammel,1792,256,1836,315,0,9,17,1369003
Trammel,1792,256,1835,319,0,9,17,1369003
Trammel,1792,256,1819,322,0,9,17,1369003
Trammel,1792,256,1834,322,0,9,17,1369003
Trammel,1792,256,1832,323,0,9,17,1369003
Trammel,1792,256,1831,324,0,9,17,1369003
Trammel,1792,256,1829,325,0,9,17,1369003
Trammel,1792,256,1828,327,0,9,17,1369003
Trammel,1792,256,1849,331,0,9,17,1369003
Trammel,1792,256,1812,336,0,9,17,1369003
Trammel,1792,256,1811,337,0,9,17,1369003
Trammel,1792,256,1843,337,0,9,17,1369003
Trammel,1792,256,1810,339,0,9,17,1369003
Trammel,1792,256,1822,339,0,9,17,1369003
Trammel,1792,256,1841,339,0,9,17,1369003
Trammel,1792,256,1801,340,-1,9,17,1369003
Trammel,1792,256,1840,340,0,9,17,1369003
Trammel,1792,256,1799,341,0,9,17,1369003
Trammel,1792,256,1838,341,0,9,17,1369003
Trammel,1792,256,1837,342,0,9,17,1369003
Trammel,1792,256,1831,344,0,9,17,1369003
Trammel,1792,256,1821,345,0,9,17,1369003
Trammel,1792,256,1852,348,0,9,17,1369003
Trammel,1792,256,1794,349,0,9,17,1369003
Trammel,1792,256,1819,354,0,9,17,1369003
Trammel,1792,256,1810,356,0,9,17,1369003
Trammel,1792,256,1809,357,0,9,17,1369003
Trammel,1792,256,1792,358,0,9,17,1369003
Trammel,1792,256,1840,359,0,9,17,1369003
Trammel,1792,256,1837,361,0,9,17,1369003
Trammel,1792,256,1854,365,0,9,17,1369003
Trammel,1792,256,1863,366,0,9,17,1369003
Trammel,1792,384,1822,384,0,9,17,1369003
Trammel,1792,384,1836,384,0,9,17,1369003
Trammel,1792,384,1845,384,0,9,17,1369003
Trammel,1792,384,1854,384,0,9,17,1369003
Trammel,1792,384,1863,384,0,9,17,1369003
Trammel,1792,384,1865,401,0,9,17,1369003
Trammel,1792,384,1881,431,0,9,17,1369003
Trammel,1792,384,1890,431,1,9,17,1369003
Trammel,1792,384,1886,448,0,9,17,1369003
Trammel,1792,384,1881,458,0,9,17,1369003
Trammel,1792,384,1886,476,0,9,17,1369003
Trammel,1792,384,1877,491,0,9,17,1369003
Trammel,1792,384,1886,493,0,9,17,1369003
Trammel,1792,512,1899,512,0,9,17,1369003
Trammel,1792,512,1908,521,0,9,17,1369003
Trammel,1792,512,1803,523,0,9,17,1369003
Trammel,1792,512,1793,531,0,9,17,1369003
Trammel,1792,512,1792,532,0,9,17,1369003
Trammel,1792,512,1802,534,0,9,17,1369003
Trammel,1792,512,1792,562,0,9,17,1369003
Trammel,1792,512,1792,579,0,9,17,1369003
Trammel,1792,512,1803,601,0,9,17,1369003
Trammel,1792,512,1801,607,0,9,17,1369003
Trammel,1792,512,1792,611,0,9,17,1369003
Trammel,1792,640,1794,644,0,9,17,1369003
Trammel,1792,640,1856,664,0,9,17,1369003
Trammel,1792,640,1792,693,0,9,17,1369003
Trammel,1792,640,1792,713,0,9,17,1369003
Trammel,1792,640,1792,736,0,9,17,1369003
Trammel,1792,768,1800,778,0,9,17,1369003
Trammel,1792,768,1832,787,0,9,17,1369003
Trammel,1792,768,1809,789,0,9,17,1369003
Trammel,1792,768,1866,793,0,9,17,1369003
Trammel,1792,768,1881,796,0,9,17,1369003
Trammel,1792,768,1892,796,0,9,17,1369003
Trammel,1792,768,1836,825,-1,9,17,1369003
Trammel,1792,768,1819,834,-1,9,17,1369003
Trammel,1792,768,1818,835,-1,9,17,1369003
Trammel,1792,768,1817,837,-1,9,17,1369003
Trammel,1792,768,1868,842,-1,9,17,1369003
Trammel,1792,768,1819,859,-1,9,17,1369003
Trammel,1792,896,1856,908,-1,9,17,1369003
Trammel,1792,896,1852,952,-1,9,17,1369003
Trammel,1792,896,1910,993,0,9,17,1369003
Trammel,1792,896,1891,995,0,9,17,1369003
Trammel,1792,896,1889,996,0,9,17,1369003
Trammel,1792,896,1885,997,0,9,17,1369003
Trammel,1792,896,1909,997,0,9,17,1369003
Trammel,1792,896,1874,1000,0,9,17,1369003
Trammel,1792,896,1873,1001,0,9,17,1369003
Trammel,1792,896,1863,1004,0,9,17,1369003
Trammel,1792,1024,1836,1024,0,9,17,1369003
Trammel,1792,1024,1851,1024,0,9,17,1369003
Trammel,1792,1024,1860,1024,0,9,17,1369003
Trammel,1792,1024,1897,1024,0,9,17,1369003
Trammel,1792,1024,1906,1032,0,9,17,1369003
Trammel,1792,1024,1826,1035,0,9,17,1369003
Trammel,1792,1024,1825,1038,0,9,17,1369003
Trammel,1792,1024,1835,1043,0,9,17,1369003
Trammel,1792,1024,1845,1049,0,9,17,1369003
Trammel,1792,1024,1909,1049,0,9,17,1369003
Trammel,1792,1024,1834,1052,0,9,17,1369003
Trammel,1792,1024,1827,1058,0,9,17,1369003
Trammel,1792,1024,1844,1058,0,9,17,1369003
Trammel,1792,1024,1843,1060,0,9,17,1369003
Trammel,1792,1024,1821,1061,0,9,17,1369003
Trammel,1792,1024,1836,1069,0,9,17,1369003
Trammel,1792,1024,1830,1075,0,9,17,1369003
Trammel,1792,1024,1852,1076,0,9,17,1369003
Trammel,1792,1024,1849,1077,0,9,17,1369003
Trammel,1792,1024,1823,1078,0,9,17,1369003
Trammel,1792,1024,1845,1082,0,9,17,1369003
Trammel,1792,1024,1820,1083,0,9,17,1369003
Trammel,1792,1024,1909,1083,0,9,17,1369003
Trammel,1792,1024,1839,1086,0,9,17,1369003
Trammel,1792,1024,1832,1092,0,9,17,1369003
Trammel,1792,1024,1829,1095,0,9,17,1369003
Trammel,1792,1024,1861,1095,0,9,17,1369003
Trammel,1792,1024,1818,1099,0,9,17,1369003
Trammel,1792,1024,1848,1099,0,9,17,1369003
Trammel,1792,1024,1827,1100,0,9,17,1369003
Trammel,1792,1024,1841,1103,0,9,17,1369003
Trammel,1792,1024,1857,1103,0,9,17,1369003
Trammel,1792,1024,1909,1106,0,9,17,1369003
Trammel,1792,1024,1870,1108,0,9,17,1369003
Trammel,1792,1024,1838,1109,0,9,17,1369003
Trammel,1792,1024,1906,1111,0,9,17,1369003
Trammel,1792,1024,1836,1112,0,9,17,1369003
Trammel,1792,1024,1866,1112,0,9,17,1369003
Trammel,1792,1024,1833,1117,0,9,17,1369003
Trammel,1792,1024,1879,1117,0,9,17,1369003
Trammel,1792,1024,1847,1120,0,9,17,1369003
Trammel,1792,1024,1859,1120,0,9,17,1369003
Trammel,1792,1024,1893,1124,0,9,17,1369003
Trammel,1792,1024,1875,1125,0,9,17,1369003
Trammel,1792,1024,1909,1128,0,9,17,1369003
Trammel,1792,1024,1856,1130,0,9,17,1369003
Trammel,1792,1152,1868,1152,0,9,17,1369003
Trammel,1792,1152,1877,1153,0,9,17,1369003
Trammel,1792,1152,1886,1165,0,9,17,1369003
Trammel,1792,1152,1869,1169,0,9,17,1369003
Trammel,1792,1152,1878,1170,0,9,17,1369003
Trammel,1792,1152,1910,1180,0,9,17,1369003
Trammel,1792,1152,1887,1182,0,9,17,1369003
Trammel,1792,1152,1901,1185,0,9,17,1369003
Trammel,1792,1152,1881,1187,0,9,17,1369003
Trammel,1792,1152,1897,1188,0,9,17,1369003
Trammel,1792,1152,1910,1197,0,9,17,1369003
Trammel,1792,1152,1906,1202,0,9,17,1369003
Trammel,1792,1152,1881,1204,0,9,17,1369003
Trammel,1792,1152,1901,1205,0,9,17,1369003
Trammel,1792,1408,1873,1408,0,9,17,1369003
Trammel,1792,1408,1869,1427,0,9,17,1369003
Trammel,1792,1408,1865,1435,0,9,17,1369003
Trammel,1792,1408,1861,1438,0,9,17,1369003
Trammel,1792,1408,1857,1444,0,9,17,1369003
Trammel,1792,1408,1870,1452,0,9,17,1369003
Trammel,1792,1408,1866,1455,0,9,17,1369003
Trammel,1792,1408,1879,1458,0,9,17,1369003
Trammel,1792,1408,1860,1461,0,9,17,1369003
Trammel,1792,1408,1857,1465,0,9,17,1369003
Trammel,1792,1408,1869,1472,0,9,17,1369003
Trammel,1792,1408,1888,1473,0,9,17,1369003
Trammel,1792,1408,1882,1475,0,9,17,1369003
Trammel,1792,1408,1866,1478,0,9,17,1369003
Trammel,1792,1408,1863,1482,0,9,17,1369003
Trammel,1792,1408,1878,1486,0,9,17,1369003
Trammel,1792,1408,1875,1489,0,9,17,1369003
Trammel,1792,1408,1872,1495,0,9,17,1369003
Trammel,1792,1408,1869,1499,0,9,17,1369003
Trammel,1792,1408,1847,1501,0,9,17,1369003
Trammel,1792,1408,1858,1501,0,9,17,1369003
Trammel,1792,1408,1856,1503,0,9,17,1369003
Trammel,1792,1408,1884,1503,0,9,17,1369003
Trammel,1792,1408,1881,1506,0,9,17,1369003
Trammel,1792,1408,1845,1511,0,9,17,1369003
Trammel,1792,1408,1879,1512,0,9,17,1369003
Trammel,1792,1408,1841,1516,0,9,17,1369003
Trammel,1792,1408,1854,1518,0,9,17,1369003
Trammel,1792,1536,1850,1536,0,9,17,1369003
Trammel,1792,1536,1859,1536,0,9,17,1369003
Trammel,1792,1536,1868,1536,0,9,17,1369003
Trammel,1792,1536,1886,1536,0,9,17,1369003
Trammel,1792,1536,1801,1546,0,9,17,1369003
Trammel,1792,1536,1884,1546,0,9,17,1369003
Trammel,1792,2048,1871,2057,-1,9,17,1369003
Trammel,1792,2048,1869,2058,0,9,17,1369003
Trammel,1792,2048,1888,2058,0,9,17,1369003
Trammel,1792,2048,1852,2059,-1,9,17,1369003
Trammel,1792,2048,1866,2059,0,9,17,1369003
Trammel,1792,2048,1897,2062,0,9,17,1369003
Trammel,1792,2048,1846,2064,0,9,17,1369003
Trammel,1792,2048,1839,2070,0,9,17,1369003
Trammel,1792,2048,1838,2071,0,9,17,1369003
Trammel,1792,2048,1880,2071,0,9,17,1369003
Trammel,1792,2048,1837,2072,0,9,17,1369003
Trammel,1792,2048,1836,2073,0,9,17,1369003
Trammel,1792,2048,1878,2074,0,9,17,1369003
Trammel,1792,2048,1875,2075,0,9,17,1369003
Trammel,1792,2048,1872,2076,0,9,17,1369003
Trammel,1792,2048,1855,2077,0,9,17,1369003
Trammel,1792,2048,1907,2098,0,9,17,1369003
Trammel,1792,2048,1895,2099,0,9,17,1369003
Trammel,1792,2048,1904,2099,0,9,17,1369003
Trammel,1792,2048,1889,2108,0,9,17,1369003
Trammel,1792,2048,1898,2116,0,9,17,1369003
Trammel,1792,2048,1888,2119,0,9,17,1369003
Trammel,1792,2048,1887,2122,0,9,17,1369003
Trammel,1792,2048,1886,2123,0,9,17,1369003
Trammel,1792,2048,1897,2125,0,9,17,1369003
Trammel,1792,2048,1797,2153,0,9,17,1369003
Trammel,1792,2048,1796,2154,0,9,17,1369003
Trammel,1792,2048,1794,2156,0,9,17,1369003
Trammel,1792,2048,1792,2157,0,9,17,1369003
Trammel,1792,2176,1799,2176,0,9,17,1369003
Trammel,1792,2176,1794,2189,0,9,17,1369003
Trammel,1792,2176,1793,2194,0,9,17,1369003
Trammel,1792,2176,1841,2202,0,9,17,1369003
Trammel,1792,2176,1840,2203,0,9,17,1369003
Trammel,1792,2176,1839,2205,0,9,17,1369003
Trammel,1792,2176,1802,2206,0,9,17,1369003
Trammel,1792,2176,1792,2207,0,9,17,1369003
Trammel,1792,2176,1801,2211,0,9,17,1369003
Trammel,1792,2176,1831,2219,0,9,17,1369003
Trammel,1792,2176,1840,2222,0,9,17,1369003
Trammel,1792,2176,1794,2224,0,9,17,1369003
Trammel,1792,2176,1830,2224,0,9,17,1369003
Trammel,1792,2176,1828,2226,0,9,17,1369003
Trammel,1792,2176,1803,2228,0,9,17,1369003
Trammel,1792,2176,1818,2228,-1,9,17,1369003
Trammel,1792,2176,1827,2228,0,9,17,1369003
Trammel,1792,2176,1812,2229,0,9,17,1369003
Trammel,1792,2176,1842,2239,0,9,17,1369003
Trammel,1792,2176,1836,2243,0,9,17,1369003
Trammel,1792,2176,1792,2245,0,9,17,1369003
Trammel,1792,2176,1807,2245,0,9,17,1369003
Trammel,1792,2176,1824,2245,0,9,17,1369003
Trammel,1792,2176,1833,2245,0,9,17,1369003
Trammel,1792,2176,1881,2245,0,9,17,1369003
Trammel,1792,2176,1820,2246,0,9,17,1369003
Trammel,1792,2176,1880,2246,-1,9,17,1369003
Trammel,1792,2176,1851,2251,0,9,17,1369003
Trammel,1792,2176,1806,2254,0,9,17,1369003
Trammel,1792,2176,1845,2256,0,9,17,1369003
Trammel,1792,2176,1868,2256,0,9,17,1369003
Trammel,1792,2176,1803,2260,0,9,17,1369003
Trammel,1792,2176,1842,2260,0,9,17,1369003
Trammel,1792,2176,1865,2260,0,9,17,1369003
Trammel,1792,2176,1829,2262,0,9,17,1369003
Trammel,1792,2176,1838,2262,0,9,17,1369003
Trammel,1792,2176,1792,2263,0,9,17,1369003
Trammel,1792,2176,1821,2263,0,9,17,1369003
Trammel,1792,2176,1877,2264,0,9,17,1369003
Trammel,1792,2176,1860,2267,0,9,17,1369003
Trammel,1792,2176,1854,2268,0,9,17,1369003
Trammel,1792,2176,1815,2272,0,9,17,1369003
Trammel,1792,2176,1851,2273,0,9,17,1369003
Trammel,1792,2176,1874,2273,0,9,17,1369003
Trammel,1792,2176,1895,2274,0,9,17,1369003
Trammel,1792,2176,1906,2275,0,9,17,1369003
Trammel,1792,2176,1847,2277,0,9,17,1369003
Trammel,1792,2176,1812,2278,0,9,17,1369003
Trammel,1792,2176,1886,2278,0,9,17,1369003
Trammel,1792,2176,1830,2279,0,9,17,1369003
Trammel,1792,2176,1839,2279,0,9,17,1369003
Trammel,1792,2176,1792,2280,0,9,17,1369003
Trammel,1792,2176,1824,2280,0,9,17,1369003
Trammel,1792,2176,1883,2281,0,9,17,1369003
Trammel,1792,2176,1904,2281,0,9,17,1369003
Trammel,1792,2176,1863,2284,0,9,17,1369003
Trammel,1792,2176,1860,2285,0,9,17,1369003
Trammel,1792,2304,1792,2304,0,9,17,1369003
Trammel,1792,2304,1811,2304,0,9,17,1369003
Trammel,1792,2304,1820,2304,0,9,17,1369003
Trammel,1792,2304,1829,2304,0,9,17,1369003
Trammel,1792,2304,1838,2304,0,9,17,1369003
Trammel,1792,2304,1847,2304,0,9,17,1369003
Trammel,1792,2304,1856,2304,0,9,17,1369003
Trammel,1792,2304,1865,2304,0,9,17,1369003
Trammel,1792,2304,1874,2304,0,9,17,1369003
Trammel,1792,2304,1883,2304,0,9,17,1369003
Trammel,1792,2304,1892,2304,0,9,17,1369003
Trammel,1792,2304,1901,2304,0,9,17,1369003
Trammel,1792,2304,1910,2304,0,9,17,1369003
Trammel,1792,2304,1792,2321,0,9,17,1369003
Trammel,1792,2304,1813,2321,0,9,17,1369003
Trammel,1792,2304,1822,2321,0,9,17,1369003
Trammel,1792,2304,1831,2321,0,9,17,1369003
Trammel,1792,2304,1845,2321,0,9,17,1369003
Trammel,1792,2304,1854,2321,0,9,17,1369003
Trammel,1792,2304,1863,2321,0,9,17,1369003
Trammel,1792,2304,1872,2321,0,9,17,1369003
Trammel,1792,2304,1881,2321,0,9,17,1369003
Trammel,1792,2304,1890,2321,0,9,17,1369003
Trammel,1792,2304,1899,2321,0,9,17,1369003
Trammel,1792,2304,1801,2325,0,9,17,1369003
Trammel,1792,2304,1841,2329,0,9,17,1369003
Trammel,1792,2304,1908,2334,0,9,17,1369003
Trammel,1792,2304,1825,2338,0,9,17,1369003
Trammel,1792,2304,1850,2338,0,9,17,1369003
Trammel,1792,2304,1859,2338,0,9,17,1369003
Trammel,1792,2304,1868,2338,0,9,17,1369003
Trammel,1792,2304,1877,2338,0,9,17,1369003
Trammel,1792,2304,1886,2338,0,9,17,1369003
Trammel,1792,2304,1895,2338,0,9,17,1369003
Trammel,1792,2304,1904,2338,0,9,17,1369003
Trammel,1792,2304,1801,2342,0,9,17,1369003
Trammel,1792,2304,1817,2342,0,9,17,1369003
Trammel,1792,2304,1834,2342,0,9,17,1369003
Trammel,1792,2304,1843,2346,0,9,17,1369003
Trammel,1792,2304,1816,2349,0,9,17,1369003
Trammel,1792,2304,1826,2355,0,9,17,1369003
Trammel,1792,2304,1864,2355,0,9,17,1369003
Trammel,1792,2304,1873,2355,0,9,17,1369003
Trammel,1792,2304,1882,2355,0,9,17,1369003
Trammel,1792,2304,1891,2355,0,9,17,1369003
Trammel,1792,2304,1900,2355,0,9,17,1369003
Trammel,1792,2304,1909,2355,0,9,17,1369003
Trammel,1792,2304,1852,2358,0,9,17,1369003
Trammel,1792,2304,1803,2359,0,9,17,1369003
Trammel,1792,2304,1825,2359,0,9,17,1369003
Trammel,1792,2304,1835,2359,0,9,17,1369003
Trammel,1792,2304,1844,2363,0,9,17,1369003
Trammel,1792,2304,1815,2364,0,9,17,1369003
Trammel,1792,2304,1861,2364,0,9,17,1369003
Trammel,1792,2304,1824,2366,0,9,17,1369003
Trammel,1792,2304,1797,2369,0,9,17,1369003
Trammel,1792,2304,1834,2372,0,9,17,1369003
Trammel,1792,2304,1870,2372,0,9,17,1369003
Trammel,1792,2304,1879,2372,0,9,17,1369003
Trammel,1792,2304,1888,2372,0,9,17,1369003
Trammel,1792,2304,1897,2372,0,9,17,1369003
Trammel,1792,2304,1906,2372,0,9,17,1369003
Trammel,1792,2304,1853,2375,0,9,17,1369003
Trammel,1792,2304,1806,2376,0,9,17,1369003
Trammel,1792,2304,1833,2376,0,9,17,1369003
Trammel,1792,2304,1843,2376,0,9,17,1369003
Trammel,1792,2304,1792,2377,0,9,17,1369003
Trammel,1792,2304,1852,2380,0,9,17,1369003
Trammel,1792,2304,1862,2381,0,9,17,1369003
Trammel,1792,2304,1801,2386,0,9,17,1369003
Trammel,1792,2304,1842,2389,0,9,17,1369003
Trammel,1792,2304,1871,2389,0,9,17,1369003
Trammel,1792,2304,1880,2389,0,9,17,1369003
Trammel,1792,2304,1889,2389,0,9,17,1369003
Trammel,1792,2304,1861,2392,0,9,17,1369003
Trammel,1792,2304,1909,2392,0,9,17,1369003
Trammel,1792,2304,1851,2393,0,9,17,1369003
Trammel,1792,2304,1860,2397,0,9,17,1369003
Trammel,1792,2304,1792,2398,0,9,17,1369003
Trammel,1792,2304,1870,2398,0,9,17,1369003
Trammel,1792,2304,1905,2400,0,9,17,1369003
Trammel,1792,2304,1898,2405,0,9,17,1369003
Trammel,1792,2304,1845,2406,0,9,17,1369003
Trammel,1792,2304,1879,2406,0,9,17,1369003
Trammel,1792,2304,1897,2406,0,9,17,1369003
Trammel,1792,2304,1842,2409,0,9,17,1369003
Trammel,1792,2304,1869,2409,0,9,17,1369003
Trammel,1792,2304,1854,2410,0,9,17,1369003
Trammel,1792,2304,1863,2414,0,9,17,1369003
Trammel,1792,2432,1792,2432,0,9,17,1369003
Trammel,1792,2432,1805,2432,0,9,17,1369003
Trammel,1792,2432,1826,2432,0,9,17,1369003
Trammel,1792,2432,1843,2432,0,9,17,1369003
Trammel,1792,2432,1852,2432,0,9,17,1369003
Trammel,1792,2432,1861,2432,0,9,17,1369003
Trammel,1792,2432,1870,2432,0,9,17,1369003
Trammel,1792,2432,1879,2432,0,9,17,1369003
Trammel,1792,2432,1796,2449,0,9,17,1369003
Trammel,1792,2432,1826,2449,0,9,17,1369003
Trammel,1792,2432,1863,2449,0,9,17,1369003
Trammel,1792,2432,1822,2451,0,9,17,1369003
Trammel,1792,2432,1878,2452,0,9,17,1369003
Trammel,1792,2432,1808,2455,0,9,17,1369003
Trammel,1792,2432,1835,2456,0,9,17,1369003
Trammel,1792,2432,1805,2458,0,9,17,1369003
Trammel,1792,2432,1792,2459,0,9,17,1369003
Trammel,1792,2432,1846,2459,0,9,17,1369003
Trammel,1792,2432,1860,2460,0,9,17,1369003
Trammel,1792,2432,1817,2464,0,9,17,1369003
Trammel,1792,2432,1844,2465,0,9,17,1369003
Trammel,1792,2432,1801,2466,0,9,17,1369003
Trammel,1792,2432,1832,2466,0,9,17,1369003
Trammel,1792,2432,1831,2467,0,9,17,1369003
Trammel,1792,2432,1826,2468,0,9,17,1369003
Trammel,1792,2432,1878,2469,0,9,17,1369003
Trammel,1792,2432,1814,2472,0,9,17,1369003
Trammel,1792,2432,1869,2472,0,9,17,1369003
Trammel,1792,2432,1841,2473,0,9,17,1369003
Trammel,1792,2432,1799,2476,0,9,17,1369003
Trammel,1792,2432,1857,2476,0,9,17,1369003
Trammel,1792,2432,1823,2481,0,9,17,1369003
Trammel,1792,2432,1892,2482,0,9,17,1369003
Trammel,1792,2432,1792,2486,0,9,17,1369003
Trammel,1792,2432,1878,2486,0,9,17,1369003
Trammel,1792,2432,1853,2488,0,9,17,1369003
Trammel,1792,2432,1814,2489,0,9,17,1369003
Trammel,1792,2432,1866,2489,0,9,17,1369003
Trammel,1792,2432,1875,2489,0,9,17,1369003
Trammel,1792,2432,1841,2490,0,9,17,1369003
Trammel,1792,2432,1901,2491,0,9,17,1369003
Trammel,1792,2432,1801,2493,0,9,17,1369003
Trammel,1792,2432,1862,2493,0,9,17,1369003
Trammel,1792,2432,1832,2497,0,9,17,1369003
Trammel,1792,2432,1850,2497,0,9,17,1369003
Trammel,1792,2432,1887,2497,0,9,17,1369003
Trammel,1792,2432,1823,2498,0,9,17,1369003
Trammel,1792,2432,1799,2503,0,9,17,1369003
Trammel,1792,2432,1812,2503,0,9,17,1369003
Trammel,1792,2432,1861,2505,0,9,17,1369003
Trammel,1792,2432,1810,2506,0,9,17,1369003
Trammel,1792,2432,1849,2507,0,9,17,1369003
Trammel,1792,2432,1808,2510,0,9,17,1369003
Trammel,1792,2432,1832,2514,0,9,17,1369003
Trammel,1792,2432,1830,2515,0,9,17,1369003
Trammel,1792,2432,1827,2518,0,9,17,1369003
Trammel,1792,2432,1800,2520,0,9,17,1369003
Trammel,1792,2432,1817,2523,0,9,17,1369003
Trammel,1792,2432,1792,2524,0,9,17,1369003
Trammel,1792,2432,1841,2524,0,9,17,1369003
Trammel,1792,2432,1809,2527,0,9,17,1369003
Trammel,1792,2432,1801,2540,0,9,17,1369003
Trammel,1792,2432,1818,2540,0,9,17,1369003
Trammel,1792,2432,1792,2541,0,9,17,1369003
Trammel,1792,2560,1864,2661,-8,9,17,1113002
Trammel,1792,2560,1910,2664,0,9,17,1113002
Trammel,1792,2688,1824,2688,0,9,17,1113002
Trammel,1792,2688,1857,2699,9,9,17,1113002
Trammel,1792,2688,1853,2700,10,9,17,1113002
Trammel,1792,2688,1824,2705,0,9,17,1113002
Trammel,1792,2688,1823,2711,0,9,17,1113002
Trammel,1792,2688,1862,2716,10,9,17,1113002
Trammel,1792,2688,1808,2719,7,9,17,1113002
Trammel,1792,2688,1807,2720,7,9,17,1113002
Trammel,1792,2688,1807,2737,7,9,17,1113002
Trammel,1792,2688,1792,2774,0,9,17,1113002
Trammel,1792,2816,1821,2816,0,9,17,1113002
Trammel,1792,2816,1819,2818,0,9,17,1113002
Trammel,1792,2816,1842,2837,10,9,17,1113002
Trammel,1792,2816,1865,2846,20,9,17,1113002
Trammel,1792,2944,1792,2949,0,9,17,1113002
Trammel,1792,2944,1792,2966,0,9,17,1113002
Trammel,1792,2944,1858,2975,10,9,17,1113002
Trammel,1792,2944,1792,2983,0,9,17,1113002
Trammel,1792,2944,1837,2986,10,9,17,1113002
Trammel,1792,2944,1792,3019,0,9,17,1113002
Trammel,1792,2944,1811,3030,5,9,17,1113002
Trammel,1792,2944,1810,3034,5,9,17,1113002
Trammel,1792,2944,1808,3039,5,9,17,1113002
Trammel,1792,2944,1807,3041,5,9,17,1113002
Trammel,1792,3072,1828,3084,0,9,17,1369003
Trammel,1792,3072,1826,3088,0,9,17,1369003
Trammel,1792,3072,1811,3089,0,9,17,1369003
Trammel,1792,3072,1809,3093,0,9,17,1369003
Trammel,1792,3072,1848,3093,0,9,17,1369003
Trammel,1792,3072,1837,3094,0,9,17,1369003
Trammel,1792,3072,1908,3094,0,9,17,1369003
Trammel,1792,3072,1823,3095,0,9,17,1369003
Trammel,1792,3072,1846,3096,0,9,17,1369003
Trammel,1792,3072,1881,3097,0,9,17,1369003
Trammel,1792,3072,1890,3097,0,9,17,1369003
Trammel,1792,3072,1906,3098,0,9,17,1369003
Trammel,1792,3072,1876,3100,0,9,17,1369003
Trammel,1792,3072,1900,3100,0,9,17,1369003
Trammel,1792,3072,1835,3101,0,9,17,1369003
Trammel,1792,3072,1869,3102,0,9,17,1369003
Trammel,1792,3072,1792,3103,0,9,17,1369003
Trammel,1792,3072,1886,3114,0,9,17,1369003
Trammel,1792,3072,1909,3115,0,9,17,1369003
Trammel,1792,3072,1895,3117,0,9,17,1369003
Trammel,1792,3072,1792,3154,0,9,17,1369003
Trammel,1792,3072,1803,3169,0,9,17,1369003
Trammel,1792,3072,1792,3171,0,9,17,1369003
Trammel,1792,3200,1827,3200,0,9,17,1369003
Trammel,1792,3200,1798,3204,0,9,17,1369003
Trammel,1792,3200,1813,3206,0,9,17,1369003
Trammel,1792,3200,1792,3208,0,9,17,1369003
Trammel,1792,3200,1807,3216,0,9,17,1369003
Trammel,1792,3200,1801,3221,0,9,17,1369003
Trammel,1792,3200,1822,3224,0,9,17,1369003
Trammel,1792,3200,1792,3225,0,9,17,1369003
Trammel,1792,3200,1869,3228,8,9,17,1369003
Trammel,1792,3200,1821,3229,0,9,17,1369003
Trammel,1792,3200,1798,3251,0,9,17,1369003
Trammel,1792,3200,1792,3272,0,9,17,1369003
Trammel,1792,3200,1852,3281,0,9,17,1369003
Trammel,1792,3200,1801,3284,0,9,17,1369003
Trammel,1792,3200,1871,3287,0,9,17,1369003
Trammel,1792,3200,1870,3288,0,9,17,1369003
Trammel,1792,3200,1792,3289,0,9,17,1369003
Trammel,1792,3200,1792,3306,0,9,17,1369003
Trammel,1792,3328,1906,3432,0,9,17,1369003
Trammel,1792,3328,1845,3433,10,9,17,1369003
Trammel,1792,3328,1844,3434,10,9,17,1369003
Trammel,1792,3328,1842,3436,10,9,17,1369003
Trammel,1792,3456,1907,3456,0,9,17,1369003
Trammel,1792,3456,1807,3495,0,9,17,1369003
Trammel,1920,0,2029,17,0,9,17,1369003
Trammel,1920,0,2027,19,0,9,17,1369003
Trammel,1920,0,2026,22,0,9,17,1369003
Trammel,1920,0,2025,24,0,9,17,1369003
Trammel,1920,0,2024,27,0,9,17,1369003
Trammel,1920,0,2023,32,-1,9,17,1369003
Trammel,1920,0,2033,41,0,9,17,1369003
Trammel,1920,0,2023,49,0,9,17,1369003
Trammel,1920,0,2032,62,1,9,17,1369003
Trammel,1920,0,2025,66,1,9,17,1369003
Trammel,1920,0,2024,69,0,9,17,1369003
Trammel,1920,0,2024,86,1,9,17,1369003
Trammel,1920,128,1989,128,2,9,17,1369003
Trammel,1920,128,1966,133,2,9,17,1369003
Trammel,1920,128,1965,135,1,9,17,1369003
Trammel,1920,128,1976,136,1,9,17,1369003
Trammel,1920,128,1975,139,1,9,17,1369003
Trammel,1920,128,1964,147,1,9,17,1369003
Trammel,1920,128,1963,148,1,9,17,1369003
Trammel,1920,128,1961,149,1,9,17,1369003
Trammel,1920,128,1960,150,0,9,17,1369003
Trammel,1920,128,1974,150,0,9,17,1369003
Trammel,1920,128,1957,151,1,9,17,1369003
Trammel,1920,128,1952,153,0,9,17,1369003
Trammel,1920,128,1951,154,0,9,17,1369003
Trammel,1920,128,1942,155,0,9,17,1369003
Trammel,1920,128,1932,160,0,9,17,1369003
Trammel,1920,128,1921,161,0,9,17,1369003
Trammel,1920,128,1931,161,0,9,17,1369003
Trammel,1920,128,1941,167,0,9,17,1369003
Trammel,1920,128,1930,172,0,9,17,1369003
Trammel,1920,128,1920,173,0,9,17,1369003
Trammel,1920,384,1925,384,0,9,17,1369003
Trammel,1920,384,1934,384,0,9,17,1369003
Trammel,1920,384,2023,384,0,9,17,1369003
Trammel,1920,384,2038,386,0,9,17,1369003
Trammel,1920,384,2032,391,0,9,17,1369003
Trammel,1920,384,1929,401,0,9,17,1369003
Trammel,1920,384,2025,401,0,9,17,1369003
Trammel,1920,384,1978,412,0,9,17,1369003
Trammel,1920,384,1927,416,0,9,17,1369003
Trammel,1920,384,1936,421,0,9,17,1369003
Trammel,1920,384,1925,432,0,9,17,1369003
Trammel,1920,384,2038,486,0,9,17,1369003
Trammel,1920,384,2037,487,0,9,17,1369003
Trammel,1920,512,2033,512,0,9,17,1369003
Trammel,1920,512,2023,514,0,9,17,1369003
Trammel,1920,512,2022,523,0,9,17,1369003
Trammel,1920,512,1923,524,0,9,17,1369003
Trammel,1920,512,2021,526,0,9,17,1369003
Trammel,1920,512,2020,527,0,9,17,1369003
Trammel,1920,512,2034,529,0,9,17,1369003
Trammel,1920,512,2019,531,0,9,17,1369003
Trammel,1920,512,1969,532,0,9,17,1369003
Trammel,1920,512,2018,532,0,9,17,1369003
Trammel,1920,512,1934,533,0,9,17,1369003
Trammel,1920,512,1968,533,0,9,17,1369003
Trammel,1920,512,2017,533,0,9,17,1369003
Trammel,1920,512,1967,534,0,9,17,1369003
Trammel,1920,512,2016,534,0,9,17,1369003
Trammel,1920,512,1933,535,0,9,17,1369003
Trammel,1920,512,1966,536,0,9,17,1369003
Trammel,1920,512,1978,537,0,9,17,1369003
Trammel,1920,512,1965,540,0,9,17,1369003
Trammel,1920,512,2032,541,0,9,17,1369003
Trammel,1920,512,1963,542,0,9,17,1369003
Trammel,1920,512,1960,543,-1,9,17,1369003
Trammel,1920,512,1957,544,0,9,17,1369003
Trammel,1920,512,2018,551,0,9,17,1369003
Trammel,1920,512,2008,553,0,9,17,1369003
Trammel,1920,512,2007,554,0,9,17,1369003
Trammel,1920,512,2005,555,0,9,17,1369003
Trammel,1920,512,2017,555,0,9,17,1369003
Trammel,1920,512,2008,572,0,9,17,1369003
Trammel,1920,512,2022,572,0,9,17,1369003
Trammel,1920,512,2017,574,0,9,17,1369003
Trammel,1920,512,2005,616,0,9,17,1369003
Trammel,1920,512,1997,622,0,9,17,1369003
Trammel,1920,640,2031,640,0,9,17,1369003
Trammel,1920,640,2017,688,0,9,17,1369003
Trammel,1920,640,2013,691,0,9,17,1369003
Trammel,1920,640,2012,694,0,9,17,1369003
Trammel,1920,640,2009,697,0,9,17,1369003
Trammel,1920,640,2024,722,0,9,17,1369003
Trammel,1920,640,2033,728,0,9,17,1369003
Trammel,1920,640,2023,732,0,9,17,1369003
Trammel,1920,640,1951,742,0,9,17,1369003
Trammel,1920,640,1950,750,0,9,17,1369003
Trammel,1920,640,2007,750,0,9,17,1369003
Trammel,1920,768,1953,768,0,9,17,1369003
Trammel,1920,768,1962,768,0,9,17,1369003
Trammel,1920,768,2001,768,0,9,17,1369003
Trammel,1920,768,2027,768,0,9,17,1369003
Trammel,1920,768,1989,769,0,9,17,1369003
Trammel,1920,768,2010,770,0,9,17,1369003
Trammel,1920,768,2025,781,0,9,17,1369003
Trammel,1920,768,2019,782,0,9,17,1369003
Trammel,1920,768,1989,786,0,9,17,1369003
Trammel,1920,768,1985,787,0,9,17,1369003
Trammel,1920,768,2012,787,0,9,17,1369003
Trammel,1920,768,1938,790,0,9,17,1369003
Trammel,1920,768,1977,790,0,9,17,1369003
Trammel,1920,768,1925,793,0,9,17,1369003
Trammel,1920,768,1951,796,0,9,17,1369003
Trammel,1920,768,2028,798,0,9,17,1369003
Trammel,1920,768,1965,799,0,9,17,1369003
Trammel,1920,768,2003,799,0,9,17,1369003
Trammel,1920,768,2021,799,0,9,17,1369003
Trammel,1920,768,1990,804,0,9,17,1369003
Trammel,1920,768,2014,804,0,9,17,1369003
Trammel,1920,768,1999,807,0,9,17,1369003
Trammel,1920,768,1974,808,0,9,17,1369003
Trammel,1920,768,1951,813,-1,9,17,1369003
Trammel,1920,768,1983,814,0,9,17,1369003
Trammel,1920,768,2037,814,0,9,17,1369003
Trammel,1920,768,2030,815,0,9,17,1369003
Trammel,1920,768,1972,816,-1,9,17,1369003
Trammel,1920,768,2023,816,0,9,17,1369003
Trammel,1920,768,1950,818,-1,9,17,1369003
Trammel,1920,768,1992,821,0,9,17,1369003
Trammel,1920,768,2008,821,0,9,17,1369003
Trammel,1920,768,2020,821,0,9,17,1369003
Trammel,1920,768,2001,824,0,9,17,1369003
Trammel,1920,768,2017,824,0,9,17,1369003
Trammel,1920,768,1991,831,-1,9,17,1369003
Trammel,1920,768,1997,848,-1,9,17,1369003
Trammel,1920,768,1951,851,-1,9,17,1369003
Trammel,1920,768,2006,852,-1,9,17,1369003
Trammel,1920,768,2004,865,-1,9,17,1369003
Trammel,1920,768,1980,870,-1,9,17,1369003
Trammel,1920,768,1978,872,-1,9,17,1369003
Trammel,1920,768,1977,873,-1,9,17,1369003
Trammel,1920,768,1976,874,-1,9,17,1369003
Trammel,1920,768,2037,874,0,9,17,1369003
Trammel,1920,896,2027,896,0,9,17,1369003
Trammel,1920,896,2026,897,0,9,17,1369003
Trammel,1920,896,2025,898,0,9,17,1369003
Trammel,1920,896,2023,899,0,9,17,1369003
Trammel,1920,896,2019,906,0,9,17,1369003
Trammel,1920,896,2016,907,0,9,17,1369003
Trammel,1920,896,2014,910,0,9,17,1369003
Trammel,1920,896,2012,914,0,9,17,1369003
Trammel,1920,896,2002,919,0,9,17,1369003
Trammel,1920,896,1999,920,0,9,17,1369003
Trammel,1920,896,2036,925,0,9,17,1369003
Trammel,1920,896,1988,928,0,9,17,1369003
Trammel,1920,896,1987,929,0,9,17,1369003
Trammel,1920,896,2028,929,0,9,17,1369003
Trammel,1920,896,2022,931,0,9,17,1369003
Trammel,1920,896,1920,935,-1,9,17,1369003
Trammel,1920,896,2016,935,0,9,17,1369003
Trammel,1920,896,2004,937,0,9,17,1369003
Trammel,1920,896,1997,940,0,9,17,1369003
Trammel,1920,896,2013,940,0,9,17,1369003
Trammel,1920,896,2037,942,0,9,17,1369003
Trammel,1920,896,1980,943,0,9,17,1369003
Trammel,1920,896,1979,945,0,9,17,1369003
Trammel,1920,896,2035,946,0,9,17,1369003
Trammel,1920,896,1978,947,0,9,17,1369003
Trammel,1920,896,1990,953,0,9,17,1369003
Trammel,1920,896,2006,954,0,9,17,1369003
Trammel,1920,896,1999,957,0,9,17,1369003
Trammel,1920,896,2015,957,0,9,17,1369003
Trammel,1920,896,1964,959,0,9,17,1369003
Trammel,1920,896,1989,959,0,9,17,1369003
Trammel,1920,896,1963,960,0,9,17,1369003
Trammel,1920,896,1962,961,0,9,17,1369003
Trammel,1920,896,1961,962,0,9,17,1369003
Trammel,1920,896,1960,963,0,9,17,1369003
Trammel,1920,896,1959,964,0,9,17,1369003
Trammel,1920,896,1984,964,0,9,17,1369003
Trammel,1920,896,1958,965,0,9,17,1369003
Trammel,1920,896,1998,970,0,9,17,1369003
Trammel,1920,896,2019,974,0,9,17,1369003
Trammel,1920,896,2028,974,0,9,17,1369003
Trammel,1920,896,1949,975,0,9,17,1369003
Trammel,1920,896,1993,976,0,9,17,1369003
Trammel,1920,896,2037,976,0,9,17,1369003
Trammel,1920,896,1975,981,0,9,17,1369003
Trammel,1920,896,1984,981,0,9,17,1369003
Trammel,1920,896,1958,982,0,9,17,1369003
Trammel,1920,896,2002,989,0,9,17,1369003
Trammel,1920,896,1927,990,0,9,17,1369003
Trammel,1920,896,1926,991,0,9,17,1369003
Trammel,1920,896,1937,991,0,9,17,1369003
Trammel,1920,896,2024,991,0,9,17,1369003
Trammel,1920,896,1993,993,0,9,17,1369003
Trammel,1920,896,2020,993,0,9,17,1369003
Trammel,1920,896,2018,996,0,9,17,1369003
Trammel,1920,896,1975,998,0,9,17,1369003
Trammel,1920,896,1984,998,0,9,17,1369003
Trammel,1920,896,2011,1000,0,9,17,1369003
Trammel,1920,896,1951,1002,0,9,17,1369003
Trammel,1920,896,1973,1004,0,9,17,1369003
Trammel,1920,896,2006,1006,0,9,17,1369003
Trammel,1920,1024,1926,1024,0,9,17,1369003
Trammel,1920,1024,1935,1024,0,9,17,1369003
Trammel,1920,1024,1944,1024,0,9,17,1369003
Trammel,1920,1024,1965,1024,0,9,17,1369003
Trammel,1920,1024,1974,1024,0,9,17,1369003
Trammel,1920,1024,1983,1024,0,9,17,1369003
Trammel,1920,1024,2001,1024,0,9,17,1369003
Trammel,1920,1024,2010,1024,0,9,17,1369003
Trammel,1920,1024,2019,1024,0,9,17,1369003
Trammel,1920,1024,2028,1024,0,9,17,1369003
Trammel,1920,1024,2037,1024,0,9,17,1369003
Trammel,1920,1024,1953,1033,0,9,17,1369003
Trammel,1920,1024,1998,1036,0,9,17,1369003
Trammel,1920,1024,1920,1037,0,9,17,1369003
Trammel,1920,1024,1929,1041,0,9,17,1369003
Trammel,1920,1024,1938,1041,0,9,17,1369003
Trammel,1920,1024,1947,1041,0,9,17,1369003
Trammel,1920,1024,2007,1041,0,9,17,1369003
Trammel,1920,1024,2021,1041,0,9,17,1369003
Trammel,1920,1024,1962,1042,0,9,17,1369003
Trammel,1920,1024,1990,1043,0,9,17,1369003
Trammel,1920,1024,1956,1052,0,9,17,1369003
Trammel,1920,1024,2006,1053,0,9,17,1369003
Trammel,1920,1024,1920,1054,0,9,17,1369003
Trammel,1920,1024,1979,1055,0,9,17,1369003
Trammel,1920,1024,2030,1055,0,9,17,1369003
Trammel,1920,1024,2016,1056,0,9,17,1369003
Trammel,1920,1024,1929,1058,0,9,17,1369003
Trammel,1920,1024,1945,1058,0,9,17,1369003
Trammel,1920,1024,2015,1058,0,9,17,1369003
Trammel,1920,1024,2025,1058,0,9,17,1369003
Trammel,1920,1024,1965,1059,0,9,17,1369003
Trammel,1920,1024,1974,1061,0,9,17,1369003
Trammel,1920,1024,1938,1063,0,9,17,1369003
Trammel,1920,1024,1988,1065,0,9,17,1369003
Trammel,1920,1024,1958,1069,0,9,17,1369003
Trammel,1920,1024,1920,1071,0,9,17,1369003
Trammel,1920,1024,1997,1071,0,9,17,1369003
Trammel,1920,1024,1954,1072,0,9,17,1369003
Trammel,1920,1024,1986,1072,0,9,17,1369003
Trammel,1920,1024,1932,1075,0,9,17,1369003
Trammel,1920,1024,1947,1075,0,9,17,1369003
Trammel,1920,1024,2010,1076,0,9,17,1369003
Trammel,1920,1024,2006,1077,0,9,17,1369003
Trammel,1920,1024,1929,1078,0,9,17,1369003
Trammel,1920,1024,1976,1078,0,9,17,1369003
Trammel,1920,1024,1985,1080,0,9,17,1369003
Trammel,1920,1024,2019,1081,0,9,17,1369003
Trammel,1920,1024,1967,1083,0,9,17,1369003
Trammel,1920,1024,2028,1084,0,9,17,1369003
Trammel,1920,1024,1963,1086,0,9,17,1369003
Trammel,1920,1024,1925,1088,0,9,17,1369003
Trammel,1920,1024,2001,1088,0,9,17,1369003
Trammel,1920,1024,1956,1089,0,9,17,1369003
Trammel,1920,1024,1951,1092,0,9,17,1369003
Trammel,1920,1024,2017,1093,0,9,17,1369003
Trammel,1920,1024,1976,1095,0,9,17,1369003
Trammel,1920,1024,1994,1096,0,9,17,1369003
Trammel,1920,1024,1985,1097,0,9,17,1369003
Trammel,1920,1024,1945,1098,0,9,17,1369003
Trammel,1920,1024,1972,1100,0,9,17,1369003
Trammel,1920,1024,1920,1101,0,9,17,1369003
Trammel,1920,1024,2010,1101,0,9,17,1369003
Trammel,1920,1024,1969,1103,0,9,17,1369003
Trammel,1920,1024,2003,1105,0,9,17,1369003
Trammel,1920,1024,1929,1107,0,9,17,1369003
Trammel,1920,1024,1954,1109,0,9,17,1369003
Trammel,1920,1024,1968,1110,0,9,17,1369003
Trammel,1920,1024,1981,1112,0,9,17,1369003
Trammel,1920,1024,1994,1113,0,9,17,1369003
Trammel,1920,1024,1990,1114,0,9,17,1369003
Trammel,1920,1024,1952,1115,0,9,17,1369003
Trammel,1920,1024,1920,1118,0,9,17,1369003
Trammel,1920,1024,1963,1120,0,9,17,1369003
Trammel,1920,1024,2003,1122,0,9,17,1369003
Trammel,1920,1024,1929,1124,0,9,17,1369003
Trammel,1920,1024,1945,1125,0,9,17,1369003
Trammel,1920,1024,1961,1126,0,9,17,1369003
Trammel,1920,1024,1943,1127,0,9,17,1369003
Trammel,1920,1024,1975,1127,0,9,17,1369003
Trammel,1920,1024,1986,1129,0,9,17,1369003
Trammel,1920,1024,1999,1130,0,9,17,1369003
Trammel,1920,1024,1938,1131,0,9,17,1369003
Trammel,1920,1024,1995,1131,0,9,17,1369003
Trammel,1920,1024,1954,1132,0,9,17,1369003
Trammel,1920,1024,1984,1134,0,9,17,1369003
Trammel,1920,1152,1982,1152,0,9,17,1369003
Trammel,1920,1152,1991,1152,0,9,17,1369003
Trammel,1920,1152,2000,1156,0,9,17,1369003
Trammel,1920,1152,1981,1158,0,9,17,1369003
Trammel,1920,1152,2011,1163,0,9,17,1369003
Trammel,1920,1152,1933,1165,0,9,17,1369003
Trammel,1920,1152,2009,1168,0,9,17,1369003
Trammel,1920,1152,1990,1169,0,9,17,1369003
Trammel,1920,1152,1999,1169,0,9,17,1369003
Trammel,1920,1152,2020,1170,0,9,17,1369003
Trammel,1920,1152,1981,1175,0,9,17,1369003
Trammel,1920,1152,2035,1176,0,9,17,1369003
Trammel,1920,1152,2018,1180,0,9,17,1369003
Trammel,1920,1152,1929,1184,0,9,17,1369003
Trammel,1920,1152,2029,1184,0,9,17,1369003
Trammel,1920,1152,2011,1185,0,9,17,1369003
Trammel,1920,1152,1920,1186,0,9,17,1369003
Trammel,1920,1152,1990,1186,0,9,17,1369003
Trammel,1920,1152,2027,1187,0,9,17,1369003
Trammel,1920,1152,1973,1188,0,9,17,1369003
Trammel,1920,1152,1969,1189,0,9,17,1369003
Trammel,1920,1152,2010,1189,0,9,17,1369003
Trammel,1920,1152,1938,1192,0,9,17,1369003
Trammel,1920,1152,1953,1192,0,9,17,1369003
Trammel,1920,1152,1962,1192,0,9,17,1369003
Trammel,1920,1152,1984,1192,0,9,17,1369003
Trammel,1920,1152,1952,1195,0,9,17,1369003
Trammel,1920,1152,1982,1195,0,9,17,1369003
Trammel,1920,1152,1999,1197,0,9,17,1369003
Trammel,1920,1152,2021,1197,0,9,17,1369003
Trammel,1920,1152,2008,1198,0,9,17,1369003
Trammel,1920,1152,1929,1201,0,9,17,1369003
Trammel,1920,1152,2020,1201,0,9,17,1369003
Trammel,1920,1152,2019,1202,0,9,17,1369003
Trammel,1920,1152,1928,1203,0,9,17,1369003
Trammel,1920,1152,1993,1203,0,9,17,1369003
Trammel,1920,1152,2036,1203,0,9,17,1369003
Trammel,1920,1152,2030,1204,0,9,17,1369003
Trammel,1920,1152,1978,1205,0,9,17,1369003
Trammel,1920,1152,1971,1206,0,9,17,1369003
Trammel,1920,1152,2017,1206,0,9,17,1369003
Trammel,1920,1152,1949,1208,0,9,17,1369003
Trammel,1920,1152,1938,1209,0,9,17,1369003
Trammel,1920,1152,1962,1209,0,9,17,1369003
Trammel,1920,1152,1991,1209,0,9,17,1369003
Trammel,1920,1152,1924,1210,0,9,17,1369003
Trammel,1920,1152,1987,1212,0,9,17,1369003
Trammel,1920,1152,2009,1215,0,9,17,1369003
Trammel,1920,1152,2006,1216,0,9,17,1369003
Trammel,1920,1152,2036,1221,0,9,17,1369003
Trammel,1920,1152,1981,1222,0,9,17,1369003
Trammel,1920,1152,2018,1223,0,9,17,1369003
Trammel,1920,1152,1996,1226,0,9,17,1369003
Trammel,1920,1152,1993,1229,0,9,17,1369003
Trammel,1920,1152,2005,1229,0,9,17,1369003
Trammel,1920,1152,2034,1231,0,9,17,1369003
Trammel,1920,1152,2015,1232,0,9,17,1369003
Trammel,1920,1152,2027,1232,0,9,17,1369003
Trammel,1920,1152,2014,1233,0,9,17,1369003
Trammel,1920,1152,1991,1235,0,9,17,1369003
Trammel,1920,1152,1983,1240,0,9,17,1369003
Trammel,1920,1152,2024,1240,0,9,17,1369003
Trammel,1920,1152,2007,1246,0,9,17,1369003
Trammel,1920,1152,2036,1248,0,9,17,1369003
Trammel,1920,1152,2023,1249,0,9,17,1369003
Trammel,1920,1152,2033,1249,0,9,17,1369003
Trammel,1920,1152,2016,1250,0,9,17,1369003
Trammel,1920,1152,1993,1252,0,9,17,1369003
Trammel,1920,1152,2002,1257,0,9,17,1369003
Trammel,1920,1280,2013,1280,0,9,17,1369003
Trammel,1920,1280,2030,1280,0,9,17,1369003
Trammel,1920,1280,2001,1282,0,9,17,1369003
Trammel,1920,1280,2010,1282,0,9,17,1369003
Trammel,1920,1280,2019,1297,0,9,17,1369003
Trammel,1920,1280,2009,1299,0,9,17,1369003
Trammel,1920,1280,2018,1299,0,9,17,1369003
Trammel,1920,1280,2009,1316,0,9,17,1369003
Trammel,1920,1280,2006,1330,0,9,17,1369003
Trammel,1920,1280,2001,1342,0,9,17,1369003
Trammel,1920,1280,2000,1344,0,9,17,1369003
Trammel,1920,1280,1989,1366,0,9,17,1369003
Trammel,1920,1280,1998,1368,0,9,17,1369003
Trammel,1920,1280,1996,1383,0,9,17,1369003
Trammel,1920,1408,2000,1408,0,9,17,1369003
Trammel,1920,1408,1997,1421,0,9,17,1369003
Trammel,1920,1408,1993,1432,0,9,17,1369003
Trammel,1920,1408,1989,1435,0,9,17,1369003
Trammel,1920,1408,1973,1447,0,9,17,1369003
Trammel,1920,1408,1982,1452,0,9,17,1369003
Trammel,1920,1408,1991,1453,0,9,17,1369003
Trammel,1920,1408,1985,1475,0,9,17,1369003
Trammel,1920,1408,1956,1483,0,9,17,1369003
Trammel,1920,1408,1950,1502,0,9,17,1369003
Trammel,1920,1536,1974,1536,0,9,17,1369003
Trammel,1920,1536,1983,1536,0,9,17,1369003
Trammel,1920,1536,1992,1536,0,9,17,1369003
Trammel,1920,1536,2009,1536,0,9,17,1369003
Trammel,1920,1536,2001,1540,0,9,17,1369003
Trammel,1920,1920,2036,1989,0,9,17,1369003
Trammel,1920,1920,2023,1992,0,9,17,1369003
Trammel,1920,1920,2010,1994,0,9,17,1369003
Trammel,1920,1920,2032,2004,0,9,17,1369003
Trammel,1920,1920,2019,2005,0,9,17,1369003
Trammel,1920,1920,2028,2009,0,9,17,1369003
Trammel,1920,2048,1931,2064,0,9,17,1369003
Trammel,1920,2048,1940,2064,0,9,17,1369003
Trammel,1920,2048,1930,2070,0,9,17,1369003
Trammel,1920,2048,1968,2070,0,9,17,1369003
Trammel,1920,2048,1966,2072,0,9,17,1369003
Trammel,1920,2048,1949,2073,0,9,17,1369003
Trammel,1920,2048,1958,2073,0,9,17,1369003
Trammel,1920,2048,1920,2074,0,9,17,1369003
Trammel,1920,2048,1939,2081,0,9,17,1369003
Trammel,1920,2048,1929,2082,0,9,17,1369003
Trammel,1920,2048,1938,2087,0,9,17,1369003
Trammel,1920,2048,1958,2090,0,9,17,1369003
Trammel,1920,2048,1920,2091,0,9,17,1369003
Trammel,1920,2048,1925,2114,0,9,17,1369003
Trammel,1920,2048,2034,2139,-1,9,17,1369003
Trammel,1920,2048,2033,2141,0,9,17,1369003
Trammel,1920,2048,2030,2142,0,9,17,1369003
Trammel,1920,2048,2029,2157,0,9,17,1369003
Trammel,1920,2176,2028,2176,0,9,17,1369003
Trammel,1920,2176,2038,2176,0,9,17,1369003
Trammel,1920,2176,1922,2179,0,9,17,1369003
Trammel,1920,2176,1931,2193,0,9,17,1369003
Trammel,1920,2176,1929,2196,0,9,17,1369003
Trammel,1920,2176,1946,2206,0,9,17,1369003
Trammel,1920,2176,1938,2210,0,9,17,1369003
Trammel,1920,2176,1959,2215,0,9,17,1369003
Trammel,1920,2176,1968,2220,0,9,17,1369003
Trammel,1920,2176,1977,2224,0,9,17,1369003
Trammel,1920,2176,1986,2229,0,9,17,1369003
Trammel,1920,2176,1964,2232,0,9,17,1369003
Trammel,1920,2176,1995,2235,0,9,17,1369003
Trammel,1920,2176,1973,2237,0,9,17,1369003
Trammel,1920,2176,2004,2238,0,9,17,1369003
Trammel,1920,2176,1982,2241,0,9,17,1369003
Trammel,1920,2176,1991,2246,0,9,17,1369003
Trammel,1920,2176,1969,2249,0,9,17,1369003
Trammel,1920,2176,1978,2254,0,9,17,1369003
Trammel,1920,2176,1987,2258,0,9,17,1369003
Trammel,1920,2176,1982,2274,0,9,17,1369003
Trammel,1920,2176,1975,2278,0,9,17,1369003
Trammel,1920,2176,1920,2279,0,9,17,1369003
Trammel,1920,2176,1929,2279,0,9,17,1369003
Trammel,1920,2176,1938,2279,0,9,17,1369003
Trammel,1920,2176,1969,2280,0,9,17,1369003
Trammel,1920,2176,1991,2280,0,9,17,1369003
Trammel,1920,2176,1950,2281,0,9,17,1369003
Trammel,1920,2176,1962,2281,0,9,17,1369003
Trammel,1920,2176,2011,2282,0,9,17,1369003
Trammel,1920,2176,1947,2284,0,9,17,1369003
Trammel,1920,2176,2023,2285,0,9,17,1369003
Trammel,1920,2176,1959,2286,0,9,17,1369003
Trammel,1920,2176,2006,2286,0,9,17,1369003
Trammel,1920,2304,1920,2304,0,9,17,1369003
Trammel,1920,2304,1929,2304,0,9,17,1369003
Trammel,1920,2304,1938,2304,0,9,17,1369003
Trammel,1920,2304,1947,2304,0,9,17,1369003
Trammel,1920,2304,1956,2304,0,9,17,1369003
Trammel,1920,2304,1965,2304,0,9,17,1369003
Trammel,1920,2304,1974,2304,0,9,17,1369003
Trammel,1920,2304,1983,2304,0,9,17,1369003
Trammel,1920,2304,1996,2304,0,9,17,1369003
Trammel,1920,2304,2005,2304,0,9,17,1369003
Trammel,1920,2304,2014,2304,0,9,17,1369003
Trammel,1920,2304,2023,2304,0,9,17,1369003
Trammel,1920,2304,2035,2304,0,9,17,1369003
Trammel,1920,2304,1995,2309,0,9,17,1369003
Trammel,1920,2304,1992,2318,0,9,17,1369003
Trammel,1920,2304,2034,2319,0,9,17,1369003
Trammel,1920,2304,1923,2321,0,9,17,1369003
Trammel,1920,2304,1932,2321,0,9,17,1369003
Trammel,1920,2304,1941,2321,0,9,17,1369003
Trammel,1920,2304,1950,2321,0,9,17,1369003
Trammel,1920,2304,1959,2321,0,9,17,1369003
Trammel,1920,2304,1968,2321,0,9,17,1369003
Trammel,1920,2304,1977,2321,0,9,17,1369003
Trammel,1920,2304,1986,2321,0,9,17,1369003
Trammel,1920,2304,2004,2321,0,9,17,1369003
Trammel,1920,2304,2013,2321,0,9,17,1369003
Trammel,1920,2304,2023,2321,0,9,17,1369003
Trammel,1920,2304,2022,2324,0,9,17,1369003
Trammel,1920,2304,2001,2326,0,9,17,1369003
Trammel,1920,2304,1920,2327,0,9,17,1369003
Trammel,1920,2304,2032,2328,0,9,17,1369003
Trammel,1920,2304,1929,2338,0,9,17,1369003
Trammel,1920,2304,1938,2338,0,9,17,1369003
Trammel,1920,2304,1947,2338,0,9,17,1369003
Trammel,1920,2304,1956,2338,0,9,17,1369003
Trammel,1920,2304,1972,2338,0,9,17,1369003
Trammel,1920,2304,2016,2338,0,9,17,1369003
Trammel,1920,2304,2031,2338,0,9,17,1369003
Trammel,1920,2304,2025,2341,0,9,17,1369003
Trammel,1920,2304,1920,2344,0,9,17,1369003
Trammel,1920,2304,2003,2346,0,9,17,1369003
Trammel,1920,2304,1997,2348,0,9,17,1369003
Trammel,1920,2304,1989,2351,0,9,17,1369003
Trammel,1920,2304,1929,2355,0,9,17,1369003
Trammel,1920,2304,1948,2355,0,9,17,1369003
Trammel,1920,2304,1920,2361,0,9,17,1369003
Trammel,1920,2304,1942,2365,0,9,17,1369003
Trammel,1920,2304,1998,2365,0,9,17,1369003
Trammel,1920,2304,1938,2367,0,9,17,1369003
Trammel,1920,2304,1990,2368,0,9,17,1369003
Trammel,1920,2304,1930,2377,0,9,17,1369003
Trammel,1920,2688,1945,2727,10,9,17,1113002
Trammel,1920,2688,1951,2758,10,9,17,1113002
Trammel,1920,2688,1952,2775,10,9,17,1113002
Trammel,1920,2816,2037,2816,0,9,17,1113002
Trammel,1920,2816,1999,2830,13,9,17,1113002
Trammel,1920,2816,1996,2832,15,9,17,1113002
Trammel,1920,2816,1994,2833,15,9,17,1113002
Trammel,1920,2816,2037,2833,0,9,17,1113002
Trammel,1920,2816,1959,2847,0,9,17,1113002
Trammel,1920,2816,2037,2850,0,9,17,1113002
Trammel,1920,2816,2032,2856,0,9,17,1113002
Trammel,1920,2816,2001,2858,12,9,17,1113002
Trammel,1920,2816,2021,2870,0,9,17,1113002
Trammel,1920,2816,2030,2870,0,9,17,1113002
Trammel,1920,2816,2001,2877,7,9,17,1113002
Trammel,1920,2816,2000,2878,5,9,17,1113002
Trammel,1920,2816,1961,2921,0,9,17,1113002
Trammel,1920,3072,1952,3072,0,9,17,1369003
Trammel,1920,3072,1982,3072,0,9,17,1369003
Trammel,1920,3072,2016,3072,0,9,17,1369003
Trammel,1920,3072,2038,3072,0,9,17,1369003
Trammel,1920,3072,1949,3079,0,9,17,1369003
Trammel,1920,3072,1970,3079,0,9,17,1369003
Trammel,1920,3072,1991,3079,0,9,17,1369003
Trammel,1920,3072,2000,3079,0,9,17,1369003
Trammel,1920,3072,2031,3079,0,9,17,1369003
Trammel,1920,3072,1962,3080,0,9,17,1369003
Trammel,1920,3072,2009,3085,0,9,17,1369003
Trammel,1920,3072,1945,3094,0,9,17,1369003
Trammel,1920,3072,2000,3096,0,9,17,1369003
Trammel,1920,3072,2032,3096,0,9,17,1369003
Trammel,1920,3072,1922,3097,0,9,17,1369003
Trammel,1920,3072,1943,3099,0,9,17,1369003
Trammel,1920,3072,1954,3101,0,9,17,1369003
Trammel,1920,3072,2018,3101,0,9,17,1369003
Trammel,1920,3072,1931,3102,0,9,17,1369003
Trammel,1920,3072,2010,3102,0,9,17,1369003
Trammel,1920,3072,1982,3105,0,9,17,1369003
Trammel,1920,3072,2032,3113,0,9,17,1369003
Trammel,1920,3072,1980,3114,0,9,17,1369003
Trammel,1920,3072,1991,3116,0,9,17,1369003
Trammel,1920,3072,1990,3122,0,9,17,1369003
Trammel,1920,3072,1958,3136,0,9,17,1369003
Trammel,1920,3328,1944,3400,0,9,17,1369003
Trammel,1920,3328,1962,3400,0,9,17,1369003
Trammel,1920,3328,1959,3402,0,9,17,1369003
Trammel,1920,3328,1920,3427,0,9,17,1369003
Trammel,1920,3456,2017,3459,0,9,17,1369003
Trammel,2048,0,2103,32,-1,9,17,1369003
Trammel,2048,0,2112,35,0,9,17,1369003
Trammel,2048,0,2102,38,0,9,17,1369003
Trammel,2048,0,2101,40,-1,9,17,1369003
Trammel,2048,0,2121,47,0,9,17,1369003
Trammel,2048,0,2053,49,0,9,17,1369003
Trammel,2048,0,2111,49,0,9,17,1369003
Trammel,2048,0,2120,52,0,9,17,1369003
Trammel,2048,0,2100,53,-1,9,17,1369003
Trammel,2048,0,2110,55,0,9,17,1369003
Trammel,2048,0,2109,57,0,9,17,1369003
Trammel,2048,0,2129,64,0,9,17,1369003
Trammel,2048,0,2054,66,0,9,17,1369003
Trammel,2048,0,2119,66,0,9,17,1369003
Trammel,2048,0,2049,67,1,9,17,1369003
Trammel,2048,0,2128,69,0,9,17,1369003
Trammel,2048,0,2106,70,0,9,17,1369003
Trammel,2048,0,2118,72,0,9,17,1369003
Trammel,2048,0,2105,74,0,9,17,1369003
Trammel,2048,0,2117,74,0,9,17,1369003
Trammel,2048,0,2116,80,0,9,17,1369003
Trammel,2048,0,2104,87,0,9,17,1369003
Trammel,2048,0,2057,94,0,9,17,1369003
Trammel,2048,0,2094,97,0,9,17,1369003
Trammel,2048,0,2053,98,0,9,17,1369003
Trammel,2048,0,2091,98,0,9,17,1369003
Trammel,2048,0,2068,100,0,9,17,1369003
Trammel,2048,0,2066,104,0,9,17,1369003
Trammel,2048,0,2085,106,0,9,17,1369003
Trammel,2048,0,2105,108,1,9,17,1369003
Trammel,2048,0,2104,110,1,9,17,1369003
Trammel,2048,128,2099,128,3,9,17,1369003
Trammel,2048,128,2117,128,2,9,17,1369003
Trammel,2048,128,2112,131,3,9,17,1369003
Trammel,2048,128,2089,133,2,9,17,1369003
Trammel,2048,128,2108,133,3,9,17,1369003
Trammel,2048,128,2130,137,1,9,17,1369003
Trammel,2048,128,2098,145,3,9,17,1369003
Trammel,2048,128,2120,148,3,9,17,1369003
Trammel,2048,128,2117,149,3,9,17,1369003
Trammel,2048,128,2093,150,3,9,17,1369003
Trammel,2048,128,2115,150,3,9,17,1369003
Trammel,2048,128,2139,150,0,9,17,1369003
Trammel,2048,128,2130,154,2,9,17,1369003
Trammel,2048,128,2107,157,3,9,17,1369003
Trammel,2048,128,2102,162,3,9,17,1369003
Trammel,2048,128,2101,167,3,9,17,1369003
Trammel,2048,128,2139,167,0,9,17,1369003
Trammel,2048,128,2148,170,0,9,17,1369003
Trammel,2048,128,2130,171,2,9,17,1369003
Trammel,2048,128,2129,175,2,9,17,1369003
Trammel,2048,128,2157,182,0,9,17,1369003
Trammel,2048,128,2139,184,0,9,17,1369003
Trammel,2048,128,2090,187,0,9,17,1369003
Trammel,2048,128,2148,187,0,9,17,1369003
Trammel,2048,128,2138,188,0,9,17,1369003
Trammel,2048,128,2089,192,0,9,17,1369003
Trammel,2048,128,2134,192,0,9,17,1369003
Trammel,2048,128,2125,220,0,9,17,1369003
Trammel,2048,128,2137,223,0,9,17,1369003
Trammel,2048,128,2146,225,0,9,17,1369003
Trammel,2048,128,2155,230,0,9,17,1369003
Trammel,2048,128,2135,232,0,9,17,1369003
Trammel,2048,256,2135,256,0,9,17,1369003
Trammel,2048,256,2133,264,0,9,17,1369003
Trammel,2048,256,2129,268,0,9,17,1369003
Trammel,2048,256,2132,328,0,9,17,1369003
Trammel,2048,256,2117,340,0,9,17,1369003
Trammel,2048,256,2113,343,0,9,17,1369003
Trammel,2048,256,2108,349,0,9,17,1369003
Trammel,2048,256,2105,356,0,9,17,1369003
Trammel,2048,256,2103,360,0,9,17,1369003
Trammel,2048,256,2101,361,0,9,17,1369003
Trammel,2048,384,2098,384,0,9,17,1369003
Trammel,2048,384,2089,398,0,9,17,1369003
Trammel,2048,384,2086,400,0,9,17,1369003
Trammel,2048,384,2085,402,0,9,17,1369003
Trammel,2048,384,2055,409,0,9,17,1369003
Trammel,2048,384,2081,448,0,9,17,1369003
Trammel,2048,384,2154,463,0,9,17,1369003
Trammel,2048,384,2153,465,0,9,17,1369003
Trammel,2048,384,2152,466,0,9,17,1369003
Trammel,2048,384,2146,477,0,9,17,1369003
Trammel,2048,384,2144,478,0,9,17,1369003
Trammel,2048,384,2143,479,0,9,17,1369003
Trammel,2048,384,2142,480,0,9,17,1369003
Trammel,2048,384,2158,483,0,9,17,1369003
Trammel,2048,384,2139,484,0,9,17,1369003
Trammel,2048,384,2138,486,0,9,17,1369003
Trammel,2048,384,2136,487,0,9,17,1369003
Trammel,2048,384,2156,487,0,9,17,1369003
Trammel,2048,384,2135,488,0,9,17,1369003
Trammel,2048,384,2134,489,0,9,17,1369003
Trammel,2048,384,2133,490,0,9,17,1369003
Trammel,2048,384,2052,494,0,9,17,1369003
Trammel,2048,512,2058,512,0,9,17,1369003
Trammel,2048,512,2067,512,0,9,17,1369003
Trammel,2048,512,2129,512,0,9,17,1369003
Trammel,2048,512,2153,512,0,9,17,1369003
Trammel,2048,512,2138,513,0,9,17,1369003
Trammel,2048,512,2147,521,0,9,17,1369003
Trammel,2048,512,2143,530,0,9,17,1369003
Trammel,2048,512,2133,533,0,9,17,1369003
Trammel,2048,512,2152,538,0,9,17,1369003
Trammel,2048,512,2130,541,0,9,17,1369003
Trammel,2048,512,2149,547,0,9,17,1369003
Trammel,2048,512,2161,551,0,9,17,1369003
Trammel,2048,512,2139,552,0,9,17,1369003
Trammel,2048,512,2158,555,0,9,17,1369003
Trammel,2048,512,2148,557,0,9,17,1369003
Trammel,2048,512,2162,572,0,9,17,1369003
Trammel,2048,512,2160,579,0,9,17,1369003
Trammel,2048,512,2149,590,0,9,17,1369003
Trammel,2048,640,2142,640,0,9,17,1369003
Trammel,2048,640,2152,640,0,9,17,1369003
Trammel,2048,640,2151,641,0,9,17,1369003
Trammel,2048,640,2141,645,0,9,17,1369003
Trammel,2048,640,2166,645,0,9,17,1369003
Trammel,2048,640,2140,652,0,9,17,1369003
Trammel,2048,640,2150,657,0,9,17,1369003
Trammel,2048,640,2149,665,0,9,17,1369003
Trammel,2048,640,2137,666,0,9,17,1369003
Trammel,2048,640,2146,669,0,9,17,1369003
Trammel,2048,640,2133,676,0,9,17,1369003
Trammel,2048,640,2142,683,0,9,17,1369003
Trammel,2048,640,2159,690,0,9,17,1369003
Trammel,2048,640,2137,693,0,9,17,1369003
Trammel,2048,640,2125,694,0,9,17,1369003
Trammel,2048,640,2136,699,0,9,17,1369003
Trammel,2048,640,2122,703,0,9,17,1369003
Trammel,2048,640,2154,703,0,9,17,1369003
Trammel,2048,640,2146,705,0,9,17,1369003
Trammel,2048,640,2118,707,0,9,17,1369003
Trammel,2048,640,2117,715,0,9,17,1369003
Trammel,2048,640,2101,716,0,9,17,1369003
Trammel,2048,640,2131,716,0,9,17,1369003
Trammel,2048,640,2140,716,0,9,17,1369003
Trammel,2048,640,2097,718,0,9,17,1369003
Trammel,2048,640,2115,718,0,9,17,1369003
Trammel,2048,640,2110,719,0,9,17,1369003
Trammel,2048,640,2127,720,0,9,17,1369003
Trammel,2048,640,2152,722,0,9,17,1369003
Trammel,2048,640,2149,724,0,9,17,1369003
Trammel,2048,640,2108,733,0,9,17,1369003
Trammel,2048,640,2136,733,0,9,17,1369003
Trammel,2048,640,2145,733,0,9,17,1369003
Trammel,2048,640,2103,735,0,9,17,1369003
Trammel,2048,640,2117,736,0,9,17,1369003
Trammel,2048,640,2127,737,0,9,17,1369003
Trammel,2048,640,2126,739,0,9,17,1369003
Trammel,2048,640,2158,740,0,9,17,1369003
Trammel,2048,640,2154,741,0,9,17,1369003
Trammel,2048,640,2112,750,0,9,17,1369003
Trammel,2048,640,2137,750,0,9,17,1369003
Trammel,2048,640,2152,750,0,9,17,1369003
Trammel,2048,768,2048,768,0,9,17,1369003
Trammel,2048,768,2057,768,0,9,17,1369003
Trammel,2048,768,2066,768,0,9,17,1369003
Trammel,2048,768,2075,768,0,9,17,1369003
Trammel,2048,768,2084,768,0,9,17,1369003
Trammel,2048,768,2093,768,0,9,17,1369003
Trammel,2048,768,2102,768,0,9,17,1369003
Trammel,2048,768,2113,768,0,9,17,1369003
Trammel,2048,768,2122,768,0,9,17,1369003
Trammel,2048,768,2131,768,0,9,17,1369003
Trammel,2048,768,2148,768,0,9,17,1369003
Trammel,2048,768,2157,775,0,9,17,1369003
Trammel,2048,768,2111,781,0,9,17,1369003
Trammel,2048,768,2140,781,0,9,17,1369003
Trammel,2048,768,2085,785,0,9,17,1369003
Trammel,2048,768,2094,785,0,9,17,1369003
Trammel,2048,768,2103,785,0,9,17,1369003
Trammel,2048,768,2123,785,0,9,17,1369003
Trammel,2048,768,2136,785,0,9,17,1369003
Trammel,2048,768,2156,785,0,9,17,1369003
Trammel,2048,768,2077,786,0,9,17,1369003
Trammel,2048,768,2132,787,0,9,17,1369003
Trammel,2048,768,2120,793,0,9,17,1369003
Trammel,2048,768,2149,796,0,9,17,1369003
Trammel,2048,768,2112,798,0,9,17,1369003
Trammel,2048,768,2145,798,0,9,17,1369003
Trammel,2048,768,2086,802,0,9,17,1369003
Trammel,2048,768,2095,802,0,9,17,1369003
Trammel,2048,768,2105,802,0,9,17,1369003
Trammel,2048,768,2129,802,0,9,17,1369003
Trammel,2048,768,2141,802,0,9,17,1369003
Trammel,2048,768,2159,802,0,9,17,1369003
Trammel,2048,768,2078,803,0,9,17,1369003
Trammel,2048,768,2138,804,0,9,17,1369003
Trammel,2048,768,2121,810,0,9,17,1369003
Trammel,2048,768,2154,813,0,9,17,1369003
Trammel,2048,768,2048,814,0,9,17,1369003
Trammel,2048,768,2114,815,0,9,17,1369003
Trammel,2048,768,2151,815,0,9,17,1369003
Trammel,2048,768,2095,819,0,9,17,1369003
Trammel,2048,768,2104,819,0,9,17,1369003
Trammel,2048,768,2130,819,0,9,17,1369003
Trammel,2048,768,2064,821,0,9,17,1369003
Trammel,2048,768,2073,821,0,9,17,1369003
Trammel,2048,768,2139,821,0,9,17,1369003
Trammel,2048,768,2148,823,0,9,17,1369003
Trammel,2048,768,2086,825,0,9,17,1369003
Trammel,2048,768,2124,827,0,9,17,1369003
Trammel,2048,768,2048,831,0,9,17,1369003
Trammel,2048,768,2102,836,0,9,17,1369003
Trammel,2048,768,2133,836,0,9,17,1369003
Trammel,2048,768,2082,837,0,9,17,1369003
Trammel,2048,768,2072,838,0,9,17,1369003
Trammel,2048,768,2081,838,0,9,17,1369003
Trammel,2048,768,2120,838,0,9,17,1369003
Trammel,2048,768,2142,838,0,9,17,1369003
Trammel,2048,768,2156,840,0,9,17,1369003
Trammel,2048,768,2129,844,0,9,17,1369003
Trammel,2048,768,2067,846,0,9,17,1369003
Trammel,2048,768,2091,846,0,9,17,1369003
Trammel,2048,768,2057,847,0,9,17,1369003
Trammel,2048,768,2048,848,0,9,17,1369003
Trammel,2048,768,2100,851,0,9,17,1369003
Trammel,2048,768,2138,853,0,9,17,1369003
Trammel,2048,768,2090,854,0,9,17,1369003
Trammel,2048,768,2085,855,0,9,17,1369003
Trammel,2048,768,2111,855,0,9,17,1369003
Trammel,2048,768,2128,855,0,9,17,1369003
Trammel,2048,768,2150,857,0,9,17,1369003
Trammel,2048,768,2159,857,0,9,17,1369003
Trammel,2048,768,2137,861,0,9,17,1369003
Trammel,2048,768,2072,863,0,9,17,1369003
Trammel,2048,768,2057,864,0,9,17,1369003
Trammel,2048,768,2056,865,0,9,17,1369003
Trammel,2048,768,2109,865,0,9,17,1369003
Trammel,2048,768,2121,866,0,9,17,1369003
Trammel,2048,768,2048,867,0,9,17,1369003
Trammel,2048,768,2104,868,0,9,17,1369003
Trammel,2048,768,2081,869,0,9,17,1369003
Trammel,2048,768,2090,872,0,9,17,1369003
Trammel,2048,768,2118,872,0,9,17,1369003
Trammel,2048,768,2130,872,0,9,17,1369003
Trammel,2048,768,2155,874,0,9,17,1369003
Trammel,2048,768,2164,874,0,9,17,1369003
Trammel,2048,768,2099,878,0,9,17,1369003
Trammel,2048,768,2139,878,0,9,17,1369003
Trammel,2048,896,2048,896,0,9,17,1369003
Trammel,2048,896,2057,896,0,9,17,1369003
Trammel,2048,896,2071,896,0,9,17,1369003
Trammel,2048,896,2082,896,0,9,17,1369003
Trammel,2048,896,2091,896,0,9,17,1369003
Trammel,2048,896,2106,896,0,9,17,1369003
Trammel,2048,896,2124,896,0,9,17,1369003
Trammel,2048,896,2141,896,0,9,17,1369003
Trammel,2048,896,2080,898,0,9,17,1369003
Trammel,2048,896,2119,901,0,9,17,1369003
Trammel,2048,896,2139,903,0,9,17,1369003
Trammel,2048,896,2115,908,0,9,17,1369003
Trammel,2048,896,2100,909,0,9,17,1369003
Trammel,2048,896,2051,913,0,9,17,1369003
Trammel,2048,896,2060,913,0,9,17,1369003
Trammel,2048,896,2075,913,0,9,17,1369003
Trammel,2048,896,2089,913,0,9,17,1369003
Trammel,2048,896,2098,913,0,9,17,1369003
Trammel,2048,896,2128,913,0,9,17,1369003
Trammel,2048,896,2088,915,0,9,17,1369003
Trammel,2048,896,2086,922,0,9,17,1369003
Trammel,2048,896,2140,925,0,9,17,1369003
Trammel,2048,896,2057,930,0,9,17,1369003
Trammel,2048,896,2067,930,0,9,17,1369003
Trammel,2048,896,2077,931,0,9,17,1369003
Trammel,2048,896,2152,934,0,9,17,1369003
Trammel,2048,896,2076,935,0,9,17,1369003
Trammel,2048,896,2048,940,0,9,17,1369003
Trammel,2048,896,2066,942,0,9,17,1369003
Trammel,2048,896,2142,942,0,9,17,1369003
Trammel,2048,896,2151,945,0,9,17,1369003
Trammel,2048,896,2075,947,0,9,17,1369003
Trammel,2048,896,2084,955,0,9,17,1369003
Trammel,2048,896,2048,957,0,9,17,1369003
Trammel,2048,896,2057,966,0,9,17,1369003
Trammel,2048,896,2086,972,0,9,17,1369003
Trammel,2048,896,2048,974,0,9,17,1369003
Trammel,2048,896,2066,975,0,9,17,1369003
Trammel,2048,896,2063,983,0,9,17,1369003
Trammel,2048,896,2075,990,0,9,17,1369003
Trammel,2048,896,2048,991,0,9,17,1369003
Trammel,2048,896,2074,992,0,9,17,1369003
Trammel,2048,896,2072,994,0,9,17,1369003
Trammel,2048,896,2066,1000,0,9,17,1369003
Trammel,2048,1024,2048,1024,0,9,17,1369003
Trammel,2048,1024,2064,1024,0,9,17,1369003
Trammel,2048,1024,2073,1024,0,9,17,1369003
Trammel,2048,1024,2082,1024,0,9,17,1369003
Trammel,2048,1024,2048,1041,0,9,17,1369003
Trammel,2048,1024,2057,1041,0,9,17,1369003
Trammel,2048,1024,2069,1041,0,9,17,1369003
Trammel,2048,1024,2066,1049,0,9,17,1369003
Trammel,2048,1024,2048,1058,0,9,17,1369003
Trammel,2048,1024,2057,1058,0,9,17,1369003
Trammel,2048,1024,2048,1075,0,9,17,1369003
Trammel,2048,1024,2056,1095,0,9,17,1369003
Trammel,2048,1152,2069,1152,0,9,17,1303002
Trammel,2048,1152,2082,1152,0,9,17,1303002
Trammel,2048,1152,2059,1155,0,9,17,1303002
Trammel,2048,1152,2057,1156,0,9,17,1303002
Trammel,2048,1152,2056,1159,-1,9,17,1303002
Trammel,2048,1152,2055,1170,0,9,17,1303002
Trammel,2048,1152,2054,1171,0,9,17,1303002
Trammel,2048,1152,2053,1172,0,9,17,1303002
Trammel,2048,1152,2052,1173,0,9,17,1303002
Trammel,2048,1152,2051,1174,0,9,17,1303002
Trammel,2048,1152,2048,1177,0,9,17,1303002
Trammel,2048,1152,2057,1198,0,9,17,1303002
Trammel,2048,1152,2056,1208,0,9,17,1303002
Trammel,2048,1152,2065,1221,0,9,17,1303002
Trammel,2048,1152,2087,1226,0,9,17,1303002
Trammel,2048,1152,2074,1229,0,9,17,1303002
Trammel,2048,1152,2065,1238,0,9,17,1303002
Trammel,2048,1152,2051,1239,0,9,17,1303002
Trammel,2048,1152,2060,1242,0,9,17,1303002
Trammel,2048,1152,2056,1256,0,9,17,1303002
Trammel,2048,1152,2079,1256,0,9,17,1303002
Trammel,2048,1152,2048,1257,0,9,17,1303002
Trammel,2048,1152,2065,1259,0,9,17,1303002
Trammel,2048,1280,2051,1280,0,9,17,1303002
Trammel,2048,1280,2060,1280,0,9,17,1303002
Trammel,2048,1280,2069,1280,0,9,17,1303002
Trammel,2048,1280,2079,1280,0,9,17,1303002
Trammel,2048,1920,2048,1920,0,9,17,1369003
Trammel,2048,1920,2111,1940,0,9,17,1369003
Trammel,2048,1920,2110,1941,0,9,17,1369003
Trammel,2048,1920,2108,1942,0,9,17,1369003
Trammel,2048,1920,2127,1948,0,9,17,1369003
Trammel,2048,1920,2125,1957,0,9,17,1369003
Trammel,2048,1920,2048,2011,0,9,17,1369003
Trammel,2048,1920,2057,2018,0,9,17,1369003
Trammel,2048,2048,2130,2055,-1,9,17,1369003
Trammel,2048,2048,2118,2057,0,9,17,1369003
Trammel,2048,2048,2127,2062,0,9,17,1369003
Trammel,2048,2048,2136,2073,0,9,17,1369003
Trammel,2048,2048,2065,2085,0,9,17,1369003
Trammel,2048,2048,2059,2103,0,9,17,1369003
Trammel,2048,2048,2058,2106,0,9,17,1369003
Trammel,2048,2048,2057,2111,0,9,17,1369003
Trammel,2048,2048,2056,2113,0,9,17,1369003
Trammel,2048,2048,2055,2119,0,9,17,1369003
Trammel,2048,2048,2108,2138,0,9,17,1369003
Trammel,2048,2048,2103,2141,0,9,17,1369003
Trammel,2048,2048,2143,2146,0,9,17,1369003
Trammel,2048,2048,2152,2152,0,9,17,1369003
Trammel,2048,2176,2048,2176,0,9,17,1369003
Trammel,2048,2176,2154,2176,0,9,17,1369003
Trammel,2048,2176,2073,2257,0,9,17,1369003
Trammel,2048,2176,2071,2258,0,9,17,1369003
Trammel,2048,2176,2070,2259,0,9,17,1369003
Trammel,2048,2176,2069,2260,0,9,17,1369003
Trammel,2048,2176,2067,2261,0,9,17,1369003
Trammel,2048,2176,2066,2262,0,9,17,1369003
Trammel,2048,2176,2064,2265,0,9,17,1369003
Trammel,2048,2176,2062,2267,0,9,17,1369003
Trammel,2048,2176,2129,2279,0,9,17,1369003
Trammel,2048,2176,2062,2284,0,9,17,1369003
Trammel,2048,2176,2120,2286,0,9,17,1369003
Trammel,2048,2304,2048,2304,0,9,17,1369003
Trammel,2048,2304,2057,2304,0,9,17,1369003
Trammel,2048,2304,2066,2304,0,9,17,1369003
Trammel,2048,2304,2075,2304,0,9,17,1369003
Trammel,2048,2304,2084,2304,0,9,17,1369003
Trammel,2048,2304,2093,2304,0,9,17,1369003
Trammel,2048,2304,2102,2304,0,9,17,1369003
Trammel,2048,2304,2111,2310,0,9,17,1369003
Trammel,2048,2304,2061,2321,0,9,17,1369003
Trammel,2048,2304,2070,2321,0,9,17,1369003
Trammel,2048,2304,2079,2321,0,9,17,1369003
Trammel,2048,2304,2088,2321,0,9,17,1369003
Trammel,2048,2304,2097,2321,0,9,17,1369003
Trammel,2048,2304,2106,2321,0,9,17,1369003
Trammel,2048,2304,2055,2326,0,9,17,1369003
Trammel,2048,2304,2123,2329,0,9,17,1369003
Trammel,2048,2304,2121,2331,0,9,17,1369003
Trammel,2048,2304,2048,2332,0,9,17,1369003
Trammel,2048,2304,2064,2338,0,9,17,1369003
Trammel,2048,2304,2086,2338,0,9,17,1369003
Trammel,2048,2304,2095,2338,0,9,17,1369003
Trammel,2048,2304,2104,2338,0,9,17,1369003
Trammel,2048,2304,2113,2339,0,9,17,1369003
Trammel,2048,2304,2057,2343,0,9,17,1369003
Trammel,2048,2304,2048,2349,0,9,17,1369003
Trammel,2048,2304,2085,2350,0,9,17,1369003
Trammel,2048,2304,2096,2355,0,9,17,1369003
Trammel,2048,2304,2107,2355,0,9,17,1369003
Trammel,2048,2304,2116,2360,0,9,17,1369003
Trammel,2048,2304,2105,2361,0,9,17,1369003
Trammel,2048,2304,2094,2364,0,9,17,1369003
Trammel,2048,2304,2089,2367,0,9,17,1369003
Trammel,2048,2304,2103,2372,0,9,17,1369003
Trammel,2048,2304,2114,2372,0,9,17,1369003
Trammel,2048,2304,2125,2376,0,9,17,1369003
Trammel,2048,2304,2123,2377,0,9,17,1369003
Trammel,2048,2304,2112,2378,0,9,17,1369003
Trammel,2048,2688,2105,2691,0,9,17,1113002
Trammel,2048,3072,2073,3079,0,9,17,1369003
Trammel,2048,3072,2069,3082,0,9,17,1369003
Trammel,2048,3072,2135,3083,0,9,17,1369003
Trammel,2048,3072,2060,3088,0,9,17,1369003
Trammel,2048,3072,2132,3089,0,9,17,1369003
Trammel,2048,3072,2131,3090,0,9,17,1369003
Trammel,2048,3072,2121,3098,0,9,17,1369003
Trammel,2048,3072,2049,3100,0,9,17,1369003
Trammel,2048,3072,2141,3100,0,9,17,1369003
Trammel,2048,3072,2150,3105,0,9,17,1369003
Trammel,2048,3072,2140,3106,0,9,17,1369003
Trammel,2048,3072,2139,3107,0,9,17,1369003
Trammel,2048,3072,2115,3115,0,9,17,1369003
Trammel,2048,3072,2124,3115,0,9,17,1369003
Trammel,2048,3072,2113,3121,0,9,17,1369003
Trammel,2048,3072,2133,3122,0,9,17,1369003
Trammel,2048,3072,2122,3132,0,9,17,1369003
Trammel,2048,3200,2073,3208,0,9,17,1369003
Trammel,2048,3200,2072,3209,0,9,17,1369003
Trammel,2048,3200,2070,3211,0,9,17,1369003
Trammel,2048,3200,2069,3212,0,9,17,1369003
Trammel,2048,3200,2066,3214,0,9,17,1369003
Trammel,2048,3328,2140,3418,0,9,17,1369003
Trammel,2048,3328,2138,3419,0,9,17,1369003
Trammel,2048,3328,2136,3421,0,9,17,1369003
Trammel,2048,3328,2135,3422,0,9,17,1369003
Trammel,2048,3328,2132,3423,0,9,17,1369003
Trammel,2048,3328,2130,3424,0,9,17,1369003
Trammel,2048,3328,2126,3425,0,9,17,1369003
Trammel,2048,3328,2147,3435,0,9,17,1369003
Trammel,2048,3328,2145,3436,0,9,17,1369003
Trammel,2048,3328,2144,3438,0,9,17,1369003
Trammel,2048,3584,2152,3608,0,9,17,1369003
Trammel,2176,256,2231,362,0,9,17,1369003
Trammel,2176,256,2230,364,0,9,17,1369003
Trammel,2176,384,2244,408,0,9,17,1369003
Trammel,2176,384,2273,409,0,9,17,1369003
Trammel,2176,384,2194,481,0,9,17,1369003
Trammel,2176,384,2193,482,0,9,17,1369003
Trammel,2176,384,2191,483,0,9,17,1369003
Trammel,2176,384,2186,484,0,9,17,1369003
Trammel,2176,384,2176,485,0,9,17,1369003
Trammel,2176,384,2185,485,0,9,17,1369003
Trammel,2176,512,2245,512,0,9,17,1369003
Trammel,2176,512,2244,515,0,9,17,1369003
Trammel,2176,512,2233,516,0,9,17,1369003
Trammel,2176,512,2242,516,0,9,17,1369003
Trammel,2176,512,2230,517,0,9,17,1369003
Trammel,2176,512,2229,518,0,9,17,1369003
Trammel,2176,512,2227,520,0,9,17,1369003
Trammel,2176,512,2235,537,0,9,17,1369003
Trammel,2176,512,2269,552,0,9,17,1369003
Trammel,2176,512,2226,553,0,9,17,1369003
Trammel,2176,512,2268,554,0,9,17,1369003
Trammel,2176,512,2266,556,0,9,17,1369003
Trammel,2176,512,2216,558,0,9,17,1369003
Trammel,2176,512,2215,559,0,9,17,1369003
Trammel,2176,512,2214,560,0,9,17,1369003
Trammel,2176,512,2225,560,0,9,17,1369003
Trammel,2176,512,2213,561,0,9,17,1369003
Trammel,2176,512,2211,564,0,9,17,1369003
Trammel,2176,512,2210,565,0,9,17,1369003
Trammel,2176,512,2208,567,0,9,17,1369003
Trammel,2176,512,2262,568,0,9,17,1369003
Trammel,2176,512,2261,569,0,9,17,1369003
Trammel,2176,512,2260,571,0,9,17,1369003
Trammel,2176,512,2241,573,0,9,17,1369003
Trammel,2176,512,2250,573,0,9,17,1369003
Trammel,2176,512,2198,574,0,9,17,1369003
Trammel,2176,512,2197,575,0,9,17,1369003
Trammel,2176,512,2224,575,0,9,17,1369003
Trammel,2176,512,2223,576,0,9,17,1369003
Trammel,2176,512,2192,577,-1,9,17,1369003
Trammel,2176,512,2222,577,0,9,17,1369003
Trammel,2176,512,2191,578,0,9,17,1369003
Trammel,2176,512,2220,578,0,9,17,1369003
Trammel,2176,512,2219,581,0,9,17,1369003
Trammel,2176,512,2217,582,0,9,17,1369003
Trammel,2176,512,2211,584,0,9,17,1369003
Trammel,2176,512,2233,584,0,9,17,1369003
Trammel,2176,512,2207,587,0,9,17,1369003
Trammel,2176,512,2189,588,0,9,17,1369003
Trammel,2176,512,2245,590,0,9,17,1369003
Trammel,2176,512,2176,591,0,9,17,1369003
Trammel,2176,512,2206,591,0,9,17,1369003
Trammel,2176,512,2201,592,0,9,17,1369003
Trammel,2176,512,2232,592,0,9,17,1369003
Trammel,2176,512,2231,593,0,9,17,1369003
Trammel,2176,512,2200,594,0,9,17,1369003
Trammel,2176,512,2198,595,0,9,17,1369003
Trammel,2176,512,2241,602,0,9,17,1369003
Trammel,2176,512,2223,605,0,9,17,1369003
Trammel,2176,512,2210,608,0,9,17,1369003
Trammel,2176,512,2209,609,0,9,17,1369003
Trammel,2176,512,2219,609,0,9,17,1369003
Trammel,2176,512,2228,622,0,9,17,1369003
Trammel,2176,640,2217,640,0,9,17,1369003
Trammel,2176,640,2226,656,0,9,17,1369003
Trammel,2176,640,2191,740,0,9,17,1369003
Trammel,2176,640,2177,741,-1,9,17,1369003
Trammel,2176,640,2188,741,0,9,17,1369003
Trammel,2176,640,2176,742,0,9,17,1369003
Trammel,2176,640,2186,742,0,9,17,1369003
Trammel,2176,768,2176,768,0,9,17,1369003
Trammel,2176,768,2185,768,0,9,17,1369003
Trammel,2176,768,2194,768,0,9,17,1369003
Trammel,2176,768,2208,768,0,9,17,1369003
Trammel,2176,768,2217,768,0,9,17,1369003
Trammel,2176,768,2226,768,0,9,17,1369003
Trammel,2176,768,2203,769,0,9,17,1369003
Trammel,2176,768,2235,772,0,9,17,1369003
Trammel,2176,768,2176,785,0,9,17,1369003
Trammel,2176,768,2185,785,0,9,17,1369003
Trammel,2176,768,2197,785,0,9,17,1369003
Trammel,2176,768,2212,785,0,9,17,1369003
Trammel,2176,768,2221,785,0,9,17,1369003
Trammel,2176,768,2230,785,0,9,17,1369003
Trammel,2176,768,2209,786,0,9,17,1369003
Trammel,2176,768,2194,796,0,9,17,1369003
Trammel,2176,768,2182,802,0,9,17,1369003
Trammel,2176,768,2191,802,0,9,17,1369003
Trammel,2176,768,2204,802,0,9,17,1369003
Trammel,2176,768,2218,802,0,9,17,1369003
Trammel,2176,768,2227,802,0,9,17,1369003
Trammel,2176,768,2213,803,0,9,17,1369003
Trammel,2176,768,2236,807,0,9,17,1369003
Trammel,2176,768,2203,809,0,9,17,1369003
Trammel,2176,768,2200,813,0,9,17,1369003
Trammel,2176,768,2176,814,0,9,17,1369003
Trammel,2176,768,2245,817,0,9,17,1369003
Trammel,2176,768,2185,819,0,9,17,1369003
Trammel,2176,768,2194,819,0,9,17,1369003
Trammel,2176,768,2212,819,0,9,17,1369003
Trammel,2176,768,2244,824,0,9,17,1369003
Trammel,2176,768,2238,825,0,9,17,1369003
Trammel,2176,768,2209,826,0,9,17,1369003
Trammel,2176,768,2221,827,0,9,17,1369003
Trammel,2176,768,2203,830,0,9,17,1369003
Trammel,2176,768,2230,833,0,9,17,1369003
Trammel,2176,768,2195,836,0,9,17,1369003
Trammel,2176,768,2247,841,0,9,17,1369003
Trammel,2176,768,2239,842,0,9,17,1369003
Trammel,2176,768,2212,843,0,9,17,1369003
Trammel,2176,768,2226,844,0,9,17,1369003
Trammel,2176,768,2257,844,0,9,17,1369003
Trammel,2176,768,2185,847,0,9,17,1369003
Trammel,2176,768,2204,847,0,9,17,1369003
Trammel,2176,768,2194,849,0,9,17,1369003
Trammel,2176,768,2176,851,0,9,17,1369003
Trammel,2176,768,2203,853,0,9,17,1369003
Trammel,2176,768,2256,855,0,9,17,1369003
Trammel,2176,768,2266,856,0,9,17,1369003
Trammel,2176,768,2255,858,0,9,17,1369003
Trammel,2176,768,2240,859,0,9,17,1369003
Trammel,2176,768,2265,861,0,9,17,1369003
Trammel,2176,768,2252,863,0,9,17,1369003
Trammel,2176,768,2186,864,0,9,17,1369003
Trammel,2176,768,2235,864,0,9,17,1369003
Trammel,2176,768,2234,865,0,9,17,1369003
Trammel,2176,768,2195,866,0,9,17,1369003
Trammel,2176,768,2176,868,0,9,17,1369003
Trammel,2176,768,2264,872,0,9,17,1369003
Trammel,2176,768,2213,873,0,9,17,1369003
Trammel,2176,768,2263,875,0,9,17,1369003
Trammel,2176,896,2189,896,0,9,17,1369003
Trammel,2176,896,2198,896,0,9,17,1369003
Trammel,2176,896,2207,896,0,9,17,1369003
Trammel,2176,896,2217,896,0,9,17,1369003
Trammel,2176,896,2249,896,0,9,17,1369003
Trammel,2176,896,2260,896,0,9,17,1369003
Trammel,2176,896,2269,896,0,9,17,1369003
Trammel,2176,896,2258,904,0,9,17,1369003
Trammel,2176,896,2187,910,0,9,17,1369003
Trammel,2176,896,2186,915,0,9,17,1369003
Trammel,2176,896,2247,925,0,9,17,1369003
Trammel,2176,896,2256,932,0,9,17,1369003
Trammel,2176,896,2265,936,0,9,17,1369003
Trammel,2176,896,2274,936,0,9,17,1369003
Trammel,2176,896,2265,953,0,9,17,1369003
Trammel,2176,896,2274,953,0,9,17,1369003
Trammel,2176,896,2283,963,0,9,17,1369003
Trammel,2176,896,2281,970,0,9,17,1369003
Trammel,2176,896,2273,973,0,9,17,1369003
Trammel,2176,896,2282,987,0,9,17,1369003
Trammel,2176,896,2279,990,0,9,17,1369003
Trammel,2176,1024,2258,1047,0,9,17,1369003
Trammel,2176,1024,2267,1058,0,9,17,1369003
Trammel,2176,1024,2265,1064,0,9,17,1369003
Trammel,2176,1024,2276,1068,0,9,17,1369003
Trammel,2176,1024,2285,1082,0,9,17,1369003
Trammel,2176,1024,2284,1085,0,9,17,1369003
Trammel,2176,1024,2272,1086,0,9,17,1369003
Trammel,2176,1024,2271,1095,0,9,17,1369003
Trammel,2176,1024,2270,1097,0,9,17,1369003
Trammel,2176,1024,2269,1101,0,9,17,1369003
Trammel,2176,1024,2293,1101,0,9,17,1369003
Trammel,2176,1024,2268,1102,0,9,17,1369003
Trammel,2176,1024,2285,1102,0,9,17,1369003
Trammel,2176,1024,2267,1103,0,9,17,1369003
Trammel,2176,1024,2266,1105,0,9,17,1369003
Trammel,2176,1024,2265,1106,0,9,17,1369003
Trammel,2176,1024,2264,1108,0,9,17,1369003
Trammel,2176,1024,2294,1118,0,9,17,1369003
Trammel,2176,1024,2276,1119,0,9,17,1369003
Trammel,2176,1024,2286,1119,0,9,17,1369003
Trammel,2176,1024,2275,1120,0,9,17,1369003
Trammel,2176,1024,2274,1122,0,9,17,1369003
Trammel,2176,1024,2273,1123,0,9,17,1369003
Trammel,2176,1024,2268,1125,0,9,17,1369003
Trammel,2176,1024,2285,1128,0,9,17,1369003
Trammel,2176,1152,2225,1152,0,9,17,1303002
Trammel,2176,1152,2293,1172,0,9,17,1303002
Trammel,2176,1152,2221,1173,0,9,17,1303002
Trammel,2176,1152,2291,1190,0,9,17,1303002
Trammel,2176,1152,2285,1192,0,9,17,1303002
Trammel,2176,1152,2249,1194,-2,9,17,1303002
Trammel,2176,1152,2258,1194,-2,9,17,1303002
Trammel,2176,1152,2267,1205,0,9,17,1303002
Trammel,2176,1152,2294,1207,0,9,17,1303002
Trammel,2176,1152,2292,1209,0,9,17,1303002
Trammel,2176,1152,2265,1211,0,9,17,1303002
Trammel,2176,1152,2294,1226,0,9,17,1303002
Trammel,2176,1152,2291,1236,0,9,17,1303002
Trammel,2176,1152,2290,1241,0,9,17,1303002
Trammel,2176,1152,2288,1246,0,9,17,1303002
Trammel,2176,2048,2186,2121,0,9,17,1369003
Trammel,2176,3328,2210,3349,0,9,17,1369003
Trammel,2176,3328,2209,3350,0,9,17,1369003
Trammel,2176,3328,2208,3351,0,9,17,1369003
Trammel,2176,3328,2207,3355,0,9,17,1369003
Trammel,2176,3328,2216,3368,0,9,17,1369003
Trammel,2176,3328,2215,3372,0,9,17,1369003
Trammel,2176,3328,2217,3389,0,9,17,1369003
Trammel,2304,128,2342,149,0,9,17,1369003
Trammel,2304,128,2340,152,0,9,17,1369003
Trammel,2304,128,2338,153,0,9,17,1369003
Trammel,2304,128,2349,166,0,9,17,1369003
Trammel,2304,128,2347,169,0,9,17,1369003
Trammel,2304,128,2345,170,0,9,17,1369003
Trammel,2304,128,2358,176,0,9,17,1369003
Trammel,2304,128,2354,186,0,9,17,1369003
Trammel,2304,128,2345,187,0,9,17,1369003
Trammel,2304,128,2422,187,0,9,17,1369003
Trammel,2304,128,2367,191,0,9,17,1369003
Trammel,2304,128,2419,192,0,9,17,1369003
Trammel,2304,128,2363,193,0,9,17,1369003
Trammel,2304,128,2360,203,0,9,17,1369003
Trammel,2304,128,2420,209,0,9,17,1369003
Trammel,2304,512,2341,557,0,9,17,1369003
Trammel,2304,640,2309,694,0,9,17,1369003
Trammel,2304,640,2311,727,0,9,17,1369003
Trammel,2304,768,2338,772,0,9,17,1369003
Trammel,2304,768,2333,774,0,9,17,1369003
Trammel,2304,768,2359,852,0,9,17,1369003
Trammel,2304,768,2358,853,0,9,17,1369003
Trammel,2304,768,2357,854,0,9,17,1369003
Trammel,2304,768,2356,856,0,9,17,1369003
Trammel,2304,768,2355,857,0,9,17,1369003
Trammel,2304,768,2354,860,0,9,17,1369003
Trammel,2304,768,2353,861,0,9,17,1369003
Trammel,2304,768,2351,862,0,9,17,1369003
Trammel,2304,768,2321,864,0,9,17,1369003
Trammel,2304,768,2330,864,0,9,17,1369003
Trammel,2304,768,2314,868,0,9,17,1369003
Trammel,2304,896,2317,896,0,9,17,1369003
Trammel,2304,896,2313,907,0,9,17,1369003
Trammel,2304,896,2310,910,0,9,17,1369003
Trammel,2304,896,2309,911,0,9,17,1369003
Trammel,2304,896,2322,914,0,9,17,1369003
Trammel,2304,896,2345,943,0,9,17,1369003
Trammel,2304,1024,2339,1033,0,9,17,1369003
Trammel,2304,1152,2328,1240,0,9,17,1303002
Trammel,2304,3328,2379,3384,1,9,17,1369003
Trammel,2304,3328,2389,3384,0,9,17,1369003
Trammel,2304,3328,2378,3385,1,9,17,1369003
Trammel,2304,3328,2388,3385,1,9,17,1369003
Trammel,2304,3328,2367,3393,1,9,17,1369003
Trammel,2304,3328,2366,3394,2,9,17,1369003
Trammel,2304,3328,2365,3395,2,9,17,1369003
Trammel,2304,3328,2364,3396,2,9,17,1369003
Trammel,2304,3328,2363,3397,2,9,17,1369003
Trammel,2304,3328,2362,3398,1,9,17,1369003
Trammel,2304,3328,2380,3402,2,9,17,1369003
Trammel,2304,3328,2379,3403,1,9,17,1369003
Trammel,2304,3328,2395,3404,1,9,17,1369003
Trammel,2304,3328,2394,3405,1,9,17,1369003
Trammel,2304,3328,2389,3413,0,9,17,1369003
Trammel,2432,0,2548,58,0,9,17,1369003
Trammel,2432,0,2536,62,0,9,17,1369003
Trammel,2432,0,2533,64,0,9,17,1369003
Trammel,2432,0,2499,66,0,9,17,1369003
Trammel,2432,0,2508,66,0,9,17,1369003
Trammel,2432,0,2468,68,0,9,17,1369003
Trammel,2432,0,2465,70,0,9,17,1369003
Trammel,2432,0,2545,71,0,9,17,1369003
Trammel,2432,0,2486,74,0,9,17,1369003
Trammel,2432,0,2477,76,0,9,17,1369003
Trammel,2432,0,2532,76,0,9,17,1369003
Trammel,2432,0,2460,78,0,9,17,1369003
Trammel,2432,0,2522,78,0,9,17,1369003
Trammel,2432,0,2542,79,0,9,17,1369003
Trammel,2432,0,2454,82,0,9,17,1369003
Trammel,2432,0,2500,83,0,9,17,1369003
Trammel,2432,0,2509,83,0,9,17,1369003
Trammel,2432,0,2474,85,0,9,17,1369003
Trammel,2432,0,2473,87,0,9,17,1369003
Trammel,2432,0,2531,89,0,9,17,1369003
Trammel,2432,0,2463,95,0,9,17,1369003
Trammel,2432,0,2491,95,0,9,17,1369003
Trammel,2432,0,2527,95,0,9,17,1369003
Trammel,2432,0,2548,97,0,9,17,1369003
Trammel,2432,0,2450,98,0,9,17,1369003
Trammel,2432,0,2459,99,0,9,17,1369003
Trammel,2432,0,2486,100,0,9,17,1369003
Trammel,2432,0,2512,100,0,9,17,1369003
Trammel,2432,0,2472,101,0,9,17,1369003
Trammel,2432,0,2508,104,0,9,17,1369003
Trammel,2432,0,2521,106,0,9,17,1369003
Trammel,2432,0,2536,106,0,9,17,1369003
Trammel,2432,0,2481,107,0,9,17,1369003
Trammel,2432,0,2545,109,0,9,17,1369003
Trammel,2432,128,2450,128,0,9,17,1369003
Trammel,2432,128,2459,128,0,9,17,1369003
Trammel,2432,128,2480,128,0,9,17,1369003
Trammel,2432,128,2495,128,0,9,17,1369003
Trammel,2432,128,2511,128,0,9,17,1369003
Trammel,2432,128,2520,128,0,9,17,1369003
Trammel,2432,128,2529,128,0,9,17,1369003
Trammel,2432,128,2538,128,0,9,17,1369003
Trammel,2432,128,2476,129,0,9,17,1369003
Trammel,2432,128,2504,130,0,9,17,1369003
Trammel,2432,128,2489,143,0,9,17,1369003
Trammel,2432,128,2457,145,0,9,17,1369003
Trammel,2432,128,2485,145,0,9,17,1369003
Trammel,2432,128,2499,145,0,9,17,1369003
Trammel,2432,128,2513,145,0,9,17,1369003
Trammel,2432,128,2523,145,0,9,17,1369003
Trammel,2432,128,2534,145,0,9,17,1369003
Trammel,2432,128,2481,146,0,9,17,1369003
Trammel,2432,128,2511,147,0,9,17,1369003
Trammel,2432,128,2447,149,0,9,17,1369003
Trammel,2432,128,2444,150,0,9,17,1369003
Trammel,2432,128,2522,151,0,9,17,1369003
Trammel,2432,128,2475,152,0,9,17,1369003
Trammel,2432,128,2456,153,0,9,17,1369003
Trammel,2432,128,2442,156,0,9,17,1369003
Trammel,2432,128,2466,156,0,9,17,1369003
Trammel,2432,128,2532,159,0,9,17,1369003
Trammel,2432,128,2543,161,0,9,17,1369003
Trammel,2432,128,2465,162,0,9,17,1369003
Trammel,2432,128,2490,162,0,9,17,1369003
Trammel,2432,128,2531,162,0,9,17,1369003
Trammel,2432,128,2541,162,0,9,17,1369003
Trammel,2432,128,2484,163,0,9,17,1369003
Trammel,2432,128,2512,164,0,9,17,1369003
Trammel,2432,128,2433,165,0,9,17,1369003
Trammel,2432,128,2453,166,0,9,17,1369003
Trammel,2432,128,2451,167,0,9,17,1369003
Trammel,2432,128,2432,168,0,9,17,1369003
Trammel,2432,128,2526,168,0,9,17,1369003
Trammel,2432,128,2475,169,0,9,17,1369003
Trammel,2432,128,2462,170,0,9,17,1369003
Trammel,2432,128,2442,173,0,9,17,1369003
Trammel,2432,128,2474,173,0,9,17,1369003
Trammel,2432,128,2509,175,0,9,17,1369003
Trammel,2432,128,2540,176,0,9,17,1369003
Trammel,2432,128,2550,178,0,9,17,1369003
Trammel,2432,128,2471,179,0,9,17,1369003
Trammel,2432,128,2493,179,0,9,17,1369003
Trammel,2432,128,2535,179,0,9,17,1369003
Trammel,2432,128,2489,180,0,9,17,1369003
Trammel,2432,128,2441,182,0,9,17,1369003
Trammel,2432,128,2518,183,0,9,17,1369003
Trammel,2432,128,2457,184,0,9,17,1369003
Trammel,2432,128,2432,185,0,9,17,1369003
Trammel,2432,128,2451,185,0,9,17,1369003
Trammel,2432,128,2527,185,0,9,17,1369003
Trammel,2432,128,2450,190,0,9,17,1369003
Trammel,2432,128,2536,196,0,9,17,1369003
Trammel,2432,128,2545,199,0,9,17,1369003
Trammel,2432,128,2525,200,0,9,17,1369003
Trammel,2432,128,2534,202,0,9,17,1369003
Trammel,2432,128,2545,216,0,9,17,1369003
Trammel,2432,256,2523,270,15,9,17,1369003
Trammel,2432,256,2532,286,15,9,17,1369003
Trammel,2432,256,2530,287,15,9,17,1369003
Trammel,2432,256,2541,288,15,9,17,1369003
Trammel,2432,256,2550,293,15,9,17,1369003
Trammel,2432,384,2494,440,15,9,17,1107002
Trammel,2432,384,2486,481,15,9,17,1107002
Trammel,2432,512,2482,514,0,9,17,1107002
Trammel,2432,512,2482,531,0,9,17,1107002
Trammel,2432,512,2514,585,0,9,17,1107002
Trammel,2432,512,2533,613,0,9,17,1107002
Trammel,2432,512,2542,613,0,9,17,1107002
Trammel,2432,768,2505,811,0,9,17,1369003
Trammel,2432,768,2526,813,0,9,17,1369003
Trammel,2432,768,2520,815,0,9,17,1369003
Trammel,2432,768,2514,817,0,9,17,1369003
Trammel,2432,1024,2533,1100,5,9,17,1369003
Trammel,2432,1152,2542,1242,1,9,17,1303002
Trammel,2560,0,2560,62,0,9,17,1369003
Trammel,2560,0,2569,64,0,9,17,1369003
Trammel,2560,0,2600,64,-1,9,17,1369003
Trammel,2560,0,2591,66,0,9,17,1369003
Trammel,2560,0,2617,74,0,9,17,1369003
Trammel,2560,0,2584,77,0,9,17,1369003
Trammel,2560,0,2564,79,0,9,17,1369003
Trammel,2560,0,2610,80,0,9,17,1369003
Trammel,2560,0,2604,81,0,9,17,1369003
Trammel,2560,0,2594,83,0,9,17,1369003
Trammel,2560,0,2603,84,0,9,17,1369003
Trammel,2560,0,2629,84,0,9,17,1369003
Trammel,2560,0,2627,85,0,9,17,1369003
Trammel,2560,0,2576,87,0,9,17,1369003
Trammel,2560,0,2575,90,0,9,17,1369003
Trammel,2560,0,2642,90,0,9,17,1369003
Trammel,2560,0,2573,92,0,9,17,1369003
Trammel,2560,0,2623,93,0,9,17,1369003
Trammel,2560,0,2657,94,0,9,17,1369003
Trammel,2560,0,2666,94,0,9,17,1369003
Trammel,2560,0,2585,95,0,9,17,1369003
Trammel,2560,0,2566,96,0,9,17,1369003
Trammel,2560,0,2675,96,0,9,17,1369003
Trammel,2560,0,2560,99,0,9,17,1369003
Trammel,2560,0,2594,100,0,9,17,1369003
Trammel,2560,0,2603,101,0,9,17,1369003
Trammel,2560,0,2612,102,0,9,17,1369003
Trammel,2560,0,2621,103,0,9,17,1369003
Trammel,2560,0,2651,104,0,9,17,1369003
Trammel,2560,0,2582,107,0,9,17,1369003
Trammel,2560,0,2644,107,0,9,17,1369003
Trammel,2560,0,2575,109,0,9,17,1369003
Trammel,2560,128,2560,128,0,9,17,1369003
Trammel,2560,128,2569,128,0,9,17,1369003
Trammel,2560,128,2578,128,0,9,17,1369003
Trammel,2560,128,2587,128,0,9,17,1369003
Trammel,2560,128,2596,128,0,9,17,1369003
Trammel,2560,128,2605,128,0,9,17,1369003
Trammel,2560,128,2635,128,0,9,17,1369003
Trammel,2560,128,2648,128,0,9,17,1369003
Trammel,2560,128,2659,128,0,9,17,1369003
Trammel,2560,128,2675,128,0,9,17,1369003
Trammel,2560,128,2617,143,0,9,17,1369003
Trammel,2560,128,2560,145,0,9,17,1369003
Trammel,2560,128,2586,145,0,9,17,1369003
Trammel,2560,128,2601,145,0,9,17,1369003
Trammel,2560,128,2657,145,0,9,17,1369003
Trammel,2560,128,2569,149,0,9,17,1369003
Trammel,2560,128,2595,154,0,9,17,1369003
Trammel,2560,128,2610,158,0,9,17,1369003
Trammel,2560,128,2578,160,0,9,17,1369003
Trammel,2560,128,2619,160,0,9,17,1369003
Trammel,2560,128,2561,162,0,9,17,1369003
Trammel,2560,128,2587,162,0,9,17,1369003
Trammel,2560,128,2604,162,0,9,17,1369003
Trammel,2560,128,2570,166,0,9,17,1369003
Trammel,2560,128,2560,168,0,9,17,1369003
Trammel,2560,128,2644,170,0,9,17,1369003
Trammel,2560,128,2602,171,0,9,17,1369003
Trammel,2560,128,2643,172,0,9,17,1369003
Trammel,2560,128,2579,177,0,9,17,1369003
Trammel,2560,128,2569,179,0,9,17,1369003
Trammel,2560,128,2560,185,0,9,17,1369003
Trammel,2560,128,2560,202,0,9,17,1369003
Trammel,2560,256,2664,277,15,9,17,1369003
Trammel,2560,256,2673,286,16,9,17,1369003
Trammel,2560,256,2640,287,16,9,17,1369003
Trammel,2560,256,2649,292,16,9,17,1369003
Trammel,2560,256,2658,301,16,9,17,1369003
Trammel,2560,256,2603,303,15,9,17,1369003
Trammel,2560,256,2642,304,15,9,17,1369003
Trammel,2560,256,2602,306,15,9,17,1369003
Trammel,2560,256,2600,310,15,9,17,1369003
Trammel,2560,256,2642,321,15,9,17,1369003
Trammel,2560,256,2639,336,14,9,17,1369003
Trammel,2560,256,2637,344,15,9,17,1369003
Trammel,2560,256,2636,349,15,9,17,1369003
Trammel,2560,256,2637,366,15,9,17,1369003
Trammel,2560,384,2654,398,15,9,17,1107002
Trammel,2560,384,2661,416,15,9,17,1107002
Trammel,2560,384,2662,433,15,9,17,1107002
Trammel,2560,384,2661,443,14,9,17,1107002
Trammel,2560,384,2654,487,15,9,17,1107002
Trammel,2560,384,2653,490,15,9,17,1107002
Trammel,2560,384,2652,493,14,9,17,1107002
Trammel,2560,512,2647,520,0,9,17,1107002
Trammel,2560,512,2646,521,-1,9,17,1107002
Trammel,2560,512,2647,538,0,9,17,1107002
Trammel,2560,512,2646,539,0,9,17,1107002
Trammel,2560,512,2645,541,0,9,17,1107002
Trammel,2560,512,2644,542,0,9,17,1107002
Trammel,2560,512,2643,545,0,9,17,1107002
Trammel,2560,512,2656,547,0,9,17,1107002
Trammel,2560,512,2655,555,0,9,17,1107002
Trammel,2560,512,2654,556,0,9,17,1107002
Trammel,2560,512,2664,568,0,9,17,1107002
Trammel,2560,512,2663,572,0,9,17,1107002
Trammel,2560,512,2661,573,0,9,17,1107002
Trammel,2560,512,2673,573,0,9,17,1107002
Trammel,2560,512,2574,608,0,9,17,1107002
Trammel,2560,512,2560,613,0,9,17,1107002
Trammel,2560,768,2618,838,0,9,17,1369003
Trammel,2560,896,2635,949,0,9,17,1369003
Trammel,2560,896,2629,952,0,9,17,1369003
Trammel,2560,896,2625,958,0,9,17,1369003
Trammel,2560,896,2624,961,0,9,17,1369003
Trammel,2560,1152,2636,1222,0,9,17,1369003
Trammel,2560,2048,2678,2125,0,9,17,1202002
Trammel,2688,128,2688,128,0,9,17,1369003
Trammel,2688,256,2797,267,15,9,17,1369003
Trammel,2688,256,2806,267,15,9,17,1369003
Trammel,2688,256,2730,268,15,9,17,1369003
Trammel,2688,256,2796,268,15,9,17,1369003
Trammel,2688,256,2739,270,17,9,17,1369003
Trammel,2688,256,2805,284,15,9,17,1369003
Trammel,2688,256,2804,285,15,9,17,1369003
Trammel,2688,256,2805,302,15,9,17,1369003
Trammel,2688,256,2804,304,15,9,17,1369003
Trammel,2688,256,2730,308,14,9,17,1369003
Trammel,2688,256,2729,311,15,9,17,1369003
Trammel,2688,256,2802,313,15,9,17,1369003
Trammel,2688,256,2801,322,15,9,17,1369003
Trammel,2688,256,2803,339,15,9,17,1369003
Trammel,2688,256,2688,351,15,9,17,1369003
Trammel,2688,256,2803,356,15,9,17,1369003
Trammel,2688,256,2802,361,15,9,17,1369003
Trammel,2688,256,2717,362,15,9,17,1369003
Trammel,2688,256,2716,363,15,9,17,1369003
Trammel,2688,384,2799,384,15,9,17,1369003
Trammel,2688,384,2801,401,15,9,17,1369003
Trammel,2688,384,2805,418,15,9,17,1369003
Trammel,2688,384,2803,435,17,9,17,1369003
Trammel,2688,384,2804,457,16,9,17,1369003
Trammel,2688,384,2803,468,15,9,17,1369003
Trammel,2688,384,2802,470,15,9,17,1369003
Trammel,2688,384,2804,487,15,9,17,1369003
Trammel,2688,512,2715,512,15,9,17,1114002
Trammel,2688,512,2774,513,2,9,17,1114002
Trammel,2688,512,2773,516,0,9,17,1114002
Trammel,2688,512,2783,517,1,9,17,1114002
Trammel,2688,512,2792,521,0,9,17,1114002
Trammel,2688,512,2805,522,2,9,17,1114002
Trammel,2688,512,2801,526,2,9,17,1114002
Trammel,2688,512,2708,556,0,9,17,1114002
Trammel,2688,512,2707,559,0,9,17,1114002
Trammel,2688,512,2701,560,0,9,17,1114002
Trammel,2688,512,2698,562,0,9,17,1114002
Trammel,2688,512,2688,568,0,9,17,1114002
Trammel,2688,512,2697,569,0,9,17,1114002
Trammel,2688,640,2805,694,0,9,17,1114002
Trammel,2688,640,2799,703,0,9,17,1114002
Trammel,2688,640,2792,715,0,9,17,1114002
Trammel,2688,640,2790,717,0,9,17,1114002
Trammel,2688,640,2785,724,0,9,17,1114002
Trammel,2688,640,2799,732,0,9,17,1114002
Trammel,2688,640,2781,733,0,9,17,1114002
Trammel,2688,640,2794,734,0,9,17,1114002
Trammel,2688,640,2790,741,0,9,17,1114002
Trammel,2688,640,2781,750,0,9,17,1114002
Trammel,2688,768,2784,841,0,9,17,1114002
Trammel,2688,768,2768,848,0,9,17,1114002
Trammel,2688,768,2784,858,0,9,17,1114002
Trammel,2688,768,2784,875,0,9,17,1114002
Trammel,2688,896,2777,930,0,9,17,1114002
Trammel,2688,896,2773,931,0,9,17,1114002
Trammel,2688,896,2765,934,0,9,17,1114002
Trammel,2688,896,2786,934,0,9,17,1114002
Trammel,2688,896,2761,940,0,9,17,1114002
Trammel,2688,896,2753,941,0,9,17,1114002
Trammel,2688,896,2749,945,0,9,17,1114002
Trammel,2688,896,2744,946,0,9,17,1114002
Trammel,2688,896,2743,947,0,9,17,1114002
Trammel,2688,896,2741,951,0,9,17,1114002
Trammel,2688,896,2737,952,0,9,17,1114002
Trammel,2688,896,2733,958,0,9,17,1114002
Trammel,2688,896,2758,958,0,9,17,1114002
Trammel,2688,896,2793,958,0,9,17,1114002
Trammel,2688,896,2721,961,0,9,17,1114002
Trammel,2688,896,2753,962,0,9,17,1114002
Trammel,2688,896,2752,963,0,9,17,1114002
Trammel,2688,896,2717,964,0,9,17,1114002
Trammel,2688,896,2714,967,0,9,17,1114002
Trammel,2688,896,2802,968,0,9,17,1114002
Trammel,2688,896,2793,975,0,9,17,1114002
Trammel,2688,896,2762,977,0,9,17,1114002
Trammel,2688,896,2713,978,0,9,17,1114002
Trammel,2688,896,2726,978,0,9,17,1114002
Trammel,2688,896,2711,979,0,9,17,1114002
Trammel,2688,896,2761,979,0,9,17,1114002
Trammel,2688,896,2752,980,0,9,17,1114002
Trammel,2688,896,2723,981,0,9,17,1114002
Trammel,2688,896,2722,984,0,9,17,1114002
Trammel,2688,896,2771,985,0,9,17,1114002
Trammel,2688,896,2780,985,0,9,17,1114002
Trammel,2688,896,2789,985,0,9,17,1114002
Trammel,2688,896,2710,988,0,9,17,1114002
Trammel,2688,896,2735,992,0,9,17,1114002
Trammel,2688,896,2744,992,0,9,17,1114002
Trammel,2688,896,2798,992,0,9,17,1114002
Trammel,2688,896,2770,994,0,9,17,1114002
Trammel,2688,896,2720,995,0,9,17,1114002
Trammel,2688,896,2732,995,0,9,17,1114002
Trammel,2688,896,2719,996,0,9,17,1114002
Trammel,2688,896,2761,996,0,9,17,1114002
Trammel,2688,896,2753,997,0,9,17,1114002
Trammel,2688,896,2731,998,0,9,17,1114002
Trammel,2688,896,2729,1001,0,9,17,1114002
Trammel,2688,896,2779,1002,0,9,17,1114002
Trammel,2688,896,2788,1002,0,9,17,1114002
Trammel,2688,896,2797,1002,0,9,17,1114002
Trammel,2688,896,2709,1004,0,9,17,1114002
Trammel,2688,896,2718,1005,0,9,17,1114002
Trammel,2688,1024,2775,1029,0,9,17,1369003
Trammel,2688,1024,2750,1047,1,9,17,1369003
Trammel,2688,1024,2744,1048,1,9,17,1369003
Trammel,2688,1024,2737,1071,1,9,17,1369003
Trammel,2688,1024,2736,1078,1,9,17,1369003
Trammel,2688,1024,2731,1083,0,9,17,1369003
Trammel,2688,1024,2725,1089,0,9,17,1369003
Trammel,2688,2048,2720,2152,0,9,17,1202002
Trammel,2688,2176,2710,2217,0,9,17,1202002
Trammel,2688,2176,2689,2220,0,9,17,1202002
Trammel,2688,2176,2709,2222,0,9,17,1202002
Trammel,2816,0,2858,56,0,9,17,1369003
Trammel,2816,0,2889,66,0,9,17,1369003
Trammel,2816,0,2904,97,0,9,17,1369003
Trammel,2816,128,2842,149,0,9,17,1369003
Trammel,2816,128,2841,160,0,9,17,1369003
Trammel,2816,128,2840,161,0,9,17,1369003
Trammel,2816,128,2838,163,0,9,17,1369003
Trammel,2816,128,2837,164,0,9,17,1369003
Trammel,2816,128,2836,166,0,9,17,1369003
Trammel,2816,128,2881,180,0,9,17,1369003
Trammel,2816,256,2934,275,0,9,17,1369003
Trammel,2816,256,2932,277,0,9,17,1369003
Trammel,2816,256,2931,280,0,9,17,1369003
Trammel,2816,256,2929,282,0,9,17,1369003
Trammel,2816,256,2928,283,0,9,17,1369003
Trammel,2816,256,2926,285,0,9,17,1369003
Trammel,2816,256,2925,286,0,9,17,1369003
Trammel,2816,256,2923,288,0,9,17,1369003
Trammel,2816,256,2922,289,0,9,17,1369003
Trammel,2816,256,2921,290,0,9,17,1369003
Trammel,2816,256,2920,291,0,9,17,1369003
Trammel,2816,256,2919,292,0,9,17,1369003
Trammel,2816,256,2918,296,0,9,17,1369003
Trammel,2816,256,2917,302,0,9,17,1369003
Trammel,2816,256,2916,303,0,9,17,1369003
Trammel,2816,256,2853,318,0,9,17,1369003
Trammel,2816,256,2852,319,0,9,17,1369003
Trammel,2816,256,2816,343,15,9,17,1369003
Trammel,2816,384,2816,390,15,9,17,1369003
Trammel,2816,384,2825,400,15,9,17,1369003
Trammel,2816,384,2816,407,15,9,17,1369003
Trammel,2816,384,2825,417,15,9,17,1369003
Trammel,2816,384,2816,424,15,9,17,1369003
Trammel,2816,384,2816,441,15,9,17,1369003
Trammel,2816,384,2816,458,15,9,17,1369003
Trammel,2816,384,2825,465,15,9,17,1369003
Trammel,2816,384,2834,469,15,9,17,1369003
Trammel,2816,384,2816,475,15,9,17,1369003
Trammel,2816,384,2825,482,15,9,17,1369003
Trammel,2816,384,2834,489,15,9,17,1369003
Trammel,2816,384,2816,492,15,9,17,1369003
Trammel,2816,512,2831,560,0,9,17,1114002
Trammel,2816,512,2845,560,0,9,17,1114002
Trammel,2816,512,2840,562,0,9,17,1114002
Trammel,2816,512,2854,566,0,9,17,1114002
Trammel,2816,512,2885,573,0,9,17,1114002
Trammel,2816,512,2882,574,0,9,17,1114002
Trammel,2816,512,2894,574,0,9,17,1114002
Trammel,2816,512,2876,576,0,9,17,1114002
Trammel,2816,512,2872,579,0,9,17,1114002
Trammel,2816,512,2903,585,0,9,17,1114002
Trammel,2816,512,2897,591,0,9,17,1114002
Trammel,2816,512,2930,594,0,9,17,1114002
Trammel,2816,512,2924,595,0,9,17,1114002
Trammel,2816,512,2921,599,0,9,17,1114002
Trammel,2816,512,2912,600,0,9,17,1114002
Trammel,2816,512,2933,611,0,9,17,1114002
Trammel,2816,512,2820,617,0,9,17,1114002
Trammel,2816,640,2825,659,0,9,17,1114002
Trammel,2816,640,2902,660,2,9,17,1114002
Trammel,2816,640,2897,663,0,9,17,1114002
Trammel,2816,640,2889,681,0,9,17,1114002
Trammel,2816,640,2881,697,0,9,17,1114002
Trammel,2816,640,2890,713,0,9,17,1114002
Trammel,2816,640,2889,714,0,9,17,1114002
Trammel,2816,640,2905,721,0,9,17,1114002
Trammel,2816,640,2865,729,0,9,17,1114002
Trammel,2816,768,2849,857,0,9,17,1114002
Trammel,2816,768,2849,874,0,9,17,1114002
Trammel,2816,896,2849,913,0,9,17,1114002
Trammel,2816,3456,2918,3497,10,9,17,1211002
Trammel,2816,3456,2913,3501,10,9,17,1211002
Trammel,2944,0,2947,44,0,9,17,1369003
Trammel,2944,0,2946,45,0,9,17,1369003
Trammel,2944,0,3025,71,0,9,17,1369003
Trammel,2944,0,3034,74,0,9,17,1369003
Trammel,2944,0,3051,75,0,9,17,1369003
Trammel,2944,0,3024,77,0,9,17,1369003
Trammel,2944,0,3023,81,0,9,17,1369003
Trammel,2944,0,3047,88,0,9,17,1369003
Trammel,2944,0,3035,91,0,9,17,1369003
Trammel,2944,0,3034,94,0,9,17,1369003
Trammel,2944,0,3044,94,0,9,17,1369003
Trammel,2944,0,3032,97,0,9,17,1369003
Trammel,2944,0,3024,98,0,9,17,1369003
Trammel,2944,0,3019,100,0,9,17,1369003
Trammel,2944,0,3018,101,0,9,17,1369003
Trammel,2944,0,3043,108,0,9,17,1369003
Trammel,2944,128,3022,128,0,9,17,1369003
Trammel,2944,128,3046,129,0,9,17,1369003
Trammel,2944,128,3021,134,0,9,17,1369003
Trammel,2944,128,3039,137,0,9,17,1369003
Trammel,2944,128,3031,140,0,9,17,1369003
Trammel,2944,128,3025,152,0,9,17,1369003
Trammel,2944,128,3040,154,0,9,17,1369003
Trammel,2944,128,2983,155,0,9,17,1369003
Trammel,2944,128,2982,156,0,9,17,1369003
Trammel,2944,128,3024,156,-1,9,17,1369003
Trammel,2944,128,3034,157,0,9,17,1369003
Trammel,2944,128,3023,168,0,9,17,1369003
Trammel,2944,128,3033,169,0,9,17,1369003
Trammel,2944,128,3022,170,0,9,17,1369003
Trammel,2944,128,2976,173,0,9,17,1369003
Trammel,2944,128,3017,173,0,9,17,1369003
Trammel,2944,128,3032,173,0,9,17,1369003
Trammel,2944,128,2975,174,0,9,17,1369003
Trammel,2944,128,3010,174,0,9,17,1369003
Trammel,2944,128,2974,178,0,9,17,1369003
Trammel,2944,128,2973,179,-1,9,17,1369003
Trammel,2944,128,3009,180,0,9,17,1369003
Trammel,2944,128,3007,188,0,9,17,1369003
Trammel,2944,128,3023,190,0,9,17,1369003
Trammel,2944,128,3033,190,0,9,17,1369003
Trammel,2944,128,2971,195,0,9,17,1369003
Trammel,2944,128,3032,197,0,9,17,1369003
Trammel,2944,128,2983,199,0,9,17,1369003
Trammel,2944,128,2969,203,0,9,17,1369003
Trammel,2944,128,3019,203,0,9,17,1369003
Trammel,2944,128,3013,214,0,9,17,1369003
Trammel,2944,128,3047,215,0,9,17,1369003
Trammel,2944,128,3022,220,0,9,17,1369003
Trammel,2944,256,2947,256,0,9,17,1369003
Trammel,2944,256,2945,262,0,9,17,1369003
Trammel,2944,256,3030,302,0,9,17,1369003
Trammel,2944,256,2957,356,0,9,17,1369003
Trammel,2944,384,3015,384,0,9,17,1369003
Trammel,2944,384,2980,405,0,9,17,1369003
Trammel,2944,384,2971,407,1,9,17,1369003
Trammel,2944,384,2970,410,1,9,17,1369003
Trammel,2944,384,2966,424,1,9,17,1369003
Trammel,2944,384,2962,429,1,9,17,1369003
Trammel,2944,384,2975,440,0,9,17,1369003
Trammel,2944,384,2971,441,0,9,17,1369003
Trammel,2944,384,2965,446,0,9,17,1369003
Trammel,2944,384,2961,447,1,9,17,1369003
Trammel,2944,384,2960,448,1,9,17,1369003
Trammel,2944,384,2944,463,0,9,17,1369003
Trammel,2944,512,3015,526,0,9,17,1114002
Trammel,2944,512,3013,531,0,9,17,1114002
Trammel,2944,512,3050,547,0,9,17,1114002
Trammel,2944,512,3048,550,0,9,17,1114002
Trammel,2944,512,3044,589,0,9,17,1114002
Trammel,2944,512,3040,590,0,9,17,1114002
Trammel,2944,512,3053,591,0,9,17,1114002
Trammel,2944,512,3024,592,0,9,17,1114002
Trammel,2944,512,3033,592,0,9,17,1114002
Trammel,2944,512,3062,592,0,9,17,1114002
Trammel,2944,512,2944,595,0,9,17,1114002
Trammel,2944,512,2973,595,0,9,17,1114002
Trammel,2944,512,2982,595,0,9,17,1114002
Trammel,2944,512,3023,596,0,9,17,1114002
Trammel,2944,512,3021,597,0,9,17,1114002
Trammel,2944,512,2953,598,0,9,17,1114002
Trammel,2944,512,2962,598,0,9,17,1114002
Trammel,2944,512,2971,598,0,9,17,1114002
Trammel,2944,512,2991,602,0,9,17,1114002
Trammel,2944,512,3049,606,0,9,17,1114002
Trammel,2944,512,3042,607,0,9,17,1114002
Trammel,2944,512,3058,608,0,9,17,1114002
Trammel,2944,512,3032,609,0,9,17,1114002
Trammel,2944,512,3041,609,0,9,17,1114002
Trammel,2944,512,2980,612,0,9,17,1114002
Trammel,2944,512,2989,612,0,9,17,1114002
Trammel,2944,512,3030,613,0,9,17,1114002
Trammel,2944,512,3023,614,0,9,17,1114002
Trammel,2944,512,3001,619,0,9,17,1114002
Trammel,2944,640,2966,640,0,9,17,1114002
Trammel,2944,640,3001,640,0,9,17,1114002
Trammel,2944,640,3023,640,0,9,17,1114002
Trammel,2944,640,3032,640,0,9,17,1114002
Trammel,2944,640,3041,640,0,9,17,1114002
Trammel,2944,640,3050,640,0,9,17,1114002
Trammel,2944,640,3059,640,0,9,17,1114002
Trammel,2944,640,2975,648,0,9,17,1114002
Trammel,2944,640,2984,649,0,9,17,1114002
Trammel,2944,640,2993,649,0,9,17,1114002
Trammel,2944,640,2973,657,0,9,17,1114002
Trammel,2944,640,3024,657,0,9,17,1114002
Trammel,2944,640,3033,657,0,9,17,1114002
Trammel,2944,640,3042,657,0,9,17,1114002
Trammel,2944,640,3051,657,0,9,17,1114002
Trammel,2944,640,3060,657,0,9,17,1114002
Trammel,2944,640,3023,658,0,9,17,1114002
Trammel,2944,640,2982,665,0,9,17,1114002
Trammel,2944,640,2991,666,0,9,17,1114002
Trammel,2944,640,3045,674,0,9,17,1114002
Trammel,2944,640,3060,733,0,9,17,1114002
Trammel,2944,768,2980,802,-1,9,17,1114002
Trammel,2944,768,2977,803,0,9,17,1114002
Trammel,2944,768,2972,825,0,9,17,1114002
Trammel,2944,3328,2944,3344,15,9,17,1211002
Trammel,2944,3328,3038,3370,15,9,17,1211002
Trammel,2944,3328,3017,3371,15,9,17,1211002
Trammel,2944,3328,3026,3371,15,9,17,1211002
Trammel,2944,3328,3035,3371,15,9,17,1211002
Trammel,2944,3328,3017,3388,15,9,17,1211002
Trammel,2944,3328,3037,3388,15,9,17,1211002
Trammel,2944,3328,3035,3402,16,9,17,1211002
Trammel,2944,3328,2977,3419,15,9,17,1211002
Trammel,2944,3328,3025,3433,15,9,17,1211002
Trammel,3072,0,3170,15,0,9,17,1369003
Trammel,3072,0,3169,16,0,9,17,1369003
Trammel,3072,0,3162,17,0,9,17,1369003
Trammel,3072,0,3161,18,0,9,17,1369003
Trammel,3072,0,3179,18,0,9,17,1369003
Trammel,3072,0,3158,23,0,9,17,1369003
Trammel,3072,0,3157,24,0,9,17,1369003
Trammel,3072,0,3156,25,0,9,17,1369003
Trammel,3072,0,3155,27,0,9,17,1369003
Trammel,3072,0,3154,28,0,9,17,1369003
Trammel,3072,0,3161,46,2,9,17,1369003
Trammel,3072,0,3108,48,0,9,17,1369003
Trammel,3072,0,3138,49,0,9,17,1369003
Trammel,3072,0,3107,50,0,9,17,1369003
Trammel,3072,0,3160,50,4,9,17,1369003
Trammel,3072,0,3106,51,0,9,17,1369003
Trammel,3072,0,3137,52,0,9,17,1369003
Trammel,3072,0,3136,53,0,9,17,1369003
Trammel,3072,0,3157,54,4,9,17,1369003
Trammel,3072,0,3134,55,0,9,17,1369003
Trammel,3072,0,3154,59,4,9,17,1369003
Trammel,3072,0,3148,61,2,9,17,1369003
Trammel,3072,0,3166,67,4,9,17,1369003
Trammel,3072,0,3180,70,0,9,17,1369003
Trammel,3072,0,3176,72,2,9,17,1369003
Trammel,3072,128,3128,163,0,9,17,1369003
Trammel,3072,128,3125,164,0,9,17,1369003
Trammel,3072,128,3122,166,2,9,17,1369003
Trammel,3072,128,3121,168,2,9,17,1369003
Trammel,3072,128,3120,170,2,9,17,1369003
Trammel,3072,128,3119,172,2,9,17,1369003
Trammel,3072,128,3118,175,2,9,17,1369003
Trammel,3072,128,3117,182,2,9,17,1369003
Trammel,3072,128,3190,232,0,9,17,1369003
Trammel,3072,256,3188,298,1,9,17,1369003
Trammel,3072,256,3186,300,2,9,17,1369003
Trammel,3072,256,3175,307,0,9,17,1369003
Trammel,3072,256,3171,308,0,9,17,1369003
Trammel,3072,256,3168,319,0,9,17,1369003
Trammel,3072,256,3189,319,4,9,17,1369003
Trammel,3072,256,3183,324,2,9,17,1369003
Trammel,3072,256,3165,326,0,9,17,1369003
Trammel,3072,256,3108,330,0,9,17,1369003
Trammel,3072,256,3124,339,0,9,17,1369003
Trammel,3072,256,3117,340,0,9,17,1369003
Trammel,3072,256,3182,341,2,9,17,1369003
Trammel,3072,256,3181,342,2,9,17,1369003
Trammel,3072,256,3180,343,3,9,17,1369003
Trammel,3072,256,3179,344,2,9,17,1369003
Trammel,3072,256,3178,345,2,9,17,1369003
Trammel,3072,256,3177,348,2,9,17,1369003
Trammel,3072,256,3134,353,0,9,17,1369003
Trammel,3072,256,3127,359,0,9,17,1369003
Trammel,3072,256,3143,360,0,9,17,1369003
Trammel,3072,256,3165,361,2,9,17,1369003
Trammel,3072,256,3152,362,0,9,17,1369003
Trammel,3072,512,3166,586,8,9,17,1369003
Trammel,3072,512,3165,588,8,9,17,1369003
Trammel,3072,512,3161,589,8,9,17,1369003
Trammel,3072,512,3154,596,8,9,17,1369003
Trammel,3072,512,3153,605,8,9,17,1369003
Trammel,3072,512,3168,608,8,9,17,1369003
Trammel,3072,512,3185,609,8,9,17,1369003
Trammel,3072,512,3184,610,8,9,17,1369003
Trammel,3072,512,3163,611,8,9,17,1369003
Trammel,3072,512,3162,613,8,9,17,1369003
Trammel,3072,640,3166,739,5,9,17,1369003
Trammel,3072,768,3148,768,0,9,17,1369003
Trammel,3072,768,3161,768,0,9,17,1369003
Trammel,3072,768,3170,768,0,9,17,1369003
Trammel,3072,768,3179,768,0,9,17,1369003
Trammel,3072,768,3147,771,0,9,17,1369003
Trammel,3072,768,3188,779,0,9,17,1369003
Trammel,3072,768,3157,781,0,9,17,1369003
Trammel,3072,768,3156,785,0,9,17,1369003
Trammel,3072,768,3166,785,0,9,17,1369003
Trammel,3072,768,3175,785,0,9,17,1369003
Trammel,3200,0,3265,92,0,9,17,1369003
Trammel,3200,0,3275,100,0,9,17,1369003
Trammel,3200,0,3284,108,0,9,17,1369003
Trammel,3200,128,3239,146,0,9,17,1369003
Trammel,3200,128,3280,231,0,9,17,1369003
Trammel,3200,128,3317,235,0,9,17,1369003
Trammel,3200,128,3316,238,-2,9,17,1369003
Trammel,3200,256,3214,280,0,9,17,1369003
Trammel,3200,256,3223,280,0,9,17,1369003
Trammel,3200,512,3213,559,5,9,17,1369003
Trammel,3200,512,3223,569,5,9,17,1369003
Trammel,3200,512,3292,611,0,9,17,1369003
Trammel,3200,512,3261,617,0,9,17,1369003
Trammel,3200,512,3251,620,0,9,17,1369003
Trammel,3200,640,3239,640,0,9,17,1369003
Trammel,3200,640,3248,640,0,9,17,1369003
Trammel,3200,640,3238,642,0,9,17,1369003
Trammel,3200,640,3233,649,0,9,17,1369003
Trammel,3200,640,3247,657,0,9,17,1369003
Trammel,3200,640,3242,659,0,9,17,1369003
Trammel,3200,640,3229,664,0,9,17,1369003
Trammel,3200,640,3238,666,0,9,17,1369003
Trammel,3200,640,3228,667,0,9,17,1369003
Trammel,3200,640,3227,669,0,9,17,1369003
Trammel,3200,640,3209,673,0,9,17,1369003
Trammel,3200,640,3289,673,0,9,17,1369003
Trammel,3200,640,3218,674,0,9,17,1369003
Trammel,3200,640,3288,676,-2,9,17,1369003
Trammel,3200,640,3227,686,0,9,17,1369003
Trammel,3200,640,3287,688,0,9,17,1369003
Trammel,3200,640,3286,690,1,9,17,1369003
Trammel,3200,640,3209,691,0,9,17,1369003
Trammel,3200,640,3219,691,0,9,17,1369003
Trammel,3200,640,3285,692,0,9,17,1369003
Trammel,3200,640,3218,698,0,9,17,1369003
Trammel,3200,640,3214,708,0,9,17,1369003
Trammel,3200,640,3205,740,0,9,17,1369003
Trammel,3328,128,3364,183,-1,9,17,1369003
Trammel,3328,128,3363,184,0,9,17,1369003
Trammel,3328,128,3355,191,0,9,17,1369003
Trammel,3328,128,3352,192,0,9,17,1369003
Trammel,3328,128,3338,209,0,9,17,1369003
Trammel,3328,128,3328,210,0,9,17,1369003
Trammel,3328,128,3328,227,0,9,17,1369003
Trammel,3328,128,3337,227,0,9,17,1369003
Trammel,3328,256,3408,264,0,9,17,1369003
Trammel,3328,256,3407,265,2,9,17,1369003
Trammel,3328,256,3335,328,4,9,17,1369003
Trammel,3328,256,3333,329,4,9,17,1369003
Trammel,3328,256,3332,334,4,9,17,1369003
Trammel,3328,256,3347,340,4,9,17,1369003
Trammel,3328,256,3346,342,4,9,17,1369003
Trammel,3328,256,3341,346,4,9,17,1369003
Trammel,3328,384,3445,442,0,9,17,1369003
Trammel,3328,384,3444,445,0,9,17,1369003
Trammel,3328,384,3443,454,0,9,17,1369003
Trammel,3328,384,3440,461,0,9,17,1369003
Trammel,3328,384,3439,465,0,9,17,1369003
Trammel,3328,640,3417,640,0,9,17,1369003
Trammel,3328,640,3426,640,0,9,17,1369003
Trammel,3328,640,3328,643,0,9,17,1369003
Trammel,3328,640,3415,643,0,9,17,1369003
Trammel,3328,640,3409,649,0,9,17,1369003
Trammel,3328,640,3408,652,0,9,17,1369003
Trammel,3328,640,3405,654,0,9,17,1369003
Trammel,3328,2560,3403,2620,48,9,17,1210002
Trammel,3328,2560,3402,2623,47,9,17,1210002
Trammel,3328,2560,3401,2624,47,9,17,1210002
Trammel,3328,2560,3400,2625,47,9,17,1210002
Trammel,3328,2560,3412,2647,49,9,17,1210002
Trammel,3328,2560,3409,2650,50,9,17,1210002
Trammel,3328,2688,3405,2689,48,9,17,1393003
Trammel,3456,128,3457,128,0,9,17,1369003
Trammel,3456,128,3466,136,0,9,17,1369003
Trammel,3456,128,3462,172,-1,9,17,1369003
Trammel,3456,256,3509,281,0,9,17,1369003
Trammel,3456,256,3508,282,0,9,17,1369003
Trammel,3456,256,3507,283,0,9,17,1369003
Trammel,3456,256,3500,289,0,9,17,1369003
Trammel,3456,256,3498,290,0,9,17,1369003
Trammel,3456,256,3496,292,0,9,17,1369003
Trammel,3456,256,3489,307,0,9,17,1369003
Trammel,3456,256,3496,349,0,9,17,1369003
Trammel,3456,384,3465,409,0,9,17,1369003
Trammel,3456,384,3464,410,0,9,17,1369003
Trammel,3456,1152,3561,1178,0,9,17,1209002
Trammel,3456,1152,3534,1193,0,9,17,1209002
Trammel,3456,1152,3568,1195,0,9,17,1209002
Trammel,3456,1152,3560,1205,0,9,17,1209002
Trammel,3456,1152,3557,1208,0,9,17,1209002
Trammel,3456,2432,3529,2532,20,9,17,1210002
Trammel,3584,1024,3689,1086,0,9,17,1209002
Trammel,3584,1152,3638,1155,0,9,17,1209002
Trammel,3584,1152,3673,1163,0,9,17,1209002
Trammel,3584,1152,3643,1176,0,9,17,1209002
Trammel,3584,1152,3702,1184,0,9,17,1209002
Trammel,3584,1152,3700,1185,0,9,17,1209002
Trammel,3584,1152,3688,1188,0,9,17,1209002
Trammel,3584,1152,3697,1188,0,9,17,1209002
Trammel,3584,1152,3642,1189,0,9,17,1209002
Trammel,3584,1152,3636,1190,0,9,17,1209002
Trammel,3584,1152,3633,1194,0,9,17,1209002
Trammel,3584,1152,3632,1195,0,9,17,1209002
Trammel,3584,1152,3633,1212,0,9,17,1209002
Trammel,3584,1152,3608,1217,0,9,17,1209002
Trammel,3584,1152,3632,1228,0,9,17,1209002
Trammel,3584,1152,3632,1245,0,9,17,1209002
Trammel,3584,1152,3627,1248,0,9,17,1209002
Trammel,3584,1152,3625,1249,0,9,17,1209002
Trammel,3584,1280,3696,1312,0,9,17,1209002
Trammel,3584,1280,3658,1319,0,9,17,1209002
Trammel,3584,2048,3689,2048,5,9,17,1206002
Trammel,3584,2048,3698,2048,5,9,17,1206002
Trammel,3584,2048,3688,2049,6,9,17,1206002
Trammel,3584,2048,3687,2053,7,9,17,1206002
Trammel,3584,2048,3686,2054,7,9,17,1206002
Trammel,3584,2048,3655,2055,25,9,17,1206002
Trammel,3584,2048,3685,2055,6,9,17,1206002
Trammel,3584,2048,3683,2056,6,9,17,1206002
Trammel,3584,2048,3647,2057,25,9,17,1206002
Trammel,3584,2048,3682,2057,6,9,17,1206002
Trammel,3584,2048,3681,2058,7,9,17,1206002
Trammel,3584,2048,3668,2071,20,9,17,1206002
Trammel,3584,2048,3645,2077,25,9,17,1206002
Trammel,3584,2048,3635,2080,25,9,17,1206002
Trammel,3584,2048,3644,2080,25,9,17,1206002
Trammel,3584,2048,3702,2080,3,9,17,1206002
Trammel,3584,2048,3684,2082,5,9,17,1206002
Trammel,3584,2048,3693,2082,5,9,17,1206002
Trammel,3584,2048,3654,2124,22,9,17,1206002
Trammel,3584,2048,3674,2124,20,9,17,1206002
Trammel,3584,2048,3685,2124,25,9,17,1206002
Trammel,3584,2048,3694,2124,25,9,17,1206002
Trammel,3584,2048,3663,2125,20,9,17,1206002
Trammel,3584,2048,3672,2140,20,9,17,1206002
Trammel,3584,2048,3660,2141,20,9,17,1206002
Trammel,3584,2048,3669,2142,20,9,17,1206002
Trammel,3584,2048,3689,2144,20,9,17,1206002
Trammel,3584,2048,3698,2144,20,9,17,1206002
Trammel,3584,2048,3681,2147,20,9,17,1206002
Trammel,3584,2048,3678,2157,20,9,17,1206002
Trammel,3584,2176,3627,2176,29,9,17,1206002
Trammel,3584,2176,3636,2176,29,9,17,1206002
Trammel,3584,2176,3676,2176,20,9,17,1206002
Trammel,3584,2176,3685,2176,20,9,17,1206002
Trammel,3584,2176,3694,2176,20,9,17,1206002
Trammel,3584,2176,3675,2184,20,9,17,1206002
Trammel,3584,2176,3655,2190,25,9,17,1206002
Trammel,3584,2176,3664,2190,25,9,17,1206002
Trammel,3584,2176,3628,2195,27,9,17,1206002
Trammel,3584,2176,3637,2195,27,9,17,1206002
Trammel,3584,2176,3675,2201,20,9,17,1206002
Trammel,3584,2176,3653,2210,20,9,17,1206002
Trammel,3584,2176,3662,2210,20,9,17,1206002
Trammel,3584,2176,3671,2210,20,9,17,1206002
Trammel,3584,2176,3650,2213,20,9,17,1206002
Trammel,3584,2176,3680,2218,20,9,17,1206002
Trammel,3584,2176,3693,2223,20,9,17,1206002
Trammel,3584,2176,3702,2223,20,9,17,1206002
Trammel,3584,2176,3689,2224,20,9,17,1206002
Trammel,3584,2176,3659,2227,20,9,17,1206002
Trammel,3584,2176,3668,2227,20,9,17,1206002
Trammel,3584,2176,3655,2230,20,9,17,1206002
Trammel,3584,2432,3625,2476,0,9,17,1210002
Trammel,3584,2432,3617,2481,0,9,17,1210002
Trammel,3584,2432,3649,2481,0,9,17,1210002
Trammel,3584,2432,3677,2481,0,9,17,1210002
Trammel,3584,2432,3597,2482,0,9,17,1210002
Trammel,3584,2432,3617,2498,0,9,17,1210002
Trammel,3584,2432,3677,2498,0,9,17,1210002
Trammel,3584,2432,3626,2506,0,9,17,1210002
Trammel,3584,2432,3673,2506,0,9,17,1210002
Trammel,3584,2432,3645,2513,0,9,17,1210002
Trammel,3584,2432,3641,2527,0,9,17,1210002
Trammel,3584,2432,3650,2537,0,9,17,1210002
Trammel,3584,2560,3672,2560,0,9,17,1210002
Trammel,3584,2560,3615,2583,0,9,17,1210002
Trammel,3584,2560,3647,2583,0,9,17,1210002
Trammel,3584,2560,3646,2586,0,9,17,1210002
Trammel,3584,2560,3701,2604,20,9,17,1210002
Trammel,3584,2560,3589,2608,0,9,17,1210002
Trammel,3584,2560,3600,2611,0,9,17,1210002
Trammel,3584,2560,3647,2615,0,9,17,1210002
Trammel,3584,2560,3700,2617,20,9,17,1210002
Trammel,3712,1152,3758,1152,0,9,17,1209002
Trammel,3712,1152,3757,1156,0,9,17,1209002
Trammel,3712,1152,3756,1165,0,9,17,1209002
Trammel,3712,1152,3785,1176,0,9,17,1209002
Trammel,3712,1152,3784,1177,0,9,17,1209002
Trammel,3712,1152,3714,1187,0,9,17,1209002
Trammel,3712,1152,3713,1192,0,9,17,1209002
Trammel,3712,1152,3712,1194,0,9,17,1209002
Trammel,3712,1152,3783,1196,0,9,17,1209002
Trammel,3712,1152,3784,1242,0,9,17,1209002
Trammel,3712,1152,3796,1255,0,9,17,1209002
Trammel,3712,1152,3785,1259,0,9,17,1209002
Trammel,3712,1280,3776,1280,0,9,17,1209002
Trammel,3712,1280,3715,1327,0,9,17,1209002
Trammel,3712,1280,3752,1328,0,9,17,1209002
Trammel,3712,1280,3761,1339,0,9,17,1209002
Trammel,3712,1280,3731,1370,0,9,17,1209002
Trammel,3712,2048,3733,2048,5,9,17,1206002
Trammel,3712,2048,3749,2063,25,9,17,1206002
Trammel,3712,2048,3758,2063,25,9,17,1206002
Trammel,3712,2048,3748,2064,25,9,17,1206002
Trammel,3712,2048,3733,2065,5,9,17,1206002
Trammel,3712,2048,3729,2069,5,9,17,1206002
Trammel,3712,2048,3727,2070,5,9,17,1206002
Trammel,3712,2048,3712,2079,5,9,17,1206002
Trammel,3712,2048,3721,2079,5,9,17,1206002
Trammel,3712,2048,3764,2083,25,9,17,1206002
Trammel,3712,2048,3773,2083,25,9,17,1206002
Trammel,3712,2048,3749,2084,20,9,17,1206002
Trammel,3712,2048,3741,2100,19,9,17,1206002
Trammel,3712,2048,3750,2101,20,9,17,1206002
Trammel,3712,2048,3759,2103,20,9,17,1206002
Trammel,3712,2048,3768,2103,20,9,17,1206002
Trammel,3712,2048,3784,2107,30,9,17,1206002
Trammel,3712,2048,3793,2107,30,9,17,1206002
Trammel,3712,2048,3715,2113,18,9,17,1206002
Trammel,3712,2048,3734,2113,20,9,17,1206002
Trammel,3712,2048,3712,2114,20,9,17,1206002
Trammel,3712,2048,3724,2117,20,9,17,1206002
Trammel,3712,2048,3747,2121,25,9,17,1206002
Trammel,3712,2048,3765,2121,25,9,17,1206002
Trammel,3712,2048,3774,2121,25,9,17,1206002
Trammel,3712,2048,3746,2122,25,9,17,1206002
Trammel,3712,2048,3733,2125,20,9,17,1206002
Trammel,3712,2048,3785,2128,25,9,17,1206002
Trammel,3712,2048,3794,2129,25,9,17,1206002
Trammel,3712,2048,3721,2130,20,9,17,1206002
Trammel,3712,2048,3712,2131,20,9,17,1206002
Trammel,3712,2048,3730,2134,20,9,17,1206002
Trammel,3712,2048,3721,2147,20,9,17,1206002
Trammel,3712,2048,3712,2148,20,9,17,1206002
Trammel,3712,2048,3730,2151,20,9,17,1206002
Trammel,3712,2176,3712,2176,20,9,17,1206002
Trammel,3712,2176,3721,2176,20,9,17,1206002
Trammel,3712,2176,3739,2188,20,9,17,1206002
Trammel,3712,2176,3712,2193,20,9,17,1206002
Trammel,3712,2176,3721,2193,20,9,17,1206002
Trammel,3712,2176,3739,2205,20,9,17,1206002
Trammel,3712,2176,3730,2208,20,9,17,1206002
Trammel,3712,2176,3712,2210,20,9,17,1206002
Trammel,3712,2176,3721,2210,20,9,17,1206002
Trammel,3712,2176,3739,2222,20,9,17,1206002
Trammel,3712,2176,3730,2225,20,9,17,1206002
Trammel,3712,2176,3719,2227,20,9,17,1206002
Trammel,3712,2176,3728,2227,20,9,17,1206002
Trammel,3712,2560,3726,2574,38,9,17,1210002
Trammel,3712,2560,3735,2574,40,9,17,1210002
Trammel,3712,2560,3725,2581,40,9,17,1210002
Trammel,3712,2560,3734,2591,40,9,17,1210002
Trammel,3712,2560,3743,2591,40,9,17,1210002
Trammel,3712,2560,3727,2598,40,9,17,1210002
Trammel,3712,2560,3712,2604,20,9,17,1210002
Trammel,3712,2560,3736,2608,40,9,17,1210002
Trammel,3712,2560,3712,2621,20,9,17,1210002
Trammel,3712,2560,3740,2638,40,9,17,1210002
Trammel,3712,2560,3738,2646,40,9,17,1210002
Trammel,3712,2560,3732,2647,40,9,17,1210002
Trammel,3712,2560,3749,2653,40,9,17,1210002
Trammel,3712,2560,3747,2655,40,9,17,1210002
Trammel,3712,2560,3730,2656,40,9,17,1210002
Trammel,3712,2688,3745,2698,40,9,17,1210002
Trammel,3840,128,3904,197,0,9,17,1369003
Trammel,3840,128,3903,198,0,9,17,1369003
Trammel,3840,128,3902,199,0,9,17,1369003
Trammel,3840,128,3928,199,0,9,17,1369003
Trammel,3840,128,3900,200,0,9,17,1369003
Trammel,3840,128,3927,200,0,9,17,1369003
Trammel,3840,128,3926,201,0,9,17,1369003
Trammel,3840,128,3899,202,0,9,17,1369003
Trammel,3840,128,3898,203,0,9,17,1369003
Trammel,3840,128,3925,203,0,9,17,1369003
Trammel,3840,128,3897,204,0,9,17,1369003
Trammel,3840,128,3896,206,0,9,17,1369003
Trammel,3840,128,3893,208,-1,9,17,1369003
Trammel,3840,128,3923,208,-1,9,17,1369003
Trammel,3840,128,3892,211,0,9,17,1369003
Trammel,3840,128,3937,211,0,9,17,1369003
Trammel,3840,128,3922,212,1,9,17,1369003
Trammel,3840,128,3921,213,2,9,17,1369003
Trammel,3840,128,3891,214,0,9,17,1369003
Trammel,3840,128,3946,214,0,9,17,1369003
Trammel,3840,128,3955,214,0,9,17,1369003
Trammel,3840,128,3890,215,0,9,17,1369003
Trammel,3840,128,3918,216,2,9,17,1369003
Trammel,3840,128,3936,216,0,9,17,1369003
Trammel,3840,128,3889,217,0,9,17,1369003
Trammel,3840,128,3917,217,1,9,17,1369003
Trammel,3840,128,3935,217,0,9,17,1369003
Trammel,3840,128,3888,218,0,9,17,1369003
Trammel,3840,128,3913,218,0,9,17,1369003
Trammel,3840,128,3934,218,0,9,17,1369003
Trammel,3840,128,3887,220,0,9,17,1369003
Trammel,3840,128,3932,220,0,9,17,1369003
Trammel,3840,128,3886,222,0,9,17,1369003
Trammel,3840,128,3885,223,0,9,17,1369003
Trammel,3840,128,3931,225,0,9,17,1369003
Trammel,3840,128,3884,226,0,9,17,1369003
Trammel,3840,128,3945,228,0,9,17,1369003
Trammel,3840,128,3883,229,0,9,17,1369003
Trammel,3840,128,3930,229,0,9,17,1369003
Trammel,3840,128,3882,230,0,9,17,1369003
Trammel,3840,128,3927,230,0,9,17,1369003
Trammel,3840,128,3954,231,0,9,17,1369003
Trammel,3840,128,3881,232,0,9,17,1369003
Trammel,3840,128,3880,233,0,9,17,1369003
Trammel,3840,128,3944,233,0,9,17,1369003
Trammel,3840,128,3879,234,0,9,17,1369003
Trammel,3840,128,3897,234,0,9,17,1369003
Trammel,3840,128,3911,234,0,9,17,1369003
Trammel,3840,128,3943,234,0,9,17,1369003
Trammel,3840,128,3878,235,0,9,17,1369003
Trammel,3840,128,3896,235,0,9,17,1369003
Trammel,3840,128,3910,235,0,9,17,1369003
Trammel,3840,128,3941,235,0,9,17,1369003
Trammel,3840,128,3877,236,0,9,17,1369003
Trammel,3840,128,3906,236,0,9,17,1369003
Trammel,3840,128,3876,237,0,9,17,1369003
Trammel,3840,128,3895,237,0,9,17,1369003
Trammel,3840,128,3940,237,0,9,17,1369003
Trammel,3840,128,3875,238,0,9,17,1369003
Trammel,3840,256,3871,256,0,9,17,1369003
Trammel,3840,256,3880,256,0,9,17,1369003
Trammel,3840,256,3889,256,0,9,17,1369003
Trammel,3840,256,3898,256,0,9,17,1369003
Trammel,3840,256,3907,256,0,9,17,1369003
Trammel,3840,256,3916,256,0,9,17,1369003
Trammel,3840,256,3925,256,0,9,17,1369003
Trammel,3840,256,3885,273,0,9,17,1369003
Trammel,3840,256,3894,273,0,9,17,1369003
Trammel,3840,256,3903,273,0,9,17,1369003
Trammel,3840,256,3924,273,0,9,17,1369003
Trammel,3840,256,3923,278,1,9,17,1369003
Trammel,3840,256,3922,279,2,9,17,1369003
Trammel,3840,256,3919,282,2,9,17,1369003
Trammel,3840,256,3912,283,0,9,17,1369003
Trammel,3840,256,3906,290,0,9,17,1369003
Trammel,3840,256,3932,292,0,9,17,1369003
Trammel,3840,256,3931,295,0,9,17,1369003
Trammel,3840,256,3928,296,0,9,17,1369003
Trammel,3840,256,3921,299,0,9,17,1369003
Trammel,3840,256,3915,300,0,9,17,1369003
Trammel,3840,256,3909,307,0,9,17,1369003
Trammel,3840,256,3940,314,0,9,17,1369003
Trammel,3840,256,3924,316,0,9,17,1369003
Trammel,3840,256,3918,317,0,9,17,1369003
Trammel,3840,256,3939,320,1,9,17,1369003
Trammel,3840,256,3938,321,2,9,17,1369003
Trammel,3840,256,3910,324,0,9,17,1369003
Trammel,3840,256,3935,324,2,9,17,1369003
Trammel,3840,256,3934,325,1,9,17,1369003
Trammel,3840,256,3909,326,-1,9,17,1369003
Trammel,3840,256,3933,326,0,9,17,1369003
Trammel,3840,256,3927,333,0,9,17,1369003
Trammel,3840,256,3948,333,0,9,17,1369003
Trammel,3840,256,3919,334,0,9,17,1369003
Trammel,3840,256,3947,337,0,9,17,1369003
Trammel,3840,256,3944,338,0,9,17,1369003
Trammel,3840,256,3918,341,0,9,17,1369003
Trammel,3840,256,3943,341,0,9,17,1369003
Trammel,3840,256,3942,342,0,9,17,1369003
Trammel,3840,256,3909,343,0,9,17,1369003
Trammel,3840,256,3936,343,0,9,17,1369003
Trammel,3840,256,3908,350,0,9,17,1369003
Trammel,3840,256,3928,350,0,9,17,1369003
Trammel,3840,256,3956,350,0,9,17,1369003
Trammel,3840,256,3907,351,-1,9,17,1369003
Trammel,3840,256,3927,351,0,9,17,1369003
Trammel,3840,256,3953,354,0,9,17,1369003
Trammel,3840,256,3952,355,0,9,17,1369003
Trammel,3840,256,3906,356,0,9,17,1369003
Trammel,3840,256,3921,358,2,9,17,1369003
Trammel,3840,256,3951,358,0,9,17,1369003
Trammel,3840,256,3945,359,0,9,17,1369003
Trammel,3840,256,3937,360,0,9,17,1369003
Trammel,3840,256,3920,362,1,9,17,1369003
Trammel,3840,256,3917,363,0,9,17,1369003
Trammel,3840,384,3903,384,0,9,17,1369003
Trammel,3840,384,3912,384,0,9,17,1369003
Trammel,3840,384,3921,384,0,9,17,1369003
Trammel,3840,384,3930,384,0,9,17,1369003
Trammel,3840,384,3939,384,0,9,17,1369003
Trammel,3840,384,3952,384,1,9,17,1369003
Trammel,3840,384,3948,385,0,9,17,1369003
Trammel,3840,384,3902,387,0,9,17,1369003
Trammel,3840,384,3901,400,0,9,17,1369003
Trammel,3840,384,3911,401,0,9,17,1369003
Trammel,3840,384,3927,401,2,9,17,1369003
Trammel,3840,384,3936,401,0,9,17,1369003
Trammel,3840,384,3953,402,0,9,17,1369003
Trammel,3840,384,3900,403,0,9,17,1369003
Trammel,3840,384,3910,404,0,9,17,1369003
Trammel,3840,384,3924,404,2,9,17,1369003
Trammel,3840,384,3923,405,1,9,17,1369003
Trammel,3840,384,3899,406,0,9,17,1369003
Trammel,3840,384,3920,406,0,9,17,1369003
Trammel,3840,384,3898,411,0,9,17,1369003
Trammel,3840,384,3897,414,0,9,17,1369003
Trammel,3840,384,3896,416,0,9,17,1369003
Trammel,3840,384,3909,417,0,9,17,1369003
Trammel,3840,384,3919,418,0,9,17,1369003
Trammel,3840,384,3893,419,0,9,17,1369003
Trammel,3840,384,3918,421,0,9,17,1369003
Trammel,3840,384,3909,434,2,9,17,1369003
Trammel,3840,384,3898,437,0,9,17,1369003
Trammel,3840,384,3907,438,1,9,17,1369003
Trammel,3840,384,3907,455,0,9,17,1369003
Trammel,3840,384,3933,481,0,9,17,1369003
Trammel,3840,384,3942,487,0,9,17,1369003
Trammel,3840,384,3951,490,0,9,17,1369003
Trammel,3840,512,3948,512,0,9,17,1369003
Trammel,3840,512,3957,512,0,9,17,1369003
Trammel,3968,128,3989,180,0,9,17,1369003
Trammel,3968,128,3988,182,0,9,17,1369003
Trammel,3968,128,3987,184,0,9,17,1369003
Trammel,3968,128,3985,186,0,9,17,1369003
Trammel,3968,128,3984,188,0,9,17,1369003
Trammel,3968,128,4003,188,0,9,17,1369003
Trammel,3968,128,3983,189,0,9,17,1369003
Trammel,3968,128,3982,190,0,9,17,1369003
Trammel,3968,128,4012,191,0,9,17,1369003
Trammel,3968,128,3979,192,0,9,17,1369003
Trammel,3968,128,3978,193,0,9,17,1369003
Trammel,3968,128,3977,195,0,9,17,1369003
Trammel,3968,128,4021,195,0,9,17,1369003
Trammel,3968,128,3976,197,0,9,17,1369003
Trammel,3968,128,4002,197,1,9,17,1369003
Trammel,3968,128,3975,198,0,9,17,1369003
Trammel,3968,128,3998,198,2,9,17,1369003
Trammel,3968,128,3974,199,0,9,17,1369003
Trammel,3968,128,3972,200,0,9,17,1369003
Trammel,3968,128,3997,201,1,9,17,1369003
Trammel,3968,128,3994,202,0,9,17,1369003
Trammel,3968,128,3971,203,0,9,17,1369003
Trammel,3968,128,3993,203,0,9,17,1369003
Trammel,3968,128,3970,204,0,9,17,1369003
Trammel,3968,128,3992,205,0,9,17,1369003
Trammel,3968,128,4011,205,0,9,17,1369003
Trammel,3968,128,3969,206,0,9,17,1369003
Trammel,3968,128,3991,206,0,9,17,1369003
Trammel,3968,128,3968,207,0,9,17,1369003
Trammel,3968,128,3988,207,0,9,17,1369003
Trammel,3968,128,4030,207,0,9,17,1369003
Trammel,3968,128,4020,208,0,9,17,1369003
Trammel,3968,128,3987,209,0,9,17,1369003
Trammel,3968,128,3986,210,0,9,17,1369003
Trammel,3968,128,3985,212,0,9,17,1369003
Trammel,3968,128,4029,212,0,9,17,1369003
Trammel,3968,128,3984,214,0,9,17,1369003
Trammel,3968,128,4007,214,0,9,17,1369003
Trammel,3968,128,3983,215,0,9,17,1369003
Trammel,3968,128,4006,215,0,9,17,1369003
Trammel,3968,128,3981,216,0,9,17,1369003
Trammel,3968,128,3980,217,0,9,17,1369003
Trammel,3968,128,4003,218,0,9,17,1369003
Trammel,3968,128,4002,219,0,9,17,1369003
Trammel,3968,128,3979,220,0,9,17,1369003
Trammel,3968,128,4001,220,0,9,17,1369003
Trammel,3968,128,3978,221,0,9,17,1369003
Trammel,3968,128,4000,222,0,9,17,1369003
Trammel,3968,128,4017,222,0,9,17,1369003
Trammel,3968,128,3977,223,0,9,17,1369003
Trammel,3968,128,3997,223,0,9,17,1369003
Trammel,3968,128,3969,224,0,9,17,1369003
Trammel,3968,128,3996,224,0,9,17,1369003
Trammel,3968,128,4026,225,0,9,17,1369003
Trammel,3968,128,3995,226,0,9,17,1369003
Trammel,3968,128,3994,227,0,9,17,1369003
Trammel,3968,128,3993,229,0,9,17,1369003
Trammel,3968,128,4035,229,0,9,17,1369003
Trammel,3968,128,3992,231,0,9,17,1369003
Trammel,3968,128,3990,232,0,9,17,1369003
Trammel,3968,128,3968,233,1,9,17,1369003
Trammel,3968,128,3989,233,0,9,17,1369003
Trammel,3968,128,3988,234,0,9,17,1369003
Trammel,3968,128,3987,237,0,9,17,1369003
Trammel,3968,128,3986,238,0,9,17,1369003
Trammel,3968,512,3970,512,2,9,17,1369003
Trammel,3968,512,3979,512,0,9,17,1369003
Trammel,3968,512,3988,512,0,9,17,1369003
Trammel,3968,512,3997,512,0,9,17,1369003
Trammel,3968,512,4006,512,0,9,17,1369003
Trammel,3968,512,4015,512,0,9,17,1369003
Trammel,3968,512,4024,512,0,9,17,1369003
Trammel,3968,512,4033,512,0,9,17,1369003
Trammel,3968,512,4042,512,0,9,17,1369003
Trammel,3968,512,4051,512,0,9,17,1369003
Trammel,3968,512,4060,512,0,9,17,1369003
Trammel,3968,512,4069,512,0,9,17,1369003
Trammel,3968,512,4078,512,0,9,17,1369003
Trammel,3968,512,3968,513,1,9,17,1369003
Trammel,3968,512,3977,529,0,9,17,1369003
Trammel,3968,512,3986,529,0,9,17,1369003
Trammel,3968,512,3995,529,0,9,17,1369003
Trammel,3968,512,4004,529,0,9,17,1369003
Trammel,3968,512,4018,529,0,9,17,1369003
Trammel,3968,512,4042,529,0,9,17,1369003
Trammel,3968,512,4051,529,0,9,17,1369003
Trammel,3968,512,4060,529,0,9,17,1369003
Trammel,3968,512,4069,529,0,9,17,1369003
Trammel,3968,512,4078,529,0,9,17,1369003
Trammel,3968,512,3968,530,0,9,17,1369003
Trammel,3968,512,4017,532,1,9,17,1369003
Trammel,3968,512,4016,533,2,9,17,1369003
Trammel,3968,512,4013,536,2,9,17,1369003
Trammel,3968,512,4027,541,0,9,17,1369003
Trammel,3968,512,3977,546,0,9,17,1369003
Trammel,3968,512,3986,546,0,9,17,1369003
Trammel,3968,512,3995,546,0,9,17,1369003
Trammel,3968,512,4004,546,0,9,17,1369003
Trammel,3968,512,4026,546,0,9,17,1369003
Trammel,3968,512,4064,546,0,9,17,1369003
Trammel,3968,512,4073,546,0,9,17,1369003
Trammel,3968,512,3976,547,0,9,17,1369003
Trammel,3968,512,4025,549,0,9,17,1369003
Trammel,3968,512,4022,550,0,9,17,1369003
Trammel,3968,512,4084,551,2,9,17,1369003
Trammel,3968,512,4083,552,1,9,17,1369003
Trammel,3968,512,4013,553,0,9,17,1369003
Trammel,3968,512,4082,553,0,9,17,1369003
Trammel,3968,512,3985,563,0,9,17,1369003
Trammel,3968,512,3994,563,0,9,17,1369003
Trammel,3968,512,4010,563,0,9,17,1369003
Trammel,3968,512,4064,563,0,9,17,1369003
Trammel,3968,512,4073,563,0,9,17,1369003
Trammel,3968,512,3982,564,0,9,17,1369003
Trammel,3968,512,4022,567,0,9,17,1369003
Trammel,3968,512,4063,567,0,9,17,1369003
Trammel,3968,512,4062,568,0,9,17,1369003
Trammel,3968,512,4019,570,0,9,17,1369003
Trammel,3968,512,4031,570,0,9,17,1369003
Trammel,3968,512,4082,570,0,9,17,1369003
Trammel,3968,512,4061,571,0,9,17,1369003
Trammel,3968,512,4060,573,0,9,17,1369003
Trammel,3968,512,4009,574,1,9,17,1369003
Trammel,3968,512,4057,574,0,9,17,1369003
Trammel,3968,512,4008,575,2,9,17,1369003
Trammel,3968,512,4056,575,0,9,17,1369003
Trammel,3968,512,4040,576,0,9,17,1369003
Trammel,3968,512,4055,576,0,9,17,1369003
Trammel,3968,512,4005,578,2,9,17,1369003
Trammel,3968,512,4053,578,0,9,17,1369003
Trammel,3968,512,4004,579,1,9,17,1369003
Trammel,3968,512,4052,579,0,9,17,1369003
Trammel,3968,512,3991,580,0,9,17,1369003
Trammel,3968,512,4000,580,0,9,17,1369003
Trammel,3968,512,4018,580,0,9,17,1369003
Trammel,3968,512,4049,580,0,9,17,1369003
Trammel,3968,512,4072,580,0,9,17,1369003
Trammel,3968,512,4081,580,0,9,17,1369003
Trammel,3968,512,3989,581,0,9,17,1369003
Trammel,3968,512,4028,584,0,9,17,1369003
Trammel,3968,512,4071,584,0,9,17,1369003
Trammel,3968,512,4070,585,0,9,17,1369003
Trammel,3968,512,4027,587,0,9,17,1369003
Trammel,3968,512,4037,587,0,9,17,1369003
Trammel,3968,512,4069,588,0,9,17,1369003
Trammel,3968,512,4066,590,0,9,17,1369003
Trammel,3968,512,4017,591,0,9,17,1369003
Trammel,3968,512,4065,591,0,9,17,1369003
Trammel,3968,512,4014,592,0,9,17,1369003
Trammel,3968,512,4064,592,0,9,17,1369003
Trammel,3968,512,4046,593,0,9,17,1369003
Trammel,3968,512,4062,593,0,9,17,1369003
Trammel,3968,512,4013,595,0,9,17,1369003
Trammel,3968,512,4061,595,0,9,17,1369003
Trammel,3968,512,4009,596,0,9,17,1369003
Trammel,3968,512,4058,596,0,9,17,1369003
Trammel,3968,512,3998,597,0,9,17,1369003
Trammel,3968,512,4007,597,0,9,17,1369003
Trammel,3968,512,4026,597,0,9,17,1369003
Trammel,3968,512,4055,597,0,9,17,1369003
Trammel,3968,512,4080,597,0,9,17,1369003
Trammel,3968,512,3994,598,0,9,17,1369003
Trammel,3968,512,4079,601,0,9,17,1369003
Trammel,3968,512,4078,602,0,9,17,1369003
Trammel,3968,512,4075,605,0,9,17,1369003
Trammel,3968,512,4074,607,0,9,17,1369003
Trammel,3968,512,4023,608,0,9,17,1369003
Trammel,3968,512,4073,608,0,9,17,1369003
Trammel,3968,512,4022,609,0,9,17,1369003
Trammel,3968,512,4045,609,1,9,17,1369003
Trammel,3968,512,4071,609,0,9,17,1369003
Trammel,3968,512,4042,610,2,9,17,1369003
Trammel,3968,512,4054,610,0,9,17,1369003
Trammel,3968,512,4070,610,0,9,17,1369003
Trammel,3968,512,4018,612,0,9,17,1369003
Trammel,3968,512,4067,612,0,9,17,1369003
Trammel,3968,512,4016,613,0,9,17,1369003
Trammel,3968,512,4035,613,0,9,17,1369003
Trammel,3968,512,4064,613,0,9,17,1369003
Trammel,3968,512,4009,614,0,9,17,1369003
Trammel,3968,512,4032,614,0,9,17,1369003
Trammel,3968,512,4063,614,0,9,17,1369003
Trammel,3968,512,4086,619,0,9,17,1369003
Trammel,3968,3200,4042,3301,0,9,17,1369003
Trammel,3968,3200,4054,3302,0,9,17,1369003
Trammel,3968,3200,4041,3305,0,9,17,1369003
Trammel,3968,3200,4051,3305,0,9,17,1369003
Trammel,3968,3200,4063,3305,0,9,17,1369003
Trammel,3968,3328,4046,3328,0,9,17,1369003
Trammel,3968,3328,4055,3328,0,9,17,1369003
Trammel,3968,3328,4064,3330,0,9,17,1369003
Trammel,3968,3328,4073,3334,0,9,17,1369003
Trammel,3968,3328,4045,3338,0,9,17,1369003
Trammel,3968,3328,4044,3340,0,9,17,1369003
Trammel,3968,3328,4043,3342,0,9,17,1369003
Trammel,3968,3328,4054,3345,0,9,17,1369003
Trammel,3968,3328,4063,3345,0,9,17,1369003
Trammel,3968,3328,4072,3347,0,9,17,1369003
Trammel,3968,3328,4081,3351,0,9,17,1369003
Trammel,3968,3328,4053,3355,0,9,17,1369003
Trammel,3968,3328,4052,3357,0,9,17,1369003
Trammel,3968,3328,4043,3359,0,9,17,1369003
Trammel,3968,3328,4062,3362,0,9,17,1369003
Trammel,3968,3328,4071,3362,0,9,17,1369003
Trammel,3968,3328,4080,3364,0,9,17,1369003
Trammel,3968,3328,4061,3372,0,9,17,1369003
Trammel,3968,3328,4052,3374,0,9,17,1369003
Trammel,3968,3328,4043,3376,0,9,17,1369003
Trammel,3968,3328,4070,3379,0,9,17,1369003
Trammel,3968,3328,4079,3379,0,9,17,1369003
Trammel,3968,3328,4042,3383,0,9,17,1369003
Trammel,3968,3328,4061,3389,0,9,17,1369003
Trammel,3968,3328,4052,3391,0,9,17,1369003
Trammel,3968,3328,4051,3393,0,9,17,1369003
Trammel,3968,3328,4070,3396,0,9,17,1369003
Trammel,3968,3328,4079,3396,0,9,17,1369003
Trammel,3968,3328,4045,3400,0,9,17,1369003
Trammel,3968,3328,4061,3406,0,9,17,1369003
Trammel,3968,3328,4060,3408,0,9,17,1369003
Trammel,3968,3328,4054,3410,0,9,17,1369003
Trammel,3968,3328,4070,3413,0,9,17,1369003
Trammel,3968,3328,4050,3417,0,9,17,1369003
Trammel,3968,3328,4069,3423,0,9,17,1369003
Trammel,3968,3328,4063,3425,0,9,17,1369003
Trammel,3968,3328,4059,3427,0,9,17,1369003
Trammel,3968,3328,4079,3428,0,9,17,1369003
Trammel,3968,3328,4078,3430,0,9,17,1369003
Trammel,3968,3456,4085,3456,0,9,17,1369003
Trammel,4096,256,4115,288,0,9,17,1369003
Trammel,4096,256,4114,289,0,9,17,1369003
Trammel,4096,256,4100,295,0,9,17,1369003
Trammel,4096,256,4099,296,0,9,17,1369003
Trammel,4096,256,4096,297,0,9,17,1369003
Trammel,4096,256,4115,306,2,9,17,1369003
Trammel,4096,256,4112,309,2,9,17,1369003
Trammel,4096,256,4111,310,1,9,17,1369003
Trammel,4096,256,4109,311,0,9,17,1369003
Trammel,4096,256,4108,312,0,9,17,1369003
Trammel,4096,256,4105,313,0,9,17,1369003
Trammel,4096,256,4096,314,0,9,17,1369003
Trammel,4096,256,4121,323,0,9,17,1369003
Trammel,4096,256,4120,326,0,9,17,1369003
Trammel,4096,256,4118,327,0,9,17,1369003
Trammel,4096,256,4117,328,0,9,17,1369003
Trammel,4096,256,4114,329,0,9,17,1369003
Trammel,4096,256,4105,330,0,9,17,1369003
Trammel,4096,256,4096,331,0,9,17,1369003
Trammel,4096,256,4126,344,0,9,17,1369003
Trammel,4096,256,4123,345,0,9,17,1369003
Trammel,4096,256,4114,346,0,9,17,1369003
Trammel,4096,256,4111,347,0,9,17,1369003
Trammel,4096,256,4096,348,0,9,17,1369003
Trammel,4096,256,4110,349,1,9,17,1369003
Trammel,4096,256,4109,350,2,9,17,1369003
Trammel,4096,256,4193,352,0,9,17,1369003
Trammel,4096,256,4106,353,2,9,17,1369003
Trammel,4096,256,4190,353,0,9,17,1369003
Trammel,4096,256,4105,354,1,9,17,1369003
Trammel,4096,256,4173,354,-2,9,17,1369003
Trammel,4096,256,4170,355,-2,9,17,1369003
Trammel,4096,256,4167,358,0,9,17,1369003
Trammel,4096,256,4163,359,0,9,17,1369003
Trammel,4096,256,4161,360,0,9,17,1369003
Trammel,4096,256,4159,361,0,9,17,1369003
Trammel,4096,256,4126,362,0,9,17,1369003
Trammel,4096,256,4157,362,0,9,17,1369003
Trammel,4096,256,4155,363,0,9,17,1369003
Trammel,4096,256,4189,363,1,9,17,1369003
Trammel,4096,256,4154,364,0,9,17,1369003
Trammel,4096,256,4188,364,2,9,17,1369003
Trammel,4096,256,4096,365,0,9,17,1369003
Trammel,4096,256,4153,365,0,9,17,1369003
Trammel,4096,256,4135,366,0,9,17,1369003
Trammel,4096,256,4144,366,0,9,17,1369003
Trammel,4096,384,4126,384,0,9,17,1369003
Trammel,4096,384,4135,384,0,9,17,1369003
Trammel,4096,384,4144,384,0,9,17,1369003
Trammel,4096,384,4153,384,0,9,17,1369003
Trammel,4096,384,4162,384,0,9,17,1369003
Trammel,4096,384,4176,384,0,9,17,1369003
Trammel,4096,384,4185,384,0,9,17,1369003
Trammel,4096,384,4175,396,1,9,17,1369003
Trammel,4096,384,4174,397,2,9,17,1369003
Trammel,4096,384,4171,400,2,9,17,1369003
Trammel,4096,384,4142,401,0,9,17,1369003
Trammel,4096,384,4151,401,0,9,17,1369003
Trammel,4096,384,4160,401,0,9,17,1369003
Trammel,4096,384,4170,401,1,9,17,1369003
Trammel,4096,384,4184,401,0,9,17,1369003
Trammel,4096,384,4169,402,0,9,17,1369003
Trammel,4096,384,4183,413,0,9,17,1369003
Trammel,4096,384,4193,413,0,9,17,1369003
Trammel,4096,384,4180,414,0,9,17,1369003
Trammel,4096,384,4179,417,0,9,17,1369003
Trammel,4096,384,4163,418,0,9,17,1369003
Trammel,4096,384,4178,418,0,9,17,1369003
Trammel,4096,384,4192,418,0,9,17,1369003
Trammel,4096,384,4172,419,0,9,17,1369003
Trammel,4096,384,4105,431,5,9,17,1369003
Trammel,4096,384,4201,434,0,9,17,1369003
Trammel,4096,384,4194,435,0,9,17,1369003
Trammel,4096,384,4193,443,1,9,17,1369003
Trammel,4096,384,4192,444,2,9,17,1369003
Trammel,4096,384,4203,451,0,9,17,1369003
Trammel,4096,384,4202,452,0,9,17,1369003
Trammel,4096,384,4201,460,0,9,17,1369003
Trammel,4096,384,4214,487,1,9,17,1369003
Trammel,4096,512,4096,512,0,9,17,1369003
Trammel,4096,512,4105,512,0,9,17,1369003
Trammel,4096,512,4114,512,0,9,17,1369003
Trammel,4096,512,4123,512,0,9,17,1369003
Trammel,4096,512,4096,529,0,9,17,1369003
Trammel,4096,512,4105,529,0,9,17,1369003
Trammel,4096,512,4114,529,0,9,17,1369003
Trammel,4096,512,4123,529,0,9,17,1369003
Trammel,4096,512,4137,530,0,9,17,1369003
Trammel,4096,512,4136,536,1,9,17,1369003
Trammel,4096,512,4135,537,2,9,17,1369003
Trammel,4096,512,4132,540,2,9,17,1369003
Trammel,4096,512,4096,546,0,9,17,1369003
Trammel,4096,512,4105,546,0,9,17,1369003
Trammel,4096,512,4114,546,0,9,17,1369003
Trammel,4096,512,4123,546,0,9,17,1369003
Trammel,4096,512,4146,546,0,9,17,1369003
Trammel,4096,512,4145,547,0,9,17,1369003
Trammel,4096,512,4155,552,0,9,17,1369003
Trammel,4096,512,4144,553,0,9,17,1369003
Trammel,4096,512,4141,554,0,9,17,1369003
Trammel,4096,512,4164,556,0,9,17,1369003
Trammel,4096,512,4132,557,0,9,17,1369003
Trammel,4096,512,4096,563,0,9,17,1369003
Trammel,4096,512,4105,563,0,9,17,1369003
Trammel,4096,512,4114,563,0,9,17,1369003
Trammel,4096,512,4123,563,0,9,17,1369003
Trammel,4096,512,4154,563,0,9,17,1369003
Trammel,4096,512,4153,564,0,9,17,1369003
Trammel,4096,512,4163,569,0,9,17,1369003
Trammel,4096,512,4150,570,0,9,17,1369003
Trammel,4096,512,4141,571,0,9,17,1369003
Trammel,4096,512,4134,574,0,9,17,1369003
Trammel,4096,512,4096,580,0,9,17,1369003
Trammel,4096,512,4105,580,0,9,17,1369003
Trammel,4096,512,4114,580,0,9,17,1369003
Trammel,4096,512,4162,580,0,9,17,1369003
Trammel,4096,512,4159,581,0,9,17,1369003
Trammel,4096,512,4133,583,0,9,17,1369003
Trammel,4096,512,4123,584,0,9,17,1369003
Trammel,4096,512,4132,584,0,9,17,1369003
Trammel,4096,512,4172,585,0,9,17,1369003
Trammel,4096,512,4171,586,0,9,17,1369003
Trammel,4096,512,4150,587,0,9,17,1369003
Trammel,4096,512,4143,588,0,9,17,1369003
Trammel,4096,512,4142,591,0,9,17,1369003
Trammel,4096,512,4096,597,0,9,17,1369003
Trammel,4096,512,4121,597,0,9,17,1369003
Trammel,4096,512,4168,597,0,9,17,1369003
Trammel,4096,512,4159,598,0,9,17,1369003
Trammel,4096,512,4141,600,0,9,17,1369003
Trammel,4096,512,4130,601,0,9,17,1369003
Trammel,4096,512,4139,601,0,9,17,1369003
Trammel,4096,512,4119,603,0,9,17,1369003
Trammel,4096,512,4177,603,0,9,17,1369003
Trammel,4096,512,4152,604,2,9,17,1369003
Trammel,4096,512,4118,605,0,9,17,1369003
Trammel,4096,512,4151,605,2,9,17,1369003
Trammel,4096,512,4117,606,2,9,17,1369003
Trammel,4096,512,4150,608,2,9,17,1369003
Trammel,4096,512,4186,608,0,9,17,1369003
Trammel,4096,512,4195,610,0,9,17,1369003
Trammel,4096,512,4116,612,0,9,17,1369003
Trammel,4096,512,4204,612,0,9,17,1369003
Trammel,4096,512,4213,613,0,9,17,1369003
Trammel,4096,512,4096,614,0,9,17,1369003
Trammel,4096,512,4115,614,0,9,17,1369003
Trammel,4096,512,4128,614,0,9,17,1369003
Trammel,4096,512,4168,614,0,9,17,1369003
Trammel,4096,512,4161,615,0,9,17,1369003
Trammel,4096,512,4105,616,0,9,17,1369003
Trammel,4096,512,4114,616,0,9,17,1369003
Trammel,4096,512,4137,618,0,9,17,1369003
Trammel,4096,512,4146,618,0,9,17,1369003
Trammel,4096,512,4127,620,0,9,17,1369003
Trammel,4096,512,4177,620,0,9,17,1369003
Trammel,4096,512,4126,622,0,9,17,1369003
Trammel,4096,640,4167,640,0,9,17,1369003
Trammel,4096,640,4176,640,0,9,17,1369003
Trammel,4096,640,4185,640,0,9,17,1369003
Trammel,4096,640,4212,648,1,9,17,1369003
Trammel,4096,640,4210,650,2,9,17,1369003
Trammel,4096,640,4209,651,2,9,17,1369003
Trammel,4096,640,4177,657,0,9,17,1369003
Trammel,4096,640,4186,657,0,9,17,1369003
Trammel,4096,640,4208,657,2,9,17,1369003
Trammel,4096,640,4203,658,2,9,17,1369003
Trammel,4096,640,4196,659,2,9,17,1369003
Trammel,4096,640,4195,661,0,9,17,1369003
Trammel,4096,640,4181,674,0,9,17,1369003
Trammel,4096,640,4190,674,0,9,17,1369003
Trammel,4096,640,4212,674,0,9,17,1369003
Trammel,4096,640,4205,675,0,9,17,1369003
Trammel,4096,640,4204,676,0,9,17,1369003
Trammel,4096,640,4199,678,0,9,17,1369003
Trammel,4096,640,4203,695,0,9,17,1369003
Trammel,4096,640,4212,695,0,9,17,1369003
Trammel,4096,3200,4204,3264,0,9,17,1369003
Trammel,4096,3200,4203,3265,0,9,17,1369003
Trammel,4096,3200,4213,3268,0,9,17,1369003
Trammel,4096,3200,4179,3270,0,9,17,1369003
Trammel,4096,3200,4199,3270,0,9,17,1369003
Trammel,4096,3200,4178,3271,0,9,17,1369003
Trammel,4096,3200,4198,3271,0,9,17,1369003
Trammel,4096,3200,4176,3272,0,9,17,1369003
Trammel,4096,3200,4175,3273,0,9,17,1369003
Trammel,4096,3200,4174,3275,0,9,17,1369003
Trammel,4096,3200,4188,3275,0,9,17,1369003
Trammel,4096,3200,4197,3275,0,9,17,1369003
Trammel,4096,3200,4173,3276,0,9,17,1369003
Trammel,4096,3200,4170,3277,0,9,17,1369003
Trammel,4096,3200,4168,3278,0,9,17,1369003
Trammel,4096,3200,4166,3279,0,9,17,1369003
Trammel,4096,3200,4161,3280,0,9,17,1369003
Trammel,4096,3200,4158,3281,0,9,17,1369003
Trammel,4096,3200,4212,3281,0,9,17,1369003
Trammel,4096,3200,4157,3282,0,9,17,1369003
Trammel,4096,3200,4208,3282,0,9,17,1369003
Trammel,4096,3200,4155,3283,0,9,17,1369003
Trammel,4096,3200,4154,3284,0,9,17,1369003
Trammel,4096,3200,4153,3285,0,9,17,1369003
Trammel,4096,3200,4187,3287,0,9,17,1369003
Trammel,4096,3200,4207,3287,0,9,17,1369003
Trammel,4096,3200,4185,3288,0,9,17,1369003
Trammel,4096,3200,4184,3289,0,9,17,1369003
Trammel,4096,3200,4183,3290,0,9,17,1369003
Trammel,4096,3200,4182,3292,0,9,17,1369003
Trammel,4096,3200,4196,3292,0,9,17,1369003
Trammel,4096,3200,4179,3293,0,9,17,1369003
Trammel,4096,3200,4177,3294,0,9,17,1369003
Trammel,4096,3200,4175,3295,0,9,17,1369003
Trammel,4096,3200,4170,3296,0,9,17,1369003
Trammel,4096,3200,4167,3297,0,9,17,1369003
Trammel,4096,3200,4166,3298,0,9,17,1369003
Trammel,4096,3200,4164,3299,0,9,17,1369003
Trammel,4096,3200,4163,3300,0,9,17,1369003
Trammel,4096,3200,4162,3301,0,9,17,1369003
Trammel,4096,3200,4157,3302,0,9,17,1369003
Trammel,4096,3200,4192,3306,0,9,17,1369003
Trammel,4096,3200,4191,3307,0,9,17,1369003
Trammel,4096,3200,4188,3309,0,9,17,1369003
Trammel,4096,3200,4138,3310,0,9,17,1369003
Trammel,4096,3200,4186,3310,0,9,17,1369003
Trammel,4096,3328,4121,3328,0,9,17,1369003
Trammel,4096,3328,4130,3328,0,9,17,1369003
Trammel,4096,3328,4139,3328,0,9,17,1369003
Trammel,4096,3328,4148,3328,0,9,17,1369003
Trammel,4096,3328,4157,3328,0,9,17,1369003
Trammel,4096,3328,4166,3328,0,9,17,1369003
Trammel,4096,3328,4175,3328,0,9,17,1369003
Trammel,4096,3328,4184,3328,0,9,17,1369003
Trammel,4096,3328,4120,3344,0,9,17,1369003
Trammel,4096,3328,4129,3345,0,9,17,1369003
Trammel,4096,3328,4138,3345,0,9,17,1369003
Trammel,4096,3328,4147,3345,0,9,17,1369003
Trammel,4096,3328,4119,3346,0,9,17,1369003
Trammel,4096,3328,4117,3347,0,9,17,1369003
Trammel,4096,3328,4116,3348,0,9,17,1369003
Trammel,4096,3328,4108,3349,0,9,17,1369003
Trammel,4096,3328,4107,3353,0,9,17,1369003
Trammel,4096,3328,4106,3355,0,9,17,1369003
Trammel,4096,3328,4096,3356,0,9,17,1369003
Trammel,4096,3328,4105,3356,0,9,17,1369003
Trammel,4096,3328,4128,3361,0,9,17,1369003
Trammel,4096,3328,4137,3362,0,9,17,1369003
Trammel,4096,3328,4146,3362,0,9,17,1369003
Trammel,4096,3328,4184,3362,0,9,17,1369003
Trammel,4096,3328,4126,3363,0,9,17,1369003
Trammel,4096,3328,4183,3363,0,9,17,1369003
Trammel,4096,3328,4193,3363,0,9,17,1369003
Trammel,4096,3328,4125,3364,0,9,17,1369003
Trammel,4096,3328,4182,3364,0,9,17,1369003
Trammel,4096,3328,4117,3365,0,9,17,1369003
Trammel,4096,3328,4180,3365,0,9,17,1369003
Trammel,4096,3328,4116,3366,0,9,17,1369003
Trammel,4096,3328,4179,3366,0,9,17,1369003
Trammel,4096,3328,4178,3367,0,9,17,1369003
Trammel,4096,3328,4176,3368,0,9,17,1369003
Trammel,4096,3328,4175,3369,0,9,17,1369003
Trammel,4096,3328,4115,3370,0,9,17,1369003
Trammel,4096,3328,4173,3370,0,9,17,1369003
Trammel,4096,3328,4172,3371,0,9,17,1369003
Trammel,4096,3328,4114,3372,0,9,17,1369003
Trammel,4096,3328,4155,3372,0,9,17,1369003
Trammel,4096,3328,4169,3372,0,9,17,1369003
Trammel,4096,3328,4096,3373,0,9,17,1369003
Trammel,4096,3328,4105,3373,0,9,17,1369003
Trammel,4096,3328,4164,3373,0,9,17,1369003
Trammel,4096,3328,4152,3379,0,9,17,1369003
Trammel,4096,3328,4125,3382,0,9,17,1369003
Trammel,4096,3328,4124,3383,0,9,17,1369003
Trammel,4096,3328,4123,3387,0,9,17,1369003
Trammel,4096,3328,4161,3389,0,9,17,1369003
Trammel,4096,3328,4173,3389,0,9,17,1369003
Trammel,4096,3328,4170,3390,0,9,17,1369003
Trammel,4096,3328,4157,3396,0,9,17,1369003
Trammel,4096,3328,4166,3406,0,9,17,1369003
Trammel,4096,3328,4179,3406,0,9,17,1369003
Trammel,4096,3328,4175,3407,0,9,17,1369003
Trammel,4096,3328,4122,3408,0,9,17,1369003
Trammel,4096,3328,4162,3413,0,9,17,1369003
Trammel,4096,3328,4121,3414,0,9,17,1369003
Trammel,4096,3328,4120,3415,0,9,17,1369003
Trammel,4096,3328,4119,3417,0,9,17,1369003
Trammel,4096,3328,4118,3421,0,9,17,1369003
Trammel,4096,3328,4171,3423,0,9,17,1369003
Trammel,4096,3328,4117,3425,0,9,17,1369003
Trammel,4096,3328,4116,3426,0,9,17,1369003
Trammel,4096,3328,4114,3427,0,9,17,1369003
Trammel,4096,3328,4113,3428,0,9,17,1369003
Trammel,4096,3456,4096,3461,0,9,17,1369003
Trammel,4096,3584,4130,3604,0,9,17,1369003
Trammel,4096,3584,4128,3606,0,9,17,1369003
Trammel,4096,3584,4126,3607,0,9,17,1369003
Trammel,4096,3584,4123,3608,0,9,17,1369003
Trammel,4096,3584,4121,3609,0,9,17,1369003
Trammel,4096,3584,4118,3610,0,9,17,1369003
Trammel,4096,3584,4139,3619,0,9,17,1369003
Trammel,4096,3584,4137,3621,0,9,17,1369003
Trammel,4224,512,4232,512,0,9,17,1369003
Trammel,4224,512,4256,593,0,9,17,1369003
Trammel,4224,512,4255,594,0,9,17,1369003
Trammel,4224,512,4253,595,0,9,17,1369003
Trammel,4224,512,4252,598,0,9,17,1369003
Trammel,4224,512,4251,599,0,9,17,1369003
Trammel,4224,512,4250,603,0,9,17,1369003
Trammel,4224,512,4249,604,0,9,17,1369003
Trammel,4224,512,4248,607,0,9,17,1369003
Trammel,4224,512,4241,608,0,9,17,1369003
Trammel,4224,512,4236,609,0,9,17,1369003
Trammel,4224,512,4233,610,0,9,17,1369003
Trammel,4224,512,4227,611,0,9,17,1369003
Trammel,4224,512,4224,612,0,9,17,1369003
Trammel,4224,640,4245,640,0,9,17,1369003
Trammel,4224,640,4254,640,0,9,17,1369003
Trammel,4224,640,4244,645,1,9,17,1369003
Trammel,4224,640,4243,650,2,9,17,1369003
Trammel,4224,640,4242,652,2,9,17,1369003
Trammel,4224,640,4241,653,2,9,17,1369003
Trammel,4224,640,4239,654,2,9,17,1369003
Trammel,4224,640,4224,655,2,9,17,1369003
Trammel,4224,640,4236,655,2,9,17,1369003
Trammel,4224,640,4234,656,2,9,17,1369003
Trammel,4224,640,4233,657,2,9,17,1369003
Trammel,4224,640,4253,657,0,9,17,1369003
Trammel,4224,640,4252,662,0,9,17,1369003
Trammel,4224,640,4251,667,0,9,17,1369003
Trammel,4224,640,4250,669,0,9,17,1369003
Trammel,4224,640,4248,670,0,9,17,1369003
Trammel,4224,640,4245,671,0,9,17,1369003
Trammel,4224,640,4224,672,0,9,17,1369003
Trammel,4224,640,4243,672,0,9,17,1369003
Trammel,4224,640,4242,682,1,9,17,1369003
Trammel,4224,640,4241,683,2,9,17,1369003
Trammel,4224,640,4238,686,2,9,17,1369003
Trammel,4224,640,4257,686,0,9,17,1369003
Trammel,4224,640,4237,687,1,9,17,1369003
Trammel,4224,640,4254,687,0,9,17,1369003
Trammel,4224,640,4233,688,0,9,17,1369003
Trammel,4224,640,4252,688,0,9,17,1369003
Trammel,4224,640,4224,689,0,9,17,1369003
Trammel,4224,640,4251,689,0,9,17,1369003
Trammel,4224,640,4250,699,0,9,17,1369003
Trammel,4224,640,4247,700,0,9,17,1369003
Trammel,4224,640,4266,702,0,9,17,1369003
Trammel,4224,640,4246,703,0,9,17,1369003
Trammel,4224,640,4263,703,0,9,17,1369003
Trammel,4224,640,4242,704,0,9,17,1369003
Trammel,4224,640,4261,704,0,9,17,1369003
Trammel,4224,640,4235,705,0,9,17,1369003
Trammel,4224,640,4260,705,0,9,17,1369003
Trammel,4224,640,4259,706,0,9,17,1369003
Trammel,4224,640,4275,709,0,9,17,1369003
Trammel,4224,640,4233,712,2,9,17,1369003
Trammel,4224,640,4229,716,2,9,17,1369003
Trammel,4224,640,4272,719,0,9,17,1369003
Trammel,4224,640,4270,720,0,9,17,1369003
Trammel,4224,640,4244,721,0,9,17,1369003
Trammel,4224,640,4269,721,0,9,17,1369003
Trammel,4224,640,4242,722,0,9,17,1369003
Trammel,4224,640,4268,722,0,9,17,1369003
Trammel,4224,640,4267,723,0,9,17,1369003
Trammel,4224,640,4266,725,1,9,17,1369003
Trammel,4224,640,4284,725,0,9,17,1369003
Trammel,4224,640,4281,726,0,9,17,1369003
Trammel,4224,640,4253,727,0,9,17,1369003
Trammel,4224,640,4263,729,2,9,17,1369003
Trammel,4224,640,4262,734,1,9,17,1369003
Trammel,4224,640,4280,736,0,9,17,1369003
Trammel,4224,640,4279,740,1,9,17,1369003
Trammel,4224,640,4278,741,2,9,17,1369003
Trammel,4224,896,4296,971,0,9,17,1108002
Trammel,4224,896,4305,979,0,9,17,1108002
Trammel,4224,896,4314,979,0,9,17,1108002
Trammel,4224,1024,4302,1033,0,9,17,1369003
Trammel,4224,1024,4275,1036,0,9,17,1369003
Trammel,4224,1024,4301,1036,0,9,17,1369003
Trammel,4224,3200,4224,3274,0,9,17,1369003
Trammel,4224,3200,4233,3281,0,9,17,1369003
Trammel,4224,3328,4269,3328,0,9,17,1369003
Trammel,4224,3328,4278,3328,0,9,17,1369003
Trammel,4224,3328,4287,3328,0,9,17,1369003
Trammel,4224,3328,4296,3328,0,9,17,1369003
Trammel,4224,3328,4268,3329,0,9,17,1369003
Trammel,4224,3328,4267,3330,0,9,17,1369003
Trammel,4224,3328,4266,3332,0,9,17,1369003
Trammel,4224,3328,4265,3333,0,9,17,1369003
Trammel,4224,3328,4264,3334,0,9,17,1369003
Trammel,4224,3328,4262,3335,0,9,17,1369003
Trammel,4224,3328,4261,3336,0,9,17,1369003
Trammel,4224,3328,4277,3345,0,9,17,1369003
Trammel,4224,3328,4286,3345,0,9,17,1369003
Trammel,4224,3328,4295,3345,0,9,17,1369003
Trammel,4224,3328,4276,3346,0,9,17,1369003
Trammel,4224,3328,4275,3347,0,9,17,1369003
Trammel,4224,3328,4274,3349,0,9,17,1369003
Trammel,4224,3328,4273,3350,0,9,17,1369003
Trammel,4224,3328,4271,3351,0,9,17,1369003
Trammel,4224,3328,4270,3352,0,9,17,1369003
Trammel,4224,3328,4261,3353,0,9,17,1369003
Trammel,4224,3328,4260,3360,0,9,17,1369003
Trammel,4224,3328,4285,3362,0,9,17,1369003
Trammel,4224,3328,4294,3362,0,9,17,1369003
Trammel,4224,3328,4284,3363,0,9,17,1369003
Trammel,4224,3328,4283,3364,0,9,17,1369003
Trammel,4224,3328,4282,3366,0,9,17,1369003
Trammel,4224,3328,4280,3367,0,9,17,1369003
Trammel,4224,3328,4279,3368,0,9,17,1369003
Trammel,4224,3328,4270,3369,0,9,17,1369003
Trammel,4224,3328,4269,3370,0,9,17,1369003
Trammel,4224,3328,4259,3376,0,9,17,1369003
Trammel,4224,3328,4268,3377,0,9,17,1369003
Trammel,4224,3328,4293,3379,0,9,17,1369003
Trammel,4224,3328,4292,3380,0,9,17,1369003
Trammel,4224,3328,4279,3385,0,9,17,1369003
Trammel,4224,3328,4278,3386,0,9,17,1369003
Trammel,4224,3328,4277,3387,0,9,17,1369003
Trammel,4224,3328,4272,3394,0,9,17,1369003
Trammel,4224,3328,4272,3411,0,9,17,1369003
Trammel,4224,3328,4271,3413,0,9,17,1369003
Trammel,4224,3328,4270,3417,0,9,17,1369003
Trammel,4224,3328,4269,3421,0,9,17,1369003
Trammel,4224,3328,4268,3423,0,9,17,1369003
Trammel,4224,3328,4267,3424,0,9,17,1369003
Trammel,4224,3328,4266,3426,0,9,17,1369003
Trammel,4224,3328,4281,3426,0,9,17,1369003
Trammel,4224,3328,4265,3427,0,9,17,1369003
Trammel,4224,3328,4263,3428,0,9,17,1369003
Trammel,4224,3328,4280,3428,0,9,17,1369003
Trammel,4224,3328,4262,3429,0,9,17,1369003
Trammel,4224,3328,4260,3430,0,9,17,1369003
Trammel,4224,3328,4279,3430,0,9,17,1369003
Trammel,4224,3328,4278,3434,0,9,17,1369003
Trammel,4224,3328,4259,3435,0,9,17,1369003
Trammel,4224,3328,4257,3438,0,9,17,1369003
Trammel,4224,3328,4277,3438,0,9,17,1369003
Trammel,4224,3456,4243,3456,0,9,17,1369003
Trammel,4224,3456,4252,3456,0,9,17,1369003
Trammel,4224,3456,4261,3456,0,9,17,1369003
Trammel,4224,3456,4270,3456,0,9,17,1369003
Trammel,4224,3712,4337,3723,0,9,17,1369003
Trammel,4224,3712,4336,3724,0,9,17,1369003
Trammel,4352,896,4373,945,0,9,17,1369003
Trammel,4352,1024,4438,1049,0,9,17,1108002
Trammel,4352,1024,4465,1049,0,9,17,1108002
Trammel,4352,1024,4437,1050,0,9,17,1108002
Trammel,4352,1024,4434,1051,0,9,17,1108002
Trammel,4352,1024,4434,1068,0,9,17,1108002
Trammel,4352,1024,4431,1083,0,9,17,1108002
Trammel,4352,1024,4393,1089,0,9,17,1108002
Trammel,4352,1024,4456,1096,0,9,17,1108002
Trammel,4352,1024,4456,1113,0,9,17,1108002
Trammel,4352,1024,4456,1130,0,9,17,1108002
Trammel,4352,1152,4414,1152,0,9,17,1108002
Trammel,4352,1152,4449,1152,0,9,17,1108002
Trammel,4352,1152,4437,1176,0,9,17,1108002
Trammel,4352,1152,4436,1194,0,9,17,1108002
Trammel,4352,1152,4433,1196,0,9,17,1108002
Trammel,4352,1152,4433,1213,0,9,17,1108002
Trammel,4352,1152,4442,1216,0,9,17,1108002
Trammel,4352,1152,4451,1219,0,9,17,1108002
Trammel,4352,1152,4460,1219,0,9,17,1108002
Trammel,4352,1280,4422,1280,0,9,17,1108002
Trammel,4352,1280,4433,1300,0,9,17,1108002
Trammel,4352,1280,4433,1317,0,9,17,1108002
Trammel,4352,1280,4432,1319,-2,9,17,1108002
Trammel,4352,1280,4430,1328,0,9,17,1108002
Trammel,4352,1280,4428,1329,0,9,17,1108002
Trammel,4352,1280,4427,1331,0,9,17,1108002
Trammel,4352,1280,4426,1332,0,9,17,1108002
Trammel,4352,1280,4425,1335,0,9,17,1108002
Trammel,4352,1280,4426,1352,0,9,17,1108002
Trammel,4352,1280,4425,1365,-1,9,17,1108002
Trammel,4352,1280,4423,1377,0,9,17,1108002
Trammel,4352,1280,4422,1378,0,9,17,1108002
Trammel,4352,1280,4421,1379,0,9,17,1108002
Trammel,4352,1408,4425,1412,0,9,17,1108002
Trammel,4352,1408,4424,1413,0,9,17,1108002
Trammel,4352,1408,4422,1415,0,9,17,1108002
Trammel,4352,1408,4421,1416,0,9,17,1108002
Trammel,4352,1408,4418,1418,0,9,17,1108002
Trammel,4352,1408,4415,1419,0,9,17,1108002
Trammel,4352,1408,4409,1421,0,9,17,1108002
Trammel,4352,1408,4394,1444,0,9,17,1108002
Trammel,4352,1408,4425,1466,0,9,17,1108002
Trammel,4352,1408,4404,1473,0,9,17,1108002
Trammel,4352,1408,4412,1490,0,9,17,1108002
Trammel,4352,3328,4381,3368,-1,9,17,1369003
Trammel,4352,3328,4380,3371,0,9,17,1369003
Trammel,4352,3328,4379,3372,-1,9,17,1369003
Trammel,4352,3456,4420,3520,-1,9,17,1369003
Trammel,4352,3456,4429,3521,-1,9,17,1369003
Trammel,4352,3456,4418,3522,0,9,17,1369003
Trammel,4352,3712,4354,3768,0,9,17,1369003
Trammel,4480,896,4510,958,10,9,17,1108002
Trammel,4480,896,4509,960,10,9,17,1108002
Trammel,4480,896,4510,987,10,9,17,1108002
Trammel,4480,1024,4510,1032,0,9,17,1108002
Trammel,4480,1024,4521,1087,0,9,17,1108002
Trammel,4480,1024,4485,1089,0,9,17,1108002
Trammel,4480,1024,4521,1112,0,9,17,1108002
Trammel,4480,1024,4541,1126,0,9,17,1108002
Trammel,4480,1152,4497,1152,0,9,17,1108002
Trammel,4480,1152,4573,1161,0,9,17,1108002
Trammel,4480,1152,4497,1169,0,9,17,1108002
Trammel,4480,1152,4498,1186,0,9,17,1108002
Trammel,4480,1152,4493,1196,0,9,17,1108002
Trammel,4480,1152,4495,1213,0,9,17,1108002
Trammel,4480,1152,4487,1225,0,9,17,1108002
Trammel,4480,1152,4499,1240,0,9,17,1108002
Trammel,4480,1152,4533,1243,0,9,17,1108002
Trammel,4480,1280,4482,1379,23,9,17,1108002
Trammel,4480,1408,4517,1482,0,9,17,1369003
Trammel,4480,1408,4507,1483,0,9,17,1369003
Trammel,4480,1408,4561,1497,0,9,17,1369003
Trammel,4480,2304,4547,2328,-7,9,17,1391003
Trammel,4480,2304,4546,2332,-7,9,17,1391003
Trammel,4480,2304,4548,2354,-7,9,17,1391003
Trammel,4480,2304,4546,2364,-7,9,17,1391003
Trammel,4480,3328,4495,3386,0,9,17,1369003
Trammel,4480,3456,4582,3530,30,9,17,1369003
Trammel,4608,1152,4657,1153,0,9,17,1108002
Trammel,4608,1152,4654,1159,0,9,17,1108002
Trammel,4608,1152,4631,1171,0,9,17,1108002
Trammel,4608,1152,4663,1171,0,9,17,1108002
Trammel,4608,1280,4613,1282,0,9,17,1108002
Trammel,4608,1280,4624,1292,0,9,17,1108002
Trammel,4608,1280,4633,1292,0,9,17,1108002
Trammel,4608,1280,4621,1337,0,9,17,1108002
Trammel,4608,1280,4638,1368,0,9,17,1108002
Trammel,4608,1280,4634,1375,0,9,17,1108002
Trammel,4608,1280,4643,1389,0,9,17,1108002
Trammel,4608,1408,4661,1408,0,9,17,1369003
Trammel,4608,1408,4635,1442,0,9,17,1369003
Trammel,4608,1408,4633,1444,0,9,17,1369003
Trammel,4608,1408,4643,1473,0,9,17,1369003
Trammel,4608,3200,4608,3290,0,9,17,1369003
Felucca,0,1408,116,1474,-1,9,17,2369003
Felucca,128,640,234,736,0,9,17,2216002
Felucca,128,640,233,739,0,9,17,2216002
Felucca,128,1280,205,1357,0,9,17,2369003
Felucca,128,1280,202,1366,0,9,17,2369003
Felucca,128,1280,214,1366,0,9,17,2369003
Felucca,128,1280,198,1369,0,9,17,2369003
Felucca,128,1280,211,1374,0,9,17,2369003
Felucca,128,1408,141,1457,-2,9,17,2369003
Felucca,128,1408,137,1458,0,9,17,2369003
Felucca,128,1408,134,1459,0,9,17,2369003
Felucca,128,1408,132,1460,-2,9,17,2369003
Felucca,128,1408,130,1461,-2,9,17,2369003
Felucca,128,1408,128,1462,-2,9,17,2369003
Felucca,128,1408,157,1462,0,9,17,2369003
Felucca,128,1408,156,1471,0,9,17,2369003
Felucca,128,1408,140,1477,0,9,17,2369003
Felucca,256,640,329,730,0,9,17,2216002
Felucca,256,768,349,797,0,9,17,2216002
Felucca,256,896,371,976,0,9,17,2216002
Felucca,256,896,297,1001,0,9,17,2216002
Felucca,256,1152,365,1172,0,9,17,2216002
Felucca,256,1152,374,1174,0,9,17,2216002
Felucca,256,1152,365,1189,0,9,17,2216002
Felucca,256,1152,374,1191,0,9,17,2216002
Felucca,256,1280,374,1306,0,9,17,2216002
Felucca,256,1408,368,1459,2,9,17,2216002
Felucca,256,1408,363,1460,2,9,17,2216002
Felucca,256,1408,361,1461,1,9,17,2216002
Felucca,256,1408,359,1462,1,9,17,2216002
Felucca,384,768,468,809,0,9,17,2216002
Felucca,384,896,392,896,0,9,17,2216002
Felucca,384,896,493,901,0,9,17,2216002
Felucca,384,896,394,961,0,9,17,2216002
Felucca,384,896,420,969,0,9,17,2216002
Felucca,384,896,448,969,0,9,17,2216002
Felucca,384,1024,485,1096,0,9,17,2216002
Felucca,384,1024,473,1109,0,9,17,2216002
Felucca,384,1152,386,1187,0,9,17,2216002
Felucca,384,1152,384,1189,0,9,17,2216002
Felucca,384,1152,410,1213,0,9,17,2216002
Felucca,384,1152,401,1225,0,9,17,2216002
Felucca,384,1280,384,1309,0,9,17,2216002
Felucca,512,768,516,770,-5,9,17,2216002
Felucca,512,768,534,793,0,9,17,2216002
Felucca,512,768,585,805,0,9,17,2216002
Felucca,512,768,538,841,0,9,17,2216002
Felucca,512,768,625,857,0,9,17,2216002
Felucca,512,768,544,861,0,9,17,2216002
Felucca,512,768,625,874,0,9,17,2216002
Felucca,512,896,560,902,0,9,17,2216002
Felucca,512,896,597,921,0,9,17,2216002
Felucca,512,896,594,925,0,9,17,2216002
Felucca,512,896,589,926,0,9,17,2216002
Felucca,512,896,541,937,0,9,17,2216002
Felucca,512,896,550,953,0,9,17,2216002
Felucca,512,896,545,954,0,9,17,2216002
Felucca,512,896,541,977,0,9,17,2216002
Felucca,512,896,561,977,0,9,17,2216002
Felucca,512,896,545,1001,0,9,17,2216002
Felucca,512,1024,545,1053,0,9,17,2216002
Felucca,512,1024,574,1088,0,9,17,2216002
Felucca,512,1024,568,1089,0,9,17,2216002
Felucca,512,1152,569,1219,0,9,17,2216002
Felucca,512,1152,555,1225,0,9,17,2216002
Felucca,512,1152,564,1225,0,9,17,2216002
Felucca,512,1152,578,1228,0,9,17,2216002
Felucca,512,1152,545,1231,0,9,17,2216002
Felucca,512,1152,573,1236,0,9,17,2216002
Felucca,512,1152,554,1241,0,9,17,2216002
Felucca,512,2048,593,2119,0,9,17,2212002
Felucca,512,2176,565,2225,0,9,17,2212002
Felucca,512,2176,625,2225,0,9,17,2212002
Felucca,512,2176,582,2241,0,9,17,2212002
Felucca,640,512,743,564,0,9,17,2369003
Felucca,640,512,742,565,0,9,17,2369003
Felucca,640,512,725,590,0,9,17,2369003
Felucca,640,512,724,591,0,9,17,2369003
Felucca,640,512,723,597,0,9,17,2369003
Felucca,640,512,721,601,0,9,17,2369003
Felucca,640,512,720,603,0,9,17,2369003
Felucca,640,512,719,604,0,9,17,2369003
Felucca,640,512,716,607,0,9,17,2369003
Felucca,640,512,715,618,0,9,17,2369003
Felucca,640,640,702,643,0,9,17,2216002
Felucca,640,640,717,707,0,9,17,2216002
Felucca,640,640,753,748,0,9,17,2216002
Felucca,640,768,658,781,0,9,17,2216002
Felucca,640,768,656,785,0,9,17,2216002
Felucca,640,768,668,789,0,9,17,2216002
Felucca,640,768,667,790,0,9,17,2216002
Felucca,640,768,722,850,0,9,17,2216002
Felucca,640,896,687,899,0,9,17,2216002
Felucca,640,896,685,906,0,9,17,2216002
Felucca,640,896,682,910,0,9,17,2216002
Felucca,640,896,711,916,0,9,17,2216002
Felucca,640,896,710,917,0,9,17,2216002
Felucca,640,896,742,918,0,9,17,2216002
Felucca,640,896,665,928,0,9,17,2216002
Felucca,640,896,701,952,0,9,17,2216002
Felucca,640,896,690,992,0,9,17,2216002
Felucca,640,896,673,996,0,9,17,2216002
Felucca,640,896,688,996,0,9,17,2216002
Felucca,640,1024,729,1030,0,9,17,2216002
Felucca,640,1024,724,1032,0,9,17,2216002
Felucca,640,1024,709,1067,0,9,17,2216002
Felucca,640,1024,700,1120,0,9,17,2216002
Felucca,640,1152,721,1152,0,9,17,2216002
Felucca,640,1152,730,1152,0,9,17,2216002
Felucca,640,1152,739,1152,0,9,17,2216002
Felucca,640,1152,671,1168,0,9,17,2216002
Felucca,640,1280,648,1306,0,9,17,2216002
Felucca,640,1280,657,1310,0,9,17,2216002
Felucca,640,1280,645,1314,0,9,17,2216002
Felucca,640,1280,640,1315,0,9,17,2216002
Felucca,640,1280,654,1323,0,9,17,2216002
Felucca,640,1280,649,1331,0,9,17,2216002
Felucca,640,1280,640,1332,0,9,17,2216002
Felucca,640,1280,670,1339,0,9,17,2216002
Felucca,640,1280,661,1341,0,9,17,2216002
Felucca,640,1280,649,1348,0,9,17,2216002
Felucca,640,1280,641,1349,0,9,17,2216002
Felucca,640,1280,658,1349,0,9,17,2216002
Felucca,640,1280,683,1386,0,9,17,2216002
Felucca,640,1408,738,1502,0,9,17,2216002
Felucca,640,1792,749,1798,0,9,17,2369003
Felucca,640,1792,644,1820,0,9,17,2369003
Felucca,640,1792,756,1857,0,9,17,2369003
Felucca,640,1792,754,1860,0,9,17,2369003
Felucca,640,1792,753,1864,0,9,17,2369003
Felucca,640,1792,750,1867,0,9,17,2369003
Felucca,640,1792,707,1876,0,9,17,2369003
Felucca,640,1792,706,1879,-1,9,17,2369003
Felucca,640,1792,731,1879,0,9,17,2369003
Felucca,640,1792,721,1883,0,9,17,2369003
Felucca,640,1792,746,1883,0,9,17,2369003
Felucca,640,1792,716,1892,0,9,17,2369003
Felucca,640,1792,715,1893,0,9,17,2369003
Felucca,640,1792,711,1896,0,9,17,2369003
Felucca,640,1920,712,1932,0,9,17,2369003
Felucca,640,2048,640,2134,0,9,17,2212002
Felucca,640,2176,757,2257,0,9,17,2212002
Felucca,640,2304,752,2304,0,9,17,2212002
Felucca,768,256,835,336,0,9,17,2369003
Felucca,768,256,830,343,0,9,17,2369003
Felucca,768,256,823,350,0,9,17,2369003
Felucca,768,256,822,353,0,9,17,2369003
Felucca,768,256,821,354,0,9,17,2369003
Felucca,768,256,820,357,0,9,17,2369003
Felucca,768,256,819,360,0,9,17,2369003
Felucca,768,256,818,361,0,9,17,2369003
Felucca,768,256,817,362,0,9,17,2369003
Felucca,768,384,826,384,0,9,17,2369003
Felucca,768,384,835,386,0,9,17,2369003
Felucca,768,384,833,401,0,9,17,2369003
Felucca,768,384,844,401,0,9,17,2369003
Felucca,768,384,842,403,0,9,17,2369003
Felucca,768,384,834,418,0,9,17,2369003
Felucca,768,384,845,420,0,9,17,2369003
Felucca,768,384,817,427,0,9,17,2369003
Felucca,768,384,857,433,0,9,17,2369003
Felucca,768,384,805,434,0,9,17,2369003
Felucca,768,384,802,435,0,9,17,2369003
Felucca,768,384,866,438,0,9,17,2369003
Felucca,768,384,788,442,0,9,17,2369003
Felucca,768,384,780,450,0,9,17,2369003
Felucca,768,384,779,451,0,9,17,2369003
Felucca,768,384,868,455,0,9,17,2369003
Felucca,768,384,873,475,0,9,17,2369003
Felucca,768,512,860,581,0,9,17,2369003
Felucca,768,512,857,586,0,9,17,2369003
Felucca,768,512,849,598,0,9,17,2369003
Felucca,768,640,807,674,0,9,17,2216002
Felucca,768,640,788,677,0,9,17,2216002
Felucca,768,640,816,689,0,9,17,2216002
Felucca,768,640,807,691,0,9,17,2216002
Felucca,768,640,797,697,0,9,17,2216002
Felucca,768,768,823,775,0,9,17,2216002
Felucca,768,768,821,781,0,9,17,2216002
Felucca,768,768,809,782,0,9,17,2216002
Felucca,768,768,818,782,0,9,17,2216002
Felucca,768,768,806,783,0,9,17,2216002
Felucca,768,768,805,784,0,9,17,2216002
Felucca,768,768,801,790,0,9,17,2216002
Felucca,768,768,798,799,0,9,17,2216002
Felucca,768,768,811,801,0,9,17,2216002
Felucca,768,768,831,802,0,9,17,2216002
Felucca,768,768,821,809,0,9,17,2216002
Felucca,768,768,820,813,0,9,17,2216002
Felucca,768,768,818,818,0,9,17,2216002
Felucca,768,896,834,907,0,9,17,2216002
Felucca,768,896,831,909,0,9,17,2216002
Felucca,768,896,825,916,0,9,17,2216002
Felucca,768,896,821,922,0,9,17,2216002
Felucca,768,896,843,922,0,9,17,2216002
Felucca,768,896,840,924,0,9,17,2216002
Felucca,768,896,834,926,0,9,17,2216002
Felucca,768,896,819,930,0,9,17,2216002
Felucca,768,896,830,933,0,9,17,2216002
Felucca,768,1024,819,1039,0,9,17,2216002
Felucca,768,1024,812,1041,0,9,17,2216002
Felucca,768,1024,809,1044,0,9,17,2216002
Felucca,768,1024,807,1045,0,9,17,2216002
Felucca,768,1024,802,1055,0,9,17,2216002
Felucca,768,1024,821,1056,0,9,17,2216002
Felucca,768,1024,818,1058,0,9,17,2216002
Felucca,768,1024,816,1061,0,9,17,2216002
Felucca,768,1024,811,1063,0,9,17,2216002
Felucca,768,1024,810,1072,0,9,17,2216002
Felucca,768,1152,829,1162,0,9,17,2216002
Felucca,768,1152,853,1162,0,9,17,2216002
Felucca,768,1152,825,1164,0,9,17,2216002
Felucca,768,1152,817,1168,0,9,17,2216002
Felucca,768,1152,814,1174,0,9,17,2216002
Felucca,768,1152,843,1179,0,9,17,2216002
Felucca,768,1152,826,1181,0,9,17,2216002
Felucca,768,1152,811,1183,0,9,17,2216002
Felucca,768,1152,823,1185,0,9,17,2216002
Felucca,768,1152,861,1187,0,9,17,2216002
Felucca,768,1152,820,1191,0,9,17,2216002
Felucca,768,1152,835,1193,0,9,17,2216002
Felucca,768,1280,794,1318,0,9,17,2216002
Felucca,768,1280,793,1320,0,9,17,2216002
Felucca,768,1280,803,1321,0,9,17,2216002
Felucca,768,1280,789,1329,0,9,17,2216002
Felucca,768,1408,796,1435,0,9,17,2216002
Felucca,768,1408,807,1435,0,9,17,2216002
Felucca,768,1408,793,1436,0,9,17,2216002
Felucca,768,1408,805,1436,0,9,17,2216002
Felucca,768,1408,792,1438,0,9,17,2216002
Felucca,768,1408,789,1441,0,9,17,2216002
Felucca,768,1408,816,1444,0,9,17,2216002
Felucca,768,1408,786,1447,0,9,17,2216002
Felucca,768,1408,785,1451,0,9,17,2216002
Felucca,768,1408,802,1452,0,9,17,2216002
Felucca,768,1408,801,1453,0,9,17,2216002
Felucca,768,1408,781,1456,0,9,17,2216002
Felucca,768,1408,773,1459,0,9,17,2216002
Felucca,768,1408,770,1462,0,9,17,2216002
Felucca,768,1408,811,1465,0,9,17,2216002
Felucca,768,1408,790,1468,0,9,17,2216002
Felucca,768,1408,799,1468,0,9,17,2216002
Felucca,768,1408,810,1469,0,9,17,2216002
Felucca,768,1408,809,1470,0,9,17,2216002
Felucca,768,1408,808,1471,0,9,17,2216002
Felucca,768,1408,782,1473,0,9,17,2216002
Felucca,768,1792,782,1796,0,9,17,2369003
Felucca,768,1792,781,1801,0,9,17,2369003
Felucca,768,1792,791,1801,0,9,17,2369003
Felucca,768,1792,777,1811,0,9,17,2369003
Felucca,768,1792,768,1812,0,9,17,2369003
Felucca,768,1792,786,1818,0,9,17,2369003
Felucca,768,1792,885,1825,0,9,17,2369003
Felucca,768,1792,777,1828,0,9,17,2369003
Felucca,768,1792,883,1828,0,9,17,2369003
Felucca,768,1792,768,1829,0,9,17,2369003
Felucca,768,1792,881,1840,0,9,17,2369003
Felucca,768,1792,777,1845,0,9,17,2369003
Felucca,768,1792,768,1846,0,9,17,2369003
Felucca,768,1792,786,1846,0,9,17,2369003
Felucca,768,1792,865,1848,0,9,17,2369003
Felucca,768,1792,857,1849,0,9,17,2369003
Felucca,768,1792,877,1852,0,9,17,2369003
Felucca,768,1792,855,1854,0,9,17,2369003
Felucca,768,1792,875,1855,0,9,17,2369003
Felucca,768,1792,886,1857,0,9,17,2369003
Felucca,768,1792,854,1858,0,9,17,2369003
Felucca,768,1792,874,1859,0,9,17,2369003
Felucca,768,1792,795,1860,0,9,17,2369003
Felucca,768,1792,778,1862,0,9,17,2369003
Felucca,768,1792,768,1863,0,9,17,2369003
Felucca,768,1792,867,1865,0,9,17,2369003
Felucca,768,1792,804,1867,0,9,17,2369003
Felucca,768,1792,852,1869,0,9,17,2369003
Felucca,768,1792,884,1869,0,9,17,2369003
Felucca,768,1792,832,1871,0,9,17,2369003
Felucca,768,1792,883,1872,0,9,17,2369003
Felucca,768,1792,876,1876,0,9,17,2369003
Felucca,768,1792,787,1877,0,9,17,2369003
Felucca,768,1792,786,1879,0,9,17,2369003
Felucca,768,1792,841,1879,0,9,17,2369003
Felucca,768,1792,768,1880,0,9,17,2369003
Felucca,768,1792,850,1880,0,9,17,2369003
Felucca,768,1792,777,1882,0,9,17,2369003
Felucca,768,1792,868,1882,0,9,17,2369003
Felucca,768,1792,861,1883,0,9,17,2369003
Felucca,768,1792,833,1888,0,9,17,2369003
Felucca,768,1792,885,1889,0,9,17,2369003
Felucca,768,1792,771,1897,0,9,17,2369003
Felucca,768,1792,852,1897,0,9,17,2369003
Felucca,768,1792,844,1901,0,9,17,2369003
Felucca,768,1920,840,1920,0,9,17,2369003
Felucca,768,1920,849,1920,0,9,17,2369003
Felucca,768,1920,839,1929,0,9,17,2369003
Felucca,768,1920,768,1933,0,9,17,2369003
Felucca,768,1920,829,1936,0,9,17,2369003
Felucca,768,1920,848,1937,0,9,17,2369003
Felucca,768,1920,768,1950,0,9,17,2369003
Felucca,768,1920,783,1954,0,9,17,2369003
Felucca,768,1920,817,1955,0,9,17,2369003
Felucca,768,1920,779,1958,0,9,17,2369003
Felucca,768,1920,801,1961,0,9,17,2369003
Felucca,768,1920,831,1963,0,9,17,2369003
Felucca,768,1920,810,1968,0,9,17,2369003
Felucca,768,1920,797,1970,0,9,17,2369003
Felucca,768,1920,819,1972,0,9,17,2369003
Felucca,768,1920,786,1975,0,9,17,2369003
Felucca,768,1920,774,1978,0,9,17,2369003
Felucca,768,1920,795,1979,0,9,17,2369003
Felucca,768,1920,810,1985,0,9,17,2369003
Felucca,768,1920,877,1985,0,9,17,2369003
Felucca,768,1920,783,1986,0,9,17,2369003
Felucca,768,1920,876,1987,0,9,17,2369003
Felucca,768,1920,826,1989,0,9,17,2369003
Felucca,768,1920,835,1993,0,9,17,2369003
Felucca,768,1920,873,1996,0,9,17,2369003
Felucca,768,1920,866,2000,0,9,17,2369003
Felucca,768,1920,885,2002,0,9,17,2369003
Felucca,768,1920,853,2003,0,9,17,2369003
Felucca,768,1920,882,2004,0,9,17,2369003
Felucca,768,1920,862,2005,0,9,17,2369003
Felucca,768,2048,844,2065,0,9,17,2212002
Felucca,768,2048,838,2088,0,9,17,2212002
Felucca,768,2048,807,2128,0,9,17,2212002
Felucca,768,2048,805,2132,0,9,17,2212002
Felucca,768,2048,802,2134,0,9,17,2212002
Felucca,768,2048,801,2138,0,9,17,2212002
Felucca,768,2048,798,2146,0,9,17,2212002
Felucca,768,2048,814,2146,0,9,17,2212002
Felucca,768,2048,823,2146,0,9,17,2212002
Felucca,768,2048,811,2149,0,9,17,2212002
Felucca,768,2048,792,2151,0,9,17,2212002
Felucca,768,2048,810,2151,0,9,17,2212002
Felucca,768,2048,791,2155,2,9,17,2212002
Felucca,768,2048,807,2155,0,9,17,2212002
Felucca,768,2176,885,2197,0,9,17,2212002
Felucca,768,2176,808,2214,0,9,17,2212002
Felucca,768,2176,807,2216,0,9,17,2212002
Felucca,768,2176,869,2228,0,9,17,2212002
Felucca,768,2176,781,2230,0,9,17,2212002
Felucca,768,2176,841,2230,0,9,17,2212002
Felucca,768,2176,868,2230,0,9,17,2212002
Felucca,768,2176,829,2232,0,9,17,2212002
Felucca,768,2176,850,2232,0,9,17,2212002
Felucca,768,2176,885,2232,0,9,17,2212002
Felucca,768,2176,808,2233,0,9,17,2212002
Felucca,768,2176,838,2233,0,9,17,2212002
Felucca,768,2176,774,2236,0,9,17,2212002
Felucca,768,2176,805,2236,0,9,17,2212002
Felucca,768,2176,825,2236,0,9,17,2212002
Felucca,768,2176,768,2239,0,9,17,2212002
Felucca,768,2176,817,2239,0,9,17,2212002
Felucca,768,2176,867,2239,0,9,17,2212002
Felucca,768,2176,878,2239,0,9,17,2212002
Felucca,768,2176,865,2248,0,9,17,2212002
Felucca,768,2176,853,2249,0,9,17,2212002
Felucca,768,2176,814,2250,0,9,17,2212002
Felucca,768,2176,841,2250,0,9,17,2212002
Felucca,768,2176,809,2253,0,9,17,2212002
Felucca,768,2176,826,2253,0,9,17,2212002
Felucca,768,2176,835,2255,0,9,17,2212002
Felucca,768,2176,823,2256,0,9,17,2212002
Felucca,768,2176,862,2258,0,9,17,2212002
Felucca,768,2176,850,2259,0,9,17,2212002
Felucca,768,2176,859,2266,0,9,17,2212002
Felucca,768,2176,818,2267,0,9,17,2212002
Felucca,768,2176,844,2267,0,9,17,2212002
Felucca,768,2176,779,2269,0,9,17,2212002
Felucca,768,2176,813,2270,0,9,17,2212002
Felucca,768,2176,832,2270,0,9,17,2212002
Felucca,768,2176,841,2272,0,9,17,2212002
Felucca,768,2176,830,2273,0,9,17,2212002
Felucca,768,2176,853,2276,0,9,17,2212002
Felucca,768,2176,850,2284,0,9,17,2212002
Felucca,768,2304,783,2304,0,9,17,2212002
Felucca,768,2304,792,2304,0,9,17,2212002
Felucca,768,2304,817,2304,0,9,17,2212002
Felucca,768,2304,831,2309,0,9,17,2212002
Felucca,768,2304,845,2314,0,9,17,2212002
Felucca,768,2304,854,2317,0,9,17,2212002
Felucca,768,2304,826,2320,0,9,17,2212002
Felucca,768,2304,842,2320,0,9,17,2212002
Felucca,768,2304,873,2320,0,9,17,2212002
Felucca,768,2304,825,2321,0,9,17,2212002
Felucca,768,2304,867,2321,0,9,17,2212002
Felucca,768,2304,863,2323,0,9,17,2212002
Felucca,768,2304,835,2326,0,9,17,2212002
Felucca,768,2304,851,2331,0,9,17,2212002
Felucca,768,2304,823,2337,0,9,17,2212002
Felucca,768,2304,834,2337,0,9,17,2212002
Felucca,768,2304,846,2337,0,9,17,2212002
Felucca,768,2304,876,2337,0,9,17,2212002
Felucca,768,2304,813,2338,0,9,17,2212002
Felucca,768,2304,833,2338,0,9,17,2212002
Felucca,768,2304,873,2338,0,9,17,2212002
Felucca,768,2304,844,2340,0,9,17,2212002
Felucca,768,2304,822,2341,0,9,17,2212002
Felucca,768,2304,832,2341,0,9,17,2212002
Felucca,768,2304,869,2341,0,9,17,2212002
Felucca,768,2304,843,2343,0,9,17,2212002
Felucca,768,2304,811,2344,0,9,17,2212002
Felucca,768,2304,867,2350,0,9,17,2212002
Felucca,768,2304,831,2354,0,9,17,2212002
Felucca,768,2304,842,2354,0,9,17,2212002
Felucca,768,2304,866,2354,0,9,17,2212002
Felucca,768,2304,820,2355,0,9,17,2212002
Felucca,768,2304,841,2355,0,9,17,2212002
Felucca,768,2304,830,2358,0,9,17,2212002
Felucca,768,2304,840,2358,0,9,17,2212002
Felucca,768,2304,865,2359,0,9,17,2212002
Felucca,768,2304,864,2360,0,9,17,2212002
Felucca,768,2304,876,2360,0,9,17,2212002
Felucca,768,2304,817,2361,0,9,17,2212002
Felucca,768,2304,855,2366,0,9,17,2212002
Felucca,768,2304,875,2367,0,9,17,2212002
Felucca,768,2304,829,2370,0,9,17,2212002
Felucca,768,2304,853,2370,0,9,17,2212002
Felucca,768,2304,801,2371,0,9,17,2212002
Felucca,768,2304,874,2371,0,9,17,2212002
Felucca,768,2304,828,2372,0,9,17,2212002
Felucca,768,2304,877,2398,0,9,17,2212002
Felucca,768,2304,886,2401,0,9,17,2212002
Felucca,768,2304,873,2402,0,9,17,2212002
Felucca,768,2304,870,2407,0,9,17,2212002
Felucca,768,2304,834,2409,0,9,17,2212002
Felucca,768,2432,878,2434,0,9,17,2369003
Felucca,768,2432,872,2445,1,9,17,2369003
Felucca,896,256,960,267,0,9,17,2369003
Felucca,896,256,959,268,0,9,17,2369003
Felucca,896,256,958,270,0,9,17,2369003
Felucca,896,256,956,272,0,9,17,2369003
Felucca,896,256,955,274,0,9,17,2369003
Felucca,896,256,954,275,0,9,17,2369003
Felucca,896,256,952,276,0,9,17,2369003
Felucca,896,256,951,277,0,9,17,2369003
Felucca,896,256,950,278,0,9,17,2369003
Felucca,896,256,969,278,0,9,17,2369003
Felucca,896,256,949,279,0,9,17,2369003
Felucca,896,256,948,280,0,9,17,2369003
Felucca,896,256,947,281,0,9,17,2369003
Felucca,896,256,946,282,0,9,17,2369003
Felucca,896,256,945,283,0,9,17,2369003
Felucca,896,256,978,283,0,9,17,2369003
Felucca,896,256,944,284,0,9,17,2369003
Felucca,896,256,968,284,0,9,17,2369003
Felucca,896,256,967,285,0,9,17,2369003
Felucca,896,256,943,286,0,9,17,2369003
Felucca,896,256,965,287,0,9,17,2369003
Felucca,896,256,964,289,0,9,17,2369003
Felucca,896,256,963,291,0,9,17,2369003
Felucca,896,256,958,295,0,9,17,2369003
Felucca,896,256,957,296,0,9,17,2369003
Felucca,896,256,993,303,0,9,17,2369003
Felucca,896,256,947,310,-1,9,17,2369003
Felucca,896,256,956,313,0,9,17,2369003
Felucca,896,256,936,321,0,9,17,2369003
Felucca,896,256,934,322,0,9,17,2369003
Felucca,896,256,932,323,0,9,17,2369003
Felucca,896,256,930,324,0,9,17,2369003
Felucca,896,256,929,325,0,9,17,2369003
Felucca,896,256,947,327,0,9,17,2369003
Felucca,896,256,1001,328,0,9,17,2369003
Felucca,896,256,924,329,0,9,17,2369003
Felucca,896,256,922,330,0,9,17,2369003
Felucca,896,256,920,331,0,9,17,2369003
Felucca,896,256,913,332,0,9,17,2369003
Felucca,896,256,945,332,0,9,17,2369003
Felucca,896,256,943,338,0,9,17,2369003
Felucca,896,256,941,339,0,9,17,2369003
Felucca,896,256,939,340,0,9,17,2369003
Felucca,896,256,938,341,0,9,17,2369003
Felucca,896,256,934,342,0,9,17,2369003
Felucca,896,256,933,344,0,9,17,2369003
Felucca,896,256,931,346,0,9,17,2369003
Felucca,896,256,931,363,0,9,17,2369003
Felucca,896,384,931,384,0,9,17,2369003
Felucca,896,384,930,388,0,9,17,2369003
Felucca,896,384,929,389,0,9,17,2369003
Felucca,896,384,965,397,0,9,17,2369003
Felucca,896,384,961,400,0,9,17,2369003
Felucca,896,384,919,405,0,9,17,2369003
Felucca,896,384,917,406,0,9,17,2369003
Felucca,896,384,916,408,0,9,17,2369003
Felucca,896,384,915,409,0,9,17,2369003
Felucca,896,384,914,410,0,9,17,2369003
Felucca,896,384,913,412,0,9,17,2369003
Felucca,896,384,920,429,0,9,17,2369003
Felucca,896,384,981,446,0,9,17,2369003
Felucca,896,384,929,448,0,9,17,2369003
Felucca,896,384,990,450,0,9,17,2369003
Felucca,896,384,1010,450,-1,9,17,2369003
Felucca,896,384,999,451,0,9,17,2369003
Felucca,896,384,989,463,0,9,17,2369003
Felucca,896,512,981,523,0,9,17,2369003
Felucca,896,512,979,526,0,9,17,2369003
Felucca,896,512,976,528,0,9,17,2369003
Felucca,896,512,991,530,0,9,17,2369003
Felucca,896,512,973,532,0,9,17,2369003
Felucca,896,512,990,538,0,9,17,2369003
Felucca,896,512,988,540,0,9,17,2369003
Felucca,896,512,985,543,0,9,17,2369003
Felucca,896,640,982,646,0,9,17,2356003
Felucca,896,640,899,691,0,9,17,2356003
Felucca,896,768,921,771,0,9,17,2369003
Felucca,896,768,947,837,0,9,17,2369003
Felucca,896,768,943,839,0,9,17,2369003
Felucca,896,768,940,840,0,9,17,2369003
Felucca,896,768,931,847,0,9,17,2369003
Felucca,896,768,943,857,0,9,17,2369003
Felucca,896,768,939,864,0,9,17,2369003
Felucca,896,896,929,899,0,9,17,2369003
Felucca,896,896,960,958,0,9,17,2369003
Felucca,896,896,973,958,0,9,17,2369003
Felucca,896,896,953,959,0,9,17,2369003
Felucca,896,896,951,964,0,9,17,2369003
Felucca,896,896,969,969,0,9,17,2369003
Felucca,896,896,984,974,0,9,17,2369003
Felucca,896,896,943,978,0,9,17,2369003
Felucca,896,896,957,984,0,9,17,2369003
Felucca,896,1024,941,1098,0,9,17,2369003
Felucca,896,1024,938,1099,0,9,17,2369003
Felucca,896,1024,951,1101,0,9,17,2369003
Felucca,896,1024,929,1108,0,9,17,2369003
Felucca,896,1024,950,1108,0,9,17,2369003
Felucca,896,1024,939,1116,0,9,17,2369003
Felucca,896,1152,960,1213,0,9,17,2369003
Felucca,896,1152,958,1214,0,9,17,2369003
Felucca,896,1152,957,1215,0,9,17,2369003
Felucca,896,1152,954,1216,0,9,17,2369003
Felucca,896,1152,949,1217,0,9,17,2369003
Felucca,896,1152,948,1219,0,9,17,2369003
Felucca,896,1152,978,1219,0,9,17,2369003
Felucca,896,1152,945,1220,0,9,17,2369003
Felucca,896,1152,967,1230,0,9,17,2369003
Felucca,896,1152,958,1233,0,9,17,2369003
Felucca,896,1152,957,1234,0,9,17,2369003
Felucca,896,1152,954,1236,0,9,17,2369003
Felucca,896,1152,952,1237,0,9,17,2369003
Felucca,896,1152,976,1239,0,9,17,2369003
Felucca,896,1152,945,1240,0,9,17,2369003
Felucca,896,1280,988,1301,0,9,17,2369003
Felucca,896,1280,981,1302,0,9,17,2369003
Felucca,896,1280,978,1303,0,9,17,2369003
Felucca,896,1280,977,1305,0,9,17,2369003
Felucca,896,1280,973,1306,0,9,17,2369003
Felucca,896,1280,972,1312,0,9,17,2369003
Felucca,896,1664,925,1664,0,9,17,2369003
Felucca,896,1664,934,1664,0,9,17,2369003
Felucca,896,1664,943,1664,0,9,17,2369003
Felucca,896,1664,956,1672,0,9,17,2369003
Felucca,896,1664,952,1677,0,9,17,2369003
Felucca,896,1792,983,1792,0,9,17,2369003
Felucca,896,1792,992,1792,0,9,17,2369003
Felucca,896,1792,1003,1801,0,9,17,2369003
Felucca,896,1792,1001,1805,0,9,17,2369003
Felucca,896,1792,997,1809,0,9,17,2369003
Felucca,896,1792,896,1823,0,9,17,2369003
Felucca,896,1792,997,1826,0,9,17,2369003
Felucca,896,1792,994,1828,0,9,17,2369003
Felucca,896,1792,899,1840,0,9,17,2369003
Felucca,896,1792,989,1841,0,9,17,2369003
Felucca,896,1792,988,1843,0,9,17,2369003
Felucca,896,1792,985,1847,0,9,17,2369003
Felucca,896,1792,896,1849,0,9,17,2369003
Felucca,896,1792,915,1852,0,9,17,2369003
Felucca,896,1792,981,1857,0,9,17,2369003
Felucca,896,1792,994,1861,0,9,17,2369003
Felucca,896,1792,990,1864,0,9,17,2369003
Felucca,896,1792,896,1866,0,9,17,2369003
Felucca,896,1792,905,1871,0,9,17,2369003
Felucca,896,1792,999,1878,0,9,17,2369003
Felucca,896,1792,995,1881,0,9,17,2369003
Felucca,896,1792,896,1883,0,9,17,2369003
Felucca,896,1792,986,1885,0,9,17,2369003
Felucca,896,1792,985,1886,0,9,17,2369003
Felucca,896,1792,905,1888,0,9,17,2369003
Felucca,896,1792,975,1889,0,9,17,2369003
Felucca,896,1792,984,1889,0,9,17,2369003
Felucca,896,1792,914,1891,0,9,17,2369003
Felucca,896,1792,1004,1895,0,9,17,2369003
Felucca,896,1792,995,1898,0,9,17,2369003
Felucca,896,1792,902,1900,0,9,17,2369003
Felucca,896,1792,973,1901,0,9,17,2369003
Felucca,896,1792,994,1902,0,9,17,2369003
Felucca,896,1920,914,1920,0,9,17,2369003
Felucca,896,1920,923,1920,0,9,17,2369003
Felucca,896,1920,932,1920,0,9,17,2369003
Felucca,896,1920,945,1920,0,9,17,2369003
Felucca,896,1920,954,1920,0,9,17,2369003
Felucca,896,1920,963,1920,0,9,17,2369003
Felucca,896,1920,981,1920,0,9,17,2369003
Felucca,896,1920,993,1920,0,9,17,2369003
Felucca,896,1920,1002,1920,0,9,17,2369003
Felucca,896,1920,906,1930,0,9,17,2369003
Felucca,896,1920,997,1937,0,9,17,2369003
Felucca,896,1920,1002,1954,0,9,17,2369003
Felucca,896,1920,1003,1971,0,9,17,2369003
Felucca,896,1920,1002,1982,0,9,17,2369003
Felucca,896,1920,1001,1994,0,9,17,2369003
Felucca,896,1920,902,1999,0,9,17,2369003
Felucca,896,1920,997,1999,0,9,17,2369003
Felucca,896,1920,994,2005,0,9,17,2369003
Felucca,896,1920,896,2007,0,9,17,2369003
Felucca,896,1920,908,2019,0,9,17,2369003
Felucca,896,1920,997,2022,0,9,17,2369003
Felucca,896,2048,1004,2053,0,9,17,2212002
Felucca,896,2048,1001,2060,0,9,17,2212002
Felucca,896,2048,896,2062,0,9,17,2212002
Felucca,896,2048,905,2062,0,9,17,2212002
Felucca,896,2048,914,2065,0,9,17,2212002
Felucca,896,2048,993,2068,0,9,17,2212002
Felucca,896,2048,903,2079,0,9,17,2212002
Felucca,896,2048,999,2085,0,9,17,2212002
Felucca,896,2048,997,2092,0,9,17,2212002
Felucca,896,2048,1008,2101,0,9,17,2212002
Felucca,896,2048,1006,2102,0,9,17,2212002
Felucca,896,2048,997,2109,0,9,17,2212002
Felucca,896,2048,923,2110,2,9,17,2212002
Felucca,896,2048,1000,2126,0,9,17,2212002
Felucca,896,2048,921,2128,0,9,17,2212002
Felucca,896,2048,997,2130,0,9,17,2212002
Felucca,896,2048,987,2140,0,9,17,2212002
Felucca,896,2048,996,2141,0,9,17,2212002
Felucca,896,2048,985,2143,0,9,17,2212002
Felucca,896,2048,923,2145,0,9,17,2212002
Felucca,896,2048,959,2146,0,9,17,2212002
Felucca,896,2048,977,2146,0,9,17,2212002
Felucca,896,2048,942,2149,1,9,17,2212002
Felucca,896,2048,954,2149,0,9,17,2212002
Felucca,896,2048,921,2150,0,9,17,2212002
Felucca,896,2048,932,2150,0,9,17,2212002
Felucca,896,2048,974,2154,0,9,17,2212002
Felucca,896,2048,951,2157,0,9,17,2212002
Felucca,896,2048,994,2157,0,9,17,2212002
Felucca,896,2176,910,2176,0,9,17,2212002
Felucca,896,2176,905,2178,0,9,17,2212002
Felucca,896,2176,899,2179,0,9,17,2212002
Felucca,896,2176,896,2190,0,9,17,2212002
Felucca,896,2176,897,2212,0,9,17,2212002
Felucca,896,2176,897,2229,0,9,17,2212002
Felucca,896,2176,896,2233,0,9,17,2212002
Felucca,896,2176,961,2284,2,9,17,2212002
Felucca,896,2176,971,2284,0,9,17,2212002
Felucca,896,2304,922,2304,0,9,17,2212002
Felucca,896,2304,931,2304,0,9,17,2212002
Felucca,896,2304,940,2304,0,9,17,2212002
Felucca,896,2304,917,2314,0,9,17,2212002
Felucca,896,2304,926,2321,0,9,17,2212002
Felucca,896,2304,935,2321,0,9,17,2212002
Felucca,896,2304,913,2329,0,9,17,2212002
Felucca,896,2304,922,2331,0,9,17,2212002
Felucca,896,2304,944,2337,0,9,17,2212002
Felucca,896,2304,912,2338,0,9,17,2212002
Felucca,896,2304,937,2338,0,9,17,2212002
Felucca,896,2304,921,2346,0,9,17,2212002
Felucca,896,2304,901,2350,0,9,17,2212002
Felucca,896,2304,910,2353,0,9,17,2212002
Felucca,896,2304,933,2354,0,9,17,2212002
Felucca,896,2304,942,2355,0,9,17,2212002
Felucca,896,2304,971,2359,2,9,17,2212002
Felucca,896,2304,970,2360,2,9,17,2212002
Felucca,896,2304,969,2361,2,9,17,2212002
Felucca,896,2304,968,2363,2,9,17,2212002
Felucca,896,2304,901,2367,0,9,17,2212002
Felucca,896,2304,897,2368,0,9,17,2212002
Felucca,896,2304,907,2386,0,9,17,2212002
Felucca,896,2304,965,2399,2,9,17,2212002
Felucca,896,2304,896,2401,0,9,17,2212002
Felucca,896,2304,918,2401,0,9,17,2212002
Felucca,896,2304,964,2401,0,9,17,2212002
Felucca,896,2304,989,2401,2,9,17,2212002
Felucca,896,2304,905,2402,0,9,17,2212002
Felucca,896,2304,1007,2407,0,9,17,2212002
Felucca,896,2304,927,2413,0,9,17,2212002
Felucca,896,2432,896,2432,0,9,17,2369003
Felucca,896,2432,905,2432,0,9,17,2369003
Felucca,896,2432,918,2432,0,9,17,2369003
Felucca,896,2432,914,2438,0,9,17,2369003
Felucca,896,2432,896,2473,2,9,17,2369003
Felucca,896,2432,905,2476,0,9,17,2369003
Felucca,896,2432,910,2524,0,9,17,2369003
Felucca,896,2432,1005,2529,2,9,17,2369003
Felucca,896,2432,1000,2530,0,9,17,2369003
Felucca,896,2432,996,2533,0,9,17,2369003
Felucca,896,2560,917,2560,0,9,17,2369003
Felucca,896,2560,958,2584,0,9,17,2369003
Felucca,896,2560,997,2629,0,9,17,2369003
Felucca,896,2560,997,2646,0,9,17,2369003
Felucca,1024,128,1124,192,1,9,17,2369003
Felucca,1024,128,1130,209,1,9,17,2369003
Felucca,1024,256,1043,352,1,9,17,2369003
Felucca,1024,256,1052,355,1,9,17,2369003
Felucca,1024,384,1024,457,1,9,17,2369003
Felucca,1024,512,1125,512,1,9,17,2369003
Felucca,1024,512,1121,522,1,9,17,2369003
Felucca,1024,512,1034,525,6,9,17,2369003
Felucca,1024,512,1133,562,1,9,17,2369003
Felucca,1024,512,1142,572,1,9,17,2369003
Felucca,1024,512,1054,619,16,9,17,2369003
Felucca,1024,512,1051,622,16,9,17,2369003
Felucca,1024,640,1072,640,16,9,17,2369003
Felucca,1024,1024,1037,1031,0,9,17,2369003
Felucca,1024,1024,1035,1036,0,9,17,2369003
Felucca,1024,1024,1116,1113,1,9,17,2369003
Felucca,1024,1280,1049,1290,0,9,17,2369003
Felucca,1024,1280,1046,1291,0,9,17,2369003
Felucca,1024,1280,1058,1348,0,9,17,2369003
Felucca,1024,1280,1057,1349,0,9,17,2369003
Felucca,1024,1280,1053,1370,0,9,17,2369003
Felucca,1024,1280,1047,1375,0,9,17,2369003
Felucca,1024,1280,1065,1390,0,9,17,2369003
Felucca,1024,1536,1130,1544,0,9,17,2369003
Felucca,1024,1536,1129,1550,0,9,17,2369003
Felucca,1024,1536,1140,1553,0,9,17,2369003
Felucca,1024,1536,1139,1559,0,9,17,2369003
Felucca,1024,1536,1138,1561,0,9,17,2369003
Felucca,1024,1536,1133,1567,0,9,17,2369003
Felucca,1024,1536,1142,1578,0,9,17,2369003
Felucca,1024,1536,1134,1584,0,9,17,2369003
Felucca,1024,1536,1129,1592,0,9,17,2369003
Felucca,1024,1536,1127,1600,0,9,17,2369003
Felucca,1024,1536,1108,1602,0,9,17,2369003
Felucca,1024,1536,1117,1602,0,9,17,2369003
Felucca,1024,1536,1126,1602,0,9,17,2369003
Felucca,1024,1536,1101,1608,0,9,17,2369003
Felucca,1024,1536,1110,1619,0,9,17,2369003
Felucca,1024,1536,1119,1619,0,9,17,2369003
Felucca,1024,1536,1128,1619,0,9,17,2369003
Felucca,1024,1536,1095,1621,0,9,17,2369003
Felucca,1024,1536,1104,1625,0,9,17,2369003
Felucca,1024,1664,1141,1668,0,9,17,2369003
Felucca,1024,1664,1117,1768,0,9,17,2369003
Felucca,1024,1664,1141,1768,0,9,17,2369003
Felucca,1024,1664,1126,1769,0,9,17,2369003
Felucca,1024,1664,1137,1770,0,9,17,2369003
Felucca,1024,1664,1113,1771,0,9,17,2369003
Felucca,1024,1664,1135,1771,0,9,17,2369003
Felucca,1024,1792,1109,1792,0,9,17,2369003
Felucca,1024,1792,1118,1792,0,9,17,2369003
Felucca,1024,1792,1127,1792,0,9,17,2369003
Felucca,1024,1792,1136,1792,0,9,17,2369003
Felucca,1024,1792,1108,1795,0,9,17,2369003
Felucca,1024,1792,1129,1827,0,9,17,2369003
Felucca,1024,1792,1139,1837,0,9,17,2369003
Felucca,1024,1920,1061,1985,0,9,17,2369003
Felucca,1024,1920,1057,1987,0,9,17,2369003
Felucca,1024,1920,1070,1990,0,9,17,2369003
Felucca,1024,1920,1054,1992,0,9,17,2369003
Felucca,1024,1920,1043,2000,0,9,17,2369003
Felucca,1024,1920,1069,2002,0,9,17,2369003
Felucca,1024,1920,1060,2010,0,9,17,2369003
Felucca,1024,2048,1065,2114,5,9,17,2369003
Felucca,1024,2304,1055,2332,5,9,17,2369003
Felucca,1024,2432,1035,2464,5,9,17,2369003
Felucca,1024,2432,1044,2470,5,9,17,2369003
Felucca,1024,2432,1027,2489,0,9,17,2369003
Felucca,1024,2432,1082,2494,0,9,17,2369003
Felucca,1024,2432,1036,2495,0,9,17,2369003
Felucca,1024,2432,1062,2496,0,9,17,2369003
Felucca,1024,2432,1076,2496,0,9,17,2369003
Felucca,1024,2432,1061,2497,0,9,17,2369003
Felucca,1024,2432,1093,2497,0,9,17,2369003
Felucca,1024,2432,1113,2497,0,9,17,2369003
Felucca,1024,2432,1060,2498,0,9,17,2369003
Felucca,1024,2432,1059,2500,0,9,17,2369003
Felucca,1024,2432,1131,2502,0,9,17,2369003
Felucca,1024,2432,1103,2504,0,9,17,2369003
Felucca,1024,2432,1091,2505,0,9,17,2369003
Felucca,1024,2688,1119,2720,0,9,17,2369003
Felucca,1024,2688,1139,2722,2,9,17,2369003
Felucca,1024,2688,1137,2723,1,9,17,2369003
Felucca,1024,2688,1136,2724,0,9,17,2369003
Felucca,1024,2688,1128,2728,0,9,17,2369003
Felucca,1024,2688,1121,2737,0,9,17,2369003
Felucca,1024,2688,1120,2738,0,9,17,2369003
Felucca,1024,2688,1137,2741,0,9,17,2369003
Felucca,1024,2688,1136,2745,0,9,17,2369003
Felucca,1024,2688,1130,2752,0,9,17,2369003
Felucca,1024,2688,1129,2754,0,9,17,2369003
Felucca,1024,2688,1128,2755,0,9,17,2369003
Felucca,1024,2688,1124,2758,0,9,17,2369003
Felucca,1024,2688,1139,2762,0,9,17,2369003
Felucca,1024,2688,1123,2763,0,9,17,2369003
Felucca,1024,2688,1121,2765,-1,9,17,2369003
Felucca,1024,2688,1138,2769,0,9,17,2369003
Felucca,1024,2688,1119,2770,-1,9,17,2369003
Felucca,1024,2688,1137,2771,0,9,17,2369003
Felucca,1024,2688,1133,2772,0,9,17,2369003
Felucca,1024,2688,1118,2773,0,9,17,2369003
Felucca,1024,2688,1117,2774,0,9,17,2369003
Felucca,1024,2688,1132,2775,0,9,17,2369003
Felucca,1024,2688,1116,2777,0,9,17,2369003
Felucca,1024,2688,1114,2778,0,9,17,2369003
Felucca,1024,2688,1113,2780,0,9,17,2369003
Felucca,1024,2688,1130,2780,0,9,17,2369003
Felucca,1024,2688,1112,2781,0,9,17,2369003
Felucca,1024,2688,1128,2782,0,9,17,2369003
Felucca,1024,2688,1111,2783,0,9,17,2369003
Felucca,1024,2688,1110,2784,0,9,17,2369003
Felucca,1024,2688,1127,2787,0,9,17,2369003
Felucca,1024,2688,1142,2788,0,9,17,2369003
Felucca,1024,2688,1141,2789,0,9,17,2369003
Felucca,1024,2688,1126,2790,0,9,17,2369003
Felucca,1024,2688,1125,2791,0,9,17,2369003
Felucca,1024,2688,1139,2792,0,9,17,2369003
Felucca,1024,2688,1099,2794,0,9,17,2369003
Felucca,1024,2688,1123,2794,0,9,17,2369003
Felucca,1024,2688,1122,2795,0,9,17,2369003
Felucca,1024,2688,1108,2796,0,9,17,2369003
Felucca,1024,2688,1121,2797,0,9,17,2369003
Felucca,1024,2688,1137,2797,0,9,17,2369003
Felucca,1024,2688,1120,2798,0,9,17,2369003
Felucca,1024,2816,1104,2816,0,9,17,2369003
Felucca,1024,2816,1113,2816,0,9,17,2369003
Felucca,1024,2816,1122,2816,0,9,17,2369003
Felucca,1024,2816,1135,2816,0,9,17,2369003
Felucca,1024,2816,1131,2830,0,9,17,2369003
Felucca,1024,2816,1104,2833,0,9,17,2369003
Felucca,1024,2816,1113,2833,0,9,17,2369003
Felucca,1024,2816,1122,2833,0,9,17,2369003
Felucca,1024,2816,1140,2833,0,9,17,2369003
Felucca,1024,2816,1103,2835,0,9,17,2369003
Felucca,1024,2816,1131,2847,0,9,17,2369003
Felucca,1024,2816,1112,2850,0,9,17,2369003
Felucca,1024,2816,1121,2850,0,9,17,2369003
Felucca,1024,2816,1130,2850,0,9,17,2369003
Felucca,1024,2816,1140,2850,0,9,17,2369003
Felucca,1024,2816,1111,2852,0,9,17,2369003
Felucca,1024,2816,1140,2896,0,9,17,2369003
Felucca,1024,2816,1129,2926,0,9,17,2369003
Felucca,1024,2944,1114,2944,0,9,17,2369003
Felucca,1024,2944,1111,2945,0,9,17,2369003
Felucca,1024,2944,1108,2950,0,9,17,2369003
Felucca,1024,2944,1120,2961,0,9,17,2369003
Felucca,1024,2944,1117,2962,0,9,17,2369003
Felucca,1024,2944,1103,2967,0,9,17,2369003
Felucca,1024,2944,1112,2967,0,9,17,2369003
Felucca,1024,2944,1136,2969,0,9,17,2369003
Felucca,1024,2944,1090,2970,0,9,17,2369003
Felucca,1024,2944,1101,2970,0,9,17,2369003
Felucca,1024,2944,1129,2970,0,9,17,2369003
Felucca,1024,2944,1126,2978,0,9,17,2369003
Felucca,1024,2944,1121,2979,0,9,17,2369003
Felucca,1024,2944,1110,2984,0,9,17,2369003
Felucca,1024,2944,1119,2984,0,9,17,2369003
Felucca,1024,2944,1099,2986,0,9,17,2369003
Felucca,1024,2944,1093,2987,0,9,17,2369003
Felucca,1024,2944,1108,2987,0,9,17,2369003
Felucca,1024,2944,1091,2993,0,9,17,2369003
Felucca,1024,2944,1108,3004,0,9,17,2369003
Felucca,1024,3072,1082,3086,0,9,17,2369003
Felucca,1024,3072,1081,3087,0,9,17,2369003
Felucca,1024,3072,1080,3088,0,9,17,2369003
Felucca,1024,3072,1052,3103,0,9,17,2369003
Felucca,1024,3072,1044,3145,0,9,17,2369003
Felucca,1024,3072,1043,3148,0,9,17,2369003
Felucca,1024,3072,1042,3149,0,9,17,2369003
Felucca,1024,3072,1039,3154,0,9,17,2369003
Felucca,1024,3072,1038,3156,0,9,17,2369003
Felucca,1024,3072,1036,3167,0,9,17,2369003
Felucca,1024,3584,1137,3600,0,9,17,2205002
Felucca,1024,3584,1127,3617,0,9,17,2205002
Felucca,1024,3584,1136,3638,0,9,17,2205002
Felucca,1152,256,1157,256,1,9,17,2369003
Felucca,1152,256,1166,256,1,9,17,2369003
Felucca,1152,256,1167,285,1,9,17,2369003
Felucca,1152,256,1166,286,1,9,17,2369003
Felucca,1152,256,1230,286,1,9,17,2369003
Felucca,1152,256,1165,287,1,9,17,2369003
Felucca,1152,256,1162,288,-1,9,17,2369003
Felucca,1152,256,1161,290,1,9,17,2369003
Felucca,1152,256,1239,290,1,9,17,2369003
Felucca,1152,256,1195,326,1,9,17,2369003
Felucca,1152,256,1212,338,3,9,17,2369003
Felucca,1152,256,1207,340,1,9,17,2369003
Felucca,1152,256,1225,351,1,9,17,2369003
Felucca,1152,256,1234,359,1,9,17,2369003
Felucca,1152,256,1262,363,22,9,17,2369003
Felucca,1152,384,1230,384,1,9,17,2369003
Felucca,1152,384,1224,392,1,9,17,2369003
Felucca,1152,384,1223,400,1,9,17,2369003
Felucca,1152,384,1233,401,1,9,17,2369003
Felucca,1152,384,1222,404,1,9,17,2369003
Felucca,1152,384,1221,406,1,9,17,2369003
Felucca,1152,384,1232,409,1,9,17,2369003
Felucca,1152,384,1219,410,1,9,17,2369003
Felucca,1152,384,1217,414,1,9,17,2369003
Felucca,1152,384,1231,417,1,9,17,2369003
Felucca,1152,384,1230,421,1,9,17,2369003
Felucca,1152,384,1228,423,1,9,17,2369003
Felucca,1152,384,1215,427,1,9,17,2369003
Felucca,1152,384,1226,427,1,9,17,2369003
Felucca,1152,512,1180,517,1,9,17,2369003
Felucca,1152,512,1178,525,0,9,17,2369003
Felucca,1152,512,1179,542,1,9,17,2369003
Felucca,1152,512,1178,545,1,9,17,2369003
Felucca,1152,512,1179,562,1,9,17,2369003
Felucca,1152,512,1154,599,1,9,17,2369003
Felucca,1152,640,1268,641,1,9,17,2369003
Felucca,1152,640,1192,687,1,9,17,2369003
Felucca,1152,640,1191,688,1,9,17,2369003
Felucca,1152,640,1188,691,1,9,17,2369003
Felucca,1152,640,1187,692,1,9,17,2369003
Felucca,1152,640,1186,693,1,9,17,2369003
Felucca,1152,640,1183,694,3,9,17,2369003
Felucca,1152,640,1181,695,3,9,17,2369003
Felucca,1152,640,1179,696,3,9,17,2369003
Felucca,1152,640,1177,697,3,9,17,2369003
Felucca,1152,640,1176,699,1,9,17,2369003
Felucca,1152,640,1201,700,1,9,17,2369003
Felucca,1152,640,1242,703,1,9,17,2369003
Felucca,1152,640,1241,704,1,9,17,2369003
Felucca,1152,640,1239,705,1,9,17,2369003
Felucca,1152,640,1238,706,1,9,17,2369003
Felucca,1152,640,1213,707,1,9,17,2369003
Felucca,1152,640,1228,707,1,9,17,2369003
Felucca,1152,640,1227,708,1,9,17,2369003
Felucca,1152,640,1237,708,1,9,17,2369003
Felucca,1152,640,1210,710,1,9,17,2369003
Felucca,1152,640,1222,718,1,9,17,2369003
Felucca,1152,640,1219,726,1,9,17,2369003
Felucca,1152,640,1218,727,1,9,17,2369003
Felucca,1152,640,1210,741,1,9,17,2369003
Felucca,1152,640,1205,746,1,9,17,2369003
Felucca,1152,640,1268,746,1,9,17,2369003
Felucca,1152,896,1236,925,0,9,17,2369003
Felucca,1152,1280,1266,1280,0,9,17,2369003
Felucca,1152,1280,1265,1291,0,9,17,2369003
Felucca,1152,1280,1225,1326,0,9,17,2369003
Felucca,1152,1280,1218,1327,0,9,17,2369003
Felucca,1152,1280,1234,1330,0,9,17,2369003
Felucca,1152,1280,1217,1344,0,9,17,2369003
Felucca,1152,1280,1189,1378,0,9,17,2369003
Felucca,1152,1408,1269,1480,0,9,17,2101002
Felucca,1152,1408,1225,1486,0,9,17,2101002
Felucca,1152,1408,1224,1489,0,9,17,2101002
Felucca,1152,1536,1259,1541,0,9,17,2101002
Felucca,1152,1536,1182,1546,0,9,17,2101002
Felucca,1152,1536,1160,1557,0,9,17,2101002
Felucca,1152,1536,1152,1558,0,9,17,2101002
Felucca,1152,1536,1152,1575,0,9,17,2101002
Felucca,1152,1536,1206,1576,0,9,17,2101002
Felucca,1152,1536,1205,1584,0,9,17,2101002
Felucca,1152,1536,1215,1585,0,9,17,2101002
Felucca,1152,1536,1224,1585,0,9,17,2101002
Felucca,1152,1536,1233,1591,0,9,17,2101002
Felucca,1152,1536,1214,1593,0,9,17,2101002
Felucca,1152,1536,1185,1601,0,9,17,2101002
Felucca,1152,1536,1204,1601,0,9,17,2101002
Felucca,1152,1536,1213,1601,0,9,17,2101002
Felucca,1152,1536,1223,1602,0,9,17,2101002
Felucca,1152,1536,1232,1602,0,9,17,2101002
Felucca,1152,1536,1251,1608,0,9,17,2101002
Felucca,1152,1536,1222,1610,0,9,17,2101002
Felucca,1152,1536,1250,1610,0,9,17,2101002
Felucca,1152,1536,1209,1618,0,9,17,2101002
Felucca,1152,1536,1218,1618,0,9,17,2101002
Felucca,1152,1536,1181,1621,0,9,17,2101002
Felucca,1152,1536,1197,1645,0,9,17,2101002
Felucca,1152,1664,1157,1664,0,9,17,2101002
Felucca,1152,1664,1166,1664,0,9,17,2101002
Felucca,1152,1664,1175,1664,0,9,17,2101002
Felucca,1152,1664,1184,1664,0,9,17,2101002
Felucca,1152,1664,1193,1664,0,9,17,2101002
Felucca,1152,1664,1202,1664,0,9,17,2101002
Felucca,1152,1664,1169,1681,0,9,17,2101002
Felucca,1152,1664,1178,1681,0,9,17,2101002
Felucca,1152,1664,1187,1681,0,9,17,2101002
Felucca,1152,1664,1196,1681,0,9,17,2101002
Felucca,1152,1664,1152,1685,0,9,17,2101002
Felucca,1152,1664,1224,1696,0,9,17,2101002
Felucca,1152,1664,1201,1698,0,9,17,2101002
Felucca,1152,1664,1210,1703,0,9,17,2101002
Felucca,1152,1664,1238,1705,0,9,17,2101002
Felucca,1152,1664,1219,1712,0,9,17,2101002
Felucca,1152,1664,1233,1712,0,9,17,2101002
Felucca,1152,1664,1228,1713,0,9,17,2101002
Felucca,1152,1664,1208,1715,0,9,17,2101002
Felucca,1152,1664,1217,1720,0,9,17,2101002
Felucca,1152,1664,1206,1722,0,9,17,2101002
Felucca,1152,1664,1226,1729,0,9,17,2101002
Felucca,1152,1664,1235,1730,0,9,17,2101002
Felucca,1152,1664,1205,1732,0,9,17,2101002
Felucca,1152,1664,1230,1746,0,9,17,2101002
Felucca,1152,1664,1205,1749,0,9,17,2101002
Felucca,1152,1792,1198,1792,0,9,17,2101002
Felucca,1152,1792,1196,1793,0,9,17,2101002
Felucca,1152,1792,1182,1795,0,9,17,2101002
Felucca,1152,1792,1152,1796,0,9,17,2101002
Felucca,1152,1792,1193,1796,0,9,17,2101002
Felucca,1152,1792,1191,1803,0,9,17,2101002
Felucca,1152,1792,1211,1803,0,9,17,2101002
Felucca,1152,1792,1179,1804,0,9,17,2101002
Felucca,1152,1792,1207,1804,0,9,17,2101002
Felucca,1152,1792,1178,1807,0,9,17,2101002
Felucca,1152,1792,1205,1809,0,9,17,2101002
Felucca,1152,1792,1202,1810,0,9,17,2101002
Felucca,1152,1792,1188,1812,0,9,17,2101002
Felucca,1152,1792,1200,1813,0,9,17,2101002
Felucca,1152,1792,1197,1820,0,9,17,2101002
Felucca,1152,1792,1187,1821,0,9,17,2101002
Felucca,1152,1792,1178,1824,0,9,17,2101002
Felucca,1152,1792,1214,1825,0,9,17,2101002
Felucca,1152,1792,1211,1826,0,9,17,2101002
Felucca,1152,1792,1209,1827,0,9,17,2101002
Felucca,1152,1792,1196,1829,0,9,17,2101002
Felucca,1152,1792,1206,1830,0,9,17,2101002
Felucca,1152,1792,1250,1846,0,9,17,2101002
Felucca,1152,1792,1219,1855,0,9,17,2101002
Felucca,1152,1792,1197,1857,0,9,17,2101002
Felucca,1152,1792,1217,1865,0,9,17,2101002
Felucca,1152,1792,1237,1865,0,9,17,2101002
Felucca,1152,1792,1211,1867,0,9,17,2101002
Felucca,1152,1792,1246,1867,0,9,17,2101002
Felucca,1152,1792,1209,1869,0,9,17,2101002
Felucca,1152,1792,1228,1870,0,9,17,2101002
Felucca,1152,1792,1226,1872,0,9,17,2101002
Felucca,1152,1792,1193,1873,0,9,17,2101002
Felucca,1152,1792,1185,1876,0,9,17,2101002
Felucca,1152,1792,1202,1879,0,9,17,2101002
Felucca,1152,1792,1220,1882,0,9,17,2101002
Felucca,1152,1792,1237,1882,0,9,17,2101002
Felucca,1152,1792,1218,1884,0,9,17,2101002
Felucca,1152,1792,1246,1884,0,9,17,2101002
Felucca,1152,1792,1214,1886,0,9,17,2101002
Felucca,1152,1792,1235,1887,0,9,17,2101002
Felucca,1152,1792,1229,1889,0,9,17,2101002
Felucca,1152,1792,1194,1890,0,9,17,2101002
Felucca,1152,1792,1211,1890,0,9,17,2101002
Felucca,1152,1792,1227,1899,0,9,17,2101002
Felucca,1152,1792,1244,1899,0,9,17,2101002
Felucca,1152,1792,1223,1901,0,9,17,2101002
Felucca,1152,1920,1200,1920,0,9,17,2369003
Felucca,1152,1920,1209,1923,0,9,17,2369003
Felucca,1152,1920,1224,1966,0,9,17,2369003
Felucca,1152,1920,1223,1973,0,9,17,2369003
Felucca,1152,1920,1241,1980,0,9,17,2369003
Felucca,1152,1920,1232,1984,0,9,17,2369003
Felucca,1152,1920,1230,1990,0,9,17,2369003
Felucca,1152,2048,1210,2137,0,9,17,2369003
Felucca,1152,2304,1185,2331,0,9,17,2369003
Felucca,1152,2304,1238,2396,10,9,17,2369003
Felucca,1152,2304,1162,2398,1,9,17,2369003
Felucca,1152,2304,1155,2400,0,9,17,2369003
Felucca,1152,2304,1153,2401,0,9,17,2369003
Felucca,1152,2304,1171,2413,0,9,17,2369003
Felucca,1152,2432,1241,2473,5,9,17,2369003
Felucca,1152,2432,1159,2524,0,9,17,2369003
Felucca,1152,2560,1208,2560,0,9,17,2369003
Felucca,1152,2560,1217,2560,0,9,17,2369003
Felucca,1152,2560,1197,2650,0,9,17,2369003
Felucca,1152,2560,1206,2662,0,9,17,2369003
Felucca,1152,2688,1166,2713,0,9,17,2369003
Felucca,1152,2688,1159,2721,0,9,17,2369003
Felucca,1152,2688,1152,2726,0,9,17,2369003
Felucca,1152,2688,1152,2743,0,9,17,2369003
Felucca,1152,2688,1161,2747,0,9,17,2369003
Felucca,1152,2688,1176,2747,0,9,17,2369003
Felucca,1152,2688,1170,2748,0,9,17,2369003
Felucca,1152,2688,1152,2760,0,9,17,2369003
Felucca,1152,2688,1185,2760,0,9,17,2369003
Felucca,1152,2688,1161,2764,0,9,17,2369003
Felucca,1152,2688,1179,2764,0,9,17,2369003
Felucca,1152,2688,1170,2765,0,9,17,2369003
Felucca,1152,2688,1194,2770,0,9,17,2369003
Felucca,1152,2688,1152,2777,0,9,17,2369003
Felucca,1152,2688,1188,2777,0,9,17,2369003
Felucca,1152,2688,1161,2781,0,9,17,2369003
Felucca,1152,2688,1179,2781,0,9,17,2369003
Felucca,1152,2688,1170,2782,0,9,17,2369003
Felucca,1152,2688,1203,2785,0,9,17,2369003
Felucca,1152,2688,1197,2787,0,9,17,2369003
Felucca,1152,2688,1212,2791,0,9,17,2369003
Felucca,1152,2688,1152,2794,0,9,17,2369003
Felucca,1152,2688,1188,2794,0,9,17,2369003
Felucca,1152,2688,1168,2798,0,9,17,2369003
Felucca,1152,2688,1179,2798,0,9,17,2369003
Felucca,1152,2816,1152,2816,0,9,17,2369003
Felucca,1152,2816,1161,2824,0,9,17,2369003
Felucca,1152,2816,1152,2833,0,9,17,2369003
Felucca,1152,2816,1161,2841,0,9,17,2369003
Felucca,1152,2816,1154,2850,0,9,17,2369003
Felucca,1152,2816,1170,2856,0,9,17,2369003
Felucca,1152,2816,1163,2858,0,9,17,2369003
Felucca,1152,2816,1152,2860,0,9,17,2369003
Felucca,1152,2816,1161,2867,0,9,17,2369003
Felucca,1152,2816,1172,2873,0,9,17,2369003
Felucca,1152,2816,1152,2877,0,9,17,2369003
Felucca,1152,2816,1184,2877,0,9,17,2369003
Felucca,1152,2816,1181,2880,0,9,17,2369003
Felucca,1152,2816,1194,2880,0,9,17,2369003
Felucca,1152,2816,1193,2882,-1,9,17,2369003
Felucca,1152,2816,1180,2890,0,9,17,2369003
Felucca,1152,2816,1152,2894,0,9,17,2369003
Felucca,1152,2816,1177,2898,0,9,17,2369003
Felucca,1152,2816,1161,2900,0,9,17,2369003
Felucca,1152,2816,1170,2900,0,9,17,2369003
Felucca,1152,2816,1152,2911,0,9,17,2369003
Felucca,1152,2816,1179,2915,0,9,17,2369003
Felucca,1152,2816,1161,2917,0,9,17,2369003
Felucca,1152,2816,1170,2917,0,9,17,2369003
Felucca,1152,2816,1188,2924,0,9,17,2369003
Felucca,1152,2944,1164,2944,0,9,17,2369003
Felucca,1152,2944,1184,2944,0,9,17,2369003
Felucca,1152,2944,1193,2944,0,9,17,2369003
Felucca,1152,2944,1202,2944,0,9,17,2369003
Felucca,1152,2944,1211,2944,0,9,17,2369003
Felucca,1152,2944,1241,2944,0,9,17,2369003
Felucca,1152,2944,1250,2944,0,9,17,2369003
Felucca,1152,2944,1220,2952,0,9,17,2369003
Felucca,1152,2944,1237,2959,0,9,17,2369003
Felucca,1152,2944,1190,2961,0,9,17,2369003
Felucca,1152,2944,1205,2961,0,9,17,2369003
Felucca,1152,2944,1214,2961,0,9,17,2369003
Felucca,1152,2944,1165,2964,0,9,17,2369003
Felucca,1152,2944,1162,2965,0,9,17,2369003
Felucca,1152,2944,1159,2966,0,9,17,2369003
Felucca,1152,2944,1174,2966,0,9,17,2369003
Felucca,1152,2944,1187,2966,0,9,17,2369003
Felucca,1152,2944,1185,2967,0,9,17,2369003
Felucca,1152,2944,1152,2973,0,9,17,2369003
Felucca,1152,2944,1237,2976,0,9,17,2369003
Felucca,1152,2944,1246,2978,0,9,17,2369003
Felucca,1152,3584,1168,3601,0,9,17,2205002
Felucca,1152,3584,1158,3638,0,9,17,2205002
Felucca,1152,3584,1157,3643,0,9,17,2205002
Felucca,1280,128,1327,216,0,9,17,2369003
Felucca,1280,128,1317,238,1,9,17,2369003
Felucca,1280,256,1300,273,0,9,17,2369003
Felucca,1280,256,1299,274,1,9,17,2369003
Felucca,1280,256,1297,275,1,9,17,2369003
Felucca,1280,256,1295,276,1,9,17,2369003
Felucca,1280,256,1292,277,1,9,17,2369003
Felucca,1280,256,1398,283,3,9,17,2369003
Felucca,1280,256,1397,286,3,9,17,2369003
Felucca,1280,256,1396,289,3,9,17,2369003
Felucca,1280,256,1395,291,3,9,17,2369003
Felucca,1280,256,1394,294,3,9,17,2369003
Felucca,1280,256,1373,296,6,9,17,2369003
Felucca,1280,256,1393,297,3,9,17,2369003
Felucca,1280,256,1390,303,3,9,17,2369003
Felucca,1280,256,1362,329,3,9,17,2369003
Felucca,1280,256,1282,330,22,9,17,2369003
Felucca,1280,256,1360,330,3,9,17,2369003
Felucca,1280,256,1357,332,3,9,17,2369003
Felucca,1280,256,1346,339,3,9,17,2369003
Felucca,1280,256,1345,341,1,9,17,2369003
Felucca,1280,256,1342,342,3,9,17,2369003
Felucca,1280,256,1340,343,3,9,17,2369003
Felucca,1280,256,1338,344,3,9,17,2369003
Felucca,1280,256,1336,345,3,9,17,2369003
Felucca,1280,256,1334,346,3,9,17,2369003
Felucca,1280,256,1324,349,3,9,17,2369003
Felucca,1280,256,1327,366,1,9,17,2369003
Felucca,1280,384,1337,396,6,9,17,2369003
Felucca,1280,384,1332,406,6,9,17,2369003
Felucca,1280,384,1333,423,6,9,17,2369003
Felucca,1280,384,1331,436,6,9,17,2369003
Felucca,1280,384,1330,437,6,9,17,2369003
Felucca,1280,384,1329,439,6,9,17,2369003
Felucca,1280,640,1325,640,1,9,17,2369003
Felucca,1280,640,1322,645,1,9,17,2369003
Felucca,1280,640,1321,646,1,9,17,2369003
Felucca,1280,640,1317,649,1,9,17,2369003
Felucca,1280,640,1316,652,1,9,17,2369003
Felucca,1280,640,1280,655,1,9,17,2369003
Felucca,1280,768,1363,768,0,9,17,2369003
Felucca,1280,768,1327,811,0,9,17,2369003
Felucca,1280,768,1337,862,0,9,17,2369003
Felucca,1280,768,1289,865,0,9,17,2369003
Felucca,1280,768,1284,866,-2,9,17,2369003
Felucca,1280,768,1282,867,0,9,17,2369003
Felucca,1280,768,1280,868,0,9,17,2369003
Felucca,1280,768,1329,874,0,9,17,2369003
Felucca,1280,896,1305,907,0,9,17,2369003
Felucca,1280,896,1326,937,0,9,17,2369003
Felucca,1280,896,1323,941,0,9,17,2369003
Felucca,1280,896,1318,942,0,9,17,2369003
Felucca,1280,896,1323,959,0,9,17,2369003
Felucca,1280,896,1317,967,0,9,17,2369003
Felucca,1280,896,1316,970,0,9,17,2369003
Felucca,1280,896,1315,972,0,9,17,2369003
Felucca,1280,896,1314,973,0,9,17,2369003
Felucca,1280,896,1313,974,0,9,17,2369003
Felucca,1280,896,1312,975,0,9,17,2369003
Felucca,1280,896,1309,976,0,9,17,2369003
Felucca,1280,896,1308,977,0,9,17,2369003
Felucca,1280,896,1305,978,0,9,17,2369003
Felucca,1280,896,1304,984,0,9,17,2369003
Felucca,1280,1152,1331,1234,0,9,17,2369003
Felucca,1280,1280,1333,1331,0,9,17,2369003
Felucca,1280,1280,1331,1333,0,9,17,2369003
Felucca,1280,1280,1317,1336,0,9,17,2369003
Felucca,1280,1280,1385,1348,0,9,17,2369003
Felucca,1280,1280,1394,1348,0,9,17,2369003
Felucca,1280,1408,1379,1444,10,9,17,2101002
Felucca,1280,1408,1391,1456,10,9,17,2101002
Felucca,1280,1408,1366,1483,10,9,17,2101002
Felucca,1280,1536,1316,1572,30,9,17,2101002
Felucca,1280,1536,1308,1579,30,9,17,2101002
Felucca,1280,1536,1362,1584,30,9,17,2101002
Felucca,1280,1536,1383,1608,30,9,17,2101002
Felucca,1280,1536,1308,1611,30,9,17,2101002
Felucca,1280,1536,1308,1628,30,9,17,2101002
Felucca,1280,1536,1308,1645,30,9,17,2101002
Felucca,1280,1664,1362,1664,30,9,17,2101002
Felucca,1280,1664,1371,1664,30,9,17,2101002
Felucca,1280,1664,1313,1743,10,9,17,2101002
Felucca,1280,1664,1361,1764,15,9,17,2101002
Felucca,1280,1792,1312,1800,0,9,17,2101002
Felucca,1280,1792,1366,1801,0,9,17,2101002
Felucca,1280,1792,1357,1816,0,9,17,2101002
Felucca,1280,1792,1280,1864,0,9,17,2101002
Felucca,1280,1792,1337,1879,0,9,17,2101002
Felucca,1280,1792,1332,1882,0,9,17,2101002
Felucca,1280,1792,1280,1883,0,9,17,2101002
Felucca,1280,1792,1346,1885,0,9,17,2101002
Felucca,1280,1792,1382,1888,0,9,17,2101002
Felucca,1280,1792,1329,1889,0,9,17,2101002
Felucca,1280,1792,1381,1889,0,9,17,2101002
Felucca,1280,1792,1378,1901,0,9,17,2101002
Felucca,1280,1920,1365,1930,0,9,17,2369003
Felucca,1280,1920,1302,1951,0,9,17,2369003
Felucca,1280,1920,1389,1951,0,9,17,2369003
Felucca,1280,1920,1345,1956,0,9,17,2369003
Felucca,1280,1920,1311,1965,0,9,17,2369003
Felucca,1280,1920,1381,1997,0,9,17,2369003
Felucca,1280,2176,1342,2200,0,9,17,2369003
Felucca,1280,2176,1340,2202,0,9,17,2369003
Felucca,1280,2176,1338,2217,0,9,17,2369003
Felucca,1280,2176,1315,2218,5,9,17,2369003
Felucca,1280,2176,1347,2219,0,9,17,2369003
Felucca,1280,2176,1305,2225,5,9,17,2369003
Felucca,1280,2176,1320,2235,5,9,17,2369003
Felucca,1280,2176,1321,2252,0,9,17,2369003
Felucca,1280,2176,1330,2257,0,9,17,2369003
Felucca,1280,2176,1357,2257,5,9,17,2369003
Felucca,1280,2176,1347,2263,5,9,17,2369003
Felucca,1280,2304,1297,2333,0,9,17,2369003
Felucca,1280,2304,1366,2398,0,9,17,2369003
Felucca,1280,2432,1369,2529,5,9,17,2369003
Felucca,1280,2432,1387,2539,0,9,17,2369003
Felucca,1280,2560,1312,2560,0,9,17,2369003
Felucca,1280,2560,1323,2566,1,9,17,2369003
Felucca,1280,2560,1321,2567,0,9,17,2369003
Felucca,1280,2560,1333,2572,1,9,17,2369003
Felucca,1280,2560,1332,2574,1,9,17,2369003
Felucca,1280,2560,1347,2581,0,9,17,2369003
Felucca,1280,2560,1331,2585,0,9,17,2369003
Felucca,1280,2560,1302,2656,2,9,17,2369003
Felucca,1280,2688,1313,2730,0,9,17,2369003
Felucca,1280,2688,1397,2798,0,9,17,2369003
Felucca,1280,2816,1331,2828,0,9,17,2369003
Felucca,1280,2816,1343,2828,0,9,17,2369003
Felucca,1280,2816,1340,2829,0,9,17,2369003
Felucca,1280,2816,1350,2845,0,9,17,2369003
Felucca,1280,2816,1346,2894,0,9,17,2369003
Felucca,1280,2816,1351,2911,0,9,17,2369003
Felucca,1280,2944,1335,3001,0,9,17,2369003
Felucca,1280,2944,1334,3003,-1,9,17,2369003
Felucca,1280,2944,1335,3020,0,9,17,2369003
Felucca,1280,3072,1376,3094,0,9,17,2369003
Felucca,1280,3584,1380,3684,-1,9,17,2205002
Felucca,1280,3712,1337,3713,0,9,17,2205002
Felucca,1280,3712,1337,3730,0,9,17,2205002
Felucca,1280,3712,1329,3761,0,9,17,2205002
Felucca,1280,3712,1393,3777,0,9,17,2205002
Felucca,1280,3712,1377,3801,0,9,17,2205002
Felucca,1280,3840,1393,3840,0,9,17,2205002
Felucca,1408,128,1453,185,5,9,17,2369003
Felucca,1408,128,1450,188,5,9,17,2369003
Felucca,1408,128,1495,195,6,9,17,2369003
Felucca,1408,128,1507,202,1,9,17,2369003
Felucca,1408,256,1410,268,1,9,17,2369003
Felucca,1408,256,1409,271,1,9,17,2369003
Felucca,1408,256,1408,274,1,9,17,2369003
Felucca,1408,384,1420,388,6,9,17,2369003
Felucca,1408,640,1516,662,6,9,17,2369003
Felucca,1408,640,1512,668,6,9,17,2369003
Felucca,1408,640,1490,682,1,9,17,2369003
Felucca,1408,640,1489,683,0,9,17,2369003
Felucca,1408,640,1488,684,0,9,17,2369003
Felucca,1408,640,1491,721,6,9,17,2369003
Felucca,1408,640,1474,725,1,9,17,2369003
Felucca,1408,640,1484,725,6,9,17,2369003
Felucca,1408,640,1473,726,1,9,17,2369003
Felucca,1408,640,1472,727,1,9,17,2369003
Felucca,1408,640,1471,728,1,9,17,2369003
Felucca,1408,640,1469,729,1,9,17,2369003
Felucca,1408,640,1456,730,1,9,17,2369003
Felucca,1408,640,1419,739,1,9,17,2369003
Felucca,1408,640,1417,740,1,9,17,2369003
Felucca,1408,640,1414,741,1,9,17,2369003
Felucca,1408,640,1411,742,1,9,17,2369003
Felucca,1408,640,1410,743,1,9,17,2369003
Felucca,1408,768,1463,801,0,9,17,2369003
Felucca,1408,768,1472,808,0,9,17,2369003
Felucca,1408,768,1464,818,0,9,17,2369003
Felucca,1408,768,1464,835,0,9,17,2369003
Felucca,1408,768,1463,837,0,9,17,2369003
Felucca,1408,768,1461,838,0,9,17,2369003
Felucca,1408,768,1460,839,0,9,17,2369003
Felucca,1408,768,1458,840,0,9,17,2369003
Felucca,1408,768,1457,841,0,9,17,2369003
Felucca,1408,768,1456,842,0,9,17,2369003
Felucca,1408,768,1466,857,0,9,17,2369003
Felucca,1408,768,1465,858,0,9,17,2369003
Felucca,1408,768,1457,859,0,9,17,2369003
Felucca,1408,768,1482,876,0,9,17,2369003
Felucca,1408,896,1439,896,0,9,17,2369003
Felucca,1408,896,1485,896,0,9,17,2369003
Felucca,1408,896,1438,897,0,9,17,2369003
Felucca,1408,896,1485,913,0,9,17,2369003
Felucca,1408,896,1483,921,0,9,17,2369003
Felucca,1408,896,1480,926,0,9,17,2369003
Felucca,1408,896,1475,958,0,9,17,2369003
Felucca,1408,896,1474,959,0,9,17,2369003
Felucca,1408,896,1470,963,0,9,17,2369003
Felucca,1408,896,1469,964,0,9,17,2369003
Felucca,1408,896,1479,978,0,9,17,2369003
Felucca,1408,896,1469,981,0,9,17,2369003
Felucca,1408,896,1468,983,0,9,17,2369003
Felucca,1408,896,1487,1002,0,9,17,2369003
Felucca,1408,1024,1491,1024,0,9,17,2369003
Felucca,1408,1024,1480,1033,0,9,17,2369003
Felucca,1408,1024,1479,1038,0,9,17,2369003
Felucca,1408,1024,1478,1040,0,9,17,2369003
Felucca,1408,1024,1467,1053,0,9,17,2369003
Felucca,1408,1024,1465,1054,0,9,17,2369003
Felucca,1408,1024,1463,1055,0,9,17,2369003
Felucca,1408,1024,1462,1057,0,9,17,2369003
Felucca,1408,1024,1410,1083,0,9,17,2369003
Felucca,1408,1024,1476,1133,0,9,17,2369003
Felucca,1408,1024,1473,1134,0,9,17,2369003
Felucca,1408,1280,1443,1318,0,9,17,2369003
Felucca,1408,1280,1486,1372,0,9,17,2369003
Felucca,1408,1280,1485,1376,0,9,17,2369003
Felucca,1408,1280,1429,1387,0,9,17,2369003
Felucca,1408,1280,1473,1387,0,9,17,2369003
Felucca,1408,1536,1425,1553,30,9,17,2101002
Felucca,1408,1536,1481,1604,20,9,17,2101002
Felucca,1408,1536,1419,1616,20,9,17,2101002
Felucca,1408,1536,1438,1617,20,9,17,2101002
Felucca,1408,1536,1476,1617,20,9,17,2101002
Felucca,1408,1536,1471,1619,20,9,17,2101002
Felucca,1408,1664,1505,1665,20,9,17,2101002
Felucca,1408,1664,1475,1695,0,9,17,2101002
Felucca,1408,1664,1473,1697,0,9,17,2101002
Felucca,1408,1664,1524,1697,20,9,17,2101002
Felucca,1408,1664,1522,1699,20,9,17,2101002
Felucca,1408,1664,1521,1700,20,9,17,2101002
Felucca,1408,1664,1520,1701,20,9,17,2101002
Felucca,1408,1664,1461,1730,0,9,17,2101002
Felucca,1408,1792,1491,1865,0,9,17,2369003
Felucca,1408,1792,1490,1866,0,9,17,2369003
Felucca,1408,1792,1500,1868,0,9,17,2369003
Felucca,1408,1792,1509,1874,0,9,17,2369003
Felucca,1408,1792,1473,1876,0,9,17,2369003
Felucca,1408,1792,1472,1877,0,9,17,2369003
Felucca,1408,1792,1471,1878,0,9,17,2369003
Felucca,1408,1792,1469,1880,0,9,17,2369003
Felucca,1408,1792,1468,1881,0,9,17,2369003
Felucca,1408,1792,1467,1883,0,9,17,2369003
Felucca,1408,1792,1490,1883,0,9,17,2369003
Felucca,1408,1792,1465,1884,0,9,17,2369003
Felucca,1408,1792,1461,1885,0,9,17,2369003
Felucca,1408,1792,1503,1885,0,9,17,2369003
Felucca,1408,1792,1450,1894,0,9,17,2369003
Felucca,1408,1920,1521,1934,0,9,17,2369003
Felucca,1408,1920,1526,1951,0,9,17,2369003
Felucca,1408,1920,1521,1977,0,9,17,2369003
Felucca,1408,1920,1520,1981,0,9,17,2369003
Felucca,1408,1920,1441,1996,0,9,17,2369003
Felucca,1408,1920,1522,1998,0,9,17,2369003
Felucca,1408,2304,1497,2316,10,9,17,2369003
Felucca,1408,2304,1495,2317,10,9,17,2369003
Felucca,1408,2304,1446,2326,5,9,17,2369003
Felucca,1408,2304,1437,2329,0,9,17,2369003
Felucca,1408,2432,1459,2432,0,9,17,2369003
Felucca,1408,2432,1497,2452,0,9,17,2369003
Felucca,1408,2432,1425,2523,0,9,17,2369003
Felucca,1408,2432,1416,2524,0,9,17,2369003
Felucca,1408,2432,1525,2530,10,9,17,2369003
Felucca,1408,2432,1519,2539,10,9,17,2369003
Felucca,1408,2688,1494,2723,0,9,17,2369003
Felucca,1408,2688,1501,2740,1,9,17,2369003
Felucca,1408,2688,1498,2744,0,9,17,2369003
Felucca,1408,2688,1518,2752,0,9,17,2369003
Felucca,1408,2688,1515,2758,0,9,17,2369003
Felucca,1408,2688,1520,2779,0,9,17,2369003
Felucca,1408,2688,1518,2790,0,9,17,2369003
Felucca,1408,2816,1506,2816,0,9,17,2369003
Felucca,1408,2944,1519,3006,0,9,17,2369003
Felucca,1408,2944,1408,3019,0,9,17,2369003
Felucca,1408,2944,1476,3046,0,9,17,2369003
Felucca,1408,2944,1475,3047,0,9,17,2369003
Felucca,1408,2944,1474,3048,0,9,17,2369003
Felucca,1408,3584,1433,3688,0,9,17,2205002
Felucca,1408,3584,1458,3691,0,9,17,2205002
Felucca,1408,3584,1457,3692,0,9,17,2205002
Felucca,1408,3584,1452,3693,0,9,17,2205002
Felucca,1408,3712,1457,3712,0,9,17,2205002
Felucca,1408,3712,1417,3785,0,9,17,2205002
Felucca,1408,3712,1412,3809,0,9,17,2205002
Felucca,1408,3712,1441,3809,0,9,17,2205002
Felucca,1408,3840,1408,3865,0,9,17,2205002
Felucca,1536,256,1614,259,6,9,17,2369003
Felucca,1536,256,1613,260,6,9,17,2369003
Felucca,1536,256,1612,261,6,9,17,2369003
Felucca,1536,256,1611,263,6,9,17,2369003
Felucca,1536,256,1608,273,6,9,17,2369003
Felucca,1536,256,1607,274,6,9,17,2369003
Felucca,1536,512,1562,515,1,9,17,2356003
Felucca,1536,512,1582,528,16,9,17,2356003
Felucca,1536,512,1581,530,16,9,17,2356003
Felucca,1536,512,1580,531,16,9,17,2356003
Felucca,1536,512,1579,533,16,9,17,2356003
Felucca,1536,512,1578,535,16,9,17,2356003
Felucca,1536,512,1577,536,16,9,17,2356003
Felucca,1536,512,1576,539,16,9,17,2356003
Felucca,1536,512,1648,546,7,9,17,2356003
Felucca,1536,512,1643,547,6,9,17,2356003
Felucca,1536,512,1642,549,6,9,17,2356003
Felucca,1536,512,1587,550,16,9,17,2356003
Felucca,1536,512,1586,552,16,9,17,2356003
Felucca,1536,512,1585,553,16,9,17,2356003
Felucca,1536,512,1605,554,17,9,17,2356003
Felucca,1536,512,1567,556,6,9,17,2356003
Felucca,1536,512,1596,558,16,9,17,2356003
Felucca,1536,512,1630,558,6,9,17,2356003
Felucca,1536,512,1629,559,6,9,17,2356003
Felucca,1536,512,1627,560,6,9,17,2356003
Felucca,1536,512,1626,561,6,9,17,2356003
Felucca,1536,512,1624,562,6,9,17,2356003
Felucca,1536,512,1623,563,6,9,17,2356003
Felucca,1536,512,1622,564,6,9,17,2356003
Felucca,1536,512,1587,602,5,9,17,2356003
Felucca,1536,512,1586,605,5,9,17,2356003
Felucca,1536,512,1583,609,5,9,17,2356003
Felucca,1536,512,1582,610,5,9,17,2356003
Felucca,1536,512,1581,611,5,9,17,2356003
Felucca,1536,512,1579,614,5,9,17,2356003
Felucca,1536,640,1537,651,16,9,17,2369003
Felucca,1536,640,1557,654,16,9,17,2369003
Felucca,1536,640,1537,669,6,9,17,2369003
Felucca,1536,640,1536,673,6,9,17,2369003
Felucca,1536,640,1549,673,6,9,17,2369003
Felucca,1536,640,1567,674,16,9,17,2369003
Felucca,1536,640,1583,685,21,9,17,2369003
Felucca,1536,640,1581,686,20,9,17,2369003
Felucca,1536,640,1580,687,21,9,17,2369003
Felucca,1536,640,1578,689,22,9,17,2369003
Felucca,1536,640,1624,689,6,9,17,2369003
Felucca,1536,640,1614,698,6,9,17,2369003
Felucca,1536,640,1613,700,6,9,17,2369003
Felucca,1536,640,1612,701,6,9,17,2369003
Felucca,1536,640,1611,702,6,9,17,2369003
Felucca,1536,640,1610,703,6,9,17,2369003
Felucca,1536,640,1609,704,6,9,17,2369003
Felucca,1536,640,1608,705,6,9,17,2369003
Felucca,1536,640,1623,705,6,9,17,2369003
Felucca,1536,640,1606,706,6,9,17,2369003
Felucca,1536,640,1605,707,6,9,17,2369003
Felucca,1536,640,1604,708,6,9,17,2369003
Felucca,1536,640,1603,709,6,9,17,2369003
Felucca,1536,640,1602,710,6,9,17,2369003
Felucca,1536,640,1601,711,6,9,17,2369003
Felucca,1536,640,1600,712,6,9,17,2369003
Felucca,1536,640,1598,713,6,9,17,2369003
Felucca,1536,640,1622,715,6,9,17,2369003
Felucca,1536,640,1596,716,6,9,17,2369003
Felucca,1536,640,1631,725,6,9,17,2369003
Felucca,1536,640,1595,727,6,9,17,2369003
Felucca,1536,640,1607,729,6,9,17,2369003
Felucca,1536,640,1605,730,6,9,17,2369003
Felucca,1536,640,1647,730,6,9,17,2369003
Felucca,1536,640,1626,732,6,9,17,2369003
Felucca,1536,640,1604,733,6,9,17,2369003
Felucca,1536,640,1640,735,6,9,17,2369003
Felucca,1536,640,1617,738,6,9,17,2369003
Felucca,1536,640,1649,747,6,9,17,2369003
Felucca,1536,768,1596,836,0,9,17,2369003
Felucca,1536,768,1590,839,0,9,17,2369003
Felucca,1536,768,1585,840,0,9,17,2369003
Felucca,1536,768,1581,844,0,9,17,2369003
Felucca,1536,768,1573,858,0,9,17,2369003
Felucca,1536,768,1569,868,0,9,17,2369003
Felucca,1536,768,1565,877,0,9,17,2369003
Felucca,1536,896,1562,905,0,9,17,2369003
Felucca,1536,896,1567,924,0,9,17,2369003
Felucca,1536,896,1569,941,0,9,17,2369003
Felucca,1536,896,1574,958,0,9,17,2369003
Felucca,1536,896,1573,972,0,9,17,2369003
Felucca,1536,896,1590,988,0,9,17,2369003
Felucca,1536,896,1581,989,0,9,17,2369003
Felucca,1536,896,1592,1005,0,9,17,2369003
Felucca,1536,1024,1599,1026,0,9,17,2369003
Felucca,1536,1024,1617,1047,0,9,17,2369003
Felucca,1536,1024,1645,1067,0,9,17,2369003
Felucca,1536,1024,1570,1096,0,9,17,2369003
Felucca,1536,1024,1601,1098,0,9,17,2369003
Felucca,1536,1024,1545,1099,0,9,17,2369003
Felucca,1536,1024,1598,1099,0,9,17,2369003
Felucca,1536,1024,1555,1100,0,9,17,2369003
Felucca,1536,1024,1536,1102,0,9,17,2369003
Felucca,1536,1152,1623,1179,0,9,17,2369003
Felucca,1536,1152,1622,1180,0,9,17,2369003
Felucca,1536,1152,1621,1181,0,9,17,2369003
Felucca,1536,1152,1620,1182,0,9,17,2369003
Felucca,1536,1152,1619,1183,0,9,17,2369003
Felucca,1536,1152,1652,1210,0,9,17,2369003
Felucca,1536,1152,1641,1215,0,9,17,2369003
Felucca,1536,1152,1640,1217,0,9,17,2369003
Felucca,1536,1152,1639,1218,0,9,17,2369003
Felucca,1536,1152,1638,1219,0,9,17,2369003
Felucca,1536,1152,1637,1222,0,9,17,2369003
Felucca,1536,1152,1636,1223,0,9,17,2369003
Felucca,1536,1152,1634,1225,0,9,17,2369003
Felucca,1536,1152,1633,1226,0,9,17,2369003
Felucca,1536,1152,1614,1227,0,9,17,2369003
Felucca,1536,1152,1623,1227,0,9,17,2369003
Felucca,1536,1152,1613,1228,0,9,17,2369003
Felucca,1536,1152,1611,1229,0,9,17,2369003
Felucca,1536,1280,1624,1310,0,9,17,2369003
Felucca,1536,1280,1595,1362,0,9,17,2369003
Felucca,1536,1408,1598,1408,0,9,17,2101002
Felucca,1536,1408,1581,1503,40,9,17,2101002
Felucca,1536,1408,1580,1508,40,9,17,2101002
Felucca,1536,1408,1578,1511,40,9,17,2101002
Felucca,1536,1408,1577,1512,40,9,17,2101002
Felucca,1536,1408,1575,1514,39,9,17,2101002
Felucca,1536,1408,1574,1515,39,9,17,2101002
Felucca,1536,1408,1573,1516,40,9,17,2101002
Felucca,1536,1408,1620,1516,40,9,17,2101002
Felucca,1536,1408,1571,1518,39,9,17,2101002
Felucca,1536,1536,1601,1556,20,9,17,2101002
Felucca,1536,1536,1593,1561,20,9,17,2101002
Felucca,1536,1536,1560,1603,10,9,17,2101002
Felucca,1536,1536,1552,1608,10,9,17,2101002
Felucca,1536,1536,1624,1617,35,9,17,2101002
Felucca,1536,1536,1623,1619,34,9,17,2101002
Felucca,1536,1664,1585,1665,10,9,17,2101002
Felucca,1536,1664,1577,1669,10,9,17,2101002
Felucca,1536,1664,1594,1672,10,9,17,2101002
Felucca,1536,1664,1588,1682,10,9,17,2101002
Felucca,1536,2048,1616,2063,0,9,17,2369003
Felucca,1536,2048,1614,2066,0,9,17,2369003
Felucca,1536,2048,1613,2067,0,9,17,2369003
Felucca,1536,2048,1612,2069,0,9,17,2369003
Felucca,1536,2048,1611,2070,0,9,17,2369003
Felucca,1536,2048,1610,2073,0,9,17,2369003
Felucca,1536,2048,1609,2077,0,9,17,2369003
Felucca,1536,2048,1608,2078,0,9,17,2369003
Felucca,1536,2048,1557,2083,0,9,17,2369003
Felucca,1536,2048,1607,2091,-1,9,17,2369003
Felucca,1536,2048,1617,2096,0,9,17,2369003
Felucca,1536,2048,1616,2099,0,9,17,2369003
Felucca,1536,2048,1606,2103,0,9,17,2369003
Felucca,1536,2048,1605,2107,0,9,17,2369003
Felucca,1536,2048,1595,2116,0,9,17,2369003
Felucca,1536,2048,1621,2116,0,9,17,2369003
Felucca,1536,2048,1623,2133,0,9,17,2369003
Felucca,1536,2176,1649,2192,0,9,17,2369003
Felucca,1536,2176,1569,2218,5,9,17,2369003
Felucca,1536,2176,1565,2224,5,9,17,2369003
Felucca,1536,2304,1589,2329,5,9,17,2369003
Felucca,1536,2304,1553,2348,5,9,17,2369003
Felucca,1536,2432,1581,2460,0,9,17,2369003
Felucca,1536,2432,1595,2461,0,9,17,2369003
Felucca,1536,2432,1567,2494,0,9,17,2369003
Felucca,1536,2432,1641,2495,5,9,17,2369003
Felucca,1536,2560,1561,2638,0,9,17,2369003
Felucca,1536,2560,1559,2639,0,9,17,2369003
Felucca,1536,2688,1637,2764,5,9,17,2369003
Felucca,1536,2816,1606,2824,0,9,17,2369003
Felucca,1536,2816,1647,2839,0,9,17,2369003
Felucca,1536,2944,1588,2969,0,9,17,2369003
Felucca,1536,3072,1577,3105,2,9,17,2369003
Felucca,1536,3328,1653,3348,1,9,17,2369003
Felucca,1536,3328,1590,3383,0,9,17,2369003
Felucca,1536,3456,1620,3516,1,9,17,2205002
Felucca,1536,3456,1618,3517,1,9,17,2205002
Felucca,1536,3456,1617,3519,2,9,17,2205002
Felucca,1536,3456,1634,3519,1,9,17,2205002
Felucca,1536,3456,1616,3520,1,9,17,2205002
Felucca,1536,3456,1633,3520,1,9,17,2205002
Felucca,1536,3456,1615,3521,1,9,17,2205002
Felucca,1536,3456,1644,3529,0,9,17,2205002
Felucca,1536,3456,1627,3533,0,9,17,2205002
Felucca,1536,3456,1626,3534,0,9,17,2205002
Felucca,1536,3456,1611,3536,1,9,17,2205002
Felucca,1536,3456,1625,3536,0,9,17,2205002
Felucca,1536,3456,1642,3536,2,9,17,2205002
Felucca,1536,3456,1610,3537,2,9,17,2205002
Felucca,1536,3456,1636,3537,2,9,17,2205002
Felucca,1536,3456,1608,3538,1,9,17,2205002
Felucca,1536,3456,1621,3538,0,9,17,2205002
Felucca,1664,256,1746,256,21,9,17,2369003
Felucca,1664,256,1760,268,18,9,17,2369003
Felucca,1664,256,1759,271,18,9,17,2369003
Felucca,1664,256,1755,283,16,9,17,2369003
Felucca,1664,256,1766,294,6,9,17,2369003
Felucca,1664,384,1759,384,5,9,17,2369003
Felucca,1664,384,1777,384,6,9,17,2369003
Felucca,1664,384,1756,385,5,9,17,2369003
Felucca,1664,384,1755,386,5,9,17,2369003
Felucca,1664,384,1768,386,6,9,17,2369003
Felucca,1664,384,1756,403,5,9,17,2369003
Felucca,1664,384,1755,407,5,9,17,2369003
Felucca,1664,384,1754,410,5,9,17,2369003
Felucca,1664,384,1753,413,5,9,17,2369003
Felucca,1664,384,1710,422,6,9,17,2369003
Felucca,1664,384,1709,423,6,9,17,2369003
Felucca,1664,384,1749,433,5,9,17,2369003
Felucca,1664,384,1748,434,5,9,17,2369003
Felucca,1664,384,1747,435,5,9,17,2369003
Felucca,1664,384,1744,436,5,9,17,2369003
Felucca,1664,384,1743,441,6,9,17,2369003
Felucca,1664,384,1741,443,6,9,17,2369003
Felucca,1664,384,1740,444,6,9,17,2369003
Felucca,1664,384,1710,450,6,9,17,2369003
Felucca,1664,512,1695,512,7,9,17,2369003
Felucca,1664,512,1704,512,6,9,17,2369003
Felucca,1664,512,1713,512,6,9,17,2369003
Felucca,1664,512,1722,512,6,9,17,2369003
Felucca,1664,512,1694,517,7,9,17,2369003
Felucca,1664,512,1693,521,6,9,17,2369003
Felucca,1664,512,1692,523,6,9,17,2369003
Felucca,1664,512,1691,525,6,9,17,2369003
Felucca,1664,512,1690,526,6,9,17,2369003
Felucca,1664,512,1689,528,6,9,17,2369003
Felucca,1664,512,1713,529,6,9,17,2369003
Felucca,1664,512,1777,529,6,9,17,2369003
Felucca,1664,512,1773,532,6,9,17,2369003
Felucca,1664,512,1770,535,6,9,17,2369003
Felucca,1664,512,1679,537,6,9,17,2369003
Felucca,1664,512,1769,537,6,9,17,2369003
Felucca,1664,512,1678,538,6,9,17,2369003
Felucca,1664,512,1688,538,6,9,17,2369003
Felucca,1664,512,1677,539,6,9,17,2369003
Felucca,1664,512,1675,540,6,9,17,2369003
Felucca,1664,512,1674,541,6,9,17,2369003
Felucca,1664,512,1763,541,6,9,17,2369003
Felucca,1664,512,1672,542,6,9,17,2369003
Felucca,1664,512,1754,548,6,9,17,2369003
Felucca,1664,512,1708,554,16,9,17,2369003
Felucca,1664,512,1773,554,6,9,17,2369003
Felucca,1664,512,1707,555,16,9,17,2369003
Felucca,1664,512,1719,559,16,9,17,2369003
Felucca,1664,512,1770,561,6,9,17,2369003
Felucca,1664,512,1757,565,6,9,17,2369003
Felucca,1664,512,1782,566,6,9,17,2369003
Felucca,1664,512,1779,571,6,9,17,2369003
Felucca,1664,512,1735,575,16,9,17,2369003
Felucca,1664,512,1754,577,6,9,17,2369003
Felucca,1664,512,1766,578,6,9,17,2369003
Felucca,1664,512,1775,583,6,9,17,2369003
Felucca,1664,512,1719,589,22,9,17,2369003
Felucca,1664,512,1763,589,6,9,17,2369003
Felucca,1664,512,1762,594,6,9,17,2369003
Felucca,1664,512,1685,595,6,9,17,2369003
Felucca,1664,512,1728,597,22,9,17,2369003
Felucca,1664,512,1738,602,16,9,17,2369003
Felucca,1664,512,1717,603,22,9,17,2369003
Felucca,1664,512,1706,604,16,9,17,2369003
Felucca,1664,512,1670,607,16,9,17,2369003
Felucca,1664,512,1759,607,6,9,17,2369003
Felucca,1664,512,1684,611,6,9,17,2369003
Felucca,1664,512,1768,612,6,9,17,2369003
Felucca,1664,512,1777,614,6,9,17,2369003
Felucca,1664,512,1683,617,7,9,17,2369003
Felucca,1664,512,1707,621,16,9,17,2369003
Felucca,1664,640,1684,640,6,9,17,2369003
Felucca,1664,640,1693,640,6,9,17,2369003
Felucca,1664,640,1759,640,6,9,17,2369003
Felucca,1664,640,1768,640,6,9,17,2369003
Felucca,1664,640,1777,640,6,9,17,2369003
Felucca,1664,640,1758,641,6,9,17,2369003
Felucca,1664,640,1757,642,6,9,17,2369003
Felucca,1664,640,1755,643,6,9,17,2369003
Felucca,1664,640,1681,644,6,9,17,2369003
Felucca,1664,640,1753,644,6,9,17,2369003
Felucca,1664,640,1752,646,6,9,17,2369003
Felucca,1664,640,1676,649,6,9,17,2369003
Felucca,1664,640,1673,652,6,9,17,2369003
Felucca,1664,640,1772,657,6,9,17,2369003
Felucca,1664,640,1669,664,6,9,17,2369003
Felucca,1664,640,1678,669,6,9,17,2369003
Felucca,1664,640,1666,673,6,9,17,2369003
Felucca,1664,640,1770,673,6,9,17,2369003
Felucca,1664,640,1664,676,6,9,17,2369003
Felucca,1664,640,1675,681,6,9,17,2369003
Felucca,1664,640,1777,696,6,9,17,2369003
Felucca,1664,640,1776,706,6,9,17,2369003
Felucca,1664,640,1774,714,6,9,17,2369003
Felucca,1664,640,1765,725,6,9,17,2369003
Felucca,1664,640,1761,727,6,9,17,2369003
Felucca,1664,640,1774,731,6,9,17,2369003
Felucca,1664,640,1723,733,6,9,17,2369003
Felucca,1664,640,1720,734,6,9,17,2369003
Felucca,1664,640,1757,734,6,9,17,2369003
Felucca,1664,640,1718,735,6,9,17,2369003
Felucca,1664,640,1715,736,6,9,17,2369003
Felucca,1664,640,1736,736,6,9,17,2369003
Felucca,1664,640,1745,736,6,9,17,2369003
Felucca,1664,640,1754,736,6,9,17,2369003
Felucca,1664,640,1710,737,7,9,17,2369003
Felucca,1664,640,1664,738,6,9,17,2369003
Felucca,1664,640,1678,738,7,9,17,2369003
Felucca,1664,640,1687,738,7,9,17,2369003
Felucca,1664,640,1704,738,6,9,17,2369003
Felucca,1664,640,1676,739,6,9,17,2369003
Felucca,1664,640,1766,744,6,9,17,2369003
Felucca,1664,640,1776,748,6,9,17,2369003
Felucca,1664,768,1764,768,0,9,17,2369003
Felucca,1664,768,1702,779,0,9,17,2369003
Felucca,1664,768,1716,781,0,9,17,2369003
Felucca,1664,768,1753,802,0,9,17,2369003
Felucca,1664,768,1671,836,0,9,17,2369003
Felucca,1664,768,1666,839,0,9,17,2369003
Felucca,1664,768,1680,842,0,9,17,2369003
Felucca,1664,768,1689,852,0,9,17,2369003
Felucca,1664,768,1699,862,0,9,17,2369003
Felucca,1664,768,1698,878,0,9,17,2369003
Felucca,1664,896,1701,896,0,9,17,2369003
Felucca,1664,896,1719,896,0,9,17,2369003
Felucca,1664,896,1713,897,0,9,17,2369003
Felucca,1664,896,1727,913,0,9,17,2369003
Felucca,1664,896,1736,927,0,9,17,2369003
Felucca,1664,896,1727,935,0,9,17,2369003
Felucca,1664,896,1739,944,0,9,17,2369003
Felucca,1664,896,1728,952,0,9,17,2369003
Felucca,1664,896,1737,955,0,9,17,2369003
Felucca,1664,896,1746,961,0,9,17,2369003
Felucca,1664,896,1731,969,0,9,17,2369003
Felucca,1664,896,1740,972,0,9,17,2369003
Felucca,1664,896,1723,985,0,9,17,2369003
Felucca,1664,896,1732,987,0,9,17,2369003
Felucca,1664,896,1748,989,0,9,17,2369003
Felucca,1664,896,1718,995,0,9,17,2369003
Felucca,1664,896,1748,1006,0,9,17,2369003
Felucca,1664,896,1757,1006,0,9,17,2369003
Felucca,1664,1024,1738,1024,0,9,17,2369003
Felucca,1664,1024,1747,1024,0,9,17,2369003
Felucca,1664,1024,1767,1024,0,9,17,2369003
Felucca,1664,1024,1764,1036,0,9,17,2369003
Felucca,1664,1024,1749,1041,0,9,17,2369003
Felucca,1664,1024,1762,1045,0,9,17,2369003
Felucca,1664,1024,1758,1053,0,9,17,2369003
Felucca,1664,1024,1754,1058,0,9,17,2369003
Felucca,1664,1024,1771,1058,0,9,17,2369003
Felucca,1664,1024,1757,1075,0,9,17,2369003
Felucca,1664,1024,1766,1086,0,9,17,2369003
Felucca,1664,1024,1760,1092,0,9,17,2369003
Felucca,1664,1024,1764,1109,0,9,17,2369003
Felucca,1664,1024,1761,1119,0,9,17,2369003
Felucca,1664,1024,1770,1126,0,9,17,2369003
Felucca,1664,1152,1761,1152,0,9,17,2369003
Felucca,1664,1152,1753,1161,0,9,17,2369003
Felucca,1664,1152,1759,1178,0,9,17,2369003
Felucca,1664,1152,1731,1182,0,9,17,2369003
Felucca,1664,1152,1730,1184,0,9,17,2369003
Felucca,1664,1152,1729,1185,0,9,17,2369003
Felucca,1664,1152,1718,1188,0,9,17,2369003
Felucca,1664,1152,1758,1190,0,9,17,2369003
Felucca,1664,1152,1749,1194,0,9,17,2369003
Felucca,1664,1152,1748,1195,0,9,17,2369003
Felucca,1664,1152,1706,1197,0,9,17,2369003
Felucca,1664,1152,1687,1207,0,9,17,2369003
Felucca,1664,1152,1765,1207,0,9,17,2369003
Felucca,1664,1152,1664,1208,0,9,17,2369003
Felucca,1664,1152,1676,1208,0,9,17,2369003
Felucca,1664,1152,1685,1208,0,9,17,2369003
Felucca,1664,1152,1774,1216,0,9,17,2369003
Felucca,1664,1152,1781,1254,0,9,17,2369003
Felucca,1664,1280,1723,1303,0,9,17,2369003
Felucca,1664,1280,1713,1307,0,9,17,2369003
Felucca,1664,1280,1722,1312,0,9,17,2369003
Felucca,1664,1280,1676,1357,0,9,17,2369003
Felucca,1664,1280,1674,1359,0,9,17,2369003
Felucca,1664,1280,1673,1362,0,9,17,2369003
Felucca,1664,1280,1672,1363,0,9,17,2369003
Felucca,1664,1280,1670,1367,0,9,17,2369003
Felucca,1664,1280,1665,1370,0,9,17,2369003
Felucca,1664,1280,1664,1372,0,9,17,2369003
Felucca,1664,1280,1686,1375,0,9,17,2369003
Felucca,1664,1280,1703,1378,0,9,17,2369003
Felucca,1664,1280,1702,1380,0,9,17,2369003
Felucca,1664,1408,1681,1408,0,9,17,2101002
Felucca,1664,1408,1738,1408,0,9,17,2101002
Felucca,1664,1408,1701,1426,0,9,17,2101002
Felucca,1664,1408,1675,1447,0,9,17,2101002
Felucca,1664,1408,1673,1448,0,9,17,2101002
Felucca,1664,1408,1669,1449,0,9,17,2101002
Felucca,1664,1408,1721,1450,0,9,17,2101002
Felucca,1664,1408,1716,1453,0,9,17,2101002
Felucca,1664,1408,1676,1489,0,9,17,2101002
Felucca,1664,2048,1669,2151,0,9,17,2369003
Felucca,1664,2048,1678,2158,0,9,17,2369003
Felucca,1664,2176,1721,2200,0,9,17,2369003
Felucca,1664,2176,1709,2203,0,9,17,2369003
Felucca,1664,2176,1782,2264,0,9,17,2369003
Felucca,1664,2304,1781,2323,0,9,17,2369003
Felucca,1664,2304,1707,2332,0,9,17,2369003
Felucca,1664,2304,1773,2356,0,9,17,2369003
Felucca,1664,2304,1782,2359,0,9,17,2369003
Felucca,1664,2304,1775,2373,0,9,17,2369003
Felucca,1664,2304,1774,2379,0,9,17,2369003
Felucca,1664,2304,1765,2392,5,9,17,2369003
Felucca,1664,2304,1782,2396,0,9,17,2369003
Felucca,1664,2304,1677,2398,10,9,17,2369003
Felucca,1664,2304,1782,2413,0,9,17,2369003
Felucca,1664,2432,1780,2432,0,9,17,2369003
Felucca,1664,2432,1721,2437,10,9,17,2369003
Felucca,1664,2432,1781,2449,0,9,17,2369003
Felucca,1664,2432,1776,2458,0,9,17,2369003
Felucca,1664,2432,1765,2461,0,9,17,2369003
Felucca,1664,2432,1774,2463,0,9,17,2369003
Felucca,1664,2432,1777,2480,0,9,17,2369003
Felucca,1664,2432,1777,2497,0,9,17,2369003
Felucca,1664,2432,1773,2503,0,9,17,2369003
Felucca,1664,2432,1782,2514,0,9,17,2369003
Felucca,1664,2560,1782,2632,0,9,17,2369003
Felucca,1664,2560,1781,2662,0,9,17,2369003
Felucca,1664,2560,1779,2665,0,9,17,2369003
Felucca,1664,2688,1782,2712,0,9,17,2369003
Felucca,1664,2688,1733,2716,10,9,17,2369003
Felucca,1664,2688,1688,2719,10,9,17,2369003
Felucca,1664,2688,1729,2719,10,9,17,2369003
Felucca,1664,2688,1781,2722,0,9,17,2369003
Felucca,1664,2688,1780,2724,0,9,17,2369003
Felucca,1664,2688,1685,2725,10,9,17,2369003
Felucca,1664,2688,1779,2727,0,9,17,2369003
Felucca,1664,2688,1778,2728,0,9,17,2369003
Felucca,1664,2688,1777,2729,0,9,17,2369003
Felucca,1664,2816,1777,2825,0,9,17,2369003
Felucca,1664,2816,1689,2836,0,9,17,2369003
Felucca,1664,3072,1669,3110,0,9,17,2369003
Felucca,1664,3072,1741,3111,0,9,17,2369003
Felucca,1664,3072,1685,3113,0,9,17,2369003
Felucca,1664,3072,1694,3119,0,9,17,2369003
Felucca,1664,3072,1711,3164,0,9,17,2369003
Felucca,1664,3200,1707,3200,0,9,17,2369003
Felucca,1664,3200,1735,3207,0,9,17,2369003
Felucca,1664,3200,1734,3210,0,9,17,2369003
Felucca,1664,3200,1733,3211,0,9,17,2369003
Felucca,1664,3200,1762,3230,0,9,17,2369003
Felucca,1664,3328,1674,3355,2,9,17,2369003
Felucca,1664,3456,1756,3462,2,9,17,2369003
Felucca,1664,3456,1755,3472,1,9,17,2369003
Felucca,1664,3456,1754,3474,3,9,17,2369003
Felucca,1664,3456,1753,3479,3,9,17,2369003
Felucca,1792,128,1892,162,1,9,17,2369003
Felucca,1792,128,1891,163,1,9,17,2369003
Felucca,1792,128,1890,166,0,9,17,2369003
Felucca,1792,128,1889,168,0,9,17,2369003
Felucca,1792,128,1888,172,0,9,17,2369003
Felucca,1792,128,1897,186,0,9,17,2369003
Felucca,1792,128,1896,189,0,9,17,2369003
Felucca,1792,128,1906,197,0,9,17,2369003
Felucca,1792,128,1888,202,0,9,17,2369003
Felucca,1792,128,1880,203,0,9,17,2369003
Felucca,1792,128,1878,205,2,9,17,2369003
Felucca,1792,128,1877,207,1,9,17,2369003
Felucca,1792,128,1794,218,0,9,17,2369003
Felucca,1792,128,1887,220,0,9,17,2369003
Felucca,1792,128,1805,224,0,9,17,2369003
Felucca,1792,128,1814,228,0,9,17,2369003
Felucca,1792,128,1866,230,-1,9,17,2369003
Felucca,1792,128,1865,231,0,9,17,2369003
Felucca,1792,128,1860,232,0,9,17,2369003
Felucca,1792,128,1857,233,0,9,17,2369003
Felucca,1792,128,1840,234,0,9,17,2369003
Felucca,1792,128,1849,234,0,9,17,2369003
Felucca,1792,256,1846,256,0,9,17,2369003
Felucca,1792,256,1855,256,0,9,17,2369003
Felucca,1792,256,1864,256,0,9,17,2369003
Felucca,1792,256,1873,256,0,9,17,2369003
Felucca,1792,256,1840,258,0,9,17,2369003
Felucca,1792,256,1797,265,0,9,17,2369003
Felucca,1792,256,1793,268,0,9,17,2369003
Felucca,1792,256,1849,273,0,9,17,2369003
Felucca,1792,256,1858,273,0,9,17,2369003
Felucca,1792,256,1867,273,0,9,17,2369003
Felucca,1792,256,1838,274,0,9,17,2369003
Felucca,1792,256,1848,275,0,9,17,2369003
Felucca,1792,256,1847,277,0,9,17,2369003
Felucca,1792,256,1857,290,0,9,17,2369003
Felucca,1792,256,1839,291,0,9,17,2369003
Felucca,1792,256,1856,292,0,9,17,2369003
Felucca,1792,256,1848,294,0,9,17,2369003
Felucca,1792,256,1830,296,0,9,17,2369003
Felucca,1792,256,1829,297,0,9,17,2369003
Felucca,1792,256,1828,298,0,9,17,2369003
Felucca,1792,256,1827,302,0,9,17,2369003
Felucca,1792,256,1826,305,0,9,17,2369003
Felucca,1792,256,1825,306,0,9,17,2369003
Felucca,1792,256,1823,307,0,9,17,2369003
Felucca,1792,256,1821,308,0,9,17,2369003
Felucca,1792,256,1839,308,0,9,17,2369003
Felucca,1792,256,1820,310,-1,9,17,2369003
Felucca,1792,256,1837,314,0,9,17,2369003
Felucca,1792,256,1848,314,0,9,17,2369003
Felucca,1792,256,1836,315,0,9,17,2369003
Felucca,1792,256,1835,319,0,9,17,2369003
Felucca,1792,256,1819,322,0,9,17,2369003
Felucca,1792,256,1834,322,0,9,17,2369003
Felucca,1792,256,1832,323,0,9,17,2369003
Felucca,1792,256,1830,324,0,9,17,2369003
Felucca,1792,256,1829,325,0,9,17,2369003
Felucca,1792,256,1828,327,0,9,17,2369003
Felucca,1792,256,1849,331,0,9,17,2369003
Felucca,1792,256,1812,336,0,9,17,2369003
Felucca,1792,256,1811,337,0,9,17,2369003
Felucca,1792,256,1843,337,0,9,17,2369003
Felucca,1792,256,1810,339,0,9,17,2369003
Felucca,1792,256,1822,339,0,9,17,2369003
Felucca,1792,256,1841,339,0,9,17,2369003
Felucca,1792,256,1801,340,-1,9,17,2369003
Felucca,1792,256,1839,340,0,9,17,2369003
Felucca,1792,256,1799,341,0,9,17,2369003
Felucca,1792,256,1838,341,0,9,17,2369003
Felucca,1792,256,1837,342,0,9,17,2369003
Felucca,1792,256,1831,344,0,9,17,2369003
Felucca,1792,256,1821,345,0,9,17,2369003
Felucca,1792,256,1852,348,0,9,17,2369003
Felucca,1792,256,1794,349,0,9,17,2369003
Felucca,1792,256,1819,354,0,9,17,2369003
Felucca,1792,256,1810,356,0,9,17,2369003
Felucca,1792,256,1809,357,0,9,17,2369003
Felucca,1792,256,1792,358,0,9,17,2369003
Felucca,1792,256,1840,359,0,9,17,2369003
Felucca,1792,256,1837,361,0,9,17,2369003
Felucca,1792,256,1854,365,0,9,17,2369003
Felucca,1792,256,1863,366,0,9,17,2369003
Felucca,1792,384,1822,384,0,9,17,2369003
Felucca,1792,384,1836,384,0,9,17,2369003
Felucca,1792,384,1845,384,0,9,17,2369003
Felucca,1792,384,1854,384,0,9,17,2369003
Felucca,1792,384,1863,384,0,9,17,2369003
Felucca,1792,384,1865,401,0,9,17,2369003
Felucca,1792,384,1881,431,0,9,17,2369003
Felucca,1792,384,1890,431,1,9,17,2369003
Felucca,1792,384,1886,448,0,9,17,2369003
Felucca,1792,384,1881,458,0,9,17,2369003
Felucca,1792,384,1886,476,0,9,17,2369003
Felucca,1792,384,1877,491,0,9,17,2369003
Felucca,1792,384,1886,493,0,9,17,2369003
Felucca,1792,512,1899,512,0,9,17,2369003
Felucca,1792,512,1908,521,0,9,17,2369003
Felucca,1792,512,1803,523,0,9,17,2369003
Felucca,1792,512,1793,531,0,9,17,2369003
Felucca,1792,512,1792,532,0,9,17,2369003
Felucca,1792,512,1802,534,0,9,17,2369003
Felucca,1792,512,1792,562,0,9,17,2369003
Felucca,1792,512,1792,579,0,9,17,2369003
Felucca,1792,512,1803,601,0,9,17,2369003
Felucca,1792,512,1801,607,0,9,17,2369003
Felucca,1792,512,1792,611,0,9,17,2369003
Felucca,1792,640,1794,644,0,9,17,2369003
Felucca,1792,640,1856,664,0,9,17,2369003
Felucca,1792,640,1792,693,0,9,17,2369003
Felucca,1792,640,1792,713,0,9,17,2369003
Felucca,1792,640,1792,736,0,9,17,2369003
Felucca,1792,768,1800,778,0,9,17,2369003
Felucca,1792,768,1832,787,0,9,17,2369003
Felucca,1792,768,1809,789,0,9,17,2369003
Felucca,1792,768,1866,793,0,9,17,2369003
Felucca,1792,768,1881,796,0,9,17,2369003
Felucca,1792,768,1892,796,0,9,17,2369003
Felucca,1792,768,1836,825,-1,9,17,2369003
Felucca,1792,768,1819,834,-1,9,17,2369003
Felucca,1792,768,1818,835,-1,9,17,2369003
Felucca,1792,768,1817,837,-1,9,17,2369003
Felucca,1792,768,1868,842,-1,9,17,2369003
Felucca,1792,768,1819,859,-1,9,17,2369003
Felucca,1792,896,1856,908,-1,9,17,2369003
Felucca,1792,896,1852,952,-1,9,17,2369003
Felucca,1792,896,1910,993,0,9,17,2369003
Felucca,1792,896,1891,995,0,9,17,2369003
Felucca,1792,896,1889,996,0,9,17,2369003
Felucca,1792,896,1885,997,0,9,17,2369003
Felucca,1792,896,1909,997,0,9,17,2369003
Felucca,1792,896,1874,1000,0,9,17,2369003
Felucca,1792,896,1873,1001,0,9,17,2369003
Felucca,1792,896,1863,1004,0,9,17,2369003
Felucca,1792,1024,1836,1024,0,9,17,2369003
Felucca,1792,1024,1851,1024,0,9,17,2369003
Felucca,1792,1024,1860,1024,0,9,17,2369003
Felucca,1792,1024,1897,1024,0,9,17,2369003
Felucca,1792,1024,1906,1032,0,9,17,2369003
Felucca,1792,1024,1826,1035,0,9,17,2369003
Felucca,1792,1024,1825,1038,0,9,17,2369003
Felucca,1792,1024,1835,1043,0,9,17,2369003
Felucca,1792,1024,1845,1049,0,9,17,2369003
Felucca,1792,1024,1909,1049,0,9,17,2369003
Felucca,1792,1024,1834,1052,0,9,17,2369003
Felucca,1792,1024,1827,1058,0,9,17,2369003
Felucca,1792,1024,1844,1058,0,9,17,2369003
Felucca,1792,1024,1843,1060,0,9,17,2369003
Felucca,1792,1024,1821,1061,0,9,17,2369003
Felucca,1792,1024,1836,1069,0,9,17,2369003
Felucca,1792,1024,1830,1075,0,9,17,2369003
Felucca,1792,1024,1852,1076,0,9,17,2369003
Felucca,1792,1024,1849,1077,0,9,17,2369003
Felucca,1792,1024,1823,1078,0,9,17,2369003
Felucca,1792,1024,1845,1082,0,9,17,2369003
Felucca,1792,1024,1820,1083,0,9,17,2369003
Felucca,1792,1024,1909,1083,0,9,17,2369003
Felucca,1792,1024,1839,1086,0,9,17,2369003
Felucca,1792,1024,1832,1092,0,9,17,2369003
Felucca,1792,1024,1829,1095,0,9,17,2369003
Felucca,1792,1024,1861,1095,0,9,17,2369003
Felucca,1792,1024,1818,1099,0,9,17,2369003
Felucca,1792,1024,1848,1099,0,9,17,2369003
Felucca,1792,1024,1827,1100,0,9,17,2369003
Felucca,1792,1024,1841,1103,0,9,17,2369003
Felucca,1792,1024,1857,1103,0,9,17,2369003
Felucca,1792,1024,1909,1106,0,9,17,2369003
Felucca,1792,1024,1870,1108,0,9,17,2369003
Felucca,1792,1024,1838,1109,0,9,17,2369003
Felucca,1792,1024,1906,1111,0,9,17,2369003
Felucca,1792,1024,1836,1112,0,9,17,2369003
Felucca,1792,1024,1866,1112,0,9,17,2369003
Felucca,1792,1024,1833,1117,0,9,17,2369003
Felucca,1792,1024,1879,1117,0,9,17,2369003
Felucca,1792,1024,1847,1120,0,9,17,2369003
Felucca,1792,1024,1859,1120,0,9,17,2369003
Felucca,1792,1024,1893,1124,0,9,17,2369003
Felucca,1792,1024,1875,1125,0,9,17,2369003
Felucca,1792,1024,1909,1128,0,9,17,2369003
Felucca,1792,1024,1856,1130,0,9,17,2369003
Felucca,1792,1152,1868,1152,0,9,17,2369003
Felucca,1792,1152,1877,1153,0,9,17,2369003
Felucca,1792,1152,1886,1165,0,9,17,2369003
Felucca,1792,1152,1869,1169,0,9,17,2369003
Felucca,1792,1152,1878,1170,0,9,17,2369003
Felucca,1792,1152,1910,1180,0,9,17,2369003
Felucca,1792,1152,1887,1182,0,9,17,2369003
Felucca,1792,1152,1901,1185,0,9,17,2369003
Felucca,1792,1152,1881,1187,0,9,17,2369003
Felucca,1792,1152,1897,1188,0,9,17,2369003
Felucca,1792,1152,1910,1197,0,9,17,2369003
Felucca,1792,1152,1906,1202,0,9,17,2369003
Felucca,1792,1152,1881,1204,0,9,17,2369003
Felucca,1792,1152,1901,1205,0,9,17,2369003
Felucca,1792,1408,1873,1408,0,9,17,2369003
Felucca,1792,1408,1869,1427,0,9,17,2369003
Felucca,1792,1408,1865,1435,0,9,17,2369003
Felucca,1792,1408,1861,1438,0,9,17,2369003
Felucca,1792,1408,1857,1444,0,9,17,2369003
Felucca,1792,1408,1870,1452,0,9,17,2369003
Felucca,1792,1408,1866,1455,0,9,17,2369003
Felucca,1792,1408,1879,1458,0,9,17,2369003
Felucca,1792,1408,1860,1461,0,9,17,2369003
Felucca,1792,1408,1857,1465,0,9,17,2369003
Felucca,1792,1408,1869,1472,0,9,17,2369003
Felucca,1792,1408,1888,1473,0,9,17,2369003
Felucca,1792,1408,1882,1475,0,9,17,2369003
Felucca,1792,1408,1866,1478,0,9,17,2369003
Felucca,1792,1408,1863,1482,0,9,17,2369003
Felucca,1792,1408,1878,1486,0,9,17,2369003
Felucca,1792,1408,1875,1489,0,9,17,2369003
Felucca,1792,1408,1872,1495,0,9,17,2369003
Felucca,1792,1408,1869,1499,0,9,17,2369003
Felucca,1792,1408,1847,1501,0,9,17,2369003
Felucca,1792,1408,1858,1501,0,9,17,2369003
Felucca,1792,1408,1856,1503,0,9,17,2369003
Felucca,1792,1408,1884,1503,0,9,17,2369003
Felucca,1792,1408,1881,1506,0,9,17,2369003
Felucca,1792,1408,1845,1511,0,9,17,2369003
Felucca,1792,1408,1879,1512,0,9,17,2369003
Felucca,1792,1408,1841,1516,0,9,17,2369003
Felucca,1792,1408,1854,1518,0,9,17,2369003
Felucca,1792,1536,1850,1536,0,9,17,2369003
Felucca,1792,1536,1859,1536,0,9,17,2369003
Felucca,1792,1536,1868,1536,0,9,17,2369003
Felucca,1792,1536,1886,1536,0,9,17,2369003
Felucca,1792,1536,1801,1546,0,9,17,2369003
Felucca,1792,1536,1884,1546,0,9,17,2369003
Felucca,1792,2048,1871,2057,-1,9,17,2369003
Felucca,1792,2048,1869,2058,0,9,17,2369003
Felucca,1792,2048,1888,2058,0,9,17,2369003
Felucca,1792,2048,1852,2059,-1,9,17,2369003
Felucca,1792,2048,1866,2059,0,9,17,2369003
Felucca,1792,2048,1897,2062,0,9,17,2369003
Felucca,1792,2048,1846,2064,0,9,17,2369003
Felucca,1792,2048,1839,2070,0,9,17,2369003
Felucca,1792,2048,1838,2071,0,9,17,2369003
Felucca,1792,2048,1880,2071,0,9,17,2369003
Felucca,1792,2048,1837,2072,0,9,17,2369003
Felucca,1792,2048,1836,2073,0,9,17,2369003
Felucca,1792,2048,1878,2074,0,9,17,2369003
Felucca,1792,2048,1875,2075,0,9,17,2369003
Felucca,1792,2048,1872,2076,0,9,17,2369003
Felucca,1792,2048,1855,2077,0,9,17,2369003
Felucca,1792,2048,1907,2098,0,9,17,2369003
Felucca,1792,2048,1895,2099,0,9,17,2369003
Felucca,1792,2048,1904,2099,0,9,17,2369003
Felucca,1792,2048,1889,2108,0,9,17,2369003
Felucca,1792,2048,1898,2116,0,9,17,2369003
Felucca,1792,2048,1888,2119,0,9,17,2369003
Felucca,1792,2048,1887,2122,0,9,17,2369003
Felucca,1792,2048,1886,2123,0,9,17,2369003
Felucca,1792,2048,1897,2125,0,9,17,2369003
Felucca,1792,2048,1797,2153,0,9,17,2369003
Felucca,1792,2048,1796,2154,0,9,17,2369003
Felucca,1792,2048,1794,2156,0,9,17,2369003
Felucca,1792,2048,1792,2157,0,9,17,2369003
Felucca,1792,2176,1799,2176,0,9,17,2369003
Felucca,1792,2176,1794,2189,0,9,17,2369003
Felucca,1792,2176,1793,2194,0,9,17,2369003
Felucca,1792,2176,1841,2202,0,9,17,2369003
Felucca,1792,2176,1840,2203,0,9,17,2369003
Felucca,1792,2176,1839,2205,0,9,17,2369003
Felucca,1792,2176,1802,2206,0,9,17,2369003
Felucca,1792,2176,1792,2207,0,9,17,2369003
Felucca,1792,2176,1801,2211,0,9,17,2369003
Felucca,1792,2176,1831,2219,0,9,17,2369003
Felucca,1792,2176,1840,2222,0,9,17,2369003
Felucca,1792,2176,1794,2224,0,9,17,2369003
Felucca,1792,2176,1830,2224,0,9,17,2369003
Felucca,1792,2176,1828,2226,0,9,17,2369003
Felucca,1792,2176,1803,2228,0,9,17,2369003
Felucca,1792,2176,1818,2228,-1,9,17,2369003
Felucca,1792,2176,1827,2228,0,9,17,2369003
Felucca,1792,2176,1812,2229,0,9,17,2369003
Felucca,1792,2176,1842,2239,0,9,17,2369003
Felucca,1792,2176,1836,2243,0,9,17,2369003
Felucca,1792,2176,1792,2245,0,9,17,2369003
Felucca,1792,2176,1807,2245,0,9,17,2369003
Felucca,1792,2176,1824,2245,0,9,17,2369003
Felucca,1792,2176,1833,2245,0,9,17,2369003
Felucca,1792,2176,1881,2245,0,9,17,2369003
Felucca,1792,2176,1820,2246,0,9,17,2369003
Felucca,1792,2176,1880,2246,-1,9,17,2369003
Felucca,1792,2176,1851,2251,0,9,17,2369003
Felucca,1792,2176,1806,2254,0,9,17,2369003
Felucca,1792,2176,1845,2256,0,9,17,2369003
Felucca,1792,2176,1868,2256,0,9,17,2369003
Felucca,1792,2176,1803,2260,0,9,17,2369003
Felucca,1792,2176,1842,2260,0,9,17,2369003
Felucca,1792,2176,1865,2260,0,9,17,2369003
Felucca,1792,2176,1829,2262,0,9,17,2369003
Felucca,1792,2176,1838,2262,0,9,17,2369003
Felucca,1792,2176,1792,2263,0,9,17,2369003
Felucca,1792,2176,1821,2263,0,9,17,2369003
Felucca,1792,2176,1877,2264,0,9,17,2369003
Felucca,1792,2176,1860,2267,0,9,17,2369003
Felucca,1792,2176,1854,2268,0,9,17,2369003
Felucca,1792,2176,1815,2272,0,9,17,2369003
Felucca,1792,2176,1851,2273,0,9,17,2369003
Felucca,1792,2176,1874,2273,0,9,17,2369003
Felucca,1792,2176,1895,2274,0,9,17,2369003
Felucca,1792,2176,1906,2275,0,9,17,2369003
Felucca,1792,2176,1847,2277,0,9,17,2369003
Felucca,1792,2176,1812,2278,0,9,17,2369003
Felucca,1792,2176,1886,2278,0,9,17,2369003
Felucca,1792,2176,1830,2279,0,9,17,2369003
Felucca,1792,2176,1839,2279,0,9,17,2369003
Felucca,1792,2176,1792,2280,0,9,17,2369003
Felucca,1792,2176,1824,2280,0,9,17,2369003
Felucca,1792,2176,1883,2281,0,9,17,2369003
Felucca,1792,2176,1904,2281,0,9,17,2369003
Felucca,1792,2176,1863,2284,0,9,17,2369003
Felucca,1792,2176,1860,2285,0,9,17,2369003
Felucca,1792,2304,1792,2304,0,9,17,2369003
Felucca,1792,2304,1811,2304,0,9,17,2369003
Felucca,1792,2304,1820,2304,0,9,17,2369003
Felucca,1792,2304,1829,2304,0,9,17,2369003
Felucca,1792,2304,1838,2304,0,9,17,2369003
Felucca,1792,2304,1847,2304,0,9,17,2369003
Felucca,1792,2304,1856,2304,0,9,17,2369003
Felucca,1792,2304,1865,2304,0,9,17,2369003
Felucca,1792,2304,1874,2304,0,9,17,2369003
Felucca,1792,2304,1883,2304,0,9,17,2369003
Felucca,1792,2304,1892,2304,0,9,17,2369003
Felucca,1792,2304,1901,2304,0,9,17,2369003
Felucca,1792,2304,1910,2304,0,9,17,2369003
Felucca,1792,2304,1792,2321,0,9,17,2369003
Felucca,1792,2304,1813,2321,0,9,17,2369003
Felucca,1792,2304,1822,2321,0,9,17,2369003
Felucca,1792,2304,1831,2321,0,9,17,2369003
Felucca,1792,2304,1845,2321,0,9,17,2369003
Felucca,1792,2304,1854,2321,0,9,17,2369003
Felucca,1792,2304,1863,2321,0,9,17,2369003
Felucca,1792,2304,1872,2321,0,9,17,2369003
Felucca,1792,2304,1881,2321,0,9,17,2369003
Felucca,1792,2304,1890,2321,0,9,17,2369003
Felucca,1792,2304,1899,2321,0,9,17,2369003
Felucca,1792,2304,1801,2325,0,9,17,2369003
Felucca,1792,2304,1841,2329,0,9,17,2369003
Felucca,1792,2304,1908,2334,0,9,17,2369003
Felucca,1792,2304,1825,2338,0,9,17,2369003
Felucca,1792,2304,1850,2338,0,9,17,2369003
Felucca,1792,2304,1859,2338,0,9,17,2369003
Felucca,1792,2304,1868,2338,0,9,17,2369003
Felucca,1792,2304,1877,2338,0,9,17,2369003
Felucca,1792,2304,1886,2338,0,9,17,2369003
Felucca,1792,2304,1895,2338,0,9,17,2369003
Felucca,1792,2304,1904,2338,0,9,17,2369003
Felucca,1792,2304,1801,2342,0,9,17,2369003
Felucca,1792,2304,1817,2342,0,9,17,2369003
Felucca,1792,2304,1834,2342,0,9,17,2369003
Felucca,1792,2304,1843,2346,0,9,17,2369003
Felucca,1792,2304,1816,2349,0,9,17,2369003
Felucca,1792,2304,1826,2355,0,9,17,2369003
Felucca,1792,2304,1864,2355,0,9,17,2369003
Felucca,1792,2304,1873,2355,0,9,17,2369003
Felucca,1792,2304,1882,2355,0,9,17,2369003
Felucca,1792,2304,1891,2355,0,9,17,2369003
Felucca,1792,2304,1900,2355,0,9,17,2369003
Felucca,1792,2304,1909,2355,0,9,17,2369003
Felucca,1792,2304,1852,2358,0,9,17,2369003
Felucca,1792,2304,1803,2359,0,9,17,2369003
Felucca,1792,2304,1825,2359,0,9,17,2369003
Felucca,1792,2304,1835,2359,0,9,17,2369003
Felucca,1792,2304,1844,2363,0,9,17,2369003
Felucca,1792,2304,1815,2364,0,9,17,2369003
Felucca,1792,2304,1861,2364,0,9,17,2369003
Felucca,1792,2304,1824,2366,0,9,17,2369003
Felucca,1792,2304,1797,2369,0,9,17,2369003
Felucca,1792,2304,1834,2372,0,9,17,2369003
Felucca,1792,2304,1870,2372,0,9,17,2369003
Felucca,1792,2304,1879,2372,0,9,17,2369003
Felucca,1792,2304,1888,2372,0,9,17,2369003
Felucca,1792,2304,1897,2372,0,9,17,2369003
Felucca,1792,2304,1906,2372,0,9,17,2369003
Felucca,1792,2304,1853,2375,0,9,17,2369003
Felucca,1792,2304,1806,2376,0,9,17,2369003
Felucca,1792,2304,1833,2376,0,9,17,2369003
Felucca,1792,2304,1843,2376,0,9,17,2369003
Felucca,1792,2304,1792,2377,0,9,17,2369003
Felucca,1792,2304,1852,2380,0,9,17,2369003
Felucca,1792,2304,1862,2381,0,9,17,2369003
Felucca,1792,2304,1801,2386,0,9,17,2369003
Felucca,1792,2304,1842,2389,0,9,17,2369003
Felucca,1792,2304,1871,2389,0,9,17,2369003
Felucca,1792,2304,1880,2389,0,9,17,2369003
Felucca,1792,2304,1889,2389,0,9,17,2369003
Felucca,1792,2304,1861,2392,0,9,17,2369003
Felucca,1792,2304,1909,2392,0,9,17,2369003
Felucca,1792,2304,1851,2393,0,9,17,2369003
Felucca,1792,2304,1860,2397,0,9,17,2369003
Felucca,1792,2304,1792,2398,0,9,17,2369003
Felucca,1792,2304,1870,2398,0,9,17,2369003
Felucca,1792,2304,1905,2400,0,9,17,2369003
Felucca,1792,2304,1898,2405,0,9,17,2369003
Felucca,1792,2304,1845,2406,0,9,17,2369003
Felucca,1792,2304,1879,2406,0,9,17,2369003
Felucca,1792,2304,1897,2406,0,9,17,2369003
Felucca,1792,2304,1842,2409,0,9,17,2369003
Felucca,1792,2304,1869,2409,0,9,17,2369003
Felucca,1792,2304,1854,2410,0,9,17,2369003
Felucca,1792,2304,1863,2414,0,9,17,2369003
Felucca,1792,2432,1792,2432,0,9,17,2369003
Felucca,1792,2432,1805,2432,0,9,17,2369003
Felucca,1792,2432,1826,2432,0,9,17,2369003
Felucca,1792,2432,1843,2432,0,9,17,2369003
Felucca,1792,2432,1852,2432,0,9,17,2369003
Felucca,1792,2432,1861,2432,0,9,17,2369003
Felucca,1792,2432,1870,2432,0,9,17,2369003
Felucca,1792,2432,1879,2432,0,9,17,2369003
Felucca,1792,2432,1796,2449,0,9,17,2369003
Felucca,1792,2432,1826,2449,0,9,17,2369003
Felucca,1792,2432,1863,2449,0,9,17,2369003
Felucca,1792,2432,1822,2451,0,9,17,2369003
Felucca,1792,2432,1878,2452,0,9,17,2369003
Felucca,1792,2432,1808,2455,0,9,17,2369003
Felucca,1792,2432,1835,2456,0,9,17,2369003
Felucca,1792,2432,1805,2458,0,9,17,2369003
Felucca,1792,2432,1792,2459,0,9,17,2369003
Felucca,1792,2432,1846,2459,0,9,17,2369003
Felucca,1792,2432,1860,2460,0,9,17,2369003
Felucca,1792,2432,1817,2464,0,9,17,2369003
Felucca,1792,2432,1844,2465,0,9,17,2369003
Felucca,1792,2432,1801,2466,0,9,17,2369003
Felucca,1792,2432,1832,2466,0,9,17,2369003
Felucca,1792,2432,1831,2467,0,9,17,2369003
Felucca,1792,2432,1826,2468,0,9,17,2369003
Felucca,1792,2432,1878,2469,0,9,17,2369003
Felucca,1792,2432,1814,2472,0,9,17,2369003
Felucca,1792,2432,1869,2472,0,9,17,2369003
Felucca,1792,2432,1841,2473,0,9,17,2369003
Felucca,1792,2432,1799,2476,0,9,17,2369003
Felucca,1792,2432,1857,2476,0,9,17,2369003
Felucca,1792,2432,1823,2481,0,9,17,2369003
Felucca,1792,2432,1892,2482,0,9,17,2369003
Felucca,1792,2432,1792,2486,0,9,17,2369003
Felucca,1792,2432,1878,2486,0,9,17,2369003
Felucca,1792,2432,1853,2488,0,9,17,2369003
Felucca,1792,2432,1814,2489,0,9,17,2369003
Felucca,1792,2432,1866,2489,0,9,17,2369003
Felucca,1792,2432,1875,2489,0,9,17,2369003
Felucca,1792,2432,1841,2490,0,9,17,2369003
Felucca,1792,2432,1901,2491,0,9,17,2369003
Felucca,1792,2432,1801,2493,0,9,17,2369003
Felucca,1792,2432,1862,2493,0,9,17,2369003
Felucca,1792,2432,1832,2497,0,9,17,2369003
Felucca,1792,2432,1850,2497,0,9,17,2369003
Felucca,1792,2432,1887,2497,0,9,17,2369003
Felucca,1792,2432,1823,2498,0,9,17,2369003
Felucca,1792,2432,1799,2503,0,9,17,2369003
Felucca,1792,2432,1812,2503,0,9,17,2369003
Felucca,1792,2432,1861,2505,0,9,17,2369003
Felucca,1792,2432,1810,2506,0,9,17,2369003
Felucca,1792,2432,1849,2507,0,9,17,2369003
Felucca,1792,2432,1808,2510,0,9,17,2369003
Felucca,1792,2432,1832,2514,0,9,17,2369003
Felucca,1792,2432,1830,2515,0,9,17,2369003
Felucca,1792,2432,1827,2518,0,9,17,2369003
Felucca,1792,2432,1800,2520,0,9,17,2369003
Felucca,1792,2432,1817,2523,0,9,17,2369003
Felucca,1792,2432,1792,2524,0,9,17,2369003
Felucca,1792,2432,1841,2524,0,9,17,2369003
Felucca,1792,2432,1809,2527,0,9,17,2369003
Felucca,1792,2432,1801,2540,0,9,17,2369003
Felucca,1792,2432,1818,2540,0,9,17,2369003
Felucca,1792,2432,1792,2541,0,9,17,2369003
Felucca,1792,2560,1864,2661,-8,9,17,2113002
Felucca,1792,2560,1910,2664,0,9,17,2113002
Felucca,1792,2688,1824,2688,0,9,17,2113002
Felucca,1792,2688,1857,2699,9,9,17,2113002
Felucca,1792,2688,1853,2700,10,9,17,2113002
Felucca,1792,2688,1824,2705,0,9,17,2113002
Felucca,1792,2688,1823,2711,0,9,17,2113002
Felucca,1792,2688,1862,2716,10,9,17,2113002
Felucca,1792,2688,1808,2719,7,9,17,2113002
Felucca,1792,2688,1807,2720,7,9,17,2113002
Felucca,1792,2688,1807,2737,7,9,17,2113002
Felucca,1792,2688,1792,2774,0,9,17,2113002
Felucca,1792,2816,1821,2816,0,9,17,2113002
Felucca,1792,2816,1819,2818,0,9,17,2113002
Felucca,1792,2816,1842,2837,10,9,17,2113002
Felucca,1792,2816,1865,2846,20,9,17,2113002
Felucca,1792,2944,1792,2949,0,9,17,2113002
Felucca,1792,2944,1792,2966,0,9,17,2113002
Felucca,1792,2944,1858,2975,10,9,17,2113002
Felucca,1792,2944,1792,2983,0,9,17,2113002
Felucca,1792,2944,1837,2986,10,9,17,2113002
Felucca,1792,2944,1792,3019,0,9,17,2113002
Felucca,1792,2944,1811,3030,5,9,17,2113002
Felucca,1792,2944,1810,3034,5,9,17,2113002
Felucca,1792,2944,1808,3039,5,9,17,2113002
Felucca,1792,2944,1807,3041,5,9,17,2113002
Felucca,1792,3072,1828,3084,0,9,17,2369003
Felucca,1792,3072,1826,3088,0,9,17,2369003
Felucca,1792,3072,1811,3089,0,9,17,2369003
Felucca,1792,3072,1809,3093,0,9,17,2369003
Felucca,1792,3072,1848,3093,0,9,17,2369003
Felucca,1792,3072,1837,3094,0,9,17,2369003
Felucca,1792,3072,1908,3094,0,9,17,2369003
Felucca,1792,3072,1823,3095,0,9,17,2369003
Felucca,1792,3072,1846,3096,0,9,17,2369003
Felucca,1792,3072,1881,3097,0,9,17,2369003
Felucca,1792,3072,1890,3097,0,9,17,2369003
Felucca,1792,3072,1906,3098,0,9,17,2369003
Felucca,1792,3072,1876,3100,0,9,17,2369003
Felucca,1792,3072,1900,3100,0,9,17,2369003
Felucca,1792,3072,1835,3101,0,9,17,2369003
Felucca,1792,3072,1869,3102,0,9,17,2369003
Felucca,1792,3072,1792,3103,0,9,17,2369003
Felucca,1792,3072,1886,3114,0,9,17,2369003
Felucca,1792,3072,1909,3115,0,9,17,2369003
Felucca,1792,3072,1895,3117,0,9,17,2369003
Felucca,1792,3072,1792,3154,0,9,17,2369003
Felucca,1792,3072,1803,3169,0,9,17,2369003
Felucca,1792,3072,1792,3171,0,9,17,2369003
Felucca,1792,3200,1827,3200,0,9,17,2369003
Felucca,1792,3200,1798,3204,0,9,17,2369003
Felucca,1792,3200,1813,3206,0,9,17,2369003
Felucca,1792,3200,1792,3208,0,9,17,2369003
Felucca,1792,3200,1807,3216,0,9,17,2369003
Felucca,1792,3200,1801,3221,0,9,17,2369003
Felucca,1792,3200,1822,3224,0,9,17,2369003
Felucca,1792,3200,1792,3225,0,9,17,2369003
Felucca,1792,3200,1869,3228,8,9,17,2369003
Felucca,1792,3200,1821,3229,0,9,17,2369003
Felucca,1792,3200,1798,3251,0,9,17,2369003
Felucca,1792,3200,1792,3272,0,9,17,2369003
Felucca,1792,3200,1852,3281,0,9,17,2369003
Felucca,1792,3200,1801,3284,0,9,17,2369003
Felucca,1792,3200,1871,3287,0,9,17,2369003
Felucca,1792,3200,1870,3288,0,9,17,2369003
Felucca,1792,3200,1792,3289,0,9,17,2369003
Felucca,1792,3200,1792,3306,0,9,17,2369003
Felucca,1792,3328,1906,3432,0,9,17,2369003
Felucca,1792,3328,1845,3433,10,9,17,2369003
Felucca,1792,3328,1844,3434,10,9,17,2369003
Felucca,1792,3328,1842,3436,10,9,17,2369003
Felucca,1792,3456,1907,3456,0,9,17,2369003
Felucca,1792,3456,1807,3495,0,9,17,2369003
Felucca,1920,0,2029,17,0,9,17,2369003
Felucca,1920,0,2027,19,0,9,17,2369003
Felucca,1920,0,2026,22,0,9,17,2369003
Felucca,1920,0,2025,24,0,9,17,2369003
Felucca,1920,0,2024,27,0,9,17,2369003
Felucca,1920,0,2023,32,-1,9,17,2369003
Felucca,1920,0,2033,41,0,9,17,2369003
Felucca,1920,0,2023,49,0,9,17,2369003
Felucca,1920,0,2032,62,1,9,17,2369003
Felucca,1920,0,2025,66,1,9,17,2369003
Felucca,1920,0,2024,69,0,9,17,2369003
Felucca,1920,0,2024,86,1,9,17,2369003
Felucca,1920,128,1989,128,2,9,17,2369003
Felucca,1920,128,1966,133,2,9,17,2369003
Felucca,1920,128,1965,135,1,9,17,2369003
Felucca,1920,128,1976,136,1,9,17,2369003
Felucca,1920,128,1975,139,1,9,17,2369003
Felucca,1920,128,1964,147,1,9,17,2369003
Felucca,1920,128,1963,148,1,9,17,2369003
Felucca,1920,128,1961,149,1,9,17,2369003
Felucca,1920,128,1960,150,0,9,17,2369003
Felucca,1920,128,1974,150,0,9,17,2369003
Felucca,1920,128,1957,151,1,9,17,2369003
Felucca,1920,128,1952,153,0,9,17,2369003
Felucca,1920,128,1951,154,0,9,17,2369003
Felucca,1920,128,1942,155,0,9,17,2369003
Felucca,1920,128,1932,160,0,9,17,2369003
Felucca,1920,128,1921,161,0,9,17,2369003
Felucca,1920,128,1931,161,0,9,17,2369003
Felucca,1920,128,1941,167,0,9,17,2369003
Felucca,1920,128,1930,172,0,9,17,2369003
Felucca,1920,128,1920,173,0,9,17,2369003
Felucca,1920,384,1925,384,0,9,17,2369003
Felucca,1920,384,1934,384,0,9,17,2369003
Felucca,1920,384,2023,384,0,9,17,2369003
Felucca,1920,384,2038,386,0,9,17,2369003
Felucca,1920,384,2032,391,0,9,17,2369003
Felucca,1920,384,1929,401,0,9,17,2369003
Felucca,1920,384,2025,401,0,9,17,2369003
Felucca,1920,384,1978,412,0,9,17,2369003
Felucca,1920,384,1927,416,0,9,17,2369003
Felucca,1920,384,1936,421,0,9,17,2369003
Felucca,1920,384,1925,432,0,9,17,2369003
Felucca,1920,384,2038,486,0,9,17,2369003
Felucca,1920,384,2037,487,0,9,17,2369003
Felucca,1920,512,2033,512,0,9,17,2369003
Felucca,1920,512,2023,514,0,9,17,2369003
Felucca,1920,512,2022,523,0,9,17,2369003
Felucca,1920,512,1923,524,0,9,17,2369003
Felucca,1920,512,2021,526,0,9,17,2369003
Felucca,1920,512,2020,527,0,9,17,2369003
Felucca,1920,512,2034,529,0,9,17,2369003
Felucca,1920,512,2019,531,0,9,17,2369003
Felucca,1920,512,1969,532,0,9,17,2369003
Felucca,1920,512,2018,532,0,9,17,2369003
Felucca,1920,512,1934,533,0,9,17,2369003
Felucca,1920,512,1968,533,0,9,17,2369003
Felucca,1920,512,2017,533,0,9,17,2369003
Felucca,1920,512,1967,534,0,9,17,2369003
Felucca,1920,512,2016,534,0,9,17,2369003
Felucca,1920,512,1933,535,0,9,17,2369003
Felucca,1920,512,1966,536,0,9,17,2369003
Felucca,1920,512,1978,537,0,9,17,2369003
Felucca,1920,512,1965,540,0,9,17,2369003
Felucca,1920,512,2032,541,0,9,17,2369003
Felucca,1920,512,1963,542,0,9,17,2369003
Felucca,1920,512,1960,543,-1,9,17,2369003
Felucca,1920,512,1957,544,0,9,17,2369003
Felucca,1920,512,2018,551,0,9,17,2369003
Felucca,1920,512,2008,553,0,9,17,2369003
Felucca,1920,512,2007,554,0,9,17,2369003
Felucca,1920,512,2005,555,0,9,17,2369003
Felucca,1920,512,2017,555,0,9,17,2369003
Felucca,1920,512,2008,572,0,9,17,2369003
Felucca,1920,512,2022,572,0,9,17,2369003
Felucca,1920,512,2017,574,0,9,17,2369003
Felucca,1920,512,2005,616,0,9,17,2369003
Felucca,1920,512,1997,622,0,9,17,2369003
Felucca,1920,640,2031,640,0,9,17,2369003
Felucca,1920,640,2017,688,0,9,17,2369003
Felucca,1920,640,2013,691,0,9,17,2369003
Felucca,1920,640,2012,694,0,9,17,2369003
Felucca,1920,640,2009,697,0,9,17,2369003
Felucca,1920,640,2024,722,0,9,17,2369003
Felucca,1920,640,2033,728,0,9,17,2369003
Felucca,1920,640,2023,732,0,9,17,2369003
Felucca,1920,640,1951,742,0,9,17,2369003
Felucca,1920,640,1950,750,0,9,17,2369003
Felucca,1920,640,2007,750,0,9,17,2369003
Felucca,1920,768,1953,768,0,9,17,2369003
Felucca,1920,768,1962,768,0,9,17,2369003
Felucca,1920,768,2001,768,0,9,17,2369003
Felucca,1920,768,2027,768,0,9,17,2369003
Felucca,1920,768,1989,769,0,9,17,2369003
Felucca,1920,768,2010,770,0,9,17,2369003
Felucca,1920,768,2025,781,0,9,17,2369003
Felucca,1920,768,2019,782,0,9,17,2369003
Felucca,1920,768,1989,786,0,9,17,2369003
Felucca,1920,768,1985,787,0,9,17,2369003
Felucca,1920,768,2012,787,0,9,17,2369003
Felucca,1920,768,1938,790,0,9,17,2369003
Felucca,1920,768,1977,790,0,9,17,2369003
Felucca,1920,768,1925,793,0,9,17,2369003
Felucca,1920,768,1951,796,0,9,17,2369003
Felucca,1920,768,2028,798,0,9,17,2369003
Felucca,1920,768,1965,799,0,9,17,2369003
Felucca,1920,768,2003,799,0,9,17,2369003
Felucca,1920,768,2021,799,0,9,17,2369003
Felucca,1920,768,1990,804,0,9,17,2369003
Felucca,1920,768,2014,804,0,9,17,2369003
Felucca,1920,768,1999,807,0,9,17,2369003
Felucca,1920,768,1974,808,0,9,17,2369003
Felucca,1920,768,1951,813,-1,9,17,2369003
Felucca,1920,768,1983,814,0,9,17,2369003
Felucca,1920,768,2037,814,0,9,17,2369003
Felucca,1920,768,2030,815,0,9,17,2369003
Felucca,1920,768,1972,816,-1,9,17,2369003
Felucca,1920,768,2023,816,0,9,17,2369003
Felucca,1920,768,1950,818,-1,9,17,2369003
Felucca,1920,768,1992,821,0,9,17,2369003
Felucca,1920,768,2008,821,0,9,17,2369003
Felucca,1920,768,2020,821,0,9,17,2369003
Felucca,1920,768,2001,824,0,9,17,2369003
Felucca,1920,768,2017,824,0,9,17,2369003
Felucca,1920,768,1991,831,-1,9,17,2369003
Felucca,1920,768,1997,848,-1,9,17,2369003
Felucca,1920,768,1951,851,-1,9,17,2369003
Felucca,1920,768,2006,852,-1,9,17,2369003
Felucca,1920,768,2004,865,-1,9,17,2369003
Felucca,1920,768,1980,870,-1,9,17,2369003
Felucca,1920,768,1978,872,-1,9,17,2369003
Felucca,1920,768,1977,873,-1,9,17,2369003
Felucca,1920,768,1976,874,-1,9,17,2369003
Felucca,1920,768,2037,874,0,9,17,2369003
Felucca,1920,896,2027,896,0,9,17,2369003
Felucca,1920,896,2026,897,0,9,17,2369003
Felucca,1920,896,2025,898,0,9,17,2369003
Felucca,1920,896,2023,899,0,9,17,2369003
Felucca,1920,896,2019,906,0,9,17,2369003
Felucca,1920,896,2016,907,0,9,17,2369003
Felucca,1920,896,2014,910,0,9,17,2369003
Felucca,1920,896,2012,914,0,9,17,2369003
Felucca,1920,896,2002,919,0,9,17,2369003
Felucca,1920,896,1999,920,0,9,17,2369003
Felucca,1920,896,2036,925,0,9,17,2369003
Felucca,1920,896,1988,928,0,9,17,2369003
Felucca,1920,896,1987,929,0,9,17,2369003
Felucca,1920,896,2028,929,0,9,17,2369003
Felucca,1920,896,2022,931,0,9,17,2369003
Felucca,1920,896,1920,935,-1,9,17,2369003
Felucca,1920,896,2016,935,0,9,17,2369003
Felucca,1920,896,2004,937,0,9,17,2369003
Felucca,1920,896,1997,940,0,9,17,2369003
Felucca,1920,896,2013,940,0,9,17,2369003
Felucca,1920,896,2037,942,0,9,17,2369003
Felucca,1920,896,1980,943,0,9,17,2369003
Felucca,1920,896,1979,945,0,9,17,2369003
Felucca,1920,896,2035,946,0,9,17,2369003
Felucca,1920,896,1978,947,0,9,17,2369003
Felucca,1920,896,1990,953,0,9,17,2369003
Felucca,1920,896,2006,954,0,9,17,2369003
Felucca,1920,896,1999,957,0,9,17,2369003
Felucca,1920,896,2015,957,0,9,17,2369003
Felucca,1920,896,1964,959,0,9,17,2369003
Felucca,1920,896,1989,959,0,9,17,2369003
Felucca,1920,896,1963,960,0,9,17,2369003
Felucca,1920,896,1962,961,0,9,17,2369003
Felucca,1920,896,1961,962,0,9,17,2369003
Felucca,1920,896,1960,963,0,9,17,2369003
Felucca,1920,896,1959,964,0,9,17,2369003
Felucca,1920,896,1984,964,0,9,17,2369003
Felucca,1920,896,1958,965,0,9,17,2369003
Felucca,1920,896,1998,970,0,9,17,2369003
Felucca,1920,896,2019,974,0,9,17,2369003
Felucca,1920,896,2028,974,0,9,17,2369003
Felucca,1920,896,1949,975,0,9,17,2369003
Felucca,1920,896,1993,976,0,9,17,2369003
Felucca,1920,896,2037,976,0,9,17,2369003
Felucca,1920,896,1975,981,0,9,17,2369003
Felucca,1920,896,1984,981,0,9,17,2369003
Felucca,1920,896,1958,982,0,9,17,2369003
Felucca,1920,896,2002,989,0,9,17,2369003
Felucca,1920,896,1927,990,0,9,17,2369003
Felucca,1920,896,1926,991,0,9,17,2369003
Felucca,1920,896,1937,991,0,9,17,2369003
Felucca,1920,896,2024,991,0,9,17,2369003
Felucca,1920,896,1993,993,0,9,17,2369003
Felucca,1920,896,2020,993,0,9,17,2369003
Felucca,1920,896,2018,996,0,9,17,2369003
Felucca,1920,896,1975,998,0,9,17,2369003
Felucca,1920,896,1984,998,0,9,17,2369003
Felucca,1920,896,2011,1000,0,9,17,2369003
Felucca,1920,896,1951,1002,0,9,17,2369003
Felucca,1920,896,1973,1004,0,9,17,2369003
Felucca,1920,896,2006,1006,0,9,17,2369003
Felucca,1920,1024,1926,1024,0,9,17,2369003
Felucca,1920,1024,1935,1024,0,9,17,2369003
Felucca,1920,1024,1944,1024,0,9,17,2369003
Felucca,1920,1024,1965,1024,0,9,17,2369003
Felucca,1920,1024,1974,1024,0,9,17,2369003
Felucca,1920,1024,1983,1024,0,9,17,2369003
Felucca,1920,1024,2001,1024,0,9,17,2369003
Felucca,1920,1024,2010,1024,0,9,17,2369003
Felucca,1920,1024,2019,1024,0,9,17,2369003
Felucca,1920,1024,2028,1024,0,9,17,2369003
Felucca,1920,1024,2037,1024,0,9,17,2369003
Felucca,1920,1024,1953,1033,0,9,17,2369003
Felucca,1920,1024,1998,1036,0,9,17,2369003
Felucca,1920,1024,1920,1037,0,9,17,2369003
Felucca,1920,1024,1929,1041,0,9,17,2369003
Felucca,1920,1024,1938,1041,0,9,17,2369003
Felucca,1920,1024,1947,1041,0,9,17,2369003
Felucca,1920,1024,2007,1041,0,9,17,2369003
Felucca,1920,1024,2021,1041,0,9,17,2369003
Felucca,1920,1024,1962,1042,0,9,17,2369003
Felucca,1920,1024,1990,1043,0,9,17,2369003
Felucca,1920,1024,1956,1052,0,9,17,2369003
Felucca,1920,1024,2006,1053,0,9,17,2369003
Felucca,1920,1024,1920,1054,0,9,17,2369003
Felucca,1920,1024,1979,1055,0,9,17,2369003
Felucca,1920,1024,2030,1055,0,9,17,2369003
Felucca,1920,1024,2016,1056,0,9,17,2369003
Felucca,1920,1024,1929,1058,0,9,17,2369003
Felucca,1920,1024,1945,1058,0,9,17,2369003
Felucca,1920,1024,2015,1058,0,9,17,2369003
Felucca,1920,1024,2025,1058,0,9,17,2369003
Felucca,1920,1024,1965,1059,0,9,17,2369003
Felucca,1920,1024,1974,1061,0,9,17,2369003
Felucca,1920,1024,1938,1063,0,9,17,2369003
Felucca,1920,1024,1988,1065,0,9,17,2369003
Felucca,1920,1024,1958,1069,0,9,17,2369003
Felucca,1920,1024,1920,1071,0,9,17,2369003
Felucca,1920,1024,1997,1071,0,9,17,2369003
Felucca,1920,1024,1954,1072,0,9,17,2369003
Felucca,1920,1024,1986,1072,0,9,17,2369003
Felucca,1920,1024,1932,1075,0,9,17,2369003
Felucca,1920,1024,1947,1075,0,9,17,2369003
Felucca,1920,1024,2010,1076,0,9,17,2369003
Felucca,1920,1024,2006,1077,0,9,17,2369003
Felucca,1920,1024,1929,1078,0,9,17,2369003
Felucca,1920,1024,1976,1078,0,9,17,2369003
Felucca,1920,1024,1985,1080,0,9,17,2369003
Felucca,1920,1024,2019,1081,0,9,17,2369003
Felucca,1920,1024,1967,1083,0,9,17,2369003
Felucca,1920,1024,2028,1084,0,9,17,2369003
Felucca,1920,1024,1963,1086,0,9,17,2369003
Felucca,1920,1024,1925,1088,0,9,17,2369003
Felucca,1920,1024,2001,1088,0,9,17,2369003
Felucca,1920,1024,1956,1089,0,9,17,2369003
Felucca,1920,1024,1951,1092,0,9,17,2369003
Felucca,1920,1024,2017,1093,0,9,17,2369003
Felucca,1920,1024,1976,1095,0,9,17,2369003
Felucca,1920,1024,1994,1096,0,9,17,2369003
Felucca,1920,1024,1985,1097,0,9,17,2369003
Felucca,1920,1024,1945,1098,0,9,17,2369003
Felucca,1920,1024,1972,1100,0,9,17,2369003
Felucca,1920,1024,1920,1101,0,9,17,2369003
Felucca,1920,1024,2010,1101,0,9,17,2369003
Felucca,1920,1024,1969,1103,0,9,17,2369003
Felucca,1920,1024,2003,1105,0,9,17,2369003
Felucca,1920,1024,1929,1107,0,9,17,2369003
Felucca,1920,1024,1954,1109,0,9,17,2369003
Felucca,1920,1024,1968,1110,0,9,17,2369003
Felucca,1920,1024,1981,1112,0,9,17,2369003
Felucca,1920,1024,1994,1113,0,9,17,2369003
Felucca,1920,1024,1990,1114,0,9,17,2369003
Felucca,1920,1024,1952,1115,0,9,17,2369003
Felucca,1920,1024,1920,1118,0,9,17,2369003
Felucca,1920,1024,1963,1120,0,9,17,2369003
Felucca,1920,1024,2003,1122,0,9,17,2369003
Felucca,1920,1024,1929,1124,0,9,17,2369003
Felucca,1920,1024,1945,1125,0,9,17,2369003
Felucca,1920,1024,1961,1126,0,9,17,2369003
Felucca,1920,1024,1943,1127,0,9,17,2369003
Felucca,1920,1024,1975,1127,0,9,17,2369003
Felucca,1920,1024,1986,1129,0,9,17,2369003
Felucca,1920,1024,1999,1130,0,9,17,2369003
Felucca,1920,1024,1938,1131,0,9,17,2369003
Felucca,1920,1024,1995,1131,0,9,17,2369003
Felucca,1920,1024,1954,1132,0,9,17,2369003
Felucca,1920,1024,1984,1134,0,9,17,2369003
Felucca,1920,1152,1982,1152,0,9,17,2369003
Felucca,1920,1152,1991,1152,0,9,17,2369003
Felucca,1920,1152,2000,1156,0,9,17,2369003
Felucca,1920,1152,1981,1158,0,9,17,2369003
Felucca,1920,1152,2011,1163,0,9,17,2369003
Felucca,1920,1152,1933,1165,0,9,17,2369003
Felucca,1920,1152,2009,1168,0,9,17,2369003
Felucca,1920,1152,1990,1169,0,9,17,2369003
Felucca,1920,1152,1999,1169,0,9,17,2369003
Felucca,1920,1152,2020,1170,0,9,17,2369003
Felucca,1920,1152,1981,1175,0,9,17,2369003
Felucca,1920,1152,2035,1176,0,9,17,2369003
Felucca,1920,1152,2018,1180,0,9,17,2369003
Felucca,1920,1152,1929,1184,0,9,17,2369003
Felucca,1920,1152,2029,1184,0,9,17,2369003
Felucca,1920,1152,2011,1185,0,9,17,2369003
Felucca,1920,1152,1920,1186,0,9,17,2369003
Felucca,1920,1152,1990,1186,0,9,17,2369003
Felucca,1920,1152,2027,1187,0,9,17,2369003
Felucca,1920,1152,1973,1188,0,9,17,2369003
Felucca,1920,1152,1969,1189,0,9,17,2369003
Felucca,1920,1152,2010,1189,0,9,17,2369003
Felucca,1920,1152,1938,1192,0,9,17,2369003
Felucca,1920,1152,1953,1192,0,9,17,2369003
Felucca,1920,1152,1962,1192,0,9,17,2369003
Felucca,1920,1152,1984,1192,0,9,17,2369003
Felucca,1920,1152,1952,1195,0,9,17,2369003
Felucca,1920,1152,1982,1195,0,9,17,2369003
Felucca,1920,1152,1999,1197,0,9,17,2369003
Felucca,1920,1152,2021,1197,0,9,17,2369003
Felucca,1920,1152,2008,1198,0,9,17,2369003
Felucca,1920,1152,1929,1201,0,9,17,2369003
Felucca,1920,1152,2020,1201,0,9,17,2369003
Felucca,1920,1152,2019,1202,0,9,17,2369003
Felucca,1920,1152,1928,1203,0,9,17,2369003
Felucca,1920,1152,1993,1203,0,9,17,2369003
Felucca,1920,1152,2036,1203,0,9,17,2369003
Felucca,1920,1152,2030,1204,0,9,17,2369003
Felucca,1920,1152,1978,1205,0,9,17,2369003
Felucca,1920,1152,1971,1206,0,9,17,2369003
Felucca,1920,1152,2017,1206,0,9,17,2369003
Felucca,1920,1152,1949,1208,0,9,17,2369003
Felucca,1920,1152,1938,1209,0,9,17,2369003
Felucca,1920,1152,1962,1209,0,9,17,2369003
Felucca,1920,1152,1991,1209,0,9,17,2369003
Felucca,1920,1152,1924,1210,0,9,17,2369003
Felucca,1920,1152,1987,1212,0,9,17,2369003
Felucca,1920,1152,2009,1215,0,9,17,2369003
Felucca,1920,1152,2006,1216,0,9,17,2369003
Felucca,1920,1152,2036,1221,0,9,17,2369003
Felucca,1920,1152,1981,1222,0,9,17,2369003
Felucca,1920,1152,2018,1223,0,9,17,2369003
Felucca,1920,1152,1996,1226,0,9,17,2369003
Felucca,1920,1152,1993,1229,0,9,17,2369003
Felucca,1920,1152,2005,1229,0,9,17,2369003
Felucca,1920,1152,2034,1231,0,9,17,2369003
Felucca,1920,1152,2015,1232,0,9,17,2369003
Felucca,1920,1152,2027,1232,0,9,17,2369003
Felucca,1920,1152,2014,1233,0,9,17,2369003
Felucca,1920,1152,1991,1235,0,9,17,2369003
Felucca,1920,1152,1983,1240,0,9,17,2369003
Felucca,1920,1152,2024,1240,0,9,17,2369003
Felucca,1920,1152,2007,1246,0,9,17,2369003
Felucca,1920,1152,2036,1248,0,9,17,2369003
Felucca,1920,1152,2023,1249,0,9,17,2369003
Felucca,1920,1152,2033,1249,0,9,17,2369003
Felucca,1920,1152,2016,1250,0,9,17,2369003
Felucca,1920,1152,1993,1252,0,9,17,2369003
Felucca,1920,1152,2002,1257,0,9,17,2369003
Felucca,1920,1280,2013,1280,0,9,17,2369003
Felucca,1920,1280,2030,1280,0,9,17,2369003
Felucca,1920,1280,2001,1282,0,9,17,2369003
Felucca,1920,1280,2010,1282,0,9,17,2369003
Felucca,1920,1280,2019,1297,0,9,17,2369003
Felucca,1920,1280,2009,1299,0,9,17,2369003
Felucca,1920,1280,2018,1299,0,9,17,2369003
Felucca,1920,1280,2009,1316,0,9,17,2369003
Felucca,1920,1280,2006,1330,0,9,17,2369003
Felucca,1920,1280,2001,1342,0,9,17,2369003
Felucca,1920,1280,2000,1344,0,9,17,2369003
Felucca,1920,1280,1989,1366,0,9,17,2369003
Felucca,1920,1280,1998,1368,0,9,17,2369003
Felucca,1920,1280,1996,1383,0,9,17,2369003
Felucca,1920,1408,2000,1408,0,9,17,2369003
Felucca,1920,1408,1997,1421,0,9,17,2369003
Felucca,1920,1408,1993,1432,0,9,17,2369003
Felucca,1920,1408,1989,1435,0,9,17,2369003
Felucca,1920,1408,1973,1447,0,9,17,2369003
Felucca,1920,1408,1982,1452,0,9,17,2369003
Felucca,1920,1408,1991,1453,0,9,17,2369003
Felucca,1920,1408,1985,1475,0,9,17,2369003
Felucca,1920,1408,1956,1483,0,9,17,2369003
Felucca,1920,1408,1950,1502,0,9,17,2369003
Felucca,1920,1536,1974,1536,0,9,17,2369003
Felucca,1920,1536,1983,1536,0,9,17,2369003
Felucca,1920,1536,1992,1536,0,9,17,2369003
Felucca,1920,1536,2009,1536,0,9,17,2369003
Felucca,1920,1536,2001,1540,0,9,17,2369003
Felucca,1920,1920,2036,1989,0,9,17,2369003
Felucca,1920,1920,2023,1992,0,9,17,2369003
Felucca,1920,1920,2010,1994,0,9,17,2369003
Felucca,1920,1920,2032,2004,0,9,17,2369003
Felucca,1920,1920,2019,2005,0,9,17,2369003
Felucca,1920,1920,2028,2009,0,9,17,2369003
Felucca,1920,2048,1931,2064,0,9,17,2369003
Felucca,1920,2048,1940,2064,0,9,17,2369003
Felucca,1920,2048,1930,2070,0,9,17,2369003
Felucca,1920,2048,1968,2070,0,9,17,2369003
Felucca,1920,2048,1966,2072,0,9,17,2369003
Felucca,1920,2048,1949,2073,0,9,17,2369003
Felucca,1920,2048,1958,2073,0,9,17,2369003
Felucca,1920,2048,1920,2074,0,9,17,2369003
Felucca,1920,2048,1939,2081,0,9,17,2369003
Felucca,1920,2048,1929,2082,0,9,17,2369003
Felucca,1920,2048,1938,2087,0,9,17,2369003
Felucca,1920,2048,1958,2090,0,9,17,2369003
Felucca,1920,2048,1920,2091,0,9,17,2369003
Felucca,1920,2048,1925,2114,0,9,17,2369003
Felucca,1920,2048,2034,2139,-1,9,17,2369003
Felucca,1920,2048,2033,2141,0,9,17,2369003
Felucca,1920,2048,2030,2142,0,9,17,2369003
Felucca,1920,2048,2029,2157,0,9,17,2369003
Felucca,1920,2176,2028,2176,0,9,17,2369003
Felucca,1920,2176,2038,2176,0,9,17,2369003
Felucca,1920,2176,1922,2179,0,9,17,2369003
Felucca,1920,2176,1931,2193,0,9,17,2369003
Felucca,1920,2176,1929,2196,0,9,17,2369003
Felucca,1920,2176,1946,2206,0,9,17,2369003
Felucca,1920,2176,1938,2210,0,9,17,2369003
Felucca,1920,2176,1959,2215,0,9,17,2369003
Felucca,1920,2176,1968,2220,0,9,17,2369003
Felucca,1920,2176,1977,2224,0,9,17,2369003
Felucca,1920,2176,1986,2229,0,9,17,2369003
Felucca,1920,2176,1964,2232,0,9,17,2369003
Felucca,1920,2176,1995,2235,0,9,17,2369003
Felucca,1920,2176,1973,2237,0,9,17,2369003
Felucca,1920,2176,2004,2238,0,9,17,2369003
Felucca,1920,2176,1982,2241,0,9,17,2369003
Felucca,1920,2176,1991,2246,0,9,17,2369003
Felucca,1920,2176,1969,2249,0,9,17,2369003
Felucca,1920,2176,1978,2254,0,9,17,2369003
Felucca,1920,2176,1987,2258,0,9,17,2369003
Felucca,1920,2176,1982,2274,0,9,17,2369003
Felucca,1920,2176,1975,2278,0,9,17,2369003
Felucca,1920,2176,1920,2279,0,9,17,2369003
Felucca,1920,2176,1929,2279,0,9,17,2369003
Felucca,1920,2176,1938,2279,0,9,17,2369003
Felucca,1920,2176,1969,2280,0,9,17,2369003
Felucca,1920,2176,1991,2280,0,9,17,2369003
Felucca,1920,2176,2011,2280,-1,9,17,2369003
Felucca,1920,2176,1950,2281,0,9,17,2369003
Felucca,1920,2176,1962,2281,0,9,17,2369003
Felucca,1920,2176,1947,2284,0,9,17,2369003
Felucca,1920,2176,2023,2285,0,9,17,2369003
Felucca,1920,2176,1959,2286,0,9,17,2369003
Felucca,1920,2176,2006,2286,0,9,17,2369003
Felucca,1920,2304,1920,2304,0,9,17,2369003
Felucca,1920,2304,1929,2304,0,9,17,2369003
Felucca,1920,2304,1938,2304,0,9,17,2369003
Felucca,1920,2304,1947,2304,0,9,17,2369003
Felucca,1920,2304,1956,2304,0,9,17,2369003
Felucca,1920,2304,1965,2304,0,9,17,2369003
Felucca,1920,2304,1974,2304,0,9,17,2369003
Felucca,1920,2304,1983,2304,0,9,17,2369003
Felucca,1920,2304,1996,2304,0,9,17,2369003
Felucca,1920,2304,2005,2304,0,9,17,2369003
Felucca,1920,2304,2014,2304,0,9,17,2369003
Felucca,1920,2304,2023,2304,0,9,17,2369003
Felucca,1920,2304,2035,2304,0,9,17,2369003
Felucca,1920,2304,1995,2309,0,9,17,2369003
Felucca,1920,2304,1992,2318,0,9,17,2369003
Felucca,1920,2304,2034,2319,0,9,17,2369003
Felucca,1920,2304,1923,2321,0,9,17,2369003
Felucca,1920,2304,1932,2321,0,9,17,2369003
Felucca,1920,2304,1941,2321,0,9,17,2369003
Felucca,1920,2304,1950,2321,0,9,17,2369003
Felucca,1920,2304,1959,2321,0,9,17,2369003
Felucca,1920,2304,1968,2321,0,9,17,2369003
Felucca,1920,2304,1977,2321,0,9,17,2369003
Felucca,1920,2304,1986,2321,0,9,17,2369003
Felucca,1920,2304,2004,2321,0,9,17,2369003
Felucca,1920,2304,2013,2321,0,9,17,2369003
Felucca,1920,2304,2023,2321,0,9,17,2369003
Felucca,1920,2304,2022,2324,0,9,17,2369003
Felucca,1920,2304,2001,2326,0,9,17,2369003
Felucca,1920,2304,1920,2327,0,9,17,2369003
Felucca,1920,2304,2032,2328,0,9,17,2369003
Felucca,1920,2304,1929,2338,0,9,17,2369003
Felucca,1920,2304,1938,2338,0,9,17,2369003
Felucca,1920,2304,1947,2338,0,9,17,2369003
Felucca,1920,2304,1956,2338,0,9,17,2369003
Felucca,1920,2304,1972,2338,0,9,17,2369003
Felucca,1920,2304,2016,2338,0,9,17,2369003
Felucca,1920,2304,2031,2338,0,9,17,2369003
Felucca,1920,2304,2025,2341,0,9,17,2369003
Felucca,1920,2304,1920,2344,0,9,17,2369003
Felucca,1920,2304,2003,2346,0,9,17,2369003
Felucca,1920,2304,1997,2348,0,9,17,2369003
Felucca,1920,2304,1989,2351,0,9,17,2369003
Felucca,1920,2304,1929,2355,0,9,17,2369003
Felucca,1920,2304,1948,2355,0,9,17,2369003
Felucca,1920,2304,1920,2361,0,9,17,2369003
Felucca,1920,2304,1942,2365,0,9,17,2369003
Felucca,1920,2304,1998,2365,0,9,17,2369003
Felucca,1920,2304,1938,2367,0,9,17,2369003
Felucca,1920,2304,1990,2368,0,9,17,2369003
Felucca,1920,2304,1930,2377,0,9,17,2369003
Felucca,1920,2688,1945,2727,10,9,17,2113002
Felucca,1920,2688,1951,2758,10,9,17,2113002
Felucca,1920,2688,1952,2775,10,9,17,2113002
Felucca,1920,2816,2037,2816,0,9,17,2113002
Felucca,1920,2816,1999,2830,13,9,17,2113002
Felucca,1920,2816,1996,2832,15,9,17,2113002
Felucca,1920,2816,1994,2833,15,9,17,2113002
Felucca,1920,2816,2037,2833,0,9,17,2113002
Felucca,1920,2816,1959,2847,0,9,17,2113002
Felucca,1920,2816,2037,2850,0,9,17,2113002
Felucca,1920,2816,2032,2856,0,9,17,2113002
Felucca,1920,2816,2001,2858,12,9,17,2113002
Felucca,1920,2816,2021,2870,0,9,17,2113002
Felucca,1920,2816,2030,2870,0,9,17,2113002
Felucca,1920,2816,2001,2877,7,9,17,2113002
Felucca,1920,2816,2000,2878,5,9,17,2113002
Felucca,1920,2816,1961,2921,0,9,17,2113002
Felucca,1920,3072,1952,3072,0,9,17,2369003
Felucca,1920,3072,1982,3072,0,9,17,2369003
Felucca,1920,3072,2016,3072,0,9,17,2369003
Felucca,1920,3072,2038,3072,0,9,17,2369003
Felucca,1920,3072,1949,3079,0,9,17,2369003
Felucca,1920,3072,1970,3079,0,9,17,2369003
Felucca,1920,3072,1991,3079,0,9,17,2369003
Felucca,1920,3072,2000,3079,0,9,17,2369003
Felucca,1920,3072,2031,3079,0,9,17,2369003
Felucca,1920,3072,1962,3080,0,9,17,2369003
Felucca,1920,3072,2009,3085,0,9,17,2369003
Felucca,1920,3072,1945,3094,0,9,17,2369003
Felucca,1920,3072,2000,3096,0,9,17,2369003
Felucca,1920,3072,2032,3096,0,9,17,2369003
Felucca,1920,3072,1922,3097,0,9,17,2369003
Felucca,1920,3072,1943,3099,0,9,17,2369003
Felucca,1920,3072,1954,3101,0,9,17,2369003
Felucca,1920,3072,2018,3101,0,9,17,2369003
Felucca,1920,3072,1931,3102,0,9,17,2369003
Felucca,1920,3072,2010,3102,0,9,17,2369003
Felucca,1920,3072,1982,3105,0,9,17,2369003
Felucca,1920,3072,2032,3113,0,9,17,2369003
Felucca,1920,3072,1980,3114,0,9,17,2369003
Felucca,1920,3072,1991,3116,0,9,17,2369003
Felucca,1920,3072,1990,3122,0,9,17,2369003
Felucca,1920,3072,1958,3136,0,9,17,2369003
Felucca,1920,3328,1944,3400,0,9,17,2369003
Felucca,1920,3328,1962,3400,0,9,17,2369003
Felucca,1920,3328,1959,3402,0,9,17,2369003
Felucca,1920,3328,1920,3427,0,9,17,2369003
Felucca,1920,3456,2017,3459,0,9,17,2369003
Felucca,2048,0,2103,32,-1,9,17,2369003
Felucca,2048,0,2112,35,0,9,17,2369003
Felucca,2048,0,2102,38,0,9,17,2369003
Felucca,2048,0,2101,40,-1,9,17,2369003
Felucca,2048,0,2121,47,0,9,17,2369003
Felucca,2048,0,2053,49,0,9,17,2369003
Felucca,2048,0,2111,49,0,9,17,2369003
Felucca,2048,0,2120,52,0,9,17,2369003
Felucca,2048,0,2100,53,-1,9,17,2369003
Felucca,2048,0,2110,55,0,9,17,2369003
Felucca,2048,0,2109,57,0,9,17,2369003
Felucca,2048,0,2129,64,0,9,17,2369003
Felucca,2048,0,2054,66,0,9,17,2369003
Felucca,2048,0,2119,66,0,9,17,2369003
Felucca,2048,0,2049,67,1,9,17,2369003
Felucca,2048,0,2128,69,0,9,17,2369003
Felucca,2048,0,2106,70,0,9,17,2369003
Felucca,2048,0,2118,72,0,9,17,2369003
Felucca,2048,0,2105,74,0,9,17,2369003
Felucca,2048,0,2117,74,0,9,17,2369003
Felucca,2048,0,2116,80,0,9,17,2369003
Felucca,2048,0,2104,87,0,9,17,2369003
Felucca,2048,0,2057,94,0,9,17,2369003
Felucca,2048,0,2094,97,0,9,17,2369003
Felucca,2048,0,2053,98,0,9,17,2369003
Felucca,2048,0,2091,98,0,9,17,2369003
Felucca,2048,0,2068,100,0,9,17,2369003
Felucca,2048,0,2066,104,0,9,17,2369003
Felucca,2048,0,2085,106,0,9,17,2369003
Felucca,2048,0,2105,108,1,9,17,2369003
Felucca,2048,0,2104,110,1,9,17,2369003
Felucca,2048,128,2099,128,3,9,17,2369003
Felucca,2048,128,2117,128,2,9,17,2369003
Felucca,2048,128,2112,131,3,9,17,2369003
Felucca,2048,128,2089,133,2,9,17,2369003
Felucca,2048,128,2108,133,3,9,17,2369003
Felucca,2048,128,2130,137,1,9,17,2369003
Felucca,2048,128,2098,145,3,9,17,2369003
Felucca,2048,128,2120,148,3,9,17,2369003
Felucca,2048,128,2117,149,3,9,17,2369003
Felucca,2048,128,2093,150,3,9,17,2369003
Felucca,2048,128,2115,150,3,9,17,2369003
Felucca,2048,128,2139,150,0,9,17,2369003
Felucca,2048,128,2130,154,2,9,17,2369003
Felucca,2048,128,2107,157,3,9,17,2369003
Felucca,2048,128,2102,162,3,9,17,2369003
Felucca,2048,128,2101,167,3,9,17,2369003
Felucca,2048,128,2139,167,0,9,17,2369003
Felucca,2048,128,2148,170,0,9,17,2369003
Felucca,2048,128,2130,171,2,9,17,2369003
Felucca,2048,128,2129,175,2,9,17,2369003
Felucca,2048,128,2157,182,0,9,17,2369003
Felucca,2048,128,2139,184,0,9,17,2369003
Felucca,2048,128,2090,187,0,9,17,2369003
Felucca,2048,128,2148,187,0,9,17,2369003
Felucca,2048,128,2138,188,0,9,17,2369003
Felucca,2048,128,2089,192,0,9,17,2369003
Felucca,2048,128,2134,192,0,9,17,2369003
Felucca,2048,128,2125,220,0,9,17,2369003
Felucca,2048,128,2137,223,0,9,17,2369003
Felucca,2048,128,2146,225,0,9,17,2369003
Felucca,2048,128,2155,230,0,9,17,2369003
Felucca,2048,128,2135,232,0,9,17,2369003
Felucca,2048,256,2135,256,0,9,17,2369003
Felucca,2048,256,2133,264,0,9,17,2369003
Felucca,2048,256,2129,268,0,9,17,2369003
Felucca,2048,256,2132,328,0,9,17,2369003
Felucca,2048,256,2117,340,0,9,17,2369003
Felucca,2048,256,2113,343,0,9,17,2369003
Felucca,2048,256,2108,349,0,9,17,2369003
Felucca,2048,256,2105,356,0,9,17,2369003
Felucca,2048,256,2103,360,0,9,17,2369003
Felucca,2048,256,2101,361,0,9,17,2369003
Felucca,2048,384,2098,384,0,9,17,2369003
Felucca,2048,384,2089,398,0,9,17,2369003
Felucca,2048,384,2086,400,0,9,17,2369003
Felucca,2048,384,2085,402,0,9,17,2369003
Felucca,2048,384,2055,409,0,9,17,2369003
Felucca,2048,384,2081,448,0,9,17,2369003
Felucca,2048,384,2154,463,0,9,17,2369003
Felucca,2048,384,2153,465,0,9,17,2369003
Felucca,2048,384,2152,466,0,9,17,2369003
Felucca,2048,384,2146,477,0,9,17,2369003
Felucca,2048,384,2144,478,0,9,17,2369003
Felucca,2048,384,2143,479,0,9,17,2369003
Felucca,2048,384,2142,480,0,9,17,2369003
Felucca,2048,384,2158,483,0,9,17,2369003
Felucca,2048,384,2139,484,0,9,17,2369003
Felucca,2048,384,2138,486,0,9,17,2369003
Felucca,2048,384,2136,487,0,9,17,2369003
Felucca,2048,384,2156,487,0,9,17,2369003
Felucca,2048,384,2135,488,0,9,17,2369003
Felucca,2048,384,2134,489,0,9,17,2369003
Felucca,2048,384,2133,490,0,9,17,2369003
Felucca,2048,384,2052,494,0,9,17,2369003
Felucca,2048,512,2058,512,0,9,17,2369003
Felucca,2048,512,2067,512,0,9,17,2369003
Felucca,2048,512,2129,512,0,9,17,2369003
Felucca,2048,512,2153,512,0,9,17,2369003
Felucca,2048,512,2138,513,0,9,17,2369003
Felucca,2048,512,2147,521,0,9,17,2369003
Felucca,2048,512,2143,530,0,9,17,2369003
Felucca,2048,512,2133,533,0,9,17,2369003
Felucca,2048,512,2152,538,0,9,17,2369003
Felucca,2048,512,2130,541,0,9,17,2369003
Felucca,2048,512,2149,547,0,9,17,2369003
Felucca,2048,512,2161,551,0,9,17,2369003
Felucca,2048,512,2139,552,0,9,17,2369003
Felucca,2048,512,2158,555,0,9,17,2369003
Felucca,2048,512,2148,557,0,9,17,2369003
Felucca,2048,512,2162,572,0,9,17,2369003
Felucca,2048,512,2160,579,0,9,17,2369003
Felucca,2048,512,2149,590,0,9,17,2369003
Felucca,2048,640,2142,640,0,9,17,2369003
Felucca,2048,640,2152,640,0,9,17,2369003
Felucca,2048,640,2151,641,0,9,17,2369003
Felucca,2048,640,2141,645,0,9,17,2369003
Felucca,2048,640,2166,645,0,9,17,2369003
Felucca,2048,640,2140,652,0,9,17,2369003
Felucca,2048,640,2150,657,0,9,17,2369003
Felucca,2048,640,2149,665,0,9,17,2369003
Felucca,2048,640,2137,666,0,9,17,2369003
Felucca,2048,640,2146,669,0,9,17,2369003
Felucca,2048,640,2133,676,0,9,17,2369003
Felucca,2048,640,2142,683,0,9,17,2369003
Felucca,2048,640,2159,690,0,9,17,2369003
Felucca,2048,640,2137,693,0,9,17,2369003
Felucca,2048,640,2125,694,0,9,17,2369003
Felucca,2048,640,2136,699,0,9,17,2369003
Felucca,2048,640,2122,703,0,9,17,2369003
Felucca,2048,640,2154,703,0,9,17,2369003
Felucca,2048,640,2146,705,0,9,17,2369003
Felucca,2048,640,2118,707,0,9,17,2369003
Felucca,2048,640,2117,715,0,9,17,2369003
Felucca,2048,640,2101,716,0,9,17,2369003
Felucca,2048,640,2131,716,0,9,17,2369003
Felucca,2048,640,2140,716,0,9,17,2369003
Felucca,2048,640,2097,718,0,9,17,2369003
Felucca,2048,640,2115,718,0,9,17,2369003
Felucca,2048,640,2110,719,0,9,17,2369003
Felucca,2048,640,2127,720,0,9,17,2369003
Felucca,2048,640,2152,722,0,9,17,2369003
Felucca,2048,640,2149,724,0,9,17,2369003
Felucca,2048,640,2108,733,0,9,17,2369003
Felucca,2048,640,2136,733,0,9,17,2369003
Felucca,2048,640,2145,733,0,9,17,2369003
Felucca,2048,640,2103,735,0,9,17,2369003
Felucca,2048,640,2117,736,0,9,17,2369003
Felucca,2048,640,2127,737,0,9,17,2369003
Felucca,2048,640,2126,739,0,9,17,2369003
Felucca,2048,640,2158,740,0,9,17,2369003
Felucca,2048,640,2154,741,0,9,17,2369003
Felucca,2048,640,2112,750,0,9,17,2369003
Felucca,2048,640,2137,750,0,9,17,2369003
Felucca,2048,640,2152,750,0,9,17,2369003
Felucca,2048,768,2048,768,0,9,17,2369003
Felucca,2048,768,2057,768,0,9,17,2369003
Felucca,2048,768,2066,768,0,9,17,2369003
Felucca,2048,768,2075,768,0,9,17,2369003
Felucca,2048,768,2084,768,0,9,17,2369003
Felucca,2048,768,2093,768,0,9,17,2369003
Felucca,2048,768,2102,768,0,9,17,2369003
Felucca,2048,768,2113,768,0,9,17,2369003
Felucca,2048,768,2122,768,0,9,17,2369003
Felucca,2048,768,2131,768,0,9,17,2369003
Felucca,2048,768,2148,768,0,9,17,2369003
Felucca,2048,768,2157,775,0,9,17,2369003
Felucca,2048,768,2111,781,0,9,17,2369003
Felucca,2048,768,2140,781,0,9,17,2369003
Felucca,2048,768,2085,785,0,9,17,2369003
Felucca,2048,768,2094,785,0,9,17,2369003
Felucca,2048,768,2103,785,0,9,17,2369003
Felucca,2048,768,2123,785,0,9,17,2369003
Felucca,2048,768,2136,785,0,9,17,2369003
Felucca,2048,768,2156,785,0,9,17,2369003
Felucca,2048,768,2077,786,0,9,17,2369003
Felucca,2048,768,2132,787,0,9,17,2369003
Felucca,2048,768,2120,793,0,9,17,2369003
Felucca,2048,768,2149,796,0,9,17,2369003
Felucca,2048,768,2112,798,0,9,17,2369003
Felucca,2048,768,2145,798,0,9,17,2369003
Felucca,2048,768,2086,802,0,9,17,2369003
Felucca,2048,768,2095,802,0,9,17,2369003
Felucca,2048,768,2105,802,0,9,17,2369003
Felucca,2048,768,2129,802,0,9,17,2369003
Felucca,2048,768,2141,802,0,9,17,2369003
Felucca,2048,768,2159,802,0,9,17,2369003
Felucca,2048,768,2078,803,0,9,17,2369003
Felucca,2048,768,2138,804,0,9,17,2369003
Felucca,2048,768,2121,810,0,9,17,2369003
Felucca,2048,768,2154,813,0,9,17,2369003
Felucca,2048,768,2048,814,0,9,17,2369003
Felucca,2048,768,2114,815,0,9,17,2369003
Felucca,2048,768,2151,815,0,9,17,2369003
Felucca,2048,768,2095,819,0,9,17,2369003
Felucca,2048,768,2104,819,0,9,17,2369003
Felucca,2048,768,2130,819,0,9,17,2369003
Felucca,2048,768,2064,821,0,9,17,2369003
Felucca,2048,768,2073,821,0,9,17,2369003
Felucca,2048,768,2139,821,0,9,17,2369003
Felucca,2048,768,2148,823,0,9,17,2369003
Felucca,2048,768,2086,825,0,9,17,2369003
Felucca,2048,768,2124,827,0,9,17,2369003
Felucca,2048,768,2048,831,0,9,17,2369003
Felucca,2048,768,2102,836,0,9,17,2369003
Felucca,2048,768,2133,836,0,9,17,2369003
Felucca,2048,768,2082,837,0,9,17,2369003
Felucca,2048,768,2072,838,0,9,17,2369003
Felucca,2048,768,2081,838,0,9,17,2369003
Felucca,2048,768,2120,838,0,9,17,2369003
Felucca,2048,768,2142,838,0,9,17,2369003
Felucca,2048,768,2156,840,0,9,17,2369003
Felucca,2048,768,2129,844,0,9,17,2369003
Felucca,2048,768,2067,846,0,9,17,2369003
Felucca,2048,768,2091,846,0,9,17,2369003
Felucca,2048,768,2057,847,0,9,17,2369003
Felucca,2048,768,2048,848,0,9,17,2369003
Felucca,2048,768,2100,851,0,9,17,2369003
Felucca,2048,768,2138,853,0,9,17,2369003
Felucca,2048,768,2090,854,0,9,17,2369003
Felucca,2048,768,2085,855,0,9,17,2369003
Felucca,2048,768,2111,855,0,9,17,2369003
Felucca,2048,768,2128,855,0,9,17,2369003
Felucca,2048,768,2150,857,0,9,17,2369003
Felucca,2048,768,2159,857,0,9,17,2369003
Felucca,2048,768,2137,861,0,9,17,2369003
Felucca,2048,768,2072,863,0,9,17,2369003
Felucca,2048,768,2057,864,0,9,17,2369003
Felucca,2048,768,2056,865,0,9,17,2369003
Felucca,2048,768,2109,865,0,9,17,2369003
Felucca,2048,768,2121,866,0,9,17,2369003
Felucca,2048,768,2048,867,0,9,17,2369003
Felucca,2048,768,2104,868,0,9,17,2369003
Felucca,2048,768,2081,869,0,9,17,2369003
Felucca,2048,768,2090,872,0,9,17,2369003
Felucca,2048,768,2118,872,0,9,17,2369003
Felucca,2048,768,2130,872,0,9,17,2369003
Felucca,2048,768,2155,874,0,9,17,2369003
Felucca,2048,768,2164,874,0,9,17,2369003
Felucca,2048,768,2099,878,0,9,17,2369003
Felucca,2048,768,2139,878,0,9,17,2369003
Felucca,2048,896,2048,896,0,9,17,2369003
Felucca,2048,896,2057,896,0,9,17,2369003
Felucca,2048,896,2071,896,0,9,17,2369003
Felucca,2048,896,2082,896,0,9,17,2369003
Felucca,2048,896,2091,896,0,9,17,2369003
Felucca,2048,896,2106,896,0,9,17,2369003
Felucca,2048,896,2124,896,0,9,17,2369003
Felucca,2048,896,2141,896,0,9,17,2369003
Felucca,2048,896,2080,898,0,9,17,2369003
Felucca,2048,896,2119,901,0,9,17,2369003
Felucca,2048,896,2139,903,0,9,17,2369003
Felucca,2048,896,2115,908,0,9,17,2369003
Felucca,2048,896,2100,909,0,9,17,2369003
Felucca,2048,896,2051,913,0,9,17,2369003
Felucca,2048,896,2060,913,0,9,17,2369003
Felucca,2048,896,2075,913,0,9,17,2369003
Felucca,2048,896,2089,913,0,9,17,2369003
Felucca,2048,896,2098,913,0,9,17,2369003
Felucca,2048,896,2128,913,0,9,17,2369003
Felucca,2048,896,2088,915,0,9,17,2369003
Felucca,2048,896,2086,922,0,9,17,2369003
Felucca,2048,896,2140,925,0,9,17,2369003
Felucca,2048,896,2057,930,0,9,17,2369003
Felucca,2048,896,2067,930,0,9,17,2369003
Felucca,2048,896,2077,931,0,9,17,2369003
Felucca,2048,896,2152,934,0,9,17,2369003
Felucca,2048,896,2076,935,0,9,17,2369003
Felucca,2048,896,2048,940,0,9,17,2369003
Felucca,2048,896,2066,942,0,9,17,2369003
Felucca,2048,896,2142,942,0,9,17,2369003
Felucca,2048,896,2151,945,0,9,17,2369003
Felucca,2048,896,2075,947,0,9,17,2369003
Felucca,2048,896,2084,955,0,9,17,2369003
Felucca,2048,896,2048,957,0,9,17,2369003
Felucca,2048,896,2057,966,0,9,17,2369003
Felucca,2048,896,2086,972,0,9,17,2369003
Felucca,2048,896,2048,974,0,9,17,2369003
Felucca,2048,896,2066,975,0,9,17,2369003
Felucca,2048,896,2063,983,0,9,17,2369003
Felucca,2048,896,2075,990,0,9,17,2369003
Felucca,2048,896,2048,991,0,9,17,2369003
Felucca,2048,896,2074,992,0,9,17,2369003
Felucca,2048,896,2072,994,0,9,17,2369003
Felucca,2048,896,2066,1000,0,9,17,2369003
Felucca,2048,1024,2048,1024,0,9,17,2369003
Felucca,2048,1024,2064,1024,0,9,17,2369003
Felucca,2048,1024,2073,1024,0,9,17,2369003
Felucca,2048,1024,2082,1024,0,9,17,2369003
Felucca,2048,1024,2048,1041,0,9,17,2369003
Felucca,2048,1024,2057,1041,0,9,17,2369003
Felucca,2048,1024,2069,1041,0,9,17,2369003
Felucca,2048,1024,2066,1049,0,9,17,2369003
Felucca,2048,1024,2048,1058,0,9,17,2369003
Felucca,2048,1024,2057,1058,0,9,17,2369003
Felucca,2048,1024,2048,1075,0,9,17,2369003
Felucca,2048,1024,2056,1095,0,9,17,2369003
Felucca,2048,1152,2069,1152,0,9,17,2303002
Felucca,2048,1152,2082,1152,0,9,17,2303002
Felucca,2048,1152,2059,1155,0,9,17,2303002
Felucca,2048,1152,2057,1156,0,9,17,2303002
Felucca,2048,1152,2056,1159,-1,9,17,2303002
Felucca,2048,1152,2055,1170,0,9,17,2303002
Felucca,2048,1152,2054,1171,0,9,17,2303002
Felucca,2048,1152,2053,1172,0,9,17,2303002
Felucca,2048,1152,2052,1173,0,9,17,2303002
Felucca,2048,1152,2051,1174,0,9,17,2303002
Felucca,2048,1152,2048,1177,0,9,17,2303002
Felucca,2048,1152,2057,1198,0,9,17,2303002
Felucca,2048,1152,2056,1208,0,9,17,2303002
Felucca,2048,1152,2065,1221,0,9,17,2303002
Felucca,2048,1152,2087,1226,0,9,17,2303002
Felucca,2048,1152,2074,1229,0,9,17,2303002
Felucca,2048,1152,2065,1238,0,9,17,2303002
Felucca,2048,1152,2051,1239,0,9,17,2303002
Felucca,2048,1152,2060,1242,0,9,17,2303002
Felucca,2048,1152,2056,1256,0,9,17,2303002
Felucca,2048,1152,2079,1256,0,9,17,2303002
Felucca,2048,1152,2048,1257,0,9,17,2303002
Felucca,2048,1152,2065,1259,0,9,17,2303002
Felucca,2048,1280,2051,1280,0,9,17,2303002
Felucca,2048,1280,2060,1280,0,9,17,2303002
Felucca,2048,1280,2069,1280,0,9,17,2303002
Felucca,2048,1280,2079,1280,0,9,17,2303002
Felucca,2048,1920,2048,1920,0,9,17,2369003
Felucca,2048,1920,2111,1940,0,9,17,2369003
Felucca,2048,1920,2110,1941,0,9,17,2369003
Felucca,2048,1920,2108,1942,0,9,17,2369003
Felucca,2048,1920,2127,1948,0,9,17,2369003
Felucca,2048,1920,2125,1957,0,9,17,2369003
Felucca,2048,1920,2048,2011,0,9,17,2369003
Felucca,2048,1920,2057,2018,0,9,17,2369003
Felucca,2048,2048,2130,2055,-1,9,17,2369003
Felucca,2048,2048,2118,2057,0,9,17,2369003
Felucca,2048,2048,2127,2062,0,9,17,2369003
Felucca,2048,2048,2136,2073,0,9,17,2369003
Felucca,2048,2048,2065,2085,0,9,17,2369003
Felucca,2048,2048,2059,2103,0,9,17,2369003
Felucca,2048,2048,2058,2106,0,9,17,2369003
Felucca,2048,2048,2057,2111,0,9,17,2369003
Felucca,2048,2048,2056,2113,0,9,17,2369003
Felucca,2048,2048,2055,2119,0,9,17,2369003
Felucca,2048,2048,2108,2138,0,9,17,2369003
Felucca,2048,2048,2103,2141,0,9,17,2369003
Felucca,2048,2048,2143,2146,0,9,17,2369003
Felucca,2048,2048,2152,2152,0,9,17,2369003
Felucca,2048,2176,2048,2176,0,9,17,2369003
Felucca,2048,2176,2154,2176,0,9,17,2369003
Felucca,2048,2176,2073,2257,0,9,17,2369003
Felucca,2048,2176,2071,2258,0,9,17,2369003
Felucca,2048,2176,2070,2259,0,9,17,2369003
Felucca,2048,2176,2069,2260,0,9,17,2369003
Felucca,2048,2176,2067,2261,0,9,17,2369003
Felucca,2048,2176,2066,2262,0,9,17,2369003
Felucca,2048,2176,2064,2265,0,9,17,2369003
Felucca,2048,2176,2062,2267,0,9,17,2369003
Felucca,2048,2176,2129,2279,0,9,17,2369003
Felucca,2048,2176,2062,2284,0,9,17,2369003
Felucca,2048,2176,2120,2286,0,9,17,2369003
Felucca,2048,2304,2048,2304,0,9,17,2369003
Felucca,2048,2304,2057,2304,0,9,17,2369003
Felucca,2048,2304,2066,2304,0,9,17,2369003
Felucca,2048,2304,2075,2304,0,9,17,2369003
Felucca,2048,2304,2084,2304,0,9,17,2369003
Felucca,2048,2304,2093,2304,0,9,17,2369003
Felucca,2048,2304,2102,2304,0,9,17,2369003
Felucca,2048,2304,2111,2310,0,9,17,2369003
Felucca,2048,2304,2061,2321,0,9,17,2369003
Felucca,2048,2304,2070,2321,0,9,17,2369003
Felucca,2048,2304,2079,2321,0,9,17,2369003
Felucca,2048,2304,2088,2321,0,9,17,2369003
Felucca,2048,2304,2097,2321,0,9,17,2369003
Felucca,2048,2304,2106,2321,0,9,17,2369003
Felucca,2048,2304,2055,2326,0,9,17,2369003
Felucca,2048,2304,2123,2329,0,9,17,2369003
Felucca,2048,2304,2121,2331,0,9,17,2369003
Felucca,2048,2304,2048,2332,0,9,17,2369003
Felucca,2048,2304,2064,2338,0,9,17,2369003
Felucca,2048,2304,2086,2338,0,9,17,2369003
Felucca,2048,2304,2095,2338,0,9,17,2369003
Felucca,2048,2304,2104,2338,0,9,17,2369003
Felucca,2048,2304,2113,2339,0,9,17,2369003
Felucca,2048,2304,2057,2343,0,9,17,2369003
Felucca,2048,2304,2048,2349,0,9,17,2369003
Felucca,2048,2304,2085,2350,0,9,17,2369003
Felucca,2048,2304,2096,2355,0,9,17,2369003
Felucca,2048,2304,2107,2355,0,9,17,2369003
Felucca,2048,2304,2116,2360,0,9,17,2369003
Felucca,2048,2304,2105,2361,0,9,17,2369003
Felucca,2048,2304,2094,2364,0,9,17,2369003
Felucca,2048,2304,2089,2367,0,9,17,2369003
Felucca,2048,2304,2103,2372,0,9,17,2369003
Felucca,2048,2304,2114,2372,0,9,17,2369003
Felucca,2048,2304,2125,2376,0,9,17,2369003
Felucca,2048,2304,2123,2377,0,9,17,2369003
Felucca,2048,2304,2112,2378,0,9,17,2369003
Felucca,2048,2688,2105,2691,0,9,17,2113002
Felucca,2048,3072,2073,3079,0,9,17,2369003
Felucca,2048,3072,2069,3082,0,9,17,2369003
Felucca,2048,3072,2135,3083,0,9,17,2369003
Felucca,2048,3072,2060,3088,0,9,17,2369003
Felucca,2048,3072,2132,3089,0,9,17,2369003
Felucca,2048,3072,2131,3090,0,9,17,2369003
Felucca,2048,3072,2121,3098,0,9,17,2369003
Felucca,2048,3072,2049,3100,0,9,17,2369003
Felucca,2048,3072,2141,3100,0,9,17,2369003
Felucca,2048,3072,2150,3105,0,9,17,2369003
Felucca,2048,3072,2140,3106,0,9,17,2369003
Felucca,2048,3072,2139,3107,0,9,17,2369003
Felucca,2048,3072,2115,3115,0,9,17,2369003
Felucca,2048,3072,2124,3115,0,9,17,2369003
Felucca,2048,3072,2113,3121,0,9,17,2369003
Felucca,2048,3072,2133,3122,0,9,17,2369003
Felucca,2048,3072,2122,3132,0,9,17,2369003
Felucca,2048,3200,2073,3208,0,9,17,2369003
Felucca,2048,3200,2072,3209,0,9,17,2369003
Felucca,2048,3200,2070,3211,0,9,17,2369003
Felucca,2048,3200,2069,3212,0,9,17,2369003
Felucca,2048,3200,2066,3214,0,9,17,2369003
Felucca,2048,3328,2140,3418,0,9,17,2369003
Felucca,2048,3328,2138,3419,0,9,17,2369003
Felucca,2048,3328,2136,3421,0,9,17,2369003
Felucca,2048,3328,2135,3422,0,9,17,2369003
Felucca,2048,3328,2132,3423,0,9,17,2369003
Felucca,2048,3328,2130,3424,0,9,17,2369003
Felucca,2048,3328,2126,3425,0,9,17,2369003
Felucca,2048,3328,2147,3435,0,9,17,2369003
Felucca,2048,3328,2145,3436,0,9,17,2369003
Felucca,2048,3328,2144,3438,0,9,17,2369003
Felucca,2048,3584,2152,3608,0,9,17,2369003
Felucca,2176,256,2231,362,0,9,17,2369003
Felucca,2176,256,2230,364,0,9,17,2369003
Felucca,2176,384,2244,408,0,9,17,2369003
Felucca,2176,384,2273,409,0,9,17,2369003
Felucca,2176,384,2194,481,0,9,17,2369003
Felucca,2176,384,2193,482,0,9,17,2369003
Felucca,2176,384,2191,483,0,9,17,2369003
Felucca,2176,384,2186,484,0,9,17,2369003
Felucca,2176,384,2176,485,0,9,17,2369003
Felucca,2176,384,2185,485,0,9,17,2369003
Felucca,2176,512,2245,512,0,9,17,2369003
Felucca,2176,512,2244,515,0,9,17,2369003
Felucca,2176,512,2233,516,0,9,17,2369003
Felucca,2176,512,2242,516,0,9,17,2369003
Felucca,2176,512,2230,517,0,9,17,2369003
Felucca,2176,512,2229,518,0,9,17,2369003
Felucca,2176,512,2227,520,0,9,17,2369003
Felucca,2176,512,2235,537,0,9,17,2369003
Felucca,2176,512,2269,552,0,9,17,2369003
Felucca,2176,512,2226,553,0,9,17,2369003
Felucca,2176,512,2268,554,0,9,17,2369003
Felucca,2176,512,2266,556,0,9,17,2369003
Felucca,2176,512,2216,558,0,9,17,2369003
Felucca,2176,512,2215,559,0,9,17,2369003
Felucca,2176,512,2214,560,0,9,17,2369003
Felucca,2176,512,2225,560,0,9,17,2369003
Felucca,2176,512,2213,561,0,9,17,2369003
Felucca,2176,512,2211,564,0,9,17,2369003
Felucca,2176,512,2210,565,0,9,17,2369003
Felucca,2176,512,2208,567,0,9,17,2369003
Felucca,2176,512,2262,568,0,9,17,2369003
Felucca,2176,512,2261,569,0,9,17,2369003
Felucca,2176,512,2260,571,0,9,17,2369003
Felucca,2176,512,2241,573,0,9,17,2369003
Felucca,2176,512,2250,573,0,9,17,2369003
Felucca,2176,512,2198,574,0,9,17,2369003
Felucca,2176,512,2197,575,0,9,17,2369003
Felucca,2176,512,2224,575,0,9,17,2369003
Felucca,2176,512,2223,576,0,9,17,2369003
Felucca,2176,512,2192,577,-1,9,17,2369003
Felucca,2176,512,2222,577,0,9,17,2369003
Felucca,2176,512,2191,578,0,9,17,2369003
Felucca,2176,512,2220,578,0,9,17,2369003
Felucca,2176,512,2219,581,0,9,17,2369003
Felucca,2176,512,2217,582,0,9,17,2369003
Felucca,2176,512,2211,584,0,9,17,2369003
Felucca,2176,512,2233,584,0,9,17,2369003
Felucca,2176,512,2207,587,0,9,17,2369003
Felucca,2176,512,2189,588,0,9,17,2369003
Felucca,2176,512,2245,590,0,9,17,2369003
Felucca,2176,512,2176,591,0,9,17,2369003
Felucca,2176,512,2206,591,0,9,17,2369003
Felucca,2176,512,2201,592,0,9,17,2369003
Felucca,2176,512,2232,592,0,9,17,2369003
Felucca,2176,512,2231,593,0,9,17,2369003
Felucca,2176,512,2200,594,0,9,17,2369003
Felucca,2176,512,2198,595,0,9,17,2369003
Felucca,2176,512,2241,602,0,9,17,2369003
Felucca,2176,512,2223,605,0,9,17,2369003
Felucca,2176,512,2210,608,0,9,17,2369003
Felucca,2176,512,2209,609,0,9,17,2369003
Felucca,2176,512,2219,609,0,9,17,2369003
Felucca,2176,512,2228,622,0,9,17,2369003
Felucca,2176,640,2217,640,0,9,17,2369003
Felucca,2176,640,2226,656,0,9,17,2369003
Felucca,2176,640,2191,740,0,9,17,2369003
Felucca,2176,640,2177,741,-1,9,17,2369003
Felucca,2176,640,2188,741,0,9,17,2369003
Felucca,2176,640,2176,742,0,9,17,2369003
Felucca,2176,640,2186,742,0,9,17,2369003
Felucca,2176,768,2176,768,0,9,17,2369003
Felucca,2176,768,2185,768,0,9,17,2369003
Felucca,2176,768,2194,768,0,9,17,2369003
Felucca,2176,768,2208,768,0,9,17,2369003
Felucca,2176,768,2217,768,0,9,17,2369003
Felucca,2176,768,2226,768,0,9,17,2369003
Felucca,2176,768,2203,769,0,9,17,2369003
Felucca,2176,768,2235,772,0,9,17,2369003
Felucca,2176,768,2176,785,0,9,17,2369003
Felucca,2176,768,2185,785,0,9,17,2369003
Felucca,2176,768,2197,785,0,9,17,2369003
Felucca,2176,768,2212,785,0,9,17,2369003
Felucca,2176,768,2221,785,0,9,17,2369003
Felucca,2176,768,2230,785,0,9,17,2369003
Felucca,2176,768,2209,786,0,9,17,2369003
Felucca,2176,768,2194,796,0,9,17,2369003
Felucca,2176,768,2182,802,0,9,17,2369003
Felucca,2176,768,2191,802,0,9,17,2369003
Felucca,2176,768,2204,802,0,9,17,2369003
Felucca,2176,768,2218,802,0,9,17,2369003
Felucca,2176,768,2227,802,0,9,17,2369003
Felucca,2176,768,2213,803,0,9,17,2369003
Felucca,2176,768,2236,807,0,9,17,2369003
Felucca,2176,768,2203,809,0,9,17,2369003
Felucca,2176,768,2200,813,0,9,17,2369003
Felucca,2176,768,2176,814,0,9,17,2369003
Felucca,2176,768,2245,817,0,9,17,2369003
Felucca,2176,768,2185,819,0,9,17,2369003
Felucca,2176,768,2194,819,0,9,17,2369003
Felucca,2176,768,2212,819,0,9,17,2369003
Felucca,2176,768,2244,824,0,9,17,2369003
Felucca,2176,768,2238,825,0,9,17,2369003
Felucca,2176,768,2209,826,0,9,17,2369003
Felucca,2176,768,2221,827,0,9,17,2369003
Felucca,2176,768,2203,830,0,9,17,2369003
Felucca,2176,768,2230,833,0,9,17,2369003
Felucca,2176,768,2195,836,0,9,17,2369003
Felucca,2176,768,2247,841,0,9,17,2369003
Felucca,2176,768,2239,842,0,9,17,2369003
Felucca,2176,768,2212,843,0,9,17,2369003
Felucca,2176,768,2226,844,0,9,17,2369003
Felucca,2176,768,2257,844,0,9,17,2369003
Felucca,2176,768,2185,847,0,9,17,2369003
Felucca,2176,768,2204,847,0,9,17,2369003
Felucca,2176,768,2194,849,0,9,17,2369003
Felucca,2176,768,2176,851,0,9,17,2369003
Felucca,2176,768,2203,853,0,9,17,2369003
Felucca,2176,768,2256,855,0,9,17,2369003
Felucca,2176,768,2266,856,0,9,17,2369003
Felucca,2176,768,2255,858,0,9,17,2369003
Felucca,2176,768,2240,859,0,9,17,2369003
Felucca,2176,768,2265,861,0,9,17,2369003
Felucca,2176,768,2252,863,0,9,17,2369003
Felucca,2176,768,2186,864,0,9,17,2369003
Felucca,2176,768,2235,864,0,9,17,2369003
Felucca,2176,768,2234,865,0,9,17,2369003
Felucca,2176,768,2195,866,0,9,17,2369003
Felucca,2176,768,2176,868,0,9,17,2369003
Felucca,2176,768,2264,872,0,9,17,2369003
Felucca,2176,768,2213,873,0,9,17,2369003
Felucca,2176,768,2263,875,0,9,17,2369003
Felucca,2176,896,2189,896,0,9,17,2369003
Felucca,2176,896,2198,896,0,9,17,2369003
Felucca,2176,896,2207,896,0,9,17,2369003
Felucca,2176,896,2217,896,0,9,17,2369003
Felucca,2176,896,2249,896,0,9,17,2369003
Felucca,2176,896,2260,896,0,9,17,2369003
Felucca,2176,896,2269,896,0,9,17,2369003
Felucca,2176,896,2258,904,0,9,17,2369003
Felucca,2176,896,2187,910,0,9,17,2369003
Felucca,2176,896,2186,915,0,9,17,2369003
Felucca,2176,896,2247,925,0,9,17,2369003
Felucca,2176,896,2256,932,0,9,17,2369003
Felucca,2176,896,2265,936,0,9,17,2369003
Felucca,2176,896,2274,936,0,9,17,2369003
Felucca,2176,896,2265,953,0,9,17,2369003
Felucca,2176,896,2274,953,0,9,17,2369003
Felucca,2176,896,2283,963,0,9,17,2369003
Felucca,2176,896,2281,970,0,9,17,2369003
Felucca,2176,896,2273,973,0,9,17,2369003
Felucca,2176,896,2282,987,0,9,17,2369003
Felucca,2176,896,2279,990,0,9,17,2369003
Felucca,2176,1024,2258,1047,0,9,17,2369003
Felucca,2176,1024,2267,1058,0,9,17,2369003
Felucca,2176,1024,2265,1064,0,9,17,2369003
Felucca,2176,1024,2276,1068,0,9,17,2369003
Felucca,2176,1024,2285,1082,0,9,17,2369003
Felucca,2176,1024,2284,1085,0,9,17,2369003
Felucca,2176,1024,2272,1086,0,9,17,2369003
Felucca,2176,1024,2271,1095,0,9,17,2369003
Felucca,2176,1024,2270,1097,0,9,17,2369003
Felucca,2176,1024,2269,1101,0,9,17,2369003
Felucca,2176,1024,2293,1101,0,9,17,2369003
Felucca,2176,1024,2268,1102,0,9,17,2369003
Felucca,2176,1024,2285,1102,0,9,17,2369003
Felucca,2176,1024,2267,1103,0,9,17,2369003
Felucca,2176,1024,2266,1105,0,9,17,2369003
Felucca,2176,1024,2265,1106,0,9,17,2369003
Felucca,2176,1024,2264,1108,0,9,17,2369003
Felucca,2176,1024,2294,1118,0,9,17,2369003
Felucca,2176,1024,2276,1119,0,9,17,2369003
Felucca,2176,1024,2286,1119,0,9,17,2369003
Felucca,2176,1024,2275,1120,0,9,17,2369003
Felucca,2176,1024,2274,1122,0,9,17,2369003
Felucca,2176,1024,2273,1123,0,9,17,2369003
Felucca,2176,1024,2268,1125,0,9,17,2369003
Felucca,2176,1024,2285,1128,0,9,17,2369003
Felucca,2176,1152,2225,1152,0,9,17,2303002
Felucca,2176,1152,2293,1172,0,9,17,2303002
Felucca,2176,1152,2221,1173,0,9,17,2303002
Felucca,2176,1152,2291,1190,0,9,17,2303002
Felucca,2176,1152,2285,1192,0,9,17,2303002
Felucca,2176,1152,2249,1194,-2,9,17,2303002
Felucca,2176,1152,2258,1194,-2,9,17,2303002
Felucca,2176,1152,2267,1205,0,9,17,2303002
Felucca,2176,1152,2294,1207,0,9,17,2303002
Felucca,2176,1152,2292,1209,0,9,17,2303002
Felucca,2176,1152,2265,1211,0,9,17,2303002
Felucca,2176,1152,2294,1226,0,9,17,2303002
Felucca,2176,1152,2291,1236,0,9,17,2303002
Felucca,2176,1152,2290,1241,0,9,17,2303002
Felucca,2176,1152,2288,1246,0,9,17,2303002
Felucca,2176,2048,2186,2121,0,9,17,2369003
Felucca,2176,3328,2210,3349,0,9,17,2369003
Felucca,2176,3328,2209,3350,0,9,17,2369003
Felucca,2176,3328,2208,3351,0,9,17,2369003
Felucca,2176,3328,2207,3355,0,9,17,2369003
Felucca,2176,3328,2216,3368,0,9,17,2369003
Felucca,2176,3328,2215,3372,0,9,17,2369003
Felucca,2176,3328,2217,3389,0,9,17,2369003
Felucca,2304,128,2342,149,0,9,17,2369003
Felucca,2304,128,2340,152,0,9,17,2369003
Felucca,2304,128,2338,153,0,9,17,2369003
Felucca,2304,128,2349,166,0,9,17,2369003
Felucca,2304,128,2347,169,0,9,17,2369003
Felucca,2304,128,2345,170,0,9,17,2369003
Felucca,2304,128,2358,176,0,9,17,2369003
Felucca,2304,128,2354,186,0,9,17,2369003
Felucca,2304,128,2345,187,0,9,17,2369003
Felucca,2304,128,2422,187,0,9,17,2369003
Felucca,2304,128,2367,191,0,9,17,2369003
Felucca,2304,128,2419,192,0,9,17,2369003
Felucca,2304,128,2363,193,0,9,17,2369003
Felucca,2304,128,2360,203,0,9,17,2369003
Felucca,2304,128,2420,209,0,9,17,2369003
Felucca,2304,512,2341,557,0,9,17,2369003
Felucca,2304,640,2309,694,0,9,17,2369003
Felucca,2304,640,2311,727,0,9,17,2369003
Felucca,2304,768,2338,772,0,9,17,2369003
Felucca,2304,768,2333,774,0,9,17,2369003
Felucca,2304,768,2359,852,0,9,17,2369003
Felucca,2304,768,2358,853,0,9,17,2369003
Felucca,2304,768,2357,854,0,9,17,2369003
Felucca,2304,768,2356,856,0,9,17,2369003
Felucca,2304,768,2355,857,0,9,17,2369003
Felucca,2304,768,2354,860,0,9,17,2369003
Felucca,2304,768,2353,861,0,9,17,2369003
Felucca,2304,768,2351,862,0,9,17,2369003
Felucca,2304,768,2321,864,0,9,17,2369003
Felucca,2304,768,2330,864,0,9,17,2369003
Felucca,2304,768,2314,868,0,9,17,2369003
Felucca,2304,896,2317,896,0,9,17,2369003
Felucca,2304,896,2313,907,0,9,17,2369003
Felucca,2304,896,2310,910,0,9,17,2369003
Felucca,2304,896,2309,911,0,9,17,2369003
Felucca,2304,896,2322,914,0,9,17,2369003
Felucca,2304,896,2345,943,0,9,17,2369003
Felucca,2304,1024,2339,1033,0,9,17,2369003
Felucca,2304,1152,2328,1240,0,9,17,2303002
Felucca,2304,3328,2379,3384,1,9,17,2369003
Felucca,2304,3328,2389,3384,0,9,17,2369003
Felucca,2304,3328,2378,3385,1,9,17,2369003
Felucca,2304,3328,2388,3385,1,9,17,2369003
Felucca,2304,3328,2367,3393,1,9,17,2369003
Felucca,2304,3328,2366,3394,2,9,17,2369003
Felucca,2304,3328,2365,3395,2,9,17,2369003
Felucca,2304,3328,2364,3396,2,9,17,2369003
Felucca,2304,3328,2363,3397,2,9,17,2369003
Felucca,2304,3328,2362,3398,1,9,17,2369003
Felucca,2304,3328,2380,3402,2,9,17,2369003
Felucca,2304,3328,2379,3403,1,9,17,2369003
Felucca,2304,3328,2395,3404,1,9,17,2369003
Felucca,2304,3328,2394,3405,1,9,17,2369003
Felucca,2304,3328,2389,3413,0,9,17,2369003
Felucca,2432,0,2548,58,0,9,17,2369003
Felucca,2432,0,2536,62,0,9,17,2369003
Felucca,2432,0,2533,64,0,9,17,2369003
Felucca,2432,0,2499,66,0,9,17,2369003
Felucca,2432,0,2508,66,0,9,17,2369003
Felucca,2432,0,2468,68,0,9,17,2369003
Felucca,2432,0,2465,70,0,9,17,2369003
Felucca,2432,0,2545,71,0,9,17,2369003
Felucca,2432,0,2486,74,0,9,17,2369003
Felucca,2432,0,2477,76,0,9,17,2369003
Felucca,2432,0,2532,76,0,9,17,2369003
Felucca,2432,0,2460,78,0,9,17,2369003
Felucca,2432,0,2522,78,0,9,17,2369003
Felucca,2432,0,2542,79,0,9,17,2369003
Felucca,2432,0,2454,82,0,9,17,2369003
Felucca,2432,0,2500,83,0,9,17,2369003
Felucca,2432,0,2509,83,0,9,17,2369003
Felucca,2432,0,2474,85,0,9,17,2369003
Felucca,2432,0,2473,87,0,9,17,2369003
Felucca,2432,0,2531,89,0,9,17,2369003
Felucca,2432,0,2463,95,0,9,17,2369003
Felucca,2432,0,2491,95,0,9,17,2369003
Felucca,2432,0,2527,95,0,9,17,2369003
Felucca,2432,0,2548,97,0,9,17,2369003
Felucca,2432,0,2450,98,0,9,17,2369003
Felucca,2432,0,2459,99,0,9,17,2369003
Felucca,2432,0,2486,100,0,9,17,2369003
Felucca,2432,0,2512,100,0,9,17,2369003
Felucca,2432,0,2472,101,0,9,17,2369003
Felucca,2432,0,2508,104,0,9,17,2369003
Felucca,2432,0,2521,106,0,9,17,2369003
Felucca,2432,0,2536,106,0,9,17,2369003
Felucca,2432,0,2481,107,0,9,17,2369003
Felucca,2432,0,2545,109,0,9,17,2369003
Felucca,2432,128,2450,128,0,9,17,2369003
Felucca,2432,128,2459,128,0,9,17,2369003
Felucca,2432,128,2480,128,0,9,17,2369003
Felucca,2432,128,2495,128,0,9,17,2369003
Felucca,2432,128,2511,128,0,9,17,2369003
Felucca,2432,128,2520,128,0,9,17,2369003
Felucca,2432,128,2529,128,0,9,17,2369003
Felucca,2432,128,2538,128,0,9,17,2369003
Felucca,2432,128,2476,129,0,9,17,2369003
Felucca,2432,128,2504,130,0,9,17,2369003
Felucca,2432,128,2489,143,0,9,17,2369003
Felucca,2432,128,2457,145,0,9,17,2369003
Felucca,2432,128,2485,145,0,9,17,2369003
Felucca,2432,128,2499,145,0,9,17,2369003
Felucca,2432,128,2513,145,0,9,17,2369003
Felucca,2432,128,2523,145,0,9,17,2369003
Felucca,2432,128,2534,145,0,9,17,2369003
Felucca,2432,128,2481,146,0,9,17,2369003
Felucca,2432,128,2511,147,0,9,17,2369003
Felucca,2432,128,2447,149,0,9,17,2369003
Felucca,2432,128,2444,150,0,9,17,2369003
Felucca,2432,128,2522,151,0,9,17,2369003
Felucca,2432,128,2475,152,0,9,17,2369003
Felucca,2432,128,2456,153,0,9,17,2369003
Felucca,2432,128,2443,156,0,9,17,2369003
Felucca,2432,128,2466,156,0,9,17,2369003
Felucca,2432,128,2442,158,0,9,17,2369003
Felucca,2432,128,2532,159,0,9,17,2369003
Felucca,2432,128,2543,161,0,9,17,2369003
Felucca,2432,128,2465,162,0,9,17,2369003
Felucca,2432,128,2490,162,0,9,17,2369003
Felucca,2432,128,2531,162,0,9,17,2369003
Felucca,2432,128,2541,162,0,9,17,2369003
Felucca,2432,128,2484,163,0,9,17,2369003
Felucca,2432,128,2512,164,0,9,17,2369003
Felucca,2432,128,2433,165,0,9,17,2369003
Felucca,2432,128,2453,166,0,9,17,2369003
Felucca,2432,128,2452,167,0,9,17,2369003
Felucca,2432,128,2432,168,0,9,17,2369003
Felucca,2432,128,2526,168,0,9,17,2369003
Felucca,2432,128,2475,169,0,9,17,2369003
Felucca,2432,128,2462,170,0,9,17,2369003
Felucca,2432,128,2474,173,0,9,17,2369003
Felucca,2432,128,2442,175,0,9,17,2369003
Felucca,2432,128,2509,175,0,9,17,2369003
Felucca,2432,128,2540,176,0,9,17,2369003
Felucca,2432,128,2550,178,0,9,17,2369003
Felucca,2432,128,2471,179,0,9,17,2369003
Felucca,2432,128,2493,179,0,9,17,2369003
Felucca,2432,128,2535,179,0,9,17,2369003
Felucca,2432,128,2489,180,0,9,17,2369003
Felucca,2432,128,2441,182,0,9,17,2369003
Felucca,2432,128,2518,183,0,9,17,2369003
Felucca,2432,128,2457,184,0,9,17,2369003
Felucca,2432,128,2432,185,0,9,17,2369003
Felucca,2432,128,2451,185,0,9,17,2369003
Felucca,2432,128,2527,185,0,9,17,2369003
Felucca,2432,128,2536,196,0,9,17,2369003
Felucca,2432,128,2545,199,0,9,17,2369003
Felucca,2432,128,2525,200,0,9,17,2369003
Felucca,2432,128,2534,202,0,9,17,2369003
Felucca,2432,128,2545,216,0,9,17,2369003
Felucca,2432,256,2523,270,15,9,17,2369003
Felucca,2432,256,2532,286,15,9,17,2369003
Felucca,2432,256,2530,287,15,9,17,2369003
Felucca,2432,256,2541,288,15,9,17,2369003
Felucca,2432,256,2550,293,15,9,17,2369003
Felucca,2432,384,2494,440,15,9,17,2107002
Felucca,2432,384,2486,481,15,9,17,2107002
Felucca,2432,512,2482,514,0,9,17,2107002
Felucca,2432,512,2482,531,0,9,17,2107002
Felucca,2432,512,2514,585,0,9,17,2107002
Felucca,2432,512,2533,613,0,9,17,2107002
Felucca,2432,512,2542,613,0,9,17,2107002
Felucca,2432,768,2505,811,0,9,17,2369003
Felucca,2432,768,2526,813,0,9,17,2369003
Felucca,2432,768,2520,815,0,9,17,2369003
Felucca,2432,768,2514,817,0,9,17,2369003
Felucca,2432,1024,2533,1100,5,9,17,2369003
Felucca,2432,1152,2542,1242,1,9,17,2303002
Felucca,2560,0,2560,62,0,9,17,2369003
Felucca,2560,0,2569,64,0,9,17,2369003
Felucca,2560,0,2600,64,-1,9,17,2369003
Felucca,2560,0,2591,66,0,9,17,2369003
Felucca,2560,0,2617,74,0,9,17,2369003
Felucca,2560,0,2584,77,0,9,17,2369003
Felucca,2560,0,2564,79,0,9,17,2369003
Felucca,2560,0,2610,80,0,9,17,2369003
Felucca,2560,0,2604,81,0,9,17,2369003
Felucca,2560,0,2594,83,0,9,17,2369003
Felucca,2560,0,2603,84,0,9,17,2369003
Felucca,2560,0,2629,84,0,9,17,2369003
Felucca,2560,0,2627,85,0,9,17,2369003
Felucca,2560,0,2576,87,0,9,17,2369003
Felucca,2560,0,2575,90,0,9,17,2369003
Felucca,2560,0,2642,90,0,9,17,2369003
Felucca,2560,0,2573,92,0,9,17,2369003
Felucca,2560,0,2623,93,0,9,17,2369003
Felucca,2560,0,2657,94,0,9,17,2369003
Felucca,2560,0,2666,94,0,9,17,2369003
Felucca,2560,0,2585,95,0,9,17,2369003
Felucca,2560,0,2566,96,0,9,17,2369003
Felucca,2560,0,2675,96,0,9,17,2369003
Felucca,2560,0,2560,99,0,9,17,2369003
Felucca,2560,0,2594,100,0,9,17,2369003
Felucca,2560,0,2603,101,0,9,17,2369003
Felucca,2560,0,2612,102,0,9,17,2369003
Felucca,2560,0,2621,103,0,9,17,2369003
Felucca,2560,0,2651,104,0,9,17,2369003
Felucca,2560,0,2582,107,0,9,17,2369003
Felucca,2560,0,2644,107,0,9,17,2369003
Felucca,2560,0,2575,109,0,9,17,2369003
Felucca,2560,128,2560,128,0,9,17,2369003
Felucca,2560,128,2569,128,0,9,17,2369003
Felucca,2560,128,2578,128,0,9,17,2369003
Felucca,2560,128,2587,128,0,9,17,2369003
Felucca,2560,128,2596,128,0,9,17,2369003
Felucca,2560,128,2605,128,0,9,17,2369003
Felucca,2560,128,2635,128,0,9,17,2369003
Felucca,2560,128,2648,128,0,9,17,2369003
Felucca,2560,128,2659,128,0,9,17,2369003
Felucca,2560,128,2675,128,0,9,17,2369003
Felucca,2560,128,2617,143,0,9,17,2369003
Felucca,2560,128,2560,145,0,9,17,2369003
Felucca,2560,128,2586,145,0,9,17,2369003
Felucca,2560,128,2601,145,0,9,17,2369003
Felucca,2560,128,2657,145,0,9,17,2369003
Felucca,2560,128,2569,149,0,9,17,2369003
Felucca,2560,128,2595,154,0,9,17,2369003
Felucca,2560,128,2610,158,0,9,17,2369003
Felucca,2560,128,2578,160,0,9,17,2369003
Felucca,2560,128,2619,160,0,9,17,2369003
Felucca,2560,128,2561,162,0,9,17,2369003
Felucca,2560,128,2587,162,0,9,17,2369003
Felucca,2560,128,2604,162,0,9,17,2369003
Felucca,2560,128,2570,166,0,9,17,2369003
Felucca,2560,128,2560,168,0,9,17,2369003
Felucca,2560,128,2644,170,0,9,17,2369003
Felucca,2560,128,2602,171,0,9,17,2369003
Felucca,2560,128,2643,172,0,9,17,2369003
Felucca,2560,128,2579,177,0,9,17,2369003
Felucca,2560,128,2569,179,0,9,17,2369003
Felucca,2560,128,2560,185,0,9,17,2369003
Felucca,2560,128,2560,202,0,9,17,2369003
Felucca,2560,256,2664,277,15,9,17,2369003
Felucca,2560,256,2673,286,16,9,17,2369003
Felucca,2560,256,2640,287,16,9,17,2369003
Felucca,2560,256,2649,292,16,9,17,2369003
Felucca,2560,256,2658,301,16,9,17,2369003
Felucca,2560,256,2603,303,15,9,17,2369003
Felucca,2560,256,2642,304,15,9,17,2369003
Felucca,2560,256,2602,306,15,9,17,2369003
Felucca,2560,256,2600,310,15,9,17,2369003
Felucca,2560,256,2642,321,15,9,17,2369003
Felucca,2560,256,2639,336,14,9,17,2369003
Felucca,2560,256,2637,344,15,9,17,2369003
Felucca,2560,256,2636,349,15,9,17,2369003
Felucca,2560,256,2637,366,15,9,17,2369003
Felucca,2560,384,2654,398,15,9,17,2107002
Felucca,2560,384,2661,416,15,9,17,2107002
Felucca,2560,384,2662,433,15,9,17,2107002
Felucca,2560,384,2661,443,14,9,17,2107002
Felucca,2560,384,2654,487,15,9,17,2107002
Felucca,2560,384,2653,490,15,9,17,2107002
Felucca,2560,384,2652,493,14,9,17,2107002
Felucca,2560,512,2647,520,0,9,17,2107002
Felucca,2560,512,2646,521,-1,9,17,2107002
Felucca,2560,512,2647,538,0,9,17,2107002
Felucca,2560,512,2646,539,0,9,17,2107002
Felucca,2560,512,2645,541,0,9,17,2107002
Felucca,2560,512,2644,542,0,9,17,2107002
Felucca,2560,512,2643,545,0,9,17,2107002
Felucca,2560,512,2656,547,0,9,17,2107002
Felucca,2560,512,2655,555,0,9,17,2107002
Felucca,2560,512,2654,556,0,9,17,2107002
Felucca,2560,512,2664,568,0,9,17,2107002
Felucca,2560,512,2663,572,0,9,17,2107002
Felucca,2560,512,2661,573,0,9,17,2107002
Felucca,2560,512,2673,573,0,9,17,2107002
Felucca,2560,512,2574,608,0,9,17,2107002
Felucca,2560,512,2560,613,0,9,17,2107002
Felucca,2560,768,2618,838,0,9,17,2369003
Felucca,2560,896,2635,949,0,9,17,2369003
Felucca,2560,896,2629,952,0,9,17,2369003
Felucca,2560,896,2625,958,0,9,17,2369003
Felucca,2560,896,2624,961,0,9,17,2369003
Felucca,2560,1152,2636,1222,0,9,17,2369003
Felucca,2560,2048,2678,2125,0,9,17,2202002
Felucca,2688,128,2688,128,0,9,17,2369003
Felucca,2688,256,2797,267,15,9,17,2369003
Felucca,2688,256,2806,267,15,9,17,2369003
Felucca,2688,256,2730,268,15,9,17,2369003
Felucca,2688,256,2796,268,15,9,17,2369003
Felucca,2688,256,2739,270,17,9,17,2369003
Felucca,2688,256,2805,284,15,9,17,2369003
Felucca,2688,256,2804,285,15,9,17,2369003
Felucca,2688,256,2805,302,15,9,17,2369003
Felucca,2688,256,2804,304,15,9,17,2369003
Felucca,2688,256,2730,308,14,9,17,2369003
Felucca,2688,256,2729,311,15,9,17,2369003
Felucca,2688,256,2802,313,15,9,17,2369003
Felucca,2688,256,2801,322,15,9,17,2369003
Felucca,2688,256,2803,339,15,9,17,2369003
Felucca,2688,256,2688,351,15,9,17,2369003
Felucca,2688,256,2803,356,15,9,17,2369003
Felucca,2688,256,2802,361,15,9,17,2369003
Felucca,2688,256,2717,362,15,9,17,2369003
Felucca,2688,256,2716,363,15,9,17,2369003
Felucca,2688,384,2799,384,15,9,17,2369003
Felucca,2688,384,2801,401,15,9,17,2369003
Felucca,2688,384,2805,418,15,9,17,2369003
Felucca,2688,384,2803,435,17,9,17,2369003
Felucca,2688,384,2804,457,16,9,17,2369003
Felucca,2688,384,2803,468,15,9,17,2369003
Felucca,2688,384,2802,470,15,9,17,2369003
Felucca,2688,384,2804,487,15,9,17,2369003
Felucca,2688,512,2715,512,15,9,17,2114002
Felucca,2688,512,2774,513,2,9,17,2114002
Felucca,2688,512,2773,516,0,9,17,2114002
Felucca,2688,512,2783,517,1,9,17,2114002
Felucca,2688,512,2792,521,0,9,17,2114002
Felucca,2688,512,2805,522,2,9,17,2114002
Felucca,2688,512,2801,526,2,9,17,2114002
Felucca,2688,512,2708,556,0,9,17,2114002
Felucca,2688,512,2707,559,0,9,17,2114002
Felucca,2688,512,2701,560,0,9,17,2114002
Felucca,2688,512,2698,562,0,9,17,2114002
Felucca,2688,512,2688,568,0,9,17,2114002
Felucca,2688,512,2697,569,0,9,17,2114002
Felucca,2688,640,2805,694,0,9,17,2114002
Felucca,2688,640,2799,703,0,9,17,2114002
Felucca,2688,640,2792,715,0,9,17,2114002
Felucca,2688,640,2790,717,0,9,17,2114002
Felucca,2688,640,2785,724,0,9,17,2114002
Felucca,2688,640,2799,732,0,9,17,2114002
Felucca,2688,640,2781,733,0,9,17,2114002
Felucca,2688,640,2794,734,0,9,17,2114002
Felucca,2688,640,2790,741,0,9,17,2114002
Felucca,2688,640,2781,750,0,9,17,2114002
Felucca,2688,768,2784,841,0,9,17,2114002
Felucca,2688,768,2768,848,0,9,17,2114002
Felucca,2688,768,2784,858,0,9,17,2114002
Felucca,2688,768,2784,875,0,9,17,2114002
Felucca,2688,896,2777,930,0,9,17,2114002
Felucca,2688,896,2773,931,0,9,17,2114002
Felucca,2688,896,2765,934,0,9,17,2114002
Felucca,2688,896,2786,934,0,9,17,2114002
Felucca,2688,896,2761,940,0,9,17,2114002
Felucca,2688,896,2753,941,0,9,17,2114002
Felucca,2688,896,2749,945,0,9,17,2114002
Felucca,2688,896,2744,946,0,9,17,2114002
Felucca,2688,896,2743,947,0,9,17,2114002
Felucca,2688,896,2741,951,0,9,17,2114002
Felucca,2688,896,2737,952,0,9,17,2114002
Felucca,2688,896,2733,958,0,9,17,2114002
Felucca,2688,896,2758,958,0,9,17,2114002
Felucca,2688,896,2793,958,0,9,17,2114002
Felucca,2688,896,2721,961,0,9,17,2114002
Felucca,2688,896,2753,962,0,9,17,2114002
Felucca,2688,896,2752,963,0,9,17,2114002
Felucca,2688,896,2717,964,0,9,17,2114002
Felucca,2688,896,2714,967,0,9,17,2114002
Felucca,2688,896,2802,968,0,9,17,2114002
Felucca,2688,896,2793,975,0,9,17,2114002
Felucca,2688,896,2762,977,0,9,17,2114002
Felucca,2688,896,2713,978,0,9,17,2114002
Felucca,2688,896,2726,978,0,9,17,2114002
Felucca,2688,896,2711,979,0,9,17,2114002
Felucca,2688,896,2761,979,0,9,17,2114002
Felucca,2688,896,2752,980,0,9,17,2114002
Felucca,2688,896,2723,981,0,9,17,2114002
Felucca,2688,896,2722,984,0,9,17,2114002
Felucca,2688,896,2771,985,0,9,17,2114002
Felucca,2688,896,2780,985,0,9,17,2114002
Felucca,2688,896,2789,985,0,9,17,2114002
Felucca,2688,896,2710,988,0,9,17,2114002
Felucca,2688,896,2735,992,0,9,17,2114002
Felucca,2688,896,2744,992,0,9,17,2114002
Felucca,2688,896,2798,992,0,9,17,2114002
Felucca,2688,896,2770,994,0,9,17,2114002
Felucca,2688,896,2720,995,0,9,17,2114002
Felucca,2688,896,2732,995,0,9,17,2114002
Felucca,2688,896,2719,996,0,9,17,2114002
Felucca,2688,896,2761,996,0,9,17,2114002
Felucca,2688,896,2753,997,0,9,17,2114002
Felucca,2688,896,2731,998,0,9,17,2114002
Felucca,2688,896,2729,1001,0,9,17,2114002
Felucca,2688,896,2779,1002,0,9,17,2114002
Felucca,2688,896,2788,1002,0,9,17,2114002
Felucca,2688,896,2797,1002,0,9,17,2114002
Felucca,2688,896,2709,1004,0,9,17,2114002
Felucca,2688,896,2718,1005,0,9,17,2114002
Felucca,2688,1024,2775,1029,0,9,17,2369003
Felucca,2688,1024,2750,1047,1,9,17,2369003
Felucca,2688,1024,2744,1048,1,9,17,2369003
Felucca,2688,1024,2737,1071,1,9,17,2369003
Felucca,2688,1024,2736,1078,1,9,17,2369003
Felucca,2688,1024,2731,1083,0,9,17,2369003
Felucca,2688,1024,2725,1089,0,9,17,2369003
Felucca,2688,2048,2720,2152,0,9,17,2202002
Felucca,2688,2176,2710,2217,0,9,17,2202002
Felucca,2688,2176,2689,2220,0,9,17,2202002
Felucca,2688,2176,2709,2222,0,9,17,2202002
Felucca,2816,0,2858,56,0,9,17,2369003
Felucca,2816,0,2889,66,0,9,17,2369003
Felucca,2816,0,2904,97,0,9,17,2369003
Felucca,2816,128,2842,149,0,9,17,2369003
Felucca,2816,128,2841,160,0,9,17,2369003
Felucca,2816,128,2840,161,0,9,17,2369003
Felucca,2816,128,2838,163,0,9,17,2369003
Felucca,2816,128,2837,164,0,9,17,2369003
Felucca,2816,128,2836,166,0,9,17,2369003
Felucca,2816,128,2881,180,0,9,17,2369003
Felucca,2816,256,2934,275,0,9,17,2369003
Felucca,2816,256,2932,277,0,9,17,2369003
Felucca,2816,256,2931,280,0,9,17,2369003
Felucca,2816,256,2929,282,0,9,17,2369003
Felucca,2816,256,2928,283,0,9,17,2369003
Felucca,2816,256,2926,285,0,9,17,2369003
Felucca,2816,256,2925,286,0,9,17,2369003
Felucca,2816,256,2923,288,0,9,17,2369003
Felucca,2816,256,2922,289,0,9,17,2369003
Felucca,2816,256,2921,290,0,9,17,2369003
Felucca,2816,256,2920,291,0,9,17,2369003
Felucca,2816,256,2919,292,0,9,17,2369003
Felucca,2816,256,2918,296,0,9,17,2369003
Felucca,2816,256,2917,302,0,9,17,2369003
Felucca,2816,256,2916,303,0,9,17,2369003
Felucca,2816,256,2853,318,0,9,17,2369003
Felucca,2816,256,2852,319,0,9,17,2369003
Felucca,2816,256,2816,343,15,9,17,2369003
Felucca,2816,384,2816,390,15,9,17,2369003
Felucca,2816,384,2825,400,15,9,17,2369003
Felucca,2816,384,2816,407,15,9,17,2369003
Felucca,2816,384,2825,417,15,9,17,2369003
Felucca,2816,384,2816,424,15,9,17,2369003
Felucca,2816,384,2816,441,15,9,17,2369003
Felucca,2816,384,2816,458,15,9,17,2369003
Felucca,2816,384,2825,465,15,9,17,2369003
Felucca,2816,384,2834,469,15,9,17,2369003
Felucca,2816,384,2816,475,15,9,17,2369003
Felucca,2816,384,2825,482,15,9,17,2369003
Felucca,2816,384,2834,489,15,9,17,2369003
Felucca,2816,384,2816,492,15,9,17,2369003
Felucca,2816,512,2831,560,0,9,17,2114002
Felucca,2816,512,2845,560,0,9,17,2114002
Felucca,2816,512,2840,562,0,9,17,2114002
Felucca,2816,512,2854,566,0,9,17,2114002
Felucca,2816,512,2885,573,0,9,17,2114002
Felucca,2816,512,2882,574,0,9,17,2114002
Felucca,2816,512,2894,574,0,9,17,2114002
Felucca,2816,512,2876,576,0,9,17,2114002
Felucca,2816,512,2872,579,0,9,17,2114002
Felucca,2816,512,2903,585,0,9,17,2114002
Felucca,2816,512,2897,591,0,9,17,2114002
Felucca,2816,512,2930,594,0,9,17,2114002
Felucca,2816,512,2924,595,0,9,17,2114002
Felucca,2816,512,2921,599,0,9,17,2114002
Felucca,2816,512,2912,600,0,9,17,2114002
Felucca,2816,512,2933,611,0,9,17,2114002
Felucca,2816,512,2820,617,0,9,17,2114002
Felucca,2816,640,2825,659,0,9,17,2114002
Felucca,2816,640,2902,660,2,9,17,2114002
Felucca,2816,640,2897,663,0,9,17,2114002
Felucca,2816,640,2889,681,0,9,17,2114002
Felucca,2816,640,2881,697,0,9,17,2114002
Felucca,2816,640,2890,713,0,9,17,2114002
Felucca,2816,640,2889,714,0,9,17,2114002
Felucca,2816,640,2905,721,0,9,17,2114002
Felucca,2816,640,2865,729,0,9,17,2114002
Felucca,2816,768,2849,857,0,9,17,2114002
Felucca,2816,768,2849,874,0,9,17,2114002
Felucca,2816,896,2849,913,0,9,17,2114002
Felucca,2816,3456,2918,3497,10,9,17,2211002
Felucca,2816,3456,2913,3501,10,9,17,2211002
Felucca,2944,0,2947,44,0,9,17,2369003
Felucca,2944,0,2946,45,0,9,17,2369003
Felucca,2944,0,3025,71,0,9,17,2369003
Felucca,2944,0,3034,74,0,9,17,2369003
Felucca,2944,0,3051,75,0,9,17,2369003
Felucca,2944,0,3024,77,0,9,17,2369003
Felucca,2944,0,3023,81,0,9,17,2369003
Felucca,2944,0,3047,88,0,9,17,2369003
Felucca,2944,0,3035,91,0,9,17,2369003
Felucca,2944,0,3034,94,0,9,17,2369003
Felucca,2944,0,3044,94,0,9,17,2369003
Felucca,2944,0,3032,97,0,9,17,2369003
Felucca,2944,0,3024,98,0,9,17,2369003
Felucca,2944,0,3019,100,0,9,17,2369003
Felucca,2944,0,3018,101,0,9,17,2369003
Felucca,2944,0,3043,108,0,9,17,2369003
Felucca,2944,128,3022,128,0,9,17,2369003
Felucca,2944,128,3046,129,0,9,17,2369003
Felucca,2944,128,3021,134,0,9,17,2369003
Felucca,2944,128,3039,137,0,9,17,2369003
Felucca,2944,128,3031,140,0,9,17,2369003
Felucca,2944,128,3025,152,0,9,17,2369003
Felucca,2944,128,3040,154,0,9,17,2369003
Felucca,2944,128,2983,155,0,9,17,2369003
Felucca,2944,128,2982,156,0,9,17,2369003
Felucca,2944,128,3024,156,-1,9,17,2369003
Felucca,2944,128,3034,157,0,9,17,2369003
Felucca,2944,128,3023,168,0,9,17,2369003
Felucca,2944,128,3033,169,0,9,17,2369003
Felucca,2944,128,3022,170,0,9,17,2369003
Felucca,2944,128,2976,173,0,9,17,2369003
Felucca,2944,128,3017,173,0,9,17,2369003
Felucca,2944,128,3032,173,0,9,17,2369003
Felucca,2944,128,2975,174,0,9,17,2369003
Felucca,2944,128,3010,174,0,9,17,2369003
Felucca,2944,128,2974,178,0,9,17,2369003
Felucca,2944,128,2973,179,-1,9,17,2369003
Felucca,2944,128,3009,180,0,9,17,2369003
Felucca,2944,128,3007,188,0,9,17,2369003
Felucca,2944,128,3023,190,0,9,17,2369003
Felucca,2944,128,3033,190,0,9,17,2369003
Felucca,2944,128,2971,195,0,9,17,2369003
Felucca,2944,128,3032,197,0,9,17,2369003
Felucca,2944,128,2983,199,0,9,17,2369003
Felucca,2944,128,2969,203,0,9,17,2369003
Felucca,2944,128,3019,203,0,9,17,2369003
Felucca,2944,128,3013,214,0,9,17,2369003
Felucca,2944,128,3047,215,0,9,17,2369003
Felucca,2944,128,3022,220,0,9,17,2369003
Felucca,2944,256,2947,256,0,9,17,2369003
Felucca,2944,256,2945,262,0,9,17,2369003
Felucca,2944,256,3030,302,0,9,17,2369003
Felucca,2944,256,2957,356,0,9,17,2369003
Felucca,2944,384,3015,384,0,9,17,2369003
Felucca,2944,384,2980,405,0,9,17,2369003
Felucca,2944,384,2971,407,1,9,17,2369003
Felucca,2944,384,2970,410,1,9,17,2369003
Felucca,2944,384,2966,424,1,9,17,2369003
Felucca,2944,384,2962,429,1,9,17,2369003
Felucca,2944,384,2975,440,0,9,17,2369003
Felucca,2944,384,2971,441,0,9,17,2369003
Felucca,2944,384,2965,446,0,9,17,2369003
Felucca,2944,384,2961,447,1,9,17,2369003
Felucca,2944,384,2960,448,1,9,17,2369003
Felucca,2944,384,2944,463,0,9,17,2369003
Felucca,2944,512,3015,526,0,9,17,2114002
Felucca,2944,512,3013,531,0,9,17,2114002
Felucca,2944,512,3050,547,0,9,17,2114002
Felucca,2944,512,3048,550,0,9,17,2114002
Felucca,2944,512,2944,595,0,9,17,2114002
Felucca,2944,512,2973,595,0,9,17,2114002
Felucca,2944,512,2982,595,0,9,17,2114002
Felucca,2944,512,2953,598,0,9,17,2114002
Felucca,2944,512,2962,598,0,9,17,2114002
Felucca,2944,512,2971,598,0,9,17,2114002
Felucca,2944,512,2991,602,0,9,17,2114002
Felucca,2944,512,2980,612,0,9,17,2114002
Felucca,2944,512,2989,612,0,9,17,2114002
Felucca,2944,512,3001,619,0,9,17,2114002
Felucca,2944,640,2966,640,0,9,17,2114002
Felucca,2944,640,3001,640,0,9,17,2114002
Felucca,2944,640,2975,648,0,9,17,2114002
Felucca,2944,640,2984,649,0,9,17,2114002
Felucca,2944,640,2993,649,0,9,17,2114002
Felucca,2944,640,3049,650,0,9,17,2114002
Felucca,2944,640,3047,652,0,9,17,2114002
Felucca,2944,640,3043,655,0,9,17,2114002
Felucca,2944,640,2973,657,0,9,17,2114002
Felucca,2944,640,3039,658,0,9,17,2114002
Felucca,2944,640,2982,665,0,9,17,2114002
Felucca,2944,640,2991,666,0,9,17,2114002
Felucca,2944,640,3060,733,0,9,17,2114002
Felucca,2944,768,2980,802,-1,9,17,2114002
Felucca,2944,768,2977,803,0,9,17,2114002
Felucca,2944,768,2972,825,0,9,17,2114002
Felucca,2944,3328,2944,3344,15,9,17,2211002
Felucca,2944,3328,3024,3370,15,9,17,2211002
Felucca,2944,3328,3033,3370,15,9,17,2211002
Felucca,2944,3328,3017,3371,15,9,17,2211002
Felucca,2944,3328,3037,3387,15,9,17,2211002
Felucca,2944,3328,3017,3388,15,9,17,2211002
Felucca,2944,3328,2977,3400,15,9,17,2211002
Felucca,2944,3328,3035,3402,16,9,17,2211002
Felucca,2944,3328,2977,3419,15,9,17,2211002
Felucca,2944,3328,3025,3433,15,9,17,2211002
Felucca,3072,0,3170,15,0,9,17,2369003
Felucca,3072,0,3169,16,0,9,17,2369003
Felucca,3072,0,3162,17,0,9,17,2369003
Felucca,3072,0,3161,18,0,9,17,2369003
Felucca,3072,0,3179,18,0,9,17,2369003
Felucca,3072,0,3158,23,0,9,17,2369003
Felucca,3072,0,3157,24,0,9,17,2369003
Felucca,3072,0,3156,25,0,9,17,2369003
Felucca,3072,0,3155,27,0,9,17,2369003
Felucca,3072,0,3154,28,0,9,17,2369003
Felucca,3072,0,3161,46,2,9,17,2369003
Felucca,3072,0,3108,48,0,9,17,2369003
Felucca,3072,0,3138,49,0,9,17,2369003
Felucca,3072,0,3107,50,0,9,17,2369003
Felucca,3072,0,3160,50,4,9,17,2369003
Felucca,3072,0,3106,51,0,9,17,2369003
Felucca,3072,0,3137,52,0,9,17,2369003
Felucca,3072,0,3136,53,0,9,17,2369003
Felucca,3072,0,3157,54,4,9,17,2369003
Felucca,3072,0,3134,55,0,9,17,2369003
Felucca,3072,0,3154,59,4,9,17,2369003
Felucca,3072,0,3148,61,2,9,17,2369003
Felucca,3072,0,3166,67,4,9,17,2369003
Felucca,3072,0,3180,70,0,9,17,2369003
Felucca,3072,0,3176,72,2,9,17,2369003
Felucca,3072,128,3128,163,0,9,17,2369003
Felucca,3072,128,3125,164,0,9,17,2369003
Felucca,3072,128,3122,166,2,9,17,2369003
Felucca,3072,128,3121,168,2,9,17,2369003
Felucca,3072,128,3120,170,2,9,17,2369003
Felucca,3072,128,3119,172,2,9,17,2369003
Felucca,3072,128,3118,175,2,9,17,2369003
Felucca,3072,128,3117,182,2,9,17,2369003
Felucca,3072,128,3190,232,0,9,17,2369003
Felucca,3072,256,3188,298,1,9,17,2369003
Felucca,3072,256,3186,300,2,9,17,2369003
Felucca,3072,256,3175,307,0,9,17,2369003
Felucca,3072,256,3171,308,0,9,17,2369003
Felucca,3072,256,3168,319,0,9,17,2369003
Felucca,3072,256,3189,319,4,9,17,2369003
Felucca,3072,256,3183,324,2,9,17,2369003
Felucca,3072,256,3165,326,0,9,17,2369003
Felucca,3072,256,3108,330,0,9,17,2369003
Felucca,3072,256,3124,339,0,9,17,2369003
Felucca,3072,256,3117,340,0,9,17,2369003
Felucca,3072,256,3182,341,2,9,17,2369003
Felucca,3072,256,3181,342,2,9,17,2369003
Felucca,3072,256,3180,343,3,9,17,2369003
Felucca,3072,256,3179,344,2,9,17,2369003
Felucca,3072,256,3178,345,2,9,17,2369003
Felucca,3072,256,3177,348,2,9,17,2369003
Felucca,3072,256,3134,353,0,9,17,2369003
Felucca,3072,256,3127,359,0,9,17,2369003
Felucca,3072,256,3143,360,0,9,17,2369003
Felucca,3072,256,3165,361,2,9,17,2369003
Felucca,3072,256,3152,362,0,9,17,2369003
Felucca,3072,512,3166,586,8,9,17,2369003
Felucca,3072,512,3165,588,8,9,17,2369003
Felucca,3072,512,3161,589,8,9,17,2369003
Felucca,3072,512,3154,596,8,9,17,2369003
Felucca,3072,512,3153,605,8,9,17,2369003
Felucca,3072,512,3168,608,8,9,17,2369003
Felucca,3072,512,3185,609,8,9,17,2369003
Felucca,3072,512,3184,610,8,9,17,2369003
Felucca,3072,512,3163,611,8,9,17,2369003
Felucca,3072,512,3162,613,8,9,17,2369003
Felucca,3072,640,3166,739,5,9,17,2369003
Felucca,3072,768,3148,768,0,9,17,2369003
Felucca,3072,768,3161,768,0,9,17,2369003
Felucca,3072,768,3170,768,0,9,17,2369003
Felucca,3072,768,3179,768,0,9,17,2369003
Felucca,3072,768,3147,771,0,9,17,2369003
Felucca,3072,768,3188,779,0,9,17,2369003
Felucca,3072,768,3157,781,0,9,17,2369003
Felucca,3072,768,3156,785,0,9,17,2369003
Felucca,3072,768,3166,785,0,9,17,2369003
Felucca,3072,768,3175,785,0,9,17,2369003
Felucca,3200,0,3265,92,0,9,17,2369003
Felucca,3200,0,3275,100,0,9,17,2369003
Felucca,3200,0,3284,108,0,9,17,2369003
Felucca,3200,128,3239,146,0,9,17,2369003
Felucca,3200,128,3280,231,0,9,17,2369003
Felucca,3200,128,3317,235,0,9,17,2369003
Felucca,3200,128,3316,238,-2,9,17,2369003
Felucca,3200,256,3214,280,0,9,17,2369003
Felucca,3200,256,3223,280,0,9,17,2369003
Felucca,3200,512,3213,559,5,9,17,2369003
Felucca,3200,512,3223,569,5,9,17,2369003
Felucca,3200,512,3292,611,0,9,17,2369003
Felucca,3200,512,3261,617,0,9,17,2369003
Felucca,3200,512,3251,620,0,9,17,2369003
Felucca,3200,640,3239,640,0,9,17,2369003
Felucca,3200,640,3248,640,0,9,17,2369003
Felucca,3200,640,3238,642,0,9,17,2369003
Felucca,3200,640,3233,649,0,9,17,2369003
Felucca,3200,640,3247,657,0,9,17,2369003
Felucca,3200,640,3242,659,0,9,17,2369003
Felucca,3200,640,3229,664,0,9,17,2369003
Felucca,3200,640,3238,666,0,9,17,2369003
Felucca,3200,640,3228,667,0,9,17,2369003
Felucca,3200,640,3227,669,0,9,17,2369003
Felucca,3200,640,3209,673,0,9,17,2369003
Felucca,3200,640,3289,673,0,9,17,2369003
Felucca,3200,640,3218,674,0,9,17,2369003
Felucca,3200,640,3288,676,-2,9,17,2369003
Felucca,3200,640,3227,686,0,9,17,2369003
Felucca,3200,640,3287,688,0,9,17,2369003
Felucca,3200,640,3286,690,1,9,17,2369003
Felucca,3200,640,3209,691,0,9,17,2369003
Felucca,3200,640,3219,691,0,9,17,2369003
Felucca,3200,640,3285,692,0,9,17,2369003
Felucca,3200,640,3218,698,0,9,17,2369003
Felucca,3200,640,3214,708,0,9,17,2369003
Felucca,3200,640,3205,740,0,9,17,2369003
Felucca,3328,128,3364,183,-1,9,17,2369003
Felucca,3328,128,3363,184,0,9,17,2369003
Felucca,3328,128,3355,191,0,9,17,2369003
Felucca,3328,128,3352,192,0,9,17,2369003
Felucca,3328,128,3338,209,0,9,17,2369003
Felucca,3328,128,3328,210,0,9,17,2369003
Felucca,3328,128,3328,227,0,9,17,2369003
Felucca,3328,128,3337,227,0,9,17,2369003
Felucca,3328,256,3408,264,0,9,17,2369003
Felucca,3328,256,3407,265,2,9,17,2369003
Felucca,3328,256,3335,328,4,9,17,2369003
Felucca,3328,256,3333,329,4,9,17,2369003
Felucca,3328,256,3332,334,4,9,17,2369003
Felucca,3328,256,3347,340,4,9,17,2369003
Felucca,3328,256,3346,342,4,9,17,2369003
Felucca,3328,256,3341,346,4,9,17,2369003
Felucca,3328,384,3445,442,0,9,17,2369003
Felucca,3328,384,3444,445,0,9,17,2369003
Felucca,3328,384,3443,454,0,9,17,2369003
Felucca,3328,384,3440,461,0,9,17,2369003
Felucca,3328,384,3439,465,0,9,17,2369003
Felucca,3328,640,3417,640,0,9,17,2369003
Felucca,3328,640,3426,640,0,9,17,2369003
Felucca,3328,640,3328,643,0,9,17,2369003
Felucca,3328,640,3415,643,0,9,17,2369003
Felucca,3328,640,3409,649,0,9,17,2369003
Felucca,3328,640,3408,652,0,9,17,2369003
Felucca,3328,640,3405,654,0,9,17,2369003
Felucca,3328,2560,3411,2597,47,9,17,2369003
Felucca,3328,2560,3402,2623,47,9,17,2369003
Felucca,3328,2560,3401,2624,47,9,17,2369003
Felucca,3328,2560,3400,2625,47,9,17,2369003
Felucca,3328,2560,3417,2628,48,9,17,2369003
Felucca,3328,2560,3412,2647,49,9,17,2369003
Felucca,3328,2560,3409,2650,50,9,17,2369003
Felucca,3328,2688,3405,2689,48,9,17,2369003
Felucca,3456,128,3457,128,0,9,17,2369003
Felucca,3456,128,3466,136,0,9,17,2369003
Felucca,3456,256,3509,281,0,9,17,2369003
Felucca,3456,256,3508,282,0,9,17,2369003
Felucca,3456,256,3507,283,0,9,17,2369003
Felucca,3456,256,3500,289,0,9,17,2369003
Felucca,3456,256,3498,290,0,9,17,2369003
Felucca,3456,256,3496,292,0,9,17,2369003
Felucca,3456,256,3489,307,0,9,17,2369003
Felucca,3456,256,3496,349,0,9,17,2369003
Felucca,3456,384,3465,409,0,9,17,2369003
Felucca,3456,384,3464,410,0,9,17,2369003
Felucca,3456,1152,3561,1178,0,9,17,2209002
Felucca,3456,1152,3534,1193,0,9,17,2209002
Felucca,3456,1152,3568,1195,0,9,17,2209002
Felucca,3456,1152,3560,1205,0,9,17,2209002
Felucca,3456,1152,3557,1208,0,9,17,2209002
Felucca,3456,2304,3494,2409,46,9,17,2369003
Felucca,3456,2304,3493,2410,46,9,17,2369003
Felucca,3456,2304,3492,2411,46,9,17,2369003
Felucca,3456,2304,3491,2412,46,9,17,2369003
Felucca,3456,2304,3490,2414,46,9,17,2369003
Felucca,3456,2432,3493,2437,46,9,17,2210002
Felucca,3456,2432,3543,2475,21,9,17,2210002
Felucca,3456,2432,3542,2476,21,9,17,2210002
Felucca,3456,2432,3456,2512,48,9,17,2210002
Felucca,3584,1024,3689,1086,0,9,17,2209002
Felucca,3584,1152,3638,1155,0,9,17,2209002
Felucca,3584,1152,3673,1163,0,9,17,2209002
Felucca,3584,1152,3643,1176,0,9,17,2209002
Felucca,3584,1152,3702,1184,0,9,17,2209002
Felucca,3584,1152,3700,1185,0,9,17,2209002
Felucca,3584,1152,3688,1188,0,9,17,2209002
Felucca,3584,1152,3697,1188,0,9,17,2209002
Felucca,3584,1152,3642,1189,0,9,17,2209002
Felucca,3584,1152,3636,1190,0,9,17,2209002
Felucca,3584,1152,3633,1194,0,9,17,2209002
Felucca,3584,1152,3632,1195,0,9,17,2209002
Felucca,3584,1152,3633,1212,0,9,17,2209002
Felucca,3584,1152,3608,1217,0,9,17,2209002
Felucca,3584,1152,3632,1228,0,9,17,2209002
Felucca,3584,1152,3632,1245,0,9,17,2209002
Felucca,3584,1152,3627,1248,0,9,17,2209002
Felucca,3584,1152,3625,1249,0,9,17,2209002
Felucca,3584,1280,3696,1312,0,9,17,2209002
Felucca,3584,1280,3658,1319,0,9,17,2209002
Felucca,3584,2048,3689,2048,5,9,17,2206002
Felucca,3584,2048,3698,2048,5,9,17,2206002
Felucca,3584,2048,3688,2049,6,9,17,2206002
Felucca,3584,2048,3687,2053,7,9,17,2206002
Felucca,3584,2048,3686,2054,7,9,17,2206002
Felucca,3584,2048,3655,2055,25,9,17,2206002
Felucca,3584,2048,3685,2055,6,9,17,2206002
Felucca,3584,2048,3683,2056,6,9,17,2206002
Felucca,3584,2048,3647,2057,25,9,17,2206002
Felucca,3584,2048,3682,2057,6,9,17,2206002
Felucca,3584,2048,3681,2058,7,9,17,2206002
Felucca,3584,2048,3668,2071,20,9,17,2206002
Felucca,3584,2048,3645,2077,25,9,17,2206002
Felucca,3584,2048,3635,2080,25,9,17,2206002
Felucca,3584,2048,3644,2080,25,9,17,2206002
Felucca,3584,2048,3702,2080,3,9,17,2206002
Felucca,3584,2048,3684,2082,5,9,17,2206002
Felucca,3584,2048,3693,2082,5,9,17,2206002
Felucca,3584,2048,3654,2124,22,9,17,2206002
Felucca,3584,2048,3674,2124,20,9,17,2206002
Felucca,3584,2048,3685,2124,25,9,17,2206002
Felucca,3584,2048,3694,2124,25,9,17,2206002
Felucca,3584,2048,3663,2125,20,9,17,2206002
Felucca,3584,2048,3672,2140,20,9,17,2206002
Felucca,3584,2048,3660,2141,20,9,17,2206002
Felucca,3584,2048,3669,2142,20,9,17,2206002
Felucca,3584,2048,3689,2144,20,9,17,2206002
Felucca,3584,2048,3698,2144,20,9,17,2206002
Felucca,3584,2048,3681,2147,20,9,17,2206002
Felucca,3584,2048,3678,2157,20,9,17,2206002
Felucca,3584,2176,3627,2176,29,9,17,2206002
Felucca,3584,2176,3636,2176,29,9,17,2206002
Felucca,3584,2176,3676,2176,20,9,17,2206002
Felucca,3584,2176,3685,2176,20,9,17,2206002
Felucca,3584,2176,3694,2176,20,9,17,2206002
Felucca,3584,2176,3675,2184,20,9,17,2206002
Felucca,3584,2176,3655,2190,25,9,17,2206002
Felucca,3584,2176,3664,2190,25,9,17,2206002
Felucca,3584,2176,3628,2195,27,9,17,2206002
Felucca,3584,2176,3637,2195,27,9,17,2206002
Felucca,3584,2176,3675,2201,20,9,17,2206002
Felucca,3584,2176,3653,2210,20,9,17,2206002
Felucca,3584,2176,3662,2210,20,9,17,2206002
Felucca,3584,2176,3671,2210,20,9,17,2206002
Felucca,3584,2176,3650,2213,20,9,17,2206002
Felucca,3584,2176,3680,2218,20,9,17,2206002
Felucca,3584,2176,3693,2223,20,9,17,2206002
Felucca,3584,2176,3702,2223,20,9,17,2206002
Felucca,3584,2176,3689,2224,20,9,17,2206002
Felucca,3584,2176,3659,2227,20,9,17,2206002
Felucca,3584,2176,3668,2227,20,9,17,2206002
Felucca,3584,2176,3655,2230,20,9,17,2206002
Felucca,3584,2432,3625,2476,0,9,17,2210002
Felucca,3584,2432,3617,2481,0,9,17,2210002
Felucca,3584,2432,3649,2481,0,9,17,2210002
Felucca,3584,2432,3677,2481,0,9,17,2210002
Felucca,3584,2432,3597,2482,0,9,17,2210002
Felucca,3584,2432,3617,2498,0,9,17,2210002
Felucca,3584,2432,3677,2498,0,9,17,2210002
Felucca,3584,2432,3626,2506,0,9,17,2210002
Felucca,3584,2432,3673,2506,0,9,17,2210002
Felucca,3584,2432,3645,2513,0,9,17,2210002
Felucca,3584,2432,3641,2527,0,9,17,2210002
Felucca,3584,2432,3650,2537,0,9,17,2210002
Felucca,3584,2560,3645,2560,0,9,17,2210002
Felucca,3584,2560,3673,2560,0,9,17,2210002
Felucca,3584,2560,3609,2585,0,9,17,2210002
Felucca,3584,2560,3649,2593,0,9,17,2210002
Felucca,3584,2560,3645,2601,0,9,17,2210002
Felucca,3584,2560,3609,2602,0,9,17,2210002
Felucca,3584,2560,3701,2604,20,9,17,2210002
Felucca,3584,2560,3642,2608,0,9,17,2210002
Felucca,3584,2560,3633,2610,0,9,17,2210002
Felucca,3584,2560,3700,2617,20,9,17,2210002
Felucca,3584,2560,3651,2618,0,9,17,2210002
Felucca,3584,2560,3646,2625,0,9,17,2210002
Felucca,3584,2688,3697,2695,20,9,17,2369003
Felucca,3584,2816,3643,2845,61,9,17,2369003
Felucca,3712,1152,3758,1152,0,9,17,2209002
Felucca,3712,1152,3757,1156,0,9,17,2209002
Felucca,3712,1152,3756,1165,0,9,17,2209002
Felucca,3712,1152,3785,1176,0,9,17,2209002
Felucca,3712,1152,3784,1177,0,9,17,2209002
Felucca,3712,1152,3714,1187,0,9,17,2209002
Felucca,3712,1152,3713,1192,0,9,17,2209002
Felucca,3712,1152,3712,1194,0,9,17,2209002
Felucca,3712,1152,3783,1196,0,9,17,2209002
Felucca,3712,1152,3784,1242,0,9,17,2209002
Felucca,3712,1152,3796,1255,0,9,17,2209002
Felucca,3712,1152,3785,1259,0,9,17,2209002
Felucca,3712,1280,3776,1280,0,9,17,2209002
Felucca,3712,1280,3715,1327,0,9,17,2209002
Felucca,3712,1280,3752,1328,0,9,17,2209002
Felucca,3712,1280,3761,1339,0,9,17,2209002
Felucca,3712,1280,3731,1370,0,9,17,2209002
Felucca,3712,2048,3733,2048,5,9,17,2206002
Felucca,3712,2048,3749,2063,25,9,17,2206002
Felucca,3712,2048,3758,2063,25,9,17,2206002
Felucca,3712,2048,3748,2064,25,9,17,2206002
Felucca,3712,2048,3733,2065,5,9,17,2206002
Felucca,3712,2048,3729,2069,5,9,17,2206002
Felucca,3712,2048,3727,2070,5,9,17,2206002
Felucca,3712,2048,3712,2079,5,9,17,2206002
Felucca,3712,2048,3721,2079,5,9,17,2206002
Felucca,3712,2048,3764,2083,25,9,17,2206002
Felucca,3712,2048,3773,2083,25,9,17,2206002
Felucca,3712,2048,3749,2084,20,9,17,2206002
Felucca,3712,2048,3741,2100,19,9,17,2206002
Felucca,3712,2048,3750,2101,20,9,17,2206002
Felucca,3712,2048,3759,2103,20,9,17,2206002
Felucca,3712,2048,3768,2103,20,9,17,2206002
Felucca,3712,2048,3784,2107,30,9,17,2206002
Felucca,3712,2048,3793,2107,30,9,17,2206002
Felucca,3712,2048,3715,2113,18,9,17,2206002
Felucca,3712,2048,3734,2113,20,9,17,2206002
Felucca,3712,2048,3712,2114,20,9,17,2206002
Felucca,3712,2048,3724,2117,20,9,17,2206002
Felucca,3712,2048,3747,2121,25,9,17,2206002
Felucca,3712,2048,3765,2121,25,9,17,2206002
Felucca,3712,2048,3774,2121,25,9,17,2206002
Felucca,3712,2048,3746,2122,25,9,17,2206002
Felucca,3712,2048,3733,2125,20,9,17,2206002
Felucca,3712,2048,3785,2128,25,9,17,2206002
Felucca,3712,2048,3794,2129,25,9,17,2206002
Felucca,3712,2048,3721,2130,20,9,17,2206002
Felucca,3712,2048,3712,2131,20,9,17,2206002
Felucca,3712,2048,3730,2134,20,9,17,2206002
Felucca,3712,2048,3721,2147,20,9,17,2206002
Felucca,3712,2048,3712,2148,20,9,17,2206002
Felucca,3712,2048,3730,2151,20,9,17,2206002
Felucca,3712,2176,3712,2176,20,9,17,2206002
Felucca,3712,2176,3721,2176,20,9,17,2206002
Felucca,3712,2176,3739,2188,20,9,17,2206002
Felucca,3712,2176,3712,2193,20,9,17,2206002
Felucca,3712,2176,3721,2193,20,9,17,2206002
Felucca,3712,2176,3739,2205,20,9,17,2206002
Felucca,3712,2176,3730,2208,20,9,17,2206002
Felucca,3712,2176,3712,2210,20,9,17,2206002
Felucca,3712,2176,3721,2210,20,9,17,2206002
Felucca,3712,2176,3739,2222,20,9,17,2206002
Felucca,3712,2176,3730,2225,20,9,17,2206002
Felucca,3712,2176,3719,2227,20,9,17,2206002
Felucca,3712,2176,3728,2227,20,9,17,2206002
Felucca,3712,2560,3726,2574,38,9,17,2210002
Felucca,3712,2560,3735,2574,40,9,17,2210002
Felucca,3712,2560,3725,2581,40,9,17,2210002
Felucca,3712,2560,3734,2591,40,9,17,2210002
Felucca,3712,2560,3743,2591,40,9,17,2210002
Felucca,3712,2560,3727,2598,40,9,17,2210002
Felucca,3712,2560,3712,2604,20,9,17,2210002
Felucca,3712,2560,3736,2608,40,9,17,2210002
Felucca,3712,2560,3712,2621,20,9,17,2210002
Felucca,3712,2560,3740,2638,40,9,17,2210002
Felucca,3712,2560,3738,2646,40,9,17,2210002
Felucca,3712,2560,3732,2647,40,9,17,2210002
Felucca,3712,2560,3749,2653,40,9,17,2210002
Felucca,3712,2560,3747,2655,40,9,17,2210002
Felucca,3712,2560,3730,2656,40,9,17,2210002
Felucca,3712,2688,3746,2689,40,9,17,2210002
Felucca,3712,2688,3745,2694,40,9,17,2210002
Felucca,3712,2688,3741,2701,40,9,17,2210002
Felucca,3712,2688,3739,2704,40,9,17,2210002
Felucca,3712,2688,3780,2755,5,9,17,2210002
Felucca,3840,128,3904,197,0,9,17,2369003
Felucca,3840,128,3903,198,0,9,17,2369003
Felucca,3840,128,3902,199,0,9,17,2369003
Felucca,3840,128,3928,199,0,9,17,2369003
Felucca,3840,128,3900,200,0,9,17,2369003
Felucca,3840,128,3927,200,0,9,17,2369003
Felucca,3840,128,3926,201,0,9,17,2369003
Felucca,3840,128,3899,202,0,9,17,2369003
Felucca,3840,128,3898,203,0,9,17,2369003
Felucca,3840,128,3897,204,0,9,17,2369003
Felucca,3840,128,3925,205,0,9,17,2369003
Felucca,3840,128,3896,206,0,9,17,2369003
Felucca,3840,128,3893,208,-1,9,17,2369003
Felucca,3840,128,3923,208,0,9,17,2369003
Felucca,3840,128,3892,211,0,9,17,2369003
Felucca,3840,128,3937,211,0,9,17,2369003
Felucca,3840,128,3922,212,1,9,17,2369003
Felucca,3840,128,3921,213,2,9,17,2369003
Felucca,3840,128,3891,214,0,9,17,2369003
Felucca,3840,128,3946,214,0,9,17,2369003
Felucca,3840,128,3955,214,0,9,17,2369003
Felucca,3840,128,3890,215,0,9,17,2369003
Felucca,3840,128,3918,216,2,9,17,2369003
Felucca,3840,128,3936,216,0,9,17,2369003
Felucca,3840,128,3889,217,0,9,17,2369003
Felucca,3840,128,3917,217,1,9,17,2369003
Felucca,3840,128,3935,217,0,9,17,2369003
Felucca,3840,128,3888,218,0,9,17,2369003
Felucca,3840,128,3913,218,0,9,17,2369003
Felucca,3840,128,3934,218,0,9,17,2369003
Felucca,3840,128,3887,220,0,9,17,2369003
Felucca,3840,128,3886,222,0,9,17,2369003
Felucca,3840,128,3932,222,0,9,17,2369003
Felucca,3840,128,3885,223,0,9,17,2369003
Felucca,3840,128,3931,225,0,9,17,2369003
Felucca,3840,128,3884,226,0,9,17,2369003
Felucca,3840,128,3945,228,0,9,17,2369003
Felucca,3840,128,3883,229,0,9,17,2369003
Felucca,3840,128,3930,229,0,9,17,2369003
Felucca,3840,128,3882,230,0,9,17,2369003
Felucca,3840,128,3927,230,0,9,17,2369003
Felucca,3840,128,3954,231,0,9,17,2369003
Felucca,3840,128,3881,232,0,9,17,2369003
Felucca,3840,128,3880,233,0,9,17,2369003
Felucca,3840,128,3944,233,0,9,17,2369003
Felucca,3840,128,3879,234,0,9,17,2369003
Felucca,3840,128,3897,234,0,9,17,2369003
Felucca,3840,128,3911,234,0,9,17,2369003
Felucca,3840,128,3943,234,0,9,17,2369003
Felucca,3840,128,3878,235,0,9,17,2369003
Felucca,3840,128,3896,235,0,9,17,2369003
Felucca,3840,128,3910,235,0,9,17,2369003
Felucca,3840,128,3941,235,0,9,17,2369003
Felucca,3840,128,3877,236,0,9,17,2369003
Felucca,3840,128,3906,236,0,9,17,2369003
Felucca,3840,128,3876,237,0,9,17,2369003
Felucca,3840,128,3895,237,0,9,17,2369003
Felucca,3840,128,3875,238,0,9,17,2369003
Felucca,3840,256,3871,256,0,9,17,2369003
Felucca,3840,256,3880,256,0,9,17,2369003
Felucca,3840,256,3889,256,0,9,17,2369003
Felucca,3840,256,3898,256,0,9,17,2369003
Felucca,3840,256,3907,256,0,9,17,2369003
Felucca,3840,256,3916,256,0,9,17,2369003
Felucca,3840,256,3925,256,0,9,17,2369003
Felucca,3840,256,3885,273,0,9,17,2369003
Felucca,3840,256,3894,273,0,9,17,2369003
Felucca,3840,256,3903,273,0,9,17,2369003
Felucca,3840,256,3924,273,0,9,17,2369003
Felucca,3840,256,3923,278,1,9,17,2369003
Felucca,3840,256,3922,279,2,9,17,2369003
Felucca,3840,256,3919,282,2,9,17,2369003
Felucca,3840,256,3912,283,0,9,17,2369003
Felucca,3840,256,3906,290,0,9,17,2369003
Felucca,3840,256,3932,292,0,9,17,2369003
Felucca,3840,256,3931,295,0,9,17,2369003
Felucca,3840,256,3928,296,0,9,17,2369003
Felucca,3840,256,3921,299,0,9,17,2369003
Felucca,3840,256,3915,300,0,9,17,2369003
Felucca,3840,256,3909,307,0,9,17,2369003
Felucca,3840,256,3940,314,0,9,17,2369003
Felucca,3840,256,3924,316,0,9,17,2369003
Felucca,3840,256,3918,317,0,9,17,2369003
Felucca,3840,256,3939,320,1,9,17,2369003
Felucca,3840,256,3938,321,2,9,17,2369003
Felucca,3840,256,3910,324,0,9,17,2369003
Felucca,3840,256,3935,324,2,9,17,2369003
Felucca,3840,256,3934,325,1,9,17,2369003
Felucca,3840,256,3909,326,-1,9,17,2369003
Felucca,3840,256,3933,326,0,9,17,2369003
Felucca,3840,256,3927,333,0,9,17,2369003
Felucca,3840,256,3948,333,0,9,17,2369003
Felucca,3840,256,3919,334,0,9,17,2369003
Felucca,3840,256,3947,337,0,9,17,2369003
Felucca,3840,256,3944,338,0,9,17,2369003
Felucca,3840,256,3918,341,0,9,17,2369003
Felucca,3840,256,3943,341,0,9,17,2369003
Felucca,3840,256,3942,342,0,9,17,2369003
Felucca,3840,256,3909,343,0,9,17,2369003
Felucca,3840,256,3936,343,0,9,17,2369003
Felucca,3840,256,3908,350,0,9,17,2369003
Felucca,3840,256,3928,350,0,9,17,2369003
Felucca,3840,256,3956,350,0,9,17,2369003
Felucca,3840,256,3907,351,-1,9,17,2369003
Felucca,3840,256,3927,351,0,9,17,2369003
Felucca,3840,256,3953,354,0,9,17,2369003
Felucca,3840,256,3952,355,0,9,17,2369003
Felucca,3840,256,3906,356,0,9,17,2369003
Felucca,3840,256,3921,358,2,9,17,2369003
Felucca,3840,256,3951,358,0,9,17,2369003
Felucca,3840,256,3945,359,0,9,17,2369003
Felucca,3840,256,3937,360,0,9,17,2369003
Felucca,3840,256,3920,362,1,9,17,2369003
Felucca,3840,256,3917,363,0,9,17,2369003
Felucca,3840,384,3903,384,0,9,17,2369003
Felucca,3840,384,3912,384,0,9,17,2369003
Felucca,3840,384,3921,384,0,9,17,2369003
Felucca,3840,384,3930,384,0,9,17,2369003
Felucca,3840,384,3939,384,0,9,17,2369003
Felucca,3840,384,3952,384,1,9,17,2369003
Felucca,3840,384,3948,385,0,9,17,2369003
Felucca,3840,384,3902,387,0,9,17,2369003
Felucca,3840,384,3901,400,0,9,17,2369003
Felucca,3840,384,3911,401,0,9,17,2369003
Felucca,3840,384,3927,401,2,9,17,2369003
Felucca,3840,384,3936,401,0,9,17,2369003
Felucca,3840,384,3953,402,0,9,17,2369003
Felucca,3840,384,3900,403,0,9,17,2369003
Felucca,3840,384,3910,404,0,9,17,2369003
Felucca,3840,384,3924,404,2,9,17,2369003
Felucca,3840,384,3923,405,1,9,17,2369003
Felucca,3840,384,3899,406,0,9,17,2369003
Felucca,3840,384,3920,406,0,9,17,2369003
Felucca,3840,384,3898,411,0,9,17,2369003
Felucca,3840,384,3897,414,0,9,17,2369003
Felucca,3840,384,3896,416,0,9,17,2369003
Felucca,3840,384,3909,417,0,9,17,2369003
Felucca,3840,384,3919,418,0,9,17,2369003
Felucca,3840,384,3893,419,0,9,17,2369003
Felucca,3840,384,3918,421,0,9,17,2369003
Felucca,3840,384,3909,434,2,9,17,2369003
Felucca,3840,384,3898,437,0,9,17,2369003
Felucca,3840,384,3907,438,1,9,17,2369003
Felucca,3840,384,3907,455,0,9,17,2369003
Felucca,3840,384,3933,481,0,9,17,2369003
Felucca,3840,384,3942,487,0,9,17,2369003
Felucca,3840,384,3951,490,0,9,17,2369003
Felucca,3840,512,3948,512,0,9,17,2369003
Felucca,3840,512,3957,512,0,9,17,2369003
Felucca,3968,128,3989,180,0,9,17,2369003
Felucca,3968,128,3988,182,0,9,17,2369003
Felucca,3968,128,3987,184,0,9,17,2369003
Felucca,3968,128,3985,186,0,9,17,2369003
Felucca,3968,128,3984,188,0,9,17,2369003
Felucca,3968,128,4003,188,0,9,17,2369003
Felucca,3968,128,3983,189,0,9,17,2369003
Felucca,3968,128,3982,190,0,9,17,2369003
Felucca,3968,128,4012,191,0,9,17,2369003
Felucca,3968,128,3979,192,0,9,17,2369003
Felucca,3968,128,3978,193,0,9,17,2369003
Felucca,3968,128,3977,195,0,9,17,2369003
Felucca,3968,128,4021,195,0,9,17,2369003
Felucca,3968,128,3976,197,0,9,17,2369003
Felucca,3968,128,4002,197,1,9,17,2369003
Felucca,3968,128,3975,198,0,9,17,2369003
Felucca,3968,128,3998,198,2,9,17,2369003
Felucca,3968,128,3974,199,0,9,17,2369003
Felucca,3968,128,3972,200,0,9,17,2369003
Felucca,3968,128,3997,201,1,9,17,2369003
Felucca,3968,128,3994,202,0,9,17,2369003
Felucca,3968,128,3971,203,0,9,17,2369003
Felucca,3968,128,3993,203,0,9,17,2369003
Felucca,3968,128,3970,204,0,9,17,2369003
Felucca,3968,128,3992,205,0,9,17,2369003
Felucca,3968,128,4011,205,0,9,17,2369003
Felucca,3968,128,3969,206,0,9,17,2369003
Felucca,3968,128,3991,206,0,9,17,2369003
Felucca,3968,128,3968,207,0,9,17,2369003
Felucca,3968,128,3988,207,0,9,17,2369003
Felucca,3968,128,4030,207,0,9,17,2369003
Felucca,3968,128,4020,208,0,9,17,2369003
Felucca,3968,128,3987,209,0,9,17,2369003
Felucca,3968,128,3986,210,0,9,17,2369003
Felucca,3968,128,3985,212,0,9,17,2369003
Felucca,3968,128,4029,212,0,9,17,2369003
Felucca,3968,128,3984,214,0,9,17,2369003
Felucca,3968,128,4007,214,0,9,17,2369003
Felucca,3968,128,3983,215,0,9,17,2369003
Felucca,3968,128,4006,215,0,9,17,2369003
Felucca,3968,128,3981,216,0,9,17,2369003
Felucca,3968,128,3980,217,0,9,17,2369003
Felucca,3968,128,4003,218,0,9,17,2369003
Felucca,3968,128,4002,219,0,9,17,2369003
Felucca,3968,128,3979,220,0,9,17,2369003
Felucca,3968,128,4001,220,0,9,17,2369003
Felucca,3968,128,3978,221,0,9,17,2369003
Felucca,3968,128,4000,222,0,9,17,2369003
Felucca,3968,128,4017,222,0,9,17,2369003
Felucca,3968,128,3977,223,0,9,17,2369003
Felucca,3968,128,3997,223,0,9,17,2369003
Felucca,3968,128,3969,224,0,9,17,2369003
Felucca,3968,128,3996,224,0,9,17,2369003
Felucca,3968,128,4026,225,0,9,17,2369003
Felucca,3968,128,3995,226,0,9,17,2369003
Felucca,3968,128,3994,227,0,9,17,2369003
Felucca,3968,128,3993,229,0,9,17,2369003
Felucca,3968,128,4035,229,0,9,17,2369003
Felucca,3968,128,3992,231,0,9,17,2369003
Felucca,3968,128,3990,232,0,9,17,2369003
Felucca,3968,128,3968,233,1,9,17,2369003
Felucca,3968,128,3989,233,0,9,17,2369003
Felucca,3968,128,3988,234,0,9,17,2369003
Felucca,3968,128,3987,237,0,9,17,2369003
Felucca,3968,128,3986,238,0,9,17,2369003
Felucca,3968,512,3970,512,2,9,17,2369003
Felucca,3968,512,3979,512,0,9,17,2369003
Felucca,3968,512,3988,512,0,9,17,2369003
Felucca,3968,512,3997,512,0,9,17,2369003
Felucca,3968,512,4006,512,0,9,17,2369003
Felucca,3968,512,4015,512,0,9,17,2369003
Felucca,3968,512,4024,512,0,9,17,2369003
Felucca,3968,512,4033,512,0,9,17,2369003
Felucca,3968,512,4042,512,0,9,17,2369003
Felucca,3968,512,4051,512,0,9,17,2369003
Felucca,3968,512,4060,512,0,9,17,2369003
Felucca,3968,512,4069,512,0,9,17,2369003
Felucca,3968,512,4078,512,0,9,17,2369003
Felucca,3968,512,3968,513,1,9,17,2369003
Felucca,3968,512,3977,529,0,9,17,2369003
Felucca,3968,512,3986,529,0,9,17,2369003
Felucca,3968,512,3995,529,0,9,17,2369003
Felucca,3968,512,4004,529,0,9,17,2369003
Felucca,3968,512,4018,529,0,9,17,2369003
Felucca,3968,512,4042,529,0,9,17,2369003
Felucca,3968,512,4051,529,0,9,17,2369003
Felucca,3968,512,4060,529,0,9,17,2369003
Felucca,3968,512,4069,529,0,9,17,2369003
Felucca,3968,512,4078,529,0,9,17,2369003
Felucca,3968,512,3968,530,0,9,17,2369003
Felucca,3968,512,4017,532,1,9,17,2369003
Felucca,3968,512,4016,533,2,9,17,2369003
Felucca,3968,512,4013,536,2,9,17,2369003
Felucca,3968,512,4027,541,0,9,17,2369003
Felucca,3968,512,3977,546,0,9,17,2369003
Felucca,3968,512,3986,546,0,9,17,2369003
Felucca,3968,512,3995,546,0,9,17,2369003
Felucca,3968,512,4004,546,0,9,17,2369003
Felucca,3968,512,4026,546,0,9,17,2369003
Felucca,3968,512,4064,546,0,9,17,2369003
Felucca,3968,512,4073,546,0,9,17,2369003
Felucca,3968,512,3976,547,0,9,17,2369003
Felucca,3968,512,4025,549,0,9,17,2369003
Felucca,3968,512,4022,550,0,9,17,2369003
Felucca,3968,512,4084,551,2,9,17,2369003
Felucca,3968,512,4083,552,1,9,17,2369003
Felucca,3968,512,4013,553,0,9,17,2369003
Felucca,3968,512,4082,553,0,9,17,2369003
Felucca,3968,512,3985,563,0,9,17,2369003
Felucca,3968,512,3994,563,0,9,17,2369003
Felucca,3968,512,4010,563,0,9,17,2369003
Felucca,3968,512,4064,563,0,9,17,2369003
Felucca,3968,512,4073,563,0,9,17,2369003
Felucca,3968,512,3982,564,0,9,17,2369003
Felucca,3968,512,4022,567,0,9,17,2369003
Felucca,3968,512,4063,567,0,9,17,2369003
Felucca,3968,512,4062,568,0,9,17,2369003
Felucca,3968,512,4019,570,0,9,17,2369003
Felucca,3968,512,4031,570,0,9,17,2369003
Felucca,3968,512,4082,570,0,9,17,2369003
Felucca,3968,512,4061,571,0,9,17,2369003
Felucca,3968,512,4060,573,0,9,17,2369003
Felucca,3968,512,4009,574,1,9,17,2369003
Felucca,3968,512,4057,574,0,9,17,2369003
Felucca,3968,512,4008,575,2,9,17,2369003
Felucca,3968,512,4056,575,0,9,17,2369003
Felucca,3968,512,4040,576,0,9,17,2369003
Felucca,3968,512,4055,576,0,9,17,2369003
Felucca,3968,512,4005,578,2,9,17,2369003
Felucca,3968,512,4053,578,0,9,17,2369003
Felucca,3968,512,4004,579,1,9,17,2369003
Felucca,3968,512,4052,579,0,9,17,2369003
Felucca,3968,512,3991,580,0,9,17,2369003
Felucca,3968,512,4000,580,0,9,17,2369003
Felucca,3968,512,4018,580,0,9,17,2369003
Felucca,3968,512,4049,580,0,9,17,2369003
Felucca,3968,512,4072,580,0,9,17,2369003
Felucca,3968,512,4081,580,0,9,17,2369003
Felucca,3968,512,3989,581,0,9,17,2369003
Felucca,3968,512,4028,584,0,9,17,2369003
Felucca,3968,512,4071,584,0,9,17,2369003
Felucca,3968,512,4070,585,0,9,17,2369003
Felucca,3968,512,4027,587,0,9,17,2369003
Felucca,3968,512,4037,587,0,9,17,2369003
Felucca,3968,512,4069,588,0,9,17,2369003
Felucca,3968,512,4066,590,0,9,17,2369003
Felucca,3968,512,4017,591,0,9,17,2369003
Felucca,3968,512,4065,591,0,9,17,2369003
Felucca,3968,512,4014,592,0,9,17,2369003
Felucca,3968,512,4064,592,0,9,17,2369003
Felucca,3968,512,4046,593,0,9,17,2369003
Felucca,3968,512,4062,593,0,9,17,2369003
Felucca,3968,512,4013,595,0,9,17,2369003
Felucca,3968,512,4061,595,0,9,17,2369003
Felucca,3968,512,4009,596,0,9,17,2369003
Felucca,3968,512,4058,596,0,9,17,2369003
Felucca,3968,512,3998,597,0,9,17,2369003
Felucca,3968,512,4007,597,0,9,17,2369003
Felucca,3968,512,4026,597,0,9,17,2369003
Felucca,3968,512,4055,597,0,9,17,2369003
Felucca,3968,512,4080,597,0,9,17,2369003
Felucca,3968,512,3994,598,0,9,17,2369003
Felucca,3968,512,4079,601,0,9,17,2369003
Felucca,3968,512,4078,602,0,9,17,2369003
Felucca,3968,512,4075,605,0,9,17,2369003
Felucca,3968,512,4074,607,0,9,17,2369003
Felucca,3968,512,4023,608,0,9,17,2369003
Felucca,3968,512,4073,608,0,9,17,2369003
Felucca,3968,512,4022,609,0,9,17,2369003
Felucca,3968,512,4045,609,1,9,17,2369003
Felucca,3968,512,4071,609,0,9,17,2369003
Felucca,3968,512,4042,610,2,9,17,2369003
Felucca,3968,512,4054,610,0,9,17,2369003
Felucca,3968,512,4070,610,0,9,17,2369003
Felucca,3968,512,4018,612,0,9,17,2369003
Felucca,3968,512,4067,612,0,9,17,2369003
Felucca,3968,512,4016,613,0,9,17,2369003
Felucca,3968,512,4035,613,0,9,17,2369003
Felucca,3968,512,4064,613,0,9,17,2369003
Felucca,3968,512,4009,614,0,9,17,2369003
Felucca,3968,512,4032,614,0,9,17,2369003
Felucca,3968,512,4063,614,0,9,17,2369003
Felucca,3968,512,4086,619,0,9,17,2369003
Felucca,4096,256,4115,288,0,9,17,2369003
Felucca,4096,256,4114,289,0,9,17,2369003
Felucca,4096,256,4100,295,0,9,17,2369003
Felucca,4096,256,4099,296,0,9,17,2369003
Felucca,4096,256,4096,297,0,9,17,2369003
Felucca,4096,256,4115,306,2,9,17,2369003
Felucca,4096,256,4112,309,2,9,17,2369003
Felucca,4096,256,4111,310,1,9,17,2369003
Felucca,4096,256,4109,311,0,9,17,2369003
Felucca,4096,256,4108,312,0,9,17,2369003
Felucca,4096,256,4105,313,0,9,17,2369003
Felucca,4096,256,4096,314,0,9,17,2369003
Felucca,4096,256,4121,323,0,9,17,2369003
Felucca,4096,256,4120,326,0,9,17,2369003
Felucca,4096,256,4118,327,0,9,17,2369003
Felucca,4096,256,4117,328,0,9,17,2369003
Felucca,4096,256,4114,329,0,9,17,2369003
Felucca,4096,256,4105,330,0,9,17,2369003
Felucca,4096,256,4096,331,0,9,17,2369003
Felucca,4096,256,4126,344,0,9,17,2369003
Felucca,4096,256,4123,345,0,9,17,2369003
Felucca,4096,256,4114,346,0,9,17,2369003
Felucca,4096,256,4111,347,0,9,17,2369003
Felucca,4096,256,4096,348,0,9,17,2369003
Felucca,4096,256,4110,349,1,9,17,2369003
Felucca,4096,256,4109,350,2,9,17,2369003
Felucca,4096,256,4193,352,0,9,17,2369003
Felucca,4096,256,4106,353,2,9,17,2369003
Felucca,4096,256,4190,353,0,9,17,2369003
Felucca,4096,256,4105,354,1,9,17,2369003
Felucca,4096,256,4173,354,-2,9,17,2369003
Felucca,4096,256,4170,355,-2,9,17,2369003
Felucca,4096,256,4167,358,0,9,17,2369003
Felucca,4096,256,4163,359,0,9,17,2369003
Felucca,4096,256,4161,360,0,9,17,2369003
Felucca,4096,256,4159,361,0,9,17,2369003
Felucca,4096,256,4126,362,0,9,17,2369003
Felucca,4096,256,4157,362,0,9,17,2369003
Felucca,4096,256,4155,363,0,9,17,2369003
Felucca,4096,256,4189,363,1,9,17,2369003
Felucca,4096,256,4154,364,0,9,17,2369003
Felucca,4096,256,4188,364,2,9,17,2369003
Felucca,4096,256,4096,365,0,9,17,2369003
Felucca,4096,256,4153,365,0,9,17,2369003
Felucca,4096,256,4135,366,0,9,17,2369003
Felucca,4096,256,4144,366,0,9,17,2369003
Felucca,4096,384,4126,384,0,9,17,2369003
Felucca,4096,384,4135,384,0,9,17,2369003
Felucca,4096,384,4144,384,0,9,17,2369003
Felucca,4096,384,4153,384,0,9,17,2369003
Felucca,4096,384,4162,384,0,9,17,2369003
Felucca,4096,384,4176,384,0,9,17,2369003
Felucca,4096,384,4185,384,0,9,17,2369003
Felucca,4096,384,4175,396,1,9,17,2369003
Felucca,4096,384,4174,397,2,9,17,2369003
Felucca,4096,384,4171,400,2,9,17,2369003
Felucca,4096,384,4142,401,0,9,17,2369003
Felucca,4096,384,4151,401,0,9,17,2369003
Felucca,4096,384,4160,401,0,9,17,2369003
Felucca,4096,384,4170,401,1,9,17,2369003
Felucca,4096,384,4184,401,0,9,17,2369003
Felucca,4096,384,4169,402,0,9,17,2369003
Felucca,4096,384,4183,413,0,9,17,2369003
Felucca,4096,384,4193,413,0,9,17,2369003
Felucca,4096,384,4180,414,0,9,17,2369003
Felucca,4096,384,4179,417,0,9,17,2369003
Felucca,4096,384,4163,418,0,9,17,2369003
Felucca,4096,384,4178,418,0,9,17,2369003
Felucca,4096,384,4192,418,0,9,17,2369003
Felucca,4096,384,4172,419,0,9,17,2369003
Felucca,4096,384,4105,431,5,9,17,2369003
Felucca,4096,384,4201,434,0,9,17,2369003
Felucca,4096,384,4194,435,0,9,17,2369003
Felucca,4096,384,4193,443,1,9,17,2369003
Felucca,4096,384,4192,444,2,9,17,2369003
Felucca,4096,384,4203,451,0,9,17,2369003
Felucca,4096,384,4202,452,0,9,17,2369003
Felucca,4096,384,4201,460,0,9,17,2369003
Felucca,4096,384,4214,487,1,9,17,2369003
Felucca,4096,512,4096,512,0,9,17,2369003
Felucca,4096,512,4105,512,0,9,17,2369003
Felucca,4096,512,4114,512,0,9,17,2369003
Felucca,4096,512,4123,512,0,9,17,2369003
Felucca,4096,512,4096,529,0,9,17,2369003
Felucca,4096,512,4105,529,0,9,17,2369003
Felucca,4096,512,4114,529,0,9,17,2369003
Felucca,4096,512,4123,529,0,9,17,2369003
Felucca,4096,512,4137,530,0,9,17,2369003
Felucca,4096,512,4136,536,1,9,17,2369003
Felucca,4096,512,4135,537,2,9,17,2369003
Felucca,4096,512,4132,540,2,9,17,2369003
Felucca,4096,512,4096,546,0,9,17,2369003
Felucca,4096,512,4105,546,0,9,17,2369003
Felucca,4096,512,4114,546,0,9,17,2369003
Felucca,4096,512,4123,546,0,9,17,2369003
Felucca,4096,512,4146,546,0,9,17,2369003
Felucca,4096,512,4145,547,0,9,17,2369003
Felucca,4096,512,4155,552,0,9,17,2369003
Felucca,4096,512,4144,553,0,9,17,2369003
Felucca,4096,512,4141,554,0,9,17,2369003
Felucca,4096,512,4164,556,0,9,17,2369003
Felucca,4096,512,4132,557,0,9,17,2369003
Felucca,4096,512,4096,563,0,9,17,2369003
Felucca,4096,512,4105,563,0,9,17,2369003
Felucca,4096,512,4114,563,0,9,17,2369003
Felucca,4096,512,4123,563,0,9,17,2369003
Felucca,4096,512,4154,563,0,9,17,2369003
Felucca,4096,512,4153,564,0,9,17,2369003
Felucca,4096,512,4163,569,0,9,17,2369003
Felucca,4096,512,4150,570,0,9,17,2369003
Felucca,4096,512,4141,571,0,9,17,2369003
Felucca,4096,512,4134,574,0,9,17,2369003
Felucca,4096,512,4096,580,0,9,17,2369003
Felucca,4096,512,4105,580,0,9,17,2369003
Felucca,4096,512,4114,580,0,9,17,2369003
Felucca,4096,512,4162,580,0,9,17,2369003
Felucca,4096,512,4159,581,0,9,17,2369003
Felucca,4096,512,4133,583,0,9,17,2369003
Felucca,4096,512,4123,584,0,9,17,2369003
Felucca,4096,512,4132,584,0,9,17,2369003
Felucca,4096,512,4172,585,0,9,17,2369003
Felucca,4096,512,4171,586,0,9,17,2369003
Felucca,4096,512,4150,587,0,9,17,2369003
Felucca,4096,512,4143,588,0,9,17,2369003
Felucca,4096,512,4142,591,0,9,17,2369003
Felucca,4096,512,4096,597,0,9,17,2369003
Felucca,4096,512,4121,597,0,9,17,2369003
Felucca,4096,512,4168,597,0,9,17,2369003
Felucca,4096,512,4159,598,0,9,17,2369003
Felucca,4096,512,4141,600,0,9,17,2369003
Felucca,4096,512,4130,601,0,9,17,2369003
Felucca,4096,512,4139,601,0,9,17,2369003
Felucca,4096,512,4119,603,0,9,17,2369003
Felucca,4096,512,4177,603,0,9,17,2369003
Felucca,4096,512,4152,604,2,9,17,2369003
Felucca,4096,512,4118,605,0,9,17,2369003
Felucca,4096,512,4151,605,2,9,17,2369003
Felucca,4096,512,4117,606,2,9,17,2369003
Felucca,4096,512,4150,608,2,9,17,2369003
Felucca,4096,512,4186,608,0,9,17,2369003
Felucca,4096,512,4195,610,0,9,17,2369003
Felucca,4096,512,4116,612,0,9,17,2369003
Felucca,4096,512,4204,612,0,9,17,2369003
Felucca,4096,512,4213,613,0,9,17,2369003
Felucca,4096,512,4096,614,0,9,17,2369003
Felucca,4096,512,4115,614,0,9,17,2369003
Felucca,4096,512,4128,614,0,9,17,2369003
Felucca,4096,512,4168,614,0,9,17,2369003
Felucca,4096,512,4161,615,0,9,17,2369003
Felucca,4096,512,4105,616,0,9,17,2369003
Felucca,4096,512,4114,616,0,9,17,2369003
Felucca,4096,512,4137,618,0,9,17,2369003
Felucca,4096,512,4146,618,0,9,17,2369003
Felucca,4096,512,4127,620,0,9,17,2369003
Felucca,4096,512,4177,620,0,9,17,2369003
Felucca,4096,512,4126,622,0,9,17,2369003
Felucca,4096,640,4167,640,0,9,17,2369003
Felucca,4096,640,4176,640,0,9,17,2369003
Felucca,4096,640,4185,640,0,9,17,2369003
Felucca,4096,640,4212,648,1,9,17,2369003
Felucca,4096,640,4210,650,2,9,17,2369003
Felucca,4096,640,4209,651,2,9,17,2369003
Felucca,4096,640,4177,657,0,9,17,2369003
Felucca,4096,640,4186,657,0,9,17,2369003
Felucca,4096,640,4208,657,2,9,17,2369003
Felucca,4096,640,4203,658,2,9,17,2369003
Felucca,4096,640,4196,659,2,9,17,2369003
Felucca,4096,640,4195,661,0,9,17,2369003
Felucca,4096,640,4181,674,0,9,17,2369003
Felucca,4096,640,4190,674,0,9,17,2369003
Felucca,4096,640,4212,674,0,9,17,2369003
Felucca,4096,640,4205,675,0,9,17,2369003
Felucca,4096,640,4204,676,0,9,17,2369003
Felucca,4096,640,4199,678,0,9,17,2369003
Felucca,4096,640,4203,695,0,9,17,2369003
Felucca,4096,640,4212,695,0,9,17,2369003
Felucca,4224,512,4232,512,0,9,17,2369003
Felucca,4224,512,4256,593,0,9,17,2369003
Felucca,4224,512,4255,594,0,9,17,2369003
Felucca,4224,512,4253,595,0,9,17,2369003
Felucca,4224,512,4252,598,0,9,17,2369003
Felucca,4224,512,4251,599,0,9,17,2369003
Felucca,4224,512,4250,603,0,9,17,2369003
Felucca,4224,512,4249,604,0,9,17,2369003
Felucca,4224,512,4248,607,0,9,17,2369003
Felucca,4224,512,4241,608,0,9,17,2369003
Felucca,4224,512,4236,609,0,9,17,2369003
Felucca,4224,512,4233,610,0,9,17,2369003
Felucca,4224,512,4227,611,0,9,17,2369003
Felucca,4224,512,4224,612,0,9,17,2369003
Felucca,4224,640,4245,640,0,9,17,2369003
Felucca,4224,640,4254,640,0,9,17,2369003
Felucca,4224,640,4244,645,1,9,17,2369003
Felucca,4224,640,4243,650,2,9,17,2369003
Felucca,4224,640,4242,652,2,9,17,2369003
Felucca,4224,640,4241,653,2,9,17,2369003
Felucca,4224,640,4239,654,2,9,17,2369003
Felucca,4224,640,4224,655,2,9,17,2369003
Felucca,4224,640,4236,655,2,9,17,2369003
Felucca,4224,640,4234,656,2,9,17,2369003
Felucca,4224,640,4233,657,2,9,17,2369003
Felucca,4224,640,4253,657,0,9,17,2369003
Felucca,4224,640,4252,662,0,9,17,2369003
Felucca,4224,640,4251,667,0,9,17,2369003
Felucca,4224,640,4250,669,0,9,17,2369003
Felucca,4224,640,4248,670,0,9,17,2369003
Felucca,4224,640,4245,671,0,9,17,2369003
Felucca,4224,640,4224,672,0,9,17,2369003
Felucca,4224,640,4243,672,0,9,17,2369003
Felucca,4224,640,4242,682,1,9,17,2369003
Felucca,4224,640,4241,683,2,9,17,2369003
Felucca,4224,640,4238,686,2,9,17,2369003
Felucca,4224,640,4257,686,0,9,17,2369003
Felucca,4224,640,4237,687,1,9,17,2369003
Felucca,4224,640,4254,687,0,9,17,2369003
Felucca,4224,640,4233,688,0,9,17,2369003
Felucca,4224,640,4252,688,0,9,17,2369003
Felucca,4224,640,4224,689,0,9,17,2369003
Felucca,4224,640,4251,689,0,9,17,2369003
Felucca,4224,640,4250,699,0,9,17,2369003
Felucca,4224,640,4247,700,0,9,17,2369003
Felucca,4224,640,4266,702,0,9,17,2369003
Felucca,4224,640,4246,703,0,9,17,2369003
Felucca,4224,640,4263,703,0,9,17,2369003
Felucca,4224,640,4242,704,0,9,17,2369003
Felucca,4224,640,4261,704,0,9,17,2369003
Felucca,4224,640,4235,705,0,9,17,2369003
Felucca,4224,640,4260,705,0,9,17,2369003
Felucca,4224,640,4259,706,0,9,17,2369003
Felucca,4224,640,4275,709,0,9,17,2369003
Felucca,4224,640,4233,712,2,9,17,2369003
Felucca,4224,640,4229,716,2,9,17,2369003
Felucca,4224,640,4272,719,0,9,17,2369003
Felucca,4224,640,4270,720,0,9,17,2369003
Felucca,4224,640,4244,721,0,9,17,2369003
Felucca,4224,640,4269,721,0,9,17,2369003
Felucca,4224,640,4242,722,0,9,17,2369003
Felucca,4224,640,4268,722,0,9,17,2369003
Felucca,4224,640,4267,723,0,9,17,2369003
Felucca,4224,640,4266,725,1,9,17,2369003
Felucca,4224,640,4284,725,0,9,17,2369003
Felucca,4224,640,4281,726,0,9,17,2369003
Felucca,4224,640,4253,727,0,9,17,2369003
Felucca,4224,640,4263,729,2,9,17,2369003
Felucca,4224,640,4262,734,1,9,17,2369003
Felucca,4224,640,4280,736,0,9,17,2369003
Felucca,4224,640,4279,740,1,9,17,2369003
Felucca,4224,640,4278,741,2,9,17,2369003
Felucca,4224,896,4296,971,0,9,17,2108002
Felucca,4224,896,4305,979,0,9,17,2108002
Felucca,4224,896,4314,979,0,9,17,2108002
Felucca,4224,1024,4302,1033,0,9,17,2369003
Felucca,4224,1024,4275,1036,0,9,17,2369003
Felucca,4224,1024,4301,1036,0,9,17,2369003
Felucca,4224,3712,4337,3723,0,9,17,2369003
Felucca,4224,3712,4336,3724,0,9,17,2369003
Felucca,4352,896,4373,945,0,9,17,2369003
Felucca,4352,1024,4438,1049,0,9,17,2108002
Felucca,4352,1024,4465,1049,0,9,17,2108002
Felucca,4352,1024,4437,1050,0,9,17,2108002
Felucca,4352,1024,4434,1051,0,9,17,2108002
Felucca,4352,1024,4434,1068,0,9,17,2108002
Felucca,4352,1024,4431,1083,0,9,17,2108002
Felucca,4352,1024,4393,1089,0,9,17,2108002
Felucca,4352,1024,4456,1096,0,9,17,2108002
Felucca,4352,1024,4456,1113,0,9,17,2108002
Felucca,4352,1024,4456,1130,0,9,17,2108002
Felucca,4352,1152,4409,1152,0,9,17,2108002
Felucca,4352,1152,4418,1152,0,9,17,2108002
Felucca,4352,1152,4449,1152,0,9,17,2108002
Felucca,4352,1152,4437,1176,0,9,17,2108002
Felucca,4352,1152,4436,1194,0,9,17,2108002
Felucca,4352,1152,4433,1196,0,9,17,2108002
Felucca,4352,1152,4433,1213,0,9,17,2108002
Felucca,4352,1152,4442,1216,0,9,17,2108002
Felucca,4352,1152,4451,1219,0,9,17,2108002
Felucca,4352,1152,4460,1219,0,9,17,2108002
Felucca,4352,1280,4422,1280,0,9,17,2108002
Felucca,4352,1280,4433,1300,0,9,17,2108002
Felucca,4352,1280,4433,1317,0,9,17,2108002
Felucca,4352,1280,4432,1319,-2,9,17,2108002
Felucca,4352,1280,4430,1328,0,9,17,2108002
Felucca,4352,1280,4428,1329,0,9,17,2108002
Felucca,4352,1280,4427,1331,0,9,17,2108002
Felucca,4352,1280,4426,1332,0,9,17,2108002
Felucca,4352,1280,4425,1335,0,9,17,2108002
Felucca,4352,1280,4426,1352,0,9,17,2108002
Felucca,4352,1280,4425,1365,-1,9,17,2108002
Felucca,4352,1280,4423,1377,0,9,17,2108002
Felucca,4352,1280,4422,1378,0,9,17,2108002
Felucca,4352,1280,4421,1379,0,9,17,2108002
Felucca,4352,1408,4425,1412,0,9,17,2108002
Felucca,4352,1408,4424,1413,0,9,17,2108002
Felucca,4352,1408,4422,1415,0,9,17,2108002
Felucca,4352,1408,4421,1416,0,9,17,2108002
Felucca,4352,1408,4418,1418,0,9,17,2108002
Felucca,4352,1408,4415,1419,0,9,17,2108002
Felucca,4352,1408,4409,1421,0,9,17,2108002
Felucca,4352,1408,4394,1444,0,9,17,2108002
Felucca,4352,1408,4425,1466,0,9,17,2108002
Felucca,4352,1408,4404,1473,0,9,17,2108002
Felucca,4352,1408,4412,1490,0,9,17,2108002
Felucca,4352,3328,4383,3371,0,9,17,2369003
Felucca,4352,3328,4382,3372,0,9,17,2369003
Felucca,4352,3328,4381,3373,0,9,17,2369003
Felucca,4352,3456,4425,3521,-1,9,17,2369003
Felucca,4352,3456,4419,3522,0,9,17,2369003
Felucca,4352,3712,4354,3768,0,9,17,2369003
Felucca,4480,896,4510,958,10,9,17,2108002
Felucca,4480,896,4509,960,10,9,17,2108002
Felucca,4480,896,4510,987,10,9,17,2108002
Felucca,4480,1024,4510,1032,0,9,17,2108002
Felucca,4480,1024,4521,1087,0,9,17,2108002
Felucca,4480,1024,4485,1089,0,9,17,2108002
Felucca,4480,1024,4521,1112,0,9,17,2108002
Felucca,4480,1024,4541,1126,0,9,17,2108002
Felucca,4480,1152,4497,1152,0,9,17,2108002
Felucca,4480,1152,4573,1161,0,9,17,2108002
Felucca,4480,1152,4497,1169,0,9,17,2108002
Felucca,4480,1152,4498,1186,0,9,17,2108002
Felucca,4480,1152,4493,1196,0,9,17,2108002
Felucca,4480,1152,4495,1213,0,9,17,2108002
Felucca,4480,1152,4487,1225,0,9,17,2108002
Felucca,4480,1152,4499,1240,0,9,17,2108002
Felucca,4480,1152,4533,1243,0,9,17,2108002
Felucca,4480,1280,4482,1379,23,9,17,2108002
Felucca,4480,1408,4517,1482,0,9,17,2369003
Felucca,4480,1408,4507,1483,0,9,17,2369003
Felucca,4480,1408,4561,1497,0,9,17,2369003
Felucca,4480,2304,4547,2328,-7,9,17,2391003
Felucca,4480,2304,4546,2332,-7,9,17,2391003
Felucca,4480,2304,4548,2354,-7,9,17,2391003
Felucca,4480,2304,4546,2364,-7,9,17,2391003
Felucca,4480,3328,4495,3386,0,9,17,2369003
Felucca,4480,3456,4582,3530,30,9,17,2369003
Felucca,4608,1152,4657,1153,0,9,17,2108002
Felucca,4608,1152,4654,1159,0,9,17,2108002
Felucca,4608,1152,4631,1171,0,9,17,2108002
Felucca,4608,1152,4663,1171,0,9,17,2108002
Felucca,4608,1280,4613,1282,0,9,17,2108002
Felucca,4608,1280,4624,1292,0,9,17,2108002
Felucca,4608,1280,4633,1292,0,9,17,2108002
Felucca,4608,1280,4621,1337,0,9,17,2108002
Felucca,4608,1280,4638,1368,0,9,17,2108002
Felucca,4608,1280,4634,1375,0,9,17,2108002
Felucca,4608,1280,4643,1389,0,9,17,2108002
Felucca,4608,1408,4661,1408,0,9,17,2369003
Felucca,4608,1408,4635,1442,0,9,17,2369003
Felucca,4608,1408,4633,1444,0,9,17,2369003
Felucca,4608,1408,4643,1473,0,9,17,2369003
Felucca,4608,3200,4608,3290,0,9,17,2369003
Malas,0,0,19,6,-1,9,17,4375003
Malas,0,0,111,9,-1,9,17,4375003
Malas,0,0,110,11,-1,9,17,4375003
Malas,0,0,109,12,-1,9,17,4375003
Malas,0,0,107,14,-1,9,17,4375003
Malas,0,0,106,15,-1,9,17,4375003
Malas,0,0,107,56,-1,9,17,4375003
Malas,0,0,103,78,-1,9,17,4375003
Malas,0,0,97,79,-1,9,17,4375003
Malas,0,384,70,479,-1,9,17,4359003
Malas,0,640,106,642,-1,9,17,4359003
Malas,0,640,91,672,-1,9,17,4359003
Malas,0,1536,99,1643,1,9,17,4369003
Malas,256,512,311,512,-1,9,17,4369003
Malas,256,512,320,512,-1,9,17,4369003
Malas,256,512,329,512,-1,9,17,4369003
Malas,256,512,338,512,-1,9,17,4369003
Malas,256,512,347,512,-1,9,17,4369003
Malas,256,640,263,640,-1,9,17,4363003
Malas,256,640,272,640,-1,9,17,4363003
Malas,256,640,281,640,-1,9,17,4363003
Malas,256,640,290,640,-1,9,17,4363003
Malas,256,640,299,640,-1,9,17,4363003
Malas,256,640,308,640,-1,9,17,4363003
Malas,256,640,317,640,-1,9,17,4363003
Malas,256,640,326,640,-1,9,17,4363003
Malas,256,640,335,640,-1,9,17,4363003
Malas,256,640,344,640,-1,9,17,4363003
Malas,256,640,353,640,-1,9,17,4363003
Malas,256,640,362,640,-1,9,17,4363003
Malas,256,640,371,640,-1,9,17,4363003
Malas,256,640,263,657,-1,9,17,4363003
Malas,256,640,272,657,-1,9,17,4363003
Malas,256,640,281,657,-1,9,17,4363003
Malas,256,640,290,657,-1,9,17,4363003
Malas,256,640,299,657,-1,9,17,4363003
Malas,256,640,308,657,-1,9,17,4363003
Malas,256,640,317,657,-1,9,17,4363003
Malas,256,640,326,657,-1,9,17,4363003
Malas,256,640,335,657,-1,9,17,4363003
Malas,256,640,344,657,-1,9,17,4363003
Malas,256,640,353,657,-1,9,17,4363003
Malas,256,640,362,657,-1,9,17,4363003
Malas,256,640,371,657,-1,9,17,4363003
Malas,256,640,263,674,-1,9,17,4363003
Malas,256,640,272,674,-1,9,17,4363003
Malas,256,640,281,674,-1,9,17,4363003
Malas,256,640,290,674,-1,9,17,4363003
Malas,256,640,299,674,-1,9,17,4363003
Malas,256,640,308,674,-1,9,17,4363003
Malas,256,640,263,691,-1,9,17,4363003
Malas,256,640,272,691,-1,9,17,4363003
Malas,256,640,281,691,-1,9,17,4363003
Malas,256,640,290,691,-1,9,17,4363003
Malas,256,640,299,699,-1,9,17,4363003
Malas,256,640,263,708,-1,9,17,4363003
Malas,256,640,272,708,-1,9,17,4363003
Malas,256,640,281,708,-1,9,17,4363003
Malas,256,640,290,708,-1,9,17,4363003
Malas,256,640,308,712,-1,9,17,4363003
Malas,256,640,299,716,-1,9,17,4363003
Malas,256,640,263,725,-1,9,17,4363003
Malas,256,640,272,725,-1,9,17,4363003
Malas,256,640,281,725,-1,9,17,4363003
Malas,256,640,290,725,-1,9,17,4363003
Malas,256,640,308,729,-1,9,17,4363003
Malas,256,640,299,733,-1,9,17,4363003
Malas,256,640,263,742,-1,9,17,4363003
Malas,256,640,272,742,-1,9,17,4363003
Malas,256,640,281,742,-1,9,17,4363003
Malas,256,640,290,742,-1,9,17,4363003
Malas,256,640,308,746,-1,9,17,4363003
Malas,256,640,299,750,-1,9,17,4363003
Malas,256,768,263,768,-1,9,17,4369003
Malas,256,768,272,768,-1,9,17,4369003
Malas,256,768,281,768,-1,9,17,4369003
Malas,256,768,290,768,-1,9,17,4369003
Malas,256,768,299,768,-1,9,17,4369003
Malas,256,768,308,779,-1,9,17,4369003
Malas,256,768,263,785,-1,9,17,4369003
Malas,256,768,272,785,-1,9,17,4369003
Malas,256,768,281,785,-1,9,17,4369003
Malas,256,768,290,785,-1,9,17,4369003
Malas,256,768,299,785,-1,9,17,4369003
Malas,256,768,340,791,-1,9,17,4369003
Malas,256,768,349,791,-1,9,17,4369003
Malas,256,768,328,792,-1,9,17,4369003
Malas,256,768,317,793,-1,9,17,4369003
Malas,256,768,326,794,-1,9,17,4369003
Malas,256,768,338,794,-1,9,17,4369003
Malas,256,768,308,796,-1,9,17,4369003
Malas,256,768,337,796,-1,9,17,4369003
Malas,256,768,263,802,-1,9,17,4369003
Malas,256,768,272,802,-1,9,17,4369003
Malas,256,768,281,802,-1,9,17,4369003
Malas,256,768,290,802,-1,9,17,4369003
Malas,256,768,299,802,-1,9,17,4369003
Malas,256,768,347,808,-1,9,17,4369003
Malas,256,768,335,809,-1,9,17,4369003
Malas,256,768,317,810,-1,9,17,4369003
Malas,256,768,326,811,-1,9,17,4369003
Malas,256,768,346,811,-1,9,17,4369003
Malas,256,768,308,813,-1,9,17,4369003
Malas,256,768,344,813,-1,9,17,4369003
Malas,256,768,263,819,-1,9,17,4369003
Malas,256,768,272,819,-1,9,17,4369003
Malas,256,768,281,819,-1,9,17,4369003
Malas,256,768,290,819,-1,9,17,4369003
Malas,256,768,299,819,-1,9,17,4369003
Malas,256,768,335,826,-1,9,17,4369003
Malas,256,768,317,827,-1,9,17,4369003
Malas,256,768,326,828,-1,9,17,4369003
Malas,256,768,308,830,-1,9,17,4369003
Malas,256,768,344,830,-1,9,17,4369003
Malas,256,768,263,836,-1,9,17,4369003
Malas,256,768,272,836,-1,9,17,4369003
Malas,256,768,281,836,-1,9,17,4369003
Malas,256,768,290,836,-1,9,17,4369003
Malas,256,768,299,836,-1,9,17,4369003
Malas,256,768,353,841,-1,9,17,4369003
Malas,256,768,370,841,-1,9,17,4369003
Malas,256,768,335,843,-1,9,17,4369003
Malas,256,768,365,843,-1,9,17,4369003
Malas,256,768,317,844,-1,9,17,4369003
Malas,256,768,326,845,-1,9,17,4369003
Malas,256,768,362,845,-1,9,17,4369003
Malas,256,768,312,847,-1,9,17,4369003
Malas,256,768,344,847,-1,9,17,4369003
Malas,256,768,353,858,-1,9,17,4369003
Malas,256,768,374,858,-1,9,17,4369003
Malas,256,768,335,860,-1,9,17,4369003
Malas,256,768,371,860,-1,9,17,4369003
Malas,256,768,321,861,-1,9,17,4369003
Malas,256,768,330,862,-1,9,17,4369003
Malas,256,768,362,862,-1,9,17,4369003
Malas,256,768,312,864,-1,9,17,4369003
Malas,256,768,344,864,-1,9,17,4369003
Malas,256,768,353,875,-1,9,17,4369003
Malas,256,768,339,877,-1,9,17,4369003
Malas,256,768,371,877,-1,9,17,4369003
Malas,256,768,321,878,-1,9,17,4369003
Malas,384,512,402,512,-1,9,17,4369003
Malas,384,512,457,512,-1,9,17,4369003
Malas,384,512,483,512,-1,9,17,4369003
Malas,384,512,481,516,-1,9,17,4369003
Malas,384,512,479,520,-1,9,17,4369003
Malas,384,512,415,527,-1,9,17,4369003
Malas,384,512,427,528,-1,9,17,4369003
Malas,384,512,384,530,-1,9,17,4369003
Malas,384,640,384,640,-1,9,17,4369003
Malas,384,640,393,640,-1,9,17,4369003
Malas,384,640,402,640,-1,9,17,4369003
Malas,384,640,411,640,-1,9,17,4369003
Malas,384,640,420,640,-1,9,17,4369003
Malas,384,640,429,640,0,9,17,4369003
Malas,384,640,438,640,0,9,17,4369003
Malas,384,640,447,640,-1,9,17,4369003
Malas,384,640,456,640,-1,9,17,4369003
Malas,384,640,465,640,-1,9,17,4369003
Malas,384,640,474,640,-1,9,17,4369003
Malas,384,640,483,640,-1,9,17,4369003
Malas,384,640,492,640,-1,9,17,4369003
Malas,384,640,384,657,-1,9,17,4369003
Malas,384,640,393,657,-1,9,17,4369003
Malas,384,640,402,657,-1,9,17,4369003
Malas,384,640,411,657,-1,9,17,4369003
Malas,384,640,420,657,-1,9,17,4369003
Malas,384,640,432,657,-1,9,17,4369003
Malas,384,640,441,657,-1,9,17,4369003
Malas,384,640,450,657,-1,9,17,4369003
Malas,384,640,459,657,-1,9,17,4369003
Malas,384,640,468,657,-1,9,17,4369003
Malas,384,640,477,657,-1,9,17,4369003
Malas,384,640,486,657,-1,9,17,4369003
Malas,384,640,495,657,-1,9,17,4369003
Malas,384,640,437,674,-1,9,17,4369003
Malas,384,640,446,674,-1,9,17,4369003
Malas,384,640,455,674,-1,9,17,4369003
Malas,384,640,464,674,-1,9,17,4369003
Malas,384,640,473,674,-1,9,17,4369003
Malas,384,640,482,674,-1,9,17,4369003
Malas,384,640,491,674,-1,9,17,4369003
Malas,384,640,455,691,-1,9,17,4369003
Malas,384,640,464,691,-1,9,17,4369003
Malas,384,640,473,691,-1,9,17,4369003
Malas,384,640,482,691,-1,9,17,4369003
Malas,384,640,491,691,-1,9,17,4369003
Malas,384,640,446,707,-1,9,17,4369003
Malas,384,640,455,708,-1,9,17,4369003
Malas,384,640,464,708,-1,9,17,4369003
Malas,384,640,473,708,-1,9,17,4369003
Malas,384,640,482,708,-1,9,17,4369003
Malas,384,640,491,708,-1,9,17,4369003
Malas,384,640,445,719,-1,9,17,4369003
Malas,384,640,454,724,-1,9,17,4369003
Malas,384,640,463,725,-1,9,17,4369003
Malas,384,640,472,725,-1,9,17,4369003
Malas,384,640,481,725,-1,9,17,4369003
Malas,384,640,490,725,-1,9,17,4369003
Malas,384,640,443,730,-1,9,17,4369003
Malas,384,640,441,735,-1,9,17,4369003
Malas,384,640,453,736,-1,9,17,4369003
Malas,384,640,462,741,-1,9,17,4369003
Malas,384,640,471,742,-1,9,17,4369003
Malas,384,640,480,742,-1,9,17,4369003
Malas,384,640,489,742,-1,9,17,4369003
Malas,384,768,444,768,-1,9,17,4369003
Malas,384,768,453,768,-1,9,17,4369003
Malas,384,768,462,768,-1,9,17,4369003
Malas,384,768,471,768,-1,9,17,4369003
Malas,384,768,480,768,-1,9,17,4369003
Malas,384,768,489,768,-1,9,17,4369003
Malas,384,768,443,778,-1,9,17,4369003
Malas,384,768,452,785,-1,9,17,4369003
Malas,384,768,461,785,-1,9,17,4369003
Malas,384,768,470,785,-1,9,17,4369003
Malas,384,768,479,785,-1,9,17,4369003
Malas,384,768,488,785,-1,9,17,4369003
Malas,384,768,448,795,-1,9,17,4369003
Malas,384,768,457,802,-1,9,17,4369003
Malas,384,768,466,802,-1,9,17,4369003
Malas,384,768,475,802,-1,9,17,4369003
Malas,384,768,484,802,-1,9,17,4369003
Malas,384,768,493,802,-1,9,17,4369003
Malas,384,768,446,806,-1,9,17,4369003
Malas,384,768,445,811,-1,9,17,4369003
Malas,384,768,455,812,-1,9,17,4369003
Malas,384,768,443,816,-1,9,17,4369003
Malas,384,768,442,817,-1,9,17,4369003
Malas,384,768,439,819,-1,9,17,4369003
Malas,384,768,464,819,-1,9,17,4369003
Malas,384,768,473,819,-1,9,17,4369003
Malas,384,768,482,819,-1,9,17,4369003
Malas,384,768,491,819,-1,9,17,4369003
Malas,384,768,454,823,-1,9,17,4369003
Malas,384,768,452,828,-1,9,17,4369003
Malas,384,768,463,829,-1,9,17,4369003
Malas,384,768,422,830,-1,9,17,4369003
Malas,384,768,451,833,-1,9,17,4369003
Malas,384,768,448,834,-1,9,17,4369003
Malas,384,768,431,835,-1,9,17,4369003
Malas,384,768,441,836,-1,9,17,4369003
Malas,384,768,472,836,-1,9,17,4369003
Malas,384,768,481,836,-1,9,17,4369003
Malas,384,768,490,836,-1,9,17,4369003
Malas,384,768,386,837,-1,9,17,4369003
Malas,384,768,420,838,-1,9,17,4369003
Malas,384,768,395,839,-1,9,17,4369003
Malas,384,768,440,839,-1,9,17,4369003
Malas,384,768,385,840,-1,9,17,4369003
Malas,384,768,461,840,-1,9,17,4369003
Malas,384,768,384,842,-1,9,17,4369003
Malas,384,768,417,844,-1,9,17,4369003
Malas,384,768,404,845,-1,9,17,4369003
Malas,384,768,460,845,-1,9,17,4369003
Malas,384,768,470,846,-1,9,17,4369003
Malas,384,768,413,847,-1,9,17,4369003
Malas,384,768,429,847,-1,9,17,4369003
Malas,384,768,457,850,-1,9,17,4369003
Malas,384,768,450,851,-1,9,17,4369003
Malas,384,768,438,852,-1,9,17,4369003
Malas,384,768,449,853,-1,9,17,4369003
Malas,384,768,479,853,-1,9,17,4369003
Malas,384,768,488,853,-1,9,17,4369003
Malas,384,768,394,854,-1,9,17,4369003
Malas,384,768,426,855,-1,9,17,4369003
Malas,384,768,403,856,-1,9,17,4369003
Malas,384,768,447,856,-1,9,17,4369003
Malas,384,768,393,857,-1,9,17,4369003
Malas,384,768,469,857,-1,9,17,4369003
Malas,384,768,384,859,-1,9,17,4369003
Malas,384,768,422,861,-1,9,17,4369003
Malas,384,768,412,862,-1,9,17,4369003
Malas,384,768,466,862,-1,9,17,4369003
Malas,384,768,478,863,-1,9,17,4369003
Malas,384,768,421,864,-1,9,17,4369003
Malas,384,768,435,864,-1,9,17,4369003
Malas,384,768,459,867,-1,9,17,4369003
Malas,384,768,458,868,-1,9,17,4369003
Malas,384,768,444,869,-1,9,17,4369003
Malas,384,768,456,870,-1,9,17,4369003
Malas,384,768,487,870,-1,9,17,4369003
Malas,384,768,402,871,-1,9,17,4369003
Malas,384,768,431,872,-1,9,17,4369003
Malas,384,768,411,873,-1,9,17,4369003
Malas,384,768,453,873,-1,9,17,4369003
Malas,384,768,393,874,-1,9,17,4369003
Malas,384,768,475,874,-1,9,17,4369003
Malas,384,768,384,876,-1,9,17,4369003
Malas,384,768,430,878,-1,9,17,4369003
Malas,512,512,630,531,-90,9,17,4369003
Malas,512,512,629,532,-90,9,17,4369003
Malas,512,512,628,535,-90,9,17,4369003
Malas,512,512,627,536,-90,9,17,4369003
Malas,512,512,625,537,-90,9,17,4369003
Malas,512,512,624,538,-90,9,17,4369003
Malas,512,512,623,539,-90,9,17,4369003
Malas,512,512,622,540,-90,9,17,4369003
Malas,512,512,621,541,-90,9,17,4369003
Malas,512,512,619,543,-90,9,17,4369003
Malas,512,512,617,545,-90,9,17,4369003
Malas,512,512,616,547,-90,9,17,4369003
Malas,512,512,630,557,-90,9,17,4369003
Malas,512,512,628,558,-90,9,17,4369003
Malas,512,512,626,560,-90,9,17,4369003
Malas,512,512,625,562,-90,9,17,4369003
Malas,512,512,616,564,-90,9,17,4369003
Malas,512,512,615,567,-90,9,17,4369003
Malas,512,512,625,579,-90,9,17,4369003
Malas,512,512,624,581,-90,9,17,4369003
Malas,512,512,622,584,-90,9,17,4369003
Malas,512,896,630,909,-90,9,17,4369003
Malas,512,896,629,913,-90,9,17,4369003
Malas,512,896,627,915,-90,9,17,4369003
Malas,512,896,626,917,-90,9,17,4369003
Malas,512,1024,622,1056,-90,9,17,4369003
Malas,512,1024,628,1073,-90,9,17,4369003
Malas,512,1024,624,1074,-90,9,17,4369003
Malas,512,1024,628,1091,-90,9,17,4369003
Malas,512,1152,629,1202,-90,9,17,4369003
Malas,512,1152,628,1203,-90,9,17,4369003
Malas,512,1152,627,1205,-90,9,17,4369003
Malas,512,1152,625,1207,-90,9,17,4369003
Malas,512,1152,621,1217,-90,9,17,4369003
Malas,512,1152,630,1230,-90,9,17,4369003
Malas,512,1152,626,1234,-90,9,17,4369003
Malas,512,1152,630,1262,-90,9,17,4369003
Malas,512,1280,630,1367,-90,9,17,4369003
Malas,512,1408,622,1408,-90,9,17,4369003
Malas,512,1408,621,1411,-90,9,17,4369003
Malas,512,1408,619,1413,-90,9,17,4369003
Malas,512,1408,618,1415,-90,9,17,4369003
Malas,512,1408,617,1417,-90,9,17,4369003
Malas,512,1408,616,1419,-90,9,17,4369003
Malas,512,1408,630,1425,-90,9,17,4369003
Malas,512,1408,628,1428,-90,9,17,4369003
Malas,512,1408,627,1430,-90,9,17,4369003
Malas,512,1408,626,1432,-90,9,17,4369003
Malas,512,1408,625,1434,-90,9,17,4369003
Malas,512,1408,617,1436,-90,9,17,4369003
Malas,512,1408,614,1440,-90,9,17,4369003
Malas,512,1408,613,1443,-90,9,17,4369003
Malas,512,1408,612,1445,-90,9,17,4369003
Malas,512,1408,626,1451,-90,9,17,4369003
Malas,512,1408,623,1453,-90,9,17,4369003
Malas,512,1408,611,1455,-90,9,17,4369003
Malas,512,1408,610,1457,-90,9,17,4369003
Malas,512,1408,622,1457,-90,9,17,4369003
Malas,512,1408,621,1460,-90,9,17,4369003
Malas,512,1408,609,1461,-90,9,17,4369003
Malas,512,1408,620,1462,-90,9,17,4369003
Malas,512,1408,619,1472,-90,9,17,4369003
Malas,512,1408,618,1474,-90,9,17,4369003
Malas,512,1408,614,1478,-90,9,17,4369003
Malas,640,0,756,95,-90,9,17,4369003
Malas,640,0,754,96,-90,9,17,4369003
Malas,640,0,752,97,-90,9,17,4369003
Malas,640,0,751,98,-90,9,17,4369003
Malas,640,0,750,103,-90,9,17,4369003
Malas,640,0,749,106,-90,9,17,4369003
Malas,640,0,748,110,-90,9,17,4369003
Malas,640,256,665,364,-90,9,17,4369003
Malas,640,384,650,384,-90,9,17,4369003
Malas,640,384,665,384,-90,9,17,4369003
Malas,640,384,659,394,-90,9,17,4369003
Malas,640,384,657,401,-90,9,17,4369003
Malas,640,384,668,401,-90,9,17,4369003
Malas,640,384,683,404,-90,9,17,4369003
Malas,640,384,666,411,-90,9,17,4369003
Malas,640,384,692,413,-90,9,17,4369003
Malas,640,384,677,414,-90,9,17,4369003
Malas,640,384,665,418,-90,9,17,4369003
Malas,640,384,675,418,-90,9,17,4369003
Malas,640,384,686,421,-90,9,17,4369003
Malas,640,384,674,428,-90,9,17,4369003
Malas,640,384,705,428,-90,9,17,4369003
Malas,640,384,714,428,-90,9,17,4369003
Malas,640,384,695,430,-90,9,17,4369003
Malas,640,384,684,431,-90,9,17,4369003
Malas,640,384,683,435,-90,9,17,4369003
Malas,640,384,693,438,-90,9,17,4369003
Malas,640,384,704,438,-90,9,17,4369003
Malas,640,384,723,444,-90,9,17,4369003
Malas,640,384,678,445,-90,9,17,4369003
Malas,640,384,713,445,-90,9,17,4369003
Malas,640,384,722,445,-90,9,17,4369003
Malas,640,384,702,447,-90,9,17,4369003
Malas,640,384,692,448,-90,9,17,4369003
Malas,640,384,732,448,-90,9,17,4369003
Malas,640,384,751,450,-90,9,17,4369003
Malas,640,384,741,451,-90,9,17,4369003
Malas,640,384,687,452,-90,9,17,4369003
Malas,640,384,750,453,-90,9,17,4369003
Malas,640,384,701,455,-90,9,17,4369003
Malas,640,384,711,455,-90,9,17,4369003
Malas,640,384,731,461,-90,9,17,4369003
Malas,640,384,678,462,-90,9,17,4369003
Malas,640,384,720,462,-90,9,17,4369003
Malas,640,384,729,462,-90,9,17,4369003
Malas,640,384,710,464,-90,9,17,4369003
Malas,640,384,699,465,-90,9,17,4369003
Malas,640,384,740,465,-90,9,17,4369003
Malas,640,384,749,468,-90,9,17,4369003
Malas,640,384,687,469,-90,9,17,4369003
Malas,640,384,758,470,-90,9,17,4369003
Malas,640,384,708,472,-90,9,17,4369003
Malas,640,384,719,472,-90,9,17,4369003
Malas,640,384,696,474,-90,9,17,4369003
Malas,640,384,738,478,-90,9,17,4369003
Malas,640,384,678,479,-90,9,17,4369003
Malas,640,384,728,479,-90,9,17,4369003
Malas,640,384,737,479,-90,9,17,4369003
Malas,640,384,677,481,-90,9,17,4369003
Malas,640,384,717,481,-90,9,17,4369003
Malas,640,384,705,482,-90,9,17,4369003
Malas,640,384,747,482,-90,9,17,4369003
Malas,640,384,676,483,-90,9,17,4369003
Malas,640,384,675,485,-90,9,17,4369003
Malas,640,384,687,486,-90,9,17,4369003
Malas,640,384,714,489,-90,9,17,4369003
Malas,640,384,726,489,-90,9,17,4369003
Malas,640,384,671,491,-90,9,17,4369003
Malas,640,384,701,491,-90,9,17,4369003
Malas,640,384,669,492,-90,9,17,4369003
Malas,640,384,667,493,-90,9,17,4369003
Malas,640,384,696,494,-90,9,17,4369003
Malas,640,384,756,494,-90,9,17,4369003
Malas,640,512,653,512,-90,9,17,4369003
Malas,640,512,662,512,-90,9,17,4369003
Malas,640,512,671,512,-90,9,17,4369003
Malas,640,512,688,512,-90,9,17,4369003
Malas,640,512,697,512,-90,9,17,4369003
Malas,640,512,706,512,-90,9,17,4369003
Malas,640,512,715,512,-90,9,17,4369003
Malas,640,512,724,512,-90,9,17,4369003
Malas,640,512,733,512,-90,9,17,4369003
Malas,640,512,742,512,-90,9,17,4369003
Malas,640,512,643,515,-90,9,17,4369003
Malas,640,512,654,529,-90,9,17,4369003
Malas,640,512,675,529,-90,9,17,4369003
Malas,640,512,689,529,-90,9,17,4369003
Malas,640,512,698,529,-90,9,17,4369003
Malas,640,512,707,529,-90,9,17,4369003
Malas,640,512,716,529,-90,9,17,4369003
Malas,640,512,666,532,-90,9,17,4369003
Malas,640,512,684,533,-90,9,17,4369003
Malas,640,512,640,534,-90,9,17,4369003
Malas,640,512,649,539,-90,9,17,4369003
Malas,640,512,663,541,-90,9,17,4369003
Malas,640,512,658,546,-90,9,17,4369003
Malas,640,512,683,546,-90,9,17,4369003
Malas,640,512,693,546,-90,9,17,4369003
Malas,640,512,672,549,-90,9,17,4369003
Malas,640,512,692,550,-90,9,17,4369003
Malas,640,512,640,551,-90,9,17,4369003
Malas,640,512,681,554,-90,9,17,4369003
Malas,640,512,649,556,-90,9,17,4369003
Malas,640,512,667,558,-90,9,17,4369003
Malas,640,512,658,563,-90,9,17,4369003
Malas,640,512,676,566,-90,9,17,4369003
Malas,640,512,640,568,-90,9,17,4369003
Malas,640,512,650,573,-90,9,17,4369003
Malas,640,512,667,575,-90,9,17,4369003
Malas,640,512,665,580,-90,9,17,4369003
Malas,640,512,757,589,-90,9,17,4369003
Malas,640,512,755,590,-90,9,17,4369003
Malas,640,512,753,591,-90,9,17,4369003
Malas,640,512,751,592,-90,9,17,4369003
Malas,640,512,747,597,-90,9,17,4369003
Malas,640,512,745,599,-90,9,17,4369003
Malas,640,512,741,600,-90,9,17,4369003
Malas,640,512,739,601,-90,9,17,4369003
Malas,640,512,737,603,-90,9,17,4369003
Malas,640,512,735,605,-90,9,17,4369003
Malas,640,512,733,606,-90,9,17,4369003
Malas,640,512,732,607,-90,9,17,4369003
Malas,640,512,731,608,-90,9,17,4369003
Malas,640,512,730,609,-90,9,17,4369003
Malas,640,512,757,609,-90,9,17,4369003
Malas,640,512,729,610,-90,9,17,4369003
Malas,640,512,756,610,-90,9,17,4369003
Malas,640,512,727,611,-90,9,17,4369003
Malas,640,512,726,613,-90,9,17,4369003
Malas,640,512,725,614,-90,9,17,4369003
Malas,640,512,724,615,-90,9,17,4369003
Malas,640,512,723,616,-90,9,17,4369003
Malas,640,512,722,617,-90,9,17,4369003
Malas,640,512,721,618,-90,9,17,4369003
Malas,640,512,720,619,-90,9,17,4369003
Malas,640,512,744,620,-90,9,17,4369003
Malas,640,512,719,621,-90,9,17,4369003
Malas,640,512,742,622,-90,9,17,4369003
Malas,640,768,747,802,-90,9,17,4369003
Malas,640,768,727,808,-90,9,17,4369003
Malas,640,768,713,810,-90,9,17,4369003
Malas,640,768,711,811,-90,9,17,4369003
Malas,640,768,709,813,-90,9,17,4369003
Malas,640,768,707,814,-90,9,17,4369003
Malas,640,768,705,815,-90,9,17,4369003
Malas,640,768,699,816,-90,9,17,4369003
Malas,640,768,697,817,-90,9,17,4369003
Malas,640,768,695,818,-90,9,17,4369003
Malas,640,768,693,819,-90,9,17,4369003
Malas,640,768,691,820,-90,9,17,4369003
Malas,640,768,690,821,-90,9,17,4369003
Malas,640,768,689,823,-90,9,17,4369003
Malas,640,768,687,825,-90,9,17,4369003
Malas,640,768,685,826,-90,9,17,4369003
Malas,640,768,684,827,-90,9,17,4369003
Malas,640,768,683,828,-90,9,17,4369003
Malas,640,768,718,828,-90,9,17,4369003
Malas,640,768,680,829,-90,9,17,4369003
Malas,640,768,679,830,-90,9,17,4369003
Malas,640,768,716,830,-90,9,17,4369003
Malas,640,768,678,831,-90,9,17,4369003
Malas,640,768,714,831,-90,9,17,4369003
Malas,640,768,677,832,-90,9,17,4369003
Malas,640,768,708,832,-90,9,17,4369003
Malas,640,768,675,833,-90,9,17,4369003
Malas,640,768,706,833,-90,9,17,4369003
Malas,640,768,705,834,-90,9,17,4369003
Malas,640,768,673,835,-90,9,17,4369003
Malas,640,768,671,836,-90,9,17,4369003
Malas,640,768,670,837,-90,9,17,4369003
Malas,640,768,669,839,-90,9,17,4369003
Malas,640,768,668,841,-90,9,17,4369003
Malas,640,768,694,842,-90,9,17,4369003
Malas,640,768,667,843,-90,9,17,4369003
Malas,640,768,693,843,-90,9,17,4369003
Malas,640,768,692,844,-90,9,17,4369003
Malas,640,768,689,845,-90,9,17,4369003
Malas,640,768,688,846,-90,9,17,4369003
Malas,640,768,687,847,-90,9,17,4369003
Malas,640,768,686,848,-90,9,17,4369003
Malas,640,768,684,849,-90,9,17,4369003
Malas,640,768,703,849,-90,9,17,4369003
Malas,640,768,682,850,-90,9,17,4369003
Malas,640,768,712,851,-90,9,17,4369003
Malas,640,768,680,852,-90,9,17,4369003
Malas,640,768,679,853,-90,9,17,4369003
Malas,640,768,662,854,-90,9,17,4369003
Malas,640,768,678,854,-90,9,17,4369003
Malas,640,768,677,856,-90,9,17,4369003
Malas,640,768,676,858,-90,9,17,4369003
Malas,640,768,702,859,-90,9,17,4369003
Malas,640,768,671,860,-90,9,17,4369003
Malas,640,768,701,860,-90,9,17,4369003
Malas,640,768,698,861,-90,9,17,4369003
Malas,640,768,697,862,-90,9,17,4369003
Malas,640,768,696,863,-90,9,17,4369003
Malas,640,768,695,864,-90,9,17,4369003
Malas,640,768,694,865,-90,9,17,4369003
Malas,640,768,711,866,-90,9,17,4369003
Malas,640,768,662,871,-90,9,17,4369003
Malas,640,768,671,877,-90,9,17,4369003
Malas,640,896,650,896,-90,9,17,4369003
Malas,640,896,659,896,-90,9,17,4369003
Malas,640,896,640,899,-90,9,17,4369003
Malas,640,896,649,913,-90,9,17,4369003
Malas,640,896,658,913,-90,9,17,4369003
Malas,640,896,640,916,-90,9,17,4369003
Malas,640,896,651,930,-90,9,17,4369003
Malas,640,896,660,930,-90,9,17,4369003
Malas,640,896,640,933,-90,9,17,4369003
Malas,640,896,649,939,-90,9,17,4369003
Malas,640,896,757,943,-90,9,17,4369003
Malas,640,896,756,944,-90,9,17,4369003
Malas,640,896,755,945,-90,9,17,4369003
Malas,640,896,660,947,-90,9,17,4369003
Malas,640,896,754,947,-90,9,17,4369003
Malas,640,896,658,948,-90,9,17,4369003
Malas,640,896,642,950,-90,9,17,4369003
Malas,640,896,753,950,-90,9,17,4369003
Malas,640,896,752,952,-90,9,17,4369003
Malas,640,896,751,954,-90,9,17,4369003
Malas,640,896,750,955,-90,9,17,4369003
Malas,640,896,749,957,-90,9,17,4369003
Malas,640,896,748,959,-90,9,17,4369003
Malas,640,896,669,961,-90,9,17,4369003
Malas,640,896,747,961,-90,9,17,4369003
Malas,640,896,746,963,-90,9,17,4369003
Malas,640,896,667,964,-90,9,17,4369003
Malas,640,896,659,965,-90,9,17,4369003
Malas,640,896,651,967,-90,9,17,4369003
Malas,640,896,756,976,-90,9,17,4369003
Malas,640,896,755,978,-90,9,17,4369003
Malas,640,896,668,981,-90,9,17,4369003
Malas,640,896,664,982,-90,9,17,4369003
Malas,640,896,677,984,-90,9,17,4369003
Malas,640,896,744,986,-90,9,17,4369003
Malas,640,896,688,995,-90,9,17,4369003
Malas,640,896,753,996,-90,9,17,4369003
Malas,640,896,743,997,-90,9,17,4369003
Malas,640,896,741,999,-90,9,17,4369003
Malas,640,896,752,1003,-90,9,17,4369003
Malas,640,896,697,1005,-90,9,17,4369003
Malas,640,1024,713,1024,-90,9,17,4369003
Malas,640,1024,722,1031,-90,9,17,4369003
Malas,640,1024,640,1055,-90,9,17,4369003
Malas,640,1024,673,1055,-90,9,17,4369003
Malas,640,1024,649,1056,-90,9,17,4369003
Malas,640,1024,658,1056,-90,9,17,4369003
Malas,640,1024,670,1056,-90,9,17,4369003
Malas,640,1024,667,1062,-90,9,17,4369003
Malas,640,1024,682,1062,-90,9,17,4369003
Malas,640,1024,640,1072,-90,9,17,4369003
Malas,640,1024,679,1072,-90,9,17,4369003
Malas,640,1024,694,1072,-90,9,17,4369003
Malas,640,1024,649,1073,-90,9,17,4369003
Malas,640,1024,658,1073,-90,9,17,4369003
Malas,640,1024,676,1078,-90,9,17,4369003
Malas,640,1024,667,1079,-90,9,17,4369003
Malas,640,1024,688,1081,-90,9,17,4369003
Malas,640,1024,640,1089,-90,9,17,4369003
Malas,640,1024,685,1089,-90,9,17,4369003
Malas,640,1024,651,1090,-90,9,17,4369003
Malas,640,1024,660,1090,-90,9,17,4369003
Malas,640,1024,683,1095,-90,9,17,4369003
Malas,640,1024,670,1096,-90,9,17,4369003
Malas,640,1024,679,1097,-90,9,17,4369003
Malas,640,1024,694,1098,-90,9,17,4369003
Malas,640,1024,692,1106,-90,9,17,4369003
Malas,640,1024,649,1107,-90,9,17,4369003
Malas,640,1024,659,1107,-90,9,17,4369003
Malas,640,1024,688,1112,-90,9,17,4369003
Malas,640,1024,673,1113,-90,9,17,4369003
Malas,640,1024,682,1114,-90,9,17,4369003
Malas,640,1024,668,1116,-90,9,17,4369003
Malas,640,1024,750,1119,-90,9,17,4369003
Malas,640,1024,640,1120,-90,9,17,4369003
Malas,640,1024,701,1121,-90,9,17,4369003
Malas,640,1024,697,1123,-90,9,17,4369003
Malas,640,1024,649,1124,-90,9,17,4369003
Malas,640,1024,658,1124,-90,9,17,4369003
Malas,640,1024,667,1124,-90,9,17,4369003
Malas,640,1024,691,1129,-90,9,17,4369003
Malas,640,1024,713,1129,-90,9,17,4369003
Malas,640,1024,677,1130,-90,9,17,4369003
Malas,640,1024,686,1131,-90,9,17,4369003
Malas,640,1024,676,1133,-90,9,17,4369003
Malas,640,1152,681,1183,-90,9,17,4369003
Malas,640,1152,652,1188,-90,9,17,4369003
Malas,640,1152,690,1188,-90,9,17,4369003
Malas,640,1152,650,1189,-90,9,17,4369003
Malas,640,1152,647,1190,-90,9,17,4369003
Malas,640,1152,645,1191,-90,9,17,4369003
Malas,640,1152,644,1192,-90,9,17,4369003
Malas,640,1152,672,1193,-90,9,17,4369003
Malas,640,1152,664,1194,-90,9,17,4369003
Malas,640,1152,661,1195,-90,9,17,4369003
Malas,640,1152,643,1196,-90,9,17,4369003
Malas,640,1152,699,1198,-90,9,17,4369003
Malas,640,1152,681,1200,-90,9,17,4369003
Malas,640,1152,659,1205,-90,9,17,4369003
Malas,640,1152,690,1205,-90,9,17,4369003
Malas,640,1152,656,1206,-90,9,17,4369003
Malas,640,1152,640,1207,-90,9,17,4369003
Malas,640,1152,654,1207,-90,9,17,4369003
Malas,640,1152,653,1208,-90,9,17,4369003
Malas,640,1152,708,1208,-90,9,17,4369003
Malas,640,1152,652,1209,-90,9,17,4369003
Malas,640,1152,673,1210,-90,9,17,4369003
Malas,640,1152,670,1211,-90,9,17,4369003
Malas,640,1152,668,1212,-90,9,17,4369003
Malas,640,1152,700,1215,-90,9,17,4369003
Malas,640,1152,686,1217,-90,9,17,4369003
Malas,640,1152,665,1222,-90,9,17,4369003
Malas,640,1152,663,1223,-90,9,17,4369003
Malas,640,1152,662,1224,-90,9,17,4369003
Malas,640,1152,661,1225,-90,9,17,4369003
Malas,640,1152,709,1225,-90,9,17,4369003
Malas,640,1152,657,1226,-90,9,17,4369003
Malas,640,1152,697,1226,-90,9,17,4369003
Malas,640,1152,640,1230,-90,9,17,4369003
Malas,640,1152,655,1231,-90,9,17,4369003
Malas,640,1152,677,1232,-90,9,17,4369003
Malas,640,1152,706,1232,-90,9,17,4369003
Malas,640,1152,691,1234,-90,9,17,4369003
Malas,640,1152,649,1236,-90,9,17,4369003
Malas,640,1152,666,1242,-90,9,17,4369003
Malas,640,1152,664,1243,-90,9,17,4369003
Malas,640,1152,704,1243,-90,9,17,4369003
Malas,640,1152,757,1244,-90,9,17,4369003
Malas,640,1152,700,1245,-90,9,17,4369003
Malas,640,1152,640,1247,-90,9,17,4369003
Malas,640,1152,658,1248,-90,9,17,4369003
Malas,640,1152,697,1251,-90,9,17,4369003
Malas,640,1152,649,1253,-90,9,17,4369003
Malas,640,1152,692,1256,-90,9,17,4369003
Malas,640,1152,689,1258,-90,9,17,4369003
Malas,640,1280,640,1280,-90,9,17,4369003
Malas,640,1280,649,1280,-90,9,17,4369003
Malas,640,1280,658,1280,-90,9,17,4369003
Malas,640,1280,713,1300,-90,9,17,4369003
Malas,640,1280,711,1301,-90,9,17,4369003
Malas,640,1280,709,1302,-90,9,17,4369003
Malas,640,1280,707,1303,-90,9,17,4369003
Malas,640,1280,722,1304,-90,9,17,4369003
Malas,640,1280,705,1305,-90,9,17,4369003
Malas,640,1280,703,1307,-90,9,17,4369003
Malas,640,1280,701,1308,-90,9,17,4369003
Malas,640,1280,699,1309,-90,9,17,4369003
Malas,640,1280,695,1310,-90,9,17,4369003
Malas,640,1280,694,1311,-90,9,17,4369003
Malas,640,1280,693,1313,-90,9,17,4369003
Malas,640,1280,690,1318,-90,9,17,4369003
Malas,640,1280,718,1318,-90,9,17,4369003
Malas,640,1280,716,1319,-90,9,17,4369003
Malas,640,1280,714,1320,-90,9,17,4369003
Malas,640,1280,686,1322,-90,9,17,4369003
Malas,640,1280,712,1322,-90,9,17,4369003
Malas,640,1280,710,1324,-90,9,17,4369003
Malas,640,1280,702,1328,-90,9,17,4369003
Malas,640,1280,748,1329,-90,9,17,4369003
Malas,640,1280,699,1330,-90,9,17,4369003
Malas,640,1280,742,1331,-90,9,17,4369003
Malas,640,1280,757,1332,-90,9,17,4369003
Malas,640,1280,740,1333,-90,9,17,4369003
Malas,640,1280,695,1335,-90,9,17,4369003
Malas,640,1280,691,1339,-90,9,17,4369003
Malas,640,1280,712,1341,-90,9,17,4369003
Malas,640,1280,711,1342,-90,9,17,4369003
Malas,640,1280,708,1345,-90,9,17,4369003
Malas,640,1280,751,1346,-90,9,17,4369003
Malas,640,1280,704,1347,-90,9,17,4369003
Malas,640,1280,734,1348,-90,9,17,4369003
Malas,640,1280,749,1348,-90,9,17,4369003
Malas,640,1280,732,1349,-88,9,17,4369003
Malas,640,1280,645,1350,-90,9,17,4369003
Malas,640,1280,731,1350,-88,9,17,4369003
Malas,640,1280,743,1350,-90,9,17,4369003
Malas,640,1280,643,1351,-90,9,17,4369003
Malas,640,1280,641,1352,-90,9,17,4369003
Malas,640,1280,700,1352,-90,9,17,4369003
Malas,640,1280,727,1352,-90,9,17,4369003
Malas,640,1280,640,1355,-90,9,17,4369003
Malas,640,1280,697,1356,-90,9,17,4369003
Malas,640,1280,654,1357,-90,9,17,4369003
Malas,640,1280,758,1363,-90,9,17,4369003
Malas,640,1280,742,1365,-90,9,17,4369003
Malas,640,1280,752,1365,-90,9,17,4369003
Malas,640,1280,740,1366,-90,9,17,4369003
Malas,640,1280,652,1367,-90,9,17,4369003
Malas,640,1280,736,1367,-90,9,17,4369003
Malas,640,1280,751,1367,-90,9,17,4369003
Malas,640,1280,650,1368,-90,9,17,4369003
Malas,640,1280,649,1369,-90,9,17,4369003
Malas,640,1280,641,1372,-90,9,17,4369003
Malas,640,1280,640,1386,-90,9,17,4369003
Malas,640,1280,650,1386,-90,9,17,4369003
Malas,640,1280,649,1389,-90,9,17,4369003
Malas,640,1408,640,1408,-90,9,17,4369003
Malas,640,1408,649,1408,-90,9,17,4369003
Malas,640,1408,658,1408,-90,9,17,4369003
Malas,640,1408,675,1408,-90,9,17,4369003
Malas,640,1408,684,1410,-90,9,17,4369003
Malas,640,1408,667,1417,-90,9,17,4369003
Malas,640,1408,693,1420,-90,9,17,4369003
Malas,640,1408,640,1425,-90,9,17,4369003
Malas,640,1408,651,1425,-90,9,17,4369003
Malas,640,1408,660,1425,-90,9,17,4369003
Malas,640,1408,676,1425,-90,9,17,4369003
Malas,640,1408,649,1426,-90,9,17,4369003
Malas,640,1408,685,1427,-90,9,17,4369003
Malas,640,1408,669,1434,-90,9,17,4369003
Malas,640,1408,694,1437,-90,9,17,4369003
Malas,640,1408,703,1438,-90,9,17,4369003
Malas,640,1408,648,1442,-90,9,17,4369003
Malas,640,1408,658,1442,-90,9,17,4369003
Malas,640,1408,678,1442,-90,9,17,4369003
Malas,640,1408,657,1443,-90,9,17,4369003
Malas,640,1408,687,1444,-90,9,17,4369003
Malas,640,1408,672,1451,-90,9,17,4369003
Malas,640,1408,712,1451,-90,9,17,4369003
Malas,640,1408,667,1453,-90,9,17,4369003
Malas,640,1408,696,1454,-90,9,17,4369003
Malas,640,1408,710,1455,-90,9,17,4369003
Malas,640,1408,648,1459,-90,9,17,4369003
Malas,640,1408,640,1460,-90,9,17,4369003
Malas,768,0,770,89,-90,9,17,4369003
Malas,768,0,768,90,-90,9,17,4369003
Malas,768,0,779,93,-90,9,17,4369003
Malas,768,0,768,107,-90,9,17,4369003
Malas,768,128,768,128,-90,9,17,4369003
Malas,768,128,839,128,-89,9,17,4369003
Malas,768,128,848,128,-90,9,17,4369003
Malas,768,128,857,128,-90,9,17,4369003
Malas,768,128,866,128,-90,9,17,4369003
Malas,768,128,875,128,-90,9,17,4369003
Malas,768,128,884,128,-90,9,17,4369003
Malas,768,128,838,129,-89,9,17,4369003
Malas,768,128,836,130,-88,9,17,4369003
Malas,768,128,835,131,-88,9,17,4369003
Malas,768,128,834,132,-88,9,17,4369003
Malas,768,128,833,133,-88,9,17,4369003
Malas,768,128,831,134,-88,9,17,4369003
Malas,768,128,830,135,-88,9,17,4369003
Malas,768,128,829,136,-89,9,17,4369003
Malas,768,128,828,137,-89,9,17,4369003
Malas,768,128,827,138,-89,9,17,4369003
Malas,768,128,823,140,-88,9,17,4369003
Malas,768,128,820,141,-88,9,17,4369003
Malas,768,128,819,142,-90,9,17,4369003
Malas,768,128,817,143,-90,9,17,4369003
Malas,768,128,815,144,-90,9,17,4369003
Malas,768,128,812,145,-88,9,17,4369003
Malas,768,128,847,145,-90,9,17,4369003
Malas,768,128,856,145,-90,9,17,4369003
Malas,768,128,876,145,-90,9,17,4369003
Malas,768,128,885,145,-90,9,17,4369003
Malas,768,128,811,146,-89,9,17,4369003
Malas,768,128,845,146,-90,9,17,4369003
Malas,768,128,810,147,-89,9,17,4369003
Malas,768,128,844,147,-90,9,17,4369003
Malas,768,128,865,147,-90,9,17,4369003
Malas,768,128,809,148,-88,9,17,4369003
Malas,768,128,843,148,-90,9,17,4369003
Malas,768,128,808,149,-88,9,17,4369003
Malas,768,128,842,149,-90,9,17,4369003
Malas,768,128,803,150,-88,9,17,4369003
Malas,768,128,840,150,-90,9,17,4369003
Malas,768,128,839,151,-90,9,17,4369003
Malas,768,128,802,152,-89,9,17,4369003
Malas,768,128,838,152,-90,9,17,4369003
Malas,768,128,837,153,-90,9,17,4369003
Malas,768,128,836,154,-90,9,17,4369003
Malas,768,128,801,155,-90,9,17,4369003
Malas,768,128,832,155,-90,9,17,4369003
Malas,768,128,790,156,-90,9,17,4369003
Malas,768,128,800,156,-90,9,17,4369003
Malas,768,128,831,157,-90,9,17,4369003
Malas,768,128,799,158,-90,9,17,4369003
Malas,768,128,828,161,-90,9,17,4369003
Malas,768,128,874,161,-90,9,17,4369003
Malas,768,128,820,162,-90,9,17,4369003
Malas,768,128,854,162,-90,9,17,4369003
Malas,768,128,863,162,-90,9,17,4369003
Malas,768,128,883,162,-90,9,17,4369003
Malas,768,128,782,163,-89,9,17,4369003
Malas,768,128,819,163,-90,9,17,4369003
Malas,768,128,853,163,-90,9,17,4369003
Malas,768,128,818,164,-90,9,17,4369003
Malas,768,128,852,164,-90,9,17,4369003
Malas,768,128,872,164,-90,9,17,4369003
Malas,768,128,817,165,-90,9,17,4369003
Malas,768,128,851,165,-90,9,17,4369003
Malas,768,128,812,166,-90,9,17,4369003
Malas,768,128,849,166,-90,9,17,4369003
Malas,768,128,811,167,-90,9,17,4369003
Malas,768,128,848,167,-90,9,17,4369003
Malas,768,128,847,168,-90,9,17,4369003
Malas,768,128,810,169,-90,9,17,4369003
Malas,768,128,846,169,-90,9,17,4369003
Malas,768,128,845,170,-90,9,17,4369003
Malas,768,128,841,171,-90,9,17,4369003
Malas,768,128,809,172,-90,9,17,4369003
Malas,768,128,840,172,-90,9,17,4369003
Malas,768,128,791,173,-90,9,17,4369003
Malas,768,128,808,173,-90,9,17,4369003
Malas,768,128,837,174,-90,9,17,4369003
Malas,768,128,781,175,-90,9,17,4369003
Malas,768,128,800,175,-90,9,17,4369003
Malas,768,128,780,176,-90,9,17,4369003
Malas,768,128,779,178,-90,9,17,4369003
Malas,768,128,836,178,-90,9,17,4369003
Malas,768,128,881,178,-90,9,17,4369003
Malas,768,128,862,179,-90,9,17,4369003
Malas,768,128,871,179,-90,9,17,4369003
Malas,768,128,790,180,-90,9,17,4369003
Malas,768,128,861,180,-90,9,17,4369003
Malas,768,128,826,181,-90,9,17,4369003
Malas,768,128,860,181,-90,9,17,4369003
Malas,768,128,821,182,-90,9,17,4369003
Malas,768,128,858,182,-90,9,17,4369003
Malas,768,128,820,183,-90,9,17,4369003
Malas,768,128,857,183,-90,9,17,4369003
Malas,768,128,819,184,-90,9,17,4369003
Malas,768,128,856,184,-90,9,17,4369003
Malas,768,128,855,185,-90,9,17,4369003
Malas,768,128,818,186,-90,9,17,4369003
Malas,768,128,835,186,-90,9,17,4369003
Malas,768,128,854,186,-90,9,17,4369003
Malas,768,128,850,187,-90,9,17,4369003
Malas,768,128,849,188,-90,9,17,4369003
Malas,768,128,817,189,-90,9,17,4369003
Malas,768,128,846,189,-90,9,17,4369003
Malas,768,128,814,190,-90,9,17,4369003
Malas,768,128,845,191,-90,9,17,4369003
Malas,768,128,789,192,-90,9,17,4369003
Malas,768,128,788,193,-90,9,17,4369003
Malas,768,128,808,193,-90,9,17,4369003
Malas,768,128,787,195,-90,9,17,4369003
Malas,768,128,844,195,-90,9,17,4369003
Malas,768,128,870,196,-90,9,17,4369003
Malas,768,128,798,197,-90,9,17,4369003
Malas,768,128,869,197,-90,9,17,4369003
Malas,768,128,884,197,-90,9,17,4369003
Malas,768,128,830,198,-90,9,17,4369003
Malas,768,128,867,198,-90,9,17,4369003
Malas,768,128,879,198,-90,9,17,4369003
Malas,768,128,829,199,-90,9,17,4369003
Malas,768,128,866,199,-90,9,17,4369003
Malas,768,128,828,200,-90,9,17,4369003
Malas,768,128,865,200,-90,9,17,4369003
Malas,768,128,864,201,-90,9,17,4369003
Malas,768,128,863,202,-90,9,17,4369003
Malas,768,128,859,203,-90,9,17,4369003
Malas,768,128,878,213,-90,9,17,4369003
Malas,768,128,876,214,-90,9,17,4369003
Malas,768,128,875,215,-90,9,17,4369003
Malas,768,128,874,216,-90,9,17,4369003
Malas,768,128,873,217,-90,9,17,4369003
Malas,768,128,872,218,-90,9,17,4369003
Malas,768,128,885,230,-90,9,17,4369003
Malas,768,128,884,231,-90,9,17,4369003
Malas,768,128,883,232,-90,9,17,4369003
Malas,768,128,882,233,-90,9,17,4369003
Malas,768,128,881,234,-90,9,17,4369003
Malas,768,384,876,390,-90,9,17,4369003
Malas,768,384,886,394,-90,9,17,4369003
Malas,768,384,885,395,-90,9,17,4369003
Malas,768,384,873,396,-90,9,17,4369003
Malas,768,384,882,407,-90,9,17,4369003
Malas,768,384,874,413,-90,9,17,4369003
Malas,768,384,873,415,-90,9,17,4369003
Malas,768,384,797,418,-88,9,17,4369003
Malas,768,384,872,419,-90,9,17,4369003
Malas,768,384,867,420,-90,9,17,4369003
Malas,768,384,784,424,-88,9,17,4369003
Malas,768,384,796,424,-89,9,17,4369003
Malas,768,384,812,424,-88,9,17,4369003
Malas,768,384,883,424,-90,9,17,4369003
Malas,768,384,782,425,-88,9,17,4369003
Malas,768,384,809,425,-90,9,17,4369003
Malas,768,384,780,426,-88,9,17,4369003
Malas,768,384,779,427,-88,9,17,4369003
Malas,768,384,795,427,-89,9,17,4369003
Malas,768,384,778,428,-88,9,17,4369003
Malas,768,384,777,429,-88,9,17,4369003
Malas,768,384,776,430,-88,9,17,4369003
Malas,768,384,793,430,-90,9,17,4369003
Malas,768,384,882,430,-90,9,17,4369003
Malas,768,384,806,432,-90,9,17,4369003
Malas,768,384,865,432,-90,9,17,4369003
Malas,768,384,805,435,-90,9,17,4369003
Malas,768,384,804,441,-90,9,17,4369003
Malas,768,384,818,441,-90,9,17,4369003
Malas,768,384,864,441,-90,9,17,4369003
Malas,768,384,815,442,-90,9,17,4369003
Malas,768,384,814,449,-90,9,17,4369003
Malas,768,384,873,449,-90,9,17,4369003
Malas,768,384,804,458,-88,9,17,4369003
Malas,768,384,824,458,-90,9,17,4369003
Malas,768,384,882,458,-90,9,17,4369003
Malas,768,384,772,459,-90,9,17,4369003
Malas,768,384,781,459,-88,9,17,4369003
Malas,768,384,823,459,-90,9,17,4369003
Malas,768,384,867,460,-90,9,17,4369003
Malas,768,384,770,461,-90,9,17,4369003
Malas,768,384,803,463,-88,9,17,4369003
Malas,768,384,857,463,-88,9,17,4369003
Malas,768,384,800,464,-88,9,17,4369003
Malas,768,384,866,464,-90,9,17,4369003
Malas,768,384,790,465,-89,9,17,4369003
Malas,768,384,856,465,-88,9,17,4369003
Malas,768,384,768,466,-90,9,17,4369003
Malas,768,384,819,466,-90,9,17,4369003
Malas,768,384,854,466,-88,9,17,4369003
Malas,768,384,876,466,-90,9,17,4369003
Malas,768,384,813,469,-90,9,17,4369003
Malas,768,384,833,471,-90,9,17,4369003
Malas,768,384,850,471,-89,9,17,4369003
Malas,768,384,849,472,-89,9,17,4369003
Malas,768,384,845,473,-89,9,17,4369003
Malas,768,384,812,475,-90,9,17,4369003
Malas,768,384,832,475,-90,9,17,4369003
Malas,768,384,885,475,-90,9,17,4369003
Malas,768,384,780,476,-90,9,17,4369003
Malas,768,384,789,476,-90,9,17,4369003
Malas,768,384,828,476,-90,9,17,4369003
Malas,768,384,809,480,-90,9,17,4369003
Malas,768,384,803,481,-90,9,17,4369003
Malas,768,384,798,482,-90,9,17,4369003
Malas,768,384,768,483,-90,9,17,4369003
Malas,768,384,882,483,-90,9,17,4369003
Malas,768,384,786,493,-90,9,17,4369003
Malas,768,384,779,494,-90,9,17,4369003
Malas,768,512,879,512,-90,9,17,4369003
Malas,768,512,873,518,-90,9,17,4369003
Malas,768,512,871,519,-90,9,17,4369003
Malas,768,512,869,521,-90,9,17,4369003
Malas,768,512,867,523,-90,9,17,4369003
Malas,768,512,865,525,-90,9,17,4369003
Malas,768,512,863,527,-90,9,17,4369003
Malas,768,512,859,528,-90,9,17,4369003
Malas,768,512,857,529,-90,9,17,4369003
Malas,768,512,882,529,-90,9,17,4369003
Malas,768,512,855,531,-90,9,17,4369003
Malas,768,512,853,532,-90,9,17,4369003
Malas,768,512,851,533,-90,9,17,4369003
Malas,768,512,849,535,-90,9,17,4369003
Malas,768,512,880,535,-90,9,17,4369003
Malas,768,512,845,536,-90,9,17,4369003
Malas,768,512,878,536,-90,9,17,4369003
Malas,768,512,843,537,-90,9,17,4369003
Malas,768,512,837,538,-90,9,17,4369003
Malas,768,512,876,538,-90,9,17,4369003
Malas,768,512,835,539,-90,9,17,4369003
Malas,768,512,833,540,-90,9,17,4369003
Malas,768,512,874,540,-90,9,17,4369003
Malas,768,512,831,541,-90,9,17,4369003
Malas,768,512,825,542,-90,9,17,4369003
Malas,768,512,872,542,-90,9,17,4369003
Malas,768,512,823,543,-90,9,17,4369003
Malas,768,512,868,544,-90,9,17,4369003
Malas,768,512,821,545,-90,9,17,4369003
Malas,768,512,866,545,-90,9,17,4369003
Malas,768,512,817,546,-90,9,17,4369003
Malas,768,512,864,546,-90,9,17,4369003
Malas,768,512,815,547,-90,9,17,4369003
Malas,768,512,862,548,-90,9,17,4369003
Malas,768,512,814,549,-90,9,17,4369003
Malas,768,512,860,549,-90,9,17,4369003
Malas,768,512,858,550,-90,9,17,4369003
Malas,768,512,856,552,-90,9,17,4369003
Malas,768,512,852,553,-90,9,17,4369003
Malas,768,512,885,553,-90,9,17,4369003
Malas,768,512,846,554,-90,9,17,4369003
Malas,768,512,844,555,-90,9,17,4369003
Malas,768,512,883,555,-90,9,17,4369003
Malas,768,512,804,556,-90,9,17,4369003
Malas,768,512,842,556,-90,9,17,4369003
Malas,768,512,802,557,-90,9,17,4369003
Malas,768,512,881,557,-90,9,17,4369003
Malas,768,512,801,558,-90,9,17,4369003
Malas,768,512,799,559,-90,9,17,4369003
Malas,768,512,813,559,-90,9,17,4369003
Malas,768,512,832,559,-90,9,17,4369003
Malas,768,512,877,559,-90,9,17,4369003
Malas,768,512,798,560,-90,9,17,4369003
Malas,768,512,830,560,-90,9,17,4369003
Malas,768,512,797,561,-90,9,17,4369003
Malas,768,512,875,561,-90,9,17,4369003
Malas,768,512,795,562,-90,9,17,4369003
Malas,768,512,826,562,-90,9,17,4369003
Malas,768,512,873,562,-90,9,17,4369003
Malas,768,512,824,563,-90,9,17,4369003
Malas,768,512,871,563,-90,9,17,4369003
Malas,768,512,793,564,-90,9,17,4369003
Malas,768,512,823,564,-90,9,17,4369003
Malas,768,512,791,565,-90,9,17,4369003
Malas,768,512,869,565,-90,9,17,4369003
Malas,768,512,790,566,-90,9,17,4369003
Malas,768,512,822,566,-90,9,17,4369003
Malas,768,512,867,566,-90,9,17,4369003
Malas,768,512,787,567,-90,9,17,4369003
Malas,768,512,841,567,-90,9,17,4369003
Malas,768,512,785,568,-90,9,17,4369003
Malas,768,512,783,569,-90,9,17,4369003
Malas,768,512,781,571,-90,9,17,4369003
Malas,768,512,779,573,-90,9,17,4369003
Malas,768,512,778,574,-90,9,17,4369003
Malas,768,512,886,574,-90,9,17,4369003
Malas,768,512,808,575,-90,9,17,4369003
Malas,768,512,807,576,-90,9,17,4369003
Malas,768,512,818,576,-90,9,17,4369003
Malas,768,512,806,577,-90,9,17,4369003
Malas,768,512,835,577,-90,9,17,4369003
Malas,768,512,804,578,-90,9,17,4369003
Malas,768,512,802,579,-90,9,17,4369003
Malas,768,512,833,579,-90,9,17,4369003
Malas,768,512,771,580,-90,9,17,4369003
Malas,768,512,832,580,-90,9,17,4369003
Malas,768,512,770,581,-90,9,17,4369003
Malas,768,512,800,581,-90,9,17,4369003
Malas,768,512,769,582,-90,9,17,4369003
Malas,768,512,799,582,-90,9,17,4369003
Malas,768,512,768,583,-90,9,17,4369003
Malas,768,512,796,583,-90,9,17,4369003
Malas,768,512,868,583,-90,9,17,4369003
Malas,768,512,794,584,-90,9,17,4369003
Malas,768,512,865,584,-90,9,17,4369003
Malas,768,512,792,585,-90,9,17,4369003
Malas,768,512,790,586,-90,9,17,4369003
Malas,768,512,817,586,-90,9,17,4369003
Malas,768,512,846,587,-90,9,17,4369003
Malas,768,512,788,588,-90,9,17,4369003
Malas,768,512,830,588,-90,9,17,4369003
Malas,768,512,844,589,-90,9,17,4369003
Malas,768,512,864,589,-90,9,17,4369003
Malas,768,512,787,590,-90,9,17,4369003
Malas,768,512,862,590,-90,9,17,4369003
Malas,768,512,780,591,-90,9,17,4369003
Malas,768,512,816,592,-90,9,17,4369003
Malas,768,512,842,594,-90,9,17,4369003
Malas,768,512,841,596,-90,9,17,4369003
Malas,768,512,779,597,-90,9,17,4369003
Malas,768,512,840,597,-90,9,17,4369003
Malas,768,512,778,598,-90,9,17,4369003
Malas,768,512,839,598,-90,9,17,4369003
Malas,768,512,777,599,-90,9,17,4369003
Malas,768,512,855,603,-90,9,17,4369003
Malas,768,512,853,604,-90,9,17,4369003
Malas,768,512,851,606,-90,9,17,4369003
Malas,768,512,850,611,-90,9,17,4369003
Malas,768,512,849,613,-90,9,17,4369003
Malas,768,512,848,614,-90,9,17,4369003
Malas,768,512,860,621,-90,9,17,4369003
Malas,768,640,809,640,-89,9,17,4369003
Malas,768,640,825,642,-88,9,17,4369003
Malas,768,640,850,642,-90,9,17,4369003
Malas,768,640,808,643,-90,9,17,4369003
Malas,768,640,819,643,-90,9,17,4369003
Malas,768,640,841,646,-90,9,17,4369003
Malas,768,640,804,648,-90,9,17,4369003
Malas,768,640,802,649,-90,9,17,4369003
Malas,768,640,818,649,-90,9,17,4369003
Malas,768,768,815,788,-90,9,17,4369003
Malas,768,768,824,788,-90,9,17,4369003
Malas,768,768,813,789,-90,9,17,4369003
Malas,768,768,803,790,-90,9,17,4369003
Malas,768,768,812,790,-90,9,17,4369003
Malas,768,768,801,791,-90,9,17,4369003
Malas,768,768,833,791,-90,9,17,4369003
Malas,768,768,795,792,-90,9,17,4369003
Malas,768,768,842,794,-90,9,17,4369003
Malas,768,768,851,796,-90,9,17,4369003
Malas,768,768,822,805,-90,9,17,4369003
Malas,768,768,831,805,-90,9,17,4369003
Malas,768,768,821,806,-90,9,17,4369003
Malas,768,768,820,807,-90,9,17,4369003
Malas,768,768,840,808,-90,9,17,4369003
Malas,768,768,849,811,-90,9,17,4369003
Malas,768,768,858,816,-90,9,17,4369003
Malas,768,768,838,822,-90,9,17,4369003
Malas,768,768,847,825,-90,9,17,4369003
Malas,768,768,867,832,-90,9,17,4369003
Malas,768,768,863,833,-90,9,17,4369003
Malas,768,768,856,839,-90,9,17,4369003
Malas,768,768,876,839,-90,9,17,4369003
Malas,768,768,849,842,-90,9,17,4369003
Malas,768,768,872,849,-90,9,17,4369003
Malas,768,768,865,850,-90,9,17,4369003
Malas,768,768,885,855,-90,9,17,4369003
Malas,768,768,858,856,-90,9,17,4369003
Malas,768,768,881,856,-90,9,17,4369003
Malas,768,768,855,859,-90,9,17,4369003
Malas,768,768,853,871,-90,9,17,4369003
Malas,768,768,869,873,-90,9,17,4369003
Malas,768,768,882,873,-90,9,17,4369003
Malas,768,896,803,896,-90,9,17,4369003
Malas,768,896,812,896,-90,9,17,4369003
Malas,768,896,826,896,-90,9,17,4369003
Malas,768,896,801,897,-90,9,17,4369003
Malas,768,896,799,899,-90,9,17,4369003
Malas,768,896,821,899,-90,9,17,4369003
Malas,768,896,797,901,-90,9,17,4369003
Malas,768,896,795,902,-90,9,17,4369003
Malas,768,896,793,903,-90,9,17,4369003
Malas,768,896,791,904,-90,9,17,4369003
Malas,768,896,789,905,-90,9,17,4369003
Malas,768,896,783,909,-90,9,17,4369003
Malas,768,896,781,911,-90,9,17,4369003
Malas,768,896,779,913,-90,9,17,4369003
Malas,768,896,832,913,-90,9,17,4369003
Malas,768,896,777,914,-90,9,17,4369003
Malas,768,896,808,914,-90,9,17,4369003
Malas,768,896,775,915,-90,9,17,4369003
Malas,768,896,830,915,-90,9,17,4369003
Malas,768,896,806,916,-90,9,17,4369003
Malas,768,896,828,916,-90,9,17,4369003
Malas,768,896,773,917,-90,9,17,4369003
Malas,768,896,804,918,-90,9,17,4369003
Malas,768,896,772,919,-90,9,17,4369003
Malas,768,896,802,919,-90,9,17,4369003
Malas,768,896,800,920,-90,9,17,4369003
Malas,768,896,822,920,-90,9,17,4369003
Malas,768,896,771,921,-90,9,17,4369003
Malas,768,896,798,921,-90,9,17,4369003
Malas,768,896,793,922,-90,9,17,4369003
Malas,768,896,770,923,-90,9,17,4369003
Malas,768,896,792,924,-90,9,17,4369003
Malas,768,896,769,926,-90,9,17,4369003
Malas,768,896,790,926,-90,9,17,4369003
Malas,768,896,818,926,-90,9,17,4369003
Malas,768,896,768,927,-90,9,17,4369003
Malas,768,896,788,928,-90,9,17,4369003
Malas,768,896,817,928,-90,9,17,4369003
Malas,768,896,786,930,-90,9,17,4369003
Malas,768,896,839,930,-90,9,17,4369003
Malas,768,896,784,931,-90,9,17,4369003
Malas,768,896,815,931,-90,9,17,4369003
Malas,768,896,782,932,-90,9,17,4369003
Malas,768,896,837,932,-90,9,17,4369003
Malas,768,896,831,933,-90,9,17,4369003
Malas,768,896,781,934,-90,9,17,4369003
Malas,768,896,780,936,-90,9,17,4369003
Malas,768,896,827,937,-90,9,17,4369003
Malas,768,896,779,938,-90,9,17,4369003
Malas,768,896,802,938,-90,9,17,4369003
Malas,768,896,801,939,-90,9,17,4369003
Malas,768,896,778,940,-90,9,17,4369003
Malas,768,896,799,941,-90,9,17,4369003
Malas,768,896,777,943,-90,9,17,4369003
Malas,768,896,797,943,-90,9,17,4369003
Malas,768,896,826,943,-90,9,17,4369003
Malas,768,896,772,944,-90,9,17,4369003
Malas,768,896,796,945,-90,9,17,4369003
Malas,768,896,824,945,-90,9,17,4369003
Malas,768,896,817,948,-90,9,17,4369003
Malas,768,896,811,949,-90,9,17,4369003
Malas,768,896,840,949,-90,9,17,4369003
Malas,768,896,838,950,-90,9,17,4369003
Malas,768,896,835,954,-90,9,17,4369003
Malas,768,896,810,955,-90,9,17,4369003
Malas,768,896,808,956,-90,9,17,4369003
Malas,768,896,786,957,-90,9,17,4369003
Malas,768,896,795,957,-90,9,17,4369003
Malas,768,896,806,958,-90,9,17,4369003
Malas,768,896,781,960,-90,9,17,4369003
Malas,768,896,805,960,-90,9,17,4369003
Malas,768,896,778,961,-90,9,17,4369003
Malas,768,896,826,962,-90,9,17,4369003
Malas,768,896,768,964,-90,9,17,4369003
Malas,768,896,820,965,-90,9,17,4369003
Malas,768,896,819,966,-90,9,17,4369003
Malas,768,896,777,972,-90,9,17,4369003
Malas,768,896,817,972,-90,9,17,4369003
Malas,768,896,815,973,-90,9,17,4369003
Malas,768,896,790,974,-90,9,17,4369003
Malas,768,896,814,975,-90,9,17,4369003
Malas,768,896,799,976,-90,9,17,4369003
Malas,768,896,787,977,-90,9,17,4369003
Malas,768,896,808,977,-90,9,17,4369003
Malas,768,896,786,978,-90,9,17,4369003
Malas,768,896,768,981,-90,9,17,4369003
Malas,768,896,777,989,-90,9,17,4369003
Malas,768,896,796,991,-90,9,17,4369003
Malas,768,896,806,993,-90,9,17,4369003
Malas,768,896,795,994,-90,9,17,4369003
Malas,768,896,815,994,-90,9,17,4369003
Malas,768,896,786,995,-90,9,17,4369003
Malas,768,896,770,998,-90,9,17,4369003
Malas,768,896,805,1000,-90,9,17,4369003
Malas,768,1024,874,1058,-90,9,17,4369003
Malas,768,1024,868,1061,-90,9,17,4369003
Malas,768,1024,867,1064,-90,9,17,4369003
Malas,768,1024,883,1065,-90,9,17,4369003
Malas,768,1024,866,1069,-90,9,17,4369003
Malas,768,1024,862,1072,-90,9,17,4369003
Malas,768,1024,876,1078,-90,9,17,4369003
Malas,768,1024,875,1081,-90,9,17,4369003
Malas,768,1024,886,1082,-90,9,17,4369003
Malas,768,1024,861,1086,-90,9,17,4369003
Malas,768,1024,871,1086,-90,9,17,4369003
Malas,768,1024,870,1089,-90,9,17,4369003
Malas,768,1024,860,1090,-90,9,17,4369003
Malas,768,1024,885,1091,-90,9,17,4369003
Malas,768,1024,884,1095,-90,9,17,4369003
Malas,768,1024,859,1097,-89,9,17,4369003
Malas,768,1024,880,1098,-90,9,17,4369003
Malas,768,1024,858,1099,-88,9,17,4369003
Malas,768,1024,869,1103,-90,9,17,4369003
Malas,768,1024,879,1103,-90,9,17,4369003
Malas,768,1024,878,1106,-90,9,17,4369003
Malas,768,1024,868,1107,-90,9,17,4369003
Malas,768,1024,857,1110,-88,9,17,4369003
Malas,768,1024,867,1114,-90,9,17,4369003
Malas,768,1024,866,1116,-90,9,17,4369003
Malas,768,1024,877,1120,-90,9,17,4369003
Malas,768,1024,886,1123,-90,9,17,4369003
Malas,768,1024,876,1124,-90,9,17,4369003
Malas,768,1152,804,1152,-90,9,17,4369003
Malas,768,1152,817,1152,-90,9,17,4369003
Malas,768,1152,840,1154,-90,9,17,4369003
Malas,768,1152,813,1157,-90,9,17,4369003
Malas,768,1152,785,1159,-90,9,17,4369003
Malas,768,1152,849,1160,-90,9,17,4369003
Malas,768,1152,783,1161,-90,9,17,4369003
Malas,768,1152,779,1162,-90,9,17,4369003
Malas,768,1152,777,1163,-90,9,17,4369003
Malas,768,1152,776,1164,-90,9,17,4369003
Malas,768,1152,796,1164,-90,9,17,4369003
Malas,768,1152,794,1166,-90,9,17,4369003
Malas,768,1152,859,1168,-90,9,17,4369003
Malas,768,1152,805,1169,-90,9,17,4369003
Malas,768,1152,771,1174,-90,9,17,4369003
Malas,768,1152,792,1176,-90,9,17,4369003
Malas,768,1152,788,1178,-90,9,17,4369003
Malas,768,1152,786,1179,-90,9,17,4369003
Malas,768,1152,785,1180,-90,9,17,4369003
Malas,768,1152,780,1181,-90,9,17,4369003
Malas,768,1152,806,1186,-90,9,17,4369003
Malas,768,1152,771,1191,-90,9,17,4369003
Malas,768,1152,797,1193,-90,9,17,4369003
Malas,768,1152,795,1195,-90,9,17,4369003
Malas,768,1152,794,1196,-90,9,17,4369003
Malas,768,1152,789,1197,-90,9,17,4369003
Malas,768,1152,780,1198,-90,9,17,4369003
Malas,768,1152,770,1201,-90,9,17,4369003
Malas,768,1152,768,1202,-90,9,17,4369003
Malas,768,1152,811,1203,-90,9,17,4369003
Malas,768,1152,779,1208,-90,9,17,4369003
Malas,768,1152,820,1208,-90,9,17,4369003
Malas,768,1152,798,1213,-90,9,17,4369003
Malas,768,1152,789,1214,-90,9,17,4369003
Malas,768,1152,788,1215,-90,9,17,4369003
Malas,768,1152,777,1218,-90,9,17,4369003
Malas,768,1152,768,1219,-90,9,17,4369003
Malas,768,1152,829,1219,-90,9,17,4369003
Malas,768,1152,815,1221,-90,9,17,4369003
Malas,768,1152,786,1225,-90,9,17,4369003
Malas,768,1152,824,1225,-90,9,17,4369003
Malas,768,1152,807,1228,-90,9,17,4369003
Malas,768,1152,798,1230,-90,9,17,4369003
Malas,768,1152,797,1231,-90,9,17,4369003
Malas,768,1152,795,1232,-90,9,17,4369003
Malas,768,1152,838,1233,-90,9,17,4369003
Malas,768,1152,777,1235,-90,9,17,4369003
Malas,768,1152,768,1236,-90,9,17,4369003
Malas,768,1152,835,1236,-90,9,17,4369003
Malas,768,1152,816,1238,-90,9,17,4369003
Malas,768,1152,833,1241,-90,9,17,4369003
Malas,768,1152,791,1242,-90,9,17,4369003
Malas,768,1152,829,1242,-90,9,17,4369003
Malas,768,1152,811,1245,-90,9,17,4369003
Malas,768,1152,807,1246,-90,9,17,4369003
Malas,768,1152,806,1247,-90,9,17,4369003
Malas,768,1152,804,1248,-90,9,17,4369003
Malas,768,1152,847,1248,-90,9,17,4369003
Malas,768,1152,786,1249,-90,9,17,4369003
Malas,768,1152,800,1249,-90,9,17,4369003
Malas,768,1152,844,1250,-90,9,17,4369003
Malas,768,1152,827,1251,-90,9,17,4369003
Malas,768,1152,777,1252,-90,9,17,4369003
Malas,768,1152,768,1253,-90,9,17,4369003
Malas,768,1152,825,1253,-90,9,17,4369003
Malas,768,1152,842,1253,-90,9,17,4369003
Malas,768,1152,824,1255,-90,9,17,4369003
Malas,768,1152,838,1258,-90,9,17,4369003
Malas,768,1152,836,1259,-90,9,17,4369003
Malas,768,1280,802,1280,-90,9,17,4369003
Malas,768,1280,811,1280,-90,9,17,4369003
Malas,768,1280,769,1338,-90,9,17,4369003
Malas,768,1280,778,1341,-90,9,17,4369003
Malas,768,1280,787,1343,-90,9,17,4369003
Malas,768,1280,796,1347,-90,9,17,4369003
Malas,768,1280,768,1348,-90,9,17,4369003
Malas,768,1280,805,1348,-90,9,17,4369003
Malas,768,1280,777,1355,-90,9,17,4369003
Malas,768,1280,825,1355,-90,9,17,4369003
Malas,768,1280,814,1356,-90,9,17,4369003
Malas,768,1280,823,1356,-90,9,17,4369003
Malas,768,1280,786,1358,-90,9,17,4369003
Malas,768,1280,795,1360,-90,9,17,4369003
Malas,768,1280,768,1365,-90,9,17,4369003
Malas,768,1280,805,1365,-90,9,17,4369003
Malas,768,1280,777,1372,-90,9,17,4369003
Malas,768,1280,787,1375,-90,9,17,4369003
Malas,768,1280,877,1376,-90,9,17,4369003
Malas,768,1280,870,1377,-90,9,17,4369003
Malas,768,1280,796,1379,-90,9,17,4369003
Malas,768,1280,786,1380,-90,9,17,4369003
Malas,768,1280,768,1382,-90,9,17,4369003
Malas,768,1280,777,1389,-90,9,17,4369003
Malas,768,1280,886,1390,-90,9,17,4369003
Malas,768,1408,849,1408,-90,9,17,4369003
Malas,768,1408,861,1408,-90,9,17,4369003
Malas,768,1408,870,1408,-90,9,17,4369003
Malas,768,1408,879,1408,-90,9,17,4369003
Malas,768,1408,847,1409,-90,9,17,4369003
Malas,768,1408,843,1410,-90,9,17,4369003
Malas,768,1408,841,1411,-90,9,17,4369003
Malas,768,1408,839,1413,-90,9,17,4369003
Malas,768,1408,862,1425,-90,9,17,4369003
Malas,768,1408,871,1425,-90,9,17,4369003
Malas,768,1408,880,1425,-90,9,17,4369003
Malas,768,1408,848,1428,-90,9,17,4369003
Malas,768,1408,844,1430,-90,9,17,4369003
Malas,768,1408,859,1430,-90,9,17,4369003
Malas,768,1408,868,1442,-90,9,17,4369003
Malas,768,1408,877,1442,-90,9,17,4369003
Malas,768,1408,886,1442,-90,9,17,4369003
Malas,768,1408,867,1447,-90,9,17,4369003
Malas,768,1408,783,1451,-90,9,17,4369003
Malas,768,1408,782,1453,-90,9,17,4369003
Malas,896,128,896,128,-90,9,17,4369003
Malas,896,128,910,143,-90,9,17,4369003
Malas,896,128,903,149,-90,9,17,4369003
Malas,896,128,896,157,-90,9,17,4369003
Malas,896,128,1012,159,-50,9,17,4369003
Malas,896,128,912,160,-90,9,17,4369003
Malas,896,128,1010,160,-50,9,17,4369003
Malas,896,128,1008,162,-50,9,17,4369003
Malas,896,128,1007,164,-50,9,17,4369003
Malas,896,128,1006,166,-50,9,17,4369003
Malas,896,128,1004,168,-50,9,17,4369003
Malas,896,128,1002,170,-50,9,17,4369003
Malas,896,128,1000,172,-50,9,17,4369003
Malas,896,128,998,174,-50,9,17,4369003
Malas,896,128,997,176,-50,9,17,4369003
Malas,896,128,1013,183,-50,9,17,4369003
Malas,896,128,930,185,-90,9,17,4369003
Malas,896,128,1011,185,-50,9,17,4369003
Malas,896,128,1009,187,-50,9,17,4369003
Malas,896,128,963,189,-90,9,17,4369003
Malas,896,128,1007,189,-50,9,17,4369003
Malas,896,128,939,190,-90,9,17,4369003
Malas,896,128,948,190,-90,9,17,4369003
Malas,896,128,957,190,-90,9,17,4369003
Malas,896,128,1006,191,-50,9,17,4369003
Malas,896,128,929,192,-88,9,17,4369003
Malas,896,128,1003,193,-50,9,17,4369003
Malas,896,128,938,202,-90,9,17,4369003
Malas,896,128,947,207,-90,9,17,4369003
Malas,896,128,959,207,-90,9,17,4369003
Malas,896,128,896,208,-90,9,17,4369003
Malas,896,128,919,208,-90,9,17,4369003
Malas,896,128,956,208,-90,9,17,4369003
Malas,896,128,917,209,-90,9,17,4369003
Malas,896,128,930,209,-90,9,17,4369003
Malas,896,128,905,210,-90,9,17,4369003
Malas,896,128,914,210,-90,9,17,4369003
Malas,896,128,928,213,-90,9,17,4369003
Malas,896,128,939,219,-90,9,17,4369003
Malas,896,128,948,224,-90,9,17,4369003
Malas,896,128,965,224,-90,9,17,4369003
Malas,896,128,896,225,-90,9,17,4369003
Malas,896,128,926,225,-90,9,17,4369003
Malas,896,128,957,225,-90,9,17,4369003
Malas,896,128,923,226,-90,9,17,4369003
Malas,896,128,905,227,-90,9,17,4369003
Malas,896,128,914,227,-90,9,17,4369003
Malas,896,128,935,230,-90,9,17,4369003
Malas,896,128,974,235,-90,9,17,4369003
Malas,896,128,946,236,-90,9,17,4369003
Malas,896,256,896,256,-90,9,17,4369003
Malas,896,256,905,256,-90,9,17,4369003
Malas,896,256,922,256,-90,9,17,4369003
Malas,896,256,943,256,-90,9,17,4369003
Malas,896,256,952,256,-90,9,17,4369003
Malas,896,256,961,256,-90,9,17,4369003
Malas,896,256,986,256,-90,9,17,4369003
Malas,896,256,931,264,-90,9,17,4369003
Malas,896,256,995,266,-90,9,17,4369003
Malas,896,256,914,267,-90,9,17,4369003
Malas,896,256,942,267,-90,9,17,4369003
Malas,896,256,940,268,-90,9,17,4369003
Malas,896,256,974,271,-90,9,17,4369003
Malas,896,256,970,272,-90,9,17,4369003
Malas,896,256,983,272,-90,9,17,4369003
Malas,896,256,896,273,-90,9,17,4369003
Malas,896,256,905,273,-90,9,17,4369003
Malas,896,256,923,273,-90,9,17,4369003
Malas,896,256,964,273,-90,9,17,4369003
Malas,896,256,992,273,-90,9,17,4369003
Malas,896,256,1005,279,-90,9,17,4369003
Malas,896,256,1014,279,-90,9,17,4369003
Malas,896,256,932,281,-90,9,17,4369003
Malas,896,256,1004,281,-90,9,17,4369003
Malas,896,256,1001,283,-90,9,17,4369003
Malas,896,256,914,284,-90,9,17,4369003
Malas,896,256,979,288,-90,9,17,4369003
Malas,896,256,974,289,-90,9,17,4369003
Malas,896,256,988,289,-90,9,17,4369003
Malas,896,256,903,290,-90,9,17,4369003
Malas,896,256,912,290,-90,9,17,4369003
Malas,896,256,923,290,-90,9,17,4369003
Malas,896,256,997,290,-90,9,17,4369003
Malas,896,256,1013,296,-90,9,17,4369003
Malas,896,256,1010,298,-90,9,17,4369003
Malas,896,256,1006,300,-90,9,17,4369003
Malas,896,256,967,348,-89,9,17,4369003
Malas,896,256,960,357,-90,9,17,4369003
Malas,896,256,959,361,-90,9,17,4369003
Malas,896,256,952,362,-89,9,17,4369003
Malas,896,256,938,363,-89,9,17,4369003
Malas,896,256,950,366,-90,9,17,4369003
Malas,896,384,921,384,-90,9,17,4369003
Malas,896,384,930,384,-90,9,17,4369003
Malas,896,384,939,384,-90,9,17,4369003
Malas,896,384,904,385,-90,9,17,4369003
Malas,896,384,948,387,-90,9,17,4369003
Malas,896,384,901,390,-90,9,17,4369003
Malas,896,384,1008,390,-90,9,17,4369003
Malas,896,384,1001,391,-90,9,17,4369003
Malas,896,384,913,393,-90,9,17,4369003
Malas,896,384,999,397,-89,9,17,4369003
Malas,896,384,896,399,-90,9,17,4369003
Malas,896,384,957,399,-90,9,17,4369003
Malas,896,384,922,401,-90,9,17,4369003
Malas,896,384,934,401,-90,9,17,4369003
Malas,896,384,943,401,-90,9,17,4369003
Malas,896,384,970,403,-90,9,17,4369003
Malas,896,384,952,404,-90,9,17,4369003
Malas,896,384,969,404,-90,9,17,4369003
Malas,896,384,905,407,-90,9,17,4369003
Malas,896,384,998,407,-90,9,17,4369003
Malas,896,384,989,408,-89,9,17,4369003
Malas,896,384,916,410,-90,9,17,4369003
Malas,896,384,966,411,-90,9,17,4369003
Malas,896,384,988,411,-90,9,17,4369003
Malas,896,384,931,412,-90,9,17,4369003
Malas,896,384,979,412,-90,9,17,4369003
Malas,896,384,896,416,-90,9,17,4369003
Malas,896,384,961,416,-90,9,17,4369003
Malas,896,384,914,418,-90,9,17,4369003
Malas,896,384,925,418,-90,9,17,4369003
Malas,896,384,940,418,-90,9,17,4369003
Malas,896,384,949,418,-90,9,17,4369003
Malas,896,384,1012,418,-90,9,17,4369003
Malas,896,384,978,420,-90,9,17,4369003
Malas,896,384,958,421,-90,9,17,4369003
Malas,896,384,975,421,-90,9,17,4369003
Malas,896,384,905,424,-90,9,17,4369003
Malas,896,384,998,424,-90,9,17,4369003
Malas,896,384,997,425,-90,9,17,4369003
Malas,896,384,1007,425,-90,9,17,4369003
Malas,896,384,923,427,-90,9,17,4369003
Malas,896,384,934,429,-90,9,17,4369003
Malas,896,384,916,452,-90,9,17,4369003
Malas,896,384,925,452,-90,9,17,4369003
Malas,896,384,934,452,-90,9,17,4369003
Malas,896,384,943,452,-90,9,17,4369003
Malas,896,384,952,452,-90,9,17,4369003
Malas,896,384,961,452,-90,9,17,4369003
Malas,896,384,970,452,-90,9,17,4369003
Malas,896,384,996,452,-90,9,17,4369003
Malas,896,384,1005,452,-90,9,17,4369003
Malas,896,384,1014,452,-90,9,17,4369003
Malas,896,384,979,457,-90,9,17,4369003
Malas,896,384,988,457,-90,9,17,4369003
Malas,896,384,909,460,-90,9,17,4369003
Malas,896,384,918,469,-90,9,17,4369003
Malas,896,384,927,469,-90,9,17,4369003
Malas,896,384,936,469,-90,9,17,4369003
Malas,896,384,945,469,-90,9,17,4369003
Malas,896,384,954,469,-90,9,17,4369003
Malas,896,384,963,469,-90,9,17,4369003
Malas,896,384,972,469,-90,9,17,4369003
Malas,896,384,997,469,-90,9,17,4369003
Malas,896,384,1006,469,-90,9,17,4369003
Malas,896,384,909,477,-90,9,17,4369003
Malas,896,384,918,486,-90,9,17,4369003
Malas,896,384,927,486,-90,9,17,4369003
Malas,896,384,909,494,-90,9,17,4369003
Malas,896,512,917,512,-90,9,17,4101002
Malas,896,512,926,512,-90,9,17,4101002
Malas,896,512,914,523,-90,9,17,4101002
Malas,896,512,935,523,-90,9,17,4101002
Malas,896,512,909,527,-90,9,17,4101002
Malas,896,512,929,529,-90,9,17,4101002
Malas,896,512,923,530,-90,9,17,4101002
Malas,896,512,918,540,-90,9,17,4101002
Malas,896,512,909,544,-90,9,17,4101002
Malas,896,512,932,546,-90,9,17,4101002
Malas,896,512,927,547,-90,9,17,4101002
Malas,896,512,941,551,-90,9,17,4101002
Malas,896,512,950,551,-90,9,17,4101002
Malas,896,512,959,551,-90,9,17,4101002
Malas,896,512,968,551,-90,9,17,4101002
Malas,896,512,977,551,-90,9,17,4101002
Malas,896,512,986,551,-90,9,17,4101002
Malas,896,512,995,551,-90,9,17,4101002
Malas,896,512,1004,551,-90,9,17,4101002
Malas,896,512,1013,551,-90,9,17,4101002
Malas,896,512,918,557,-90,9,17,4101002
Malas,896,512,909,561,-90,9,17,4101002
Malas,896,512,936,563,-90,9,17,4101002
Malas,896,512,927,564,-90,9,17,4101002
Malas,896,512,945,568,-90,9,17,4101002
Malas,896,512,954,568,-90,9,17,4101002
Malas,896,512,963,568,-90,9,17,4101002
Malas,896,512,972,568,-90,9,17,4101002
Malas,896,512,997,568,-90,9,17,4101002
Malas,896,512,1006,568,-90,9,17,4101002
Malas,896,512,937,593,-90,9,17,4101002
Malas,896,512,949,593,-90,9,17,4101002
Malas,896,512,997,593,-90,9,17,4101002
Malas,896,512,1006,593,-90,9,17,4101002
Malas,896,512,916,595,-90,9,17,4101002
Malas,896,512,905,596,-90,9,17,4101002
Malas,896,512,914,596,-90,9,17,4101002
Malas,896,512,936,596,-90,9,17,4101002
Malas,896,512,925,598,-90,9,17,4101002
Malas,896,512,973,598,-90,9,17,4101002
Malas,896,512,982,598,-90,9,17,4101002
Malas,896,512,991,598,-90,9,17,4101002
Malas,896,512,934,599,-90,9,17,4101002
Malas,896,512,958,601,-90,9,17,4101002
Malas,896,512,946,603,-90,9,17,4101002
Malas,896,512,967,603,-90,9,17,4101002
Malas,896,512,945,610,-90,9,17,4101002
Malas,896,512,955,610,-90,9,17,4101002
Malas,896,512,1006,610,-90,9,17,4101002
Malas,896,512,908,613,-90,9,17,4101002
Malas,896,512,917,613,-90,9,17,4101002
Malas,896,512,976,615,-90,9,17,4101002
Malas,896,512,994,615,-90,9,17,4101002
Malas,896,512,1003,616,-90,9,17,4101002
Malas,896,512,964,618,-90,9,17,4101002
Malas,896,512,973,620,-90,9,17,4101002
Malas,896,640,908,640,-90,9,17,4369003
Malas,896,640,962,640,-90,9,17,4369003
Malas,896,640,971,640,-90,9,17,4369003
Malas,896,640,980,640,-90,9,17,4369003
Malas,896,640,989,640,-90,9,17,4369003
Malas,896,640,998,640,-90,9,17,4369003
Malas,896,640,907,643,-90,9,17,4369003
Malas,896,640,917,643,-90,9,17,4369003
Malas,896,640,951,644,-90,9,17,4369003
Malas,896,640,960,644,-90,9,17,4369003
Malas,896,640,906,645,-90,9,17,4369003
Malas,896,640,926,648,-90,9,17,4369003
Malas,896,640,935,648,-90,9,17,4369003
Malas,896,640,944,648,-90,9,17,4369003
Malas,896,640,1007,655,-90,9,17,4369003
Malas,896,640,916,657,-90,9,17,4369003
Malas,896,640,969,657,-90,9,17,4369003
Malas,896,640,978,657,-90,9,17,4369003
Malas,896,640,994,657,-90,9,17,4369003
Malas,896,640,1003,657,-90,9,17,4369003
Malas,896,640,902,659,-90,9,17,4369003
Malas,896,640,915,660,-90,9,17,4369003
Malas,896,640,925,660,-90,9,17,4369003
Malas,896,640,953,661,-90,9,17,4369003
Malas,896,640,962,661,-90,9,17,4369003
Malas,896,640,912,662,-90,9,17,4369003
Malas,896,640,901,663,-90,9,17,4369003
Malas,896,640,987,664,-90,9,17,4369003
Malas,896,640,934,665,-90,9,17,4369003
Malas,896,640,943,665,-90,9,17,4369003
Malas,896,640,1013,672,-90,9,17,4369003
Malas,896,640,971,674,-90,9,17,4369003
Malas,896,640,980,674,-90,9,17,4369003
Malas,896,640,998,674,-90,9,17,4369003
Malas,896,640,1007,676,-90,9,17,4369003
Malas,896,640,954,678,-90,9,17,4369003
Malas,896,640,963,678,-90,9,17,4369003
Malas,896,640,952,680,-90,9,17,4369003
Malas,896,640,947,682,-90,9,17,4369003
Malas,896,640,972,691,-90,9,17,4369003
Malas,896,640,981,691,-90,9,17,4369003
Malas,896,640,990,691,-90,9,17,4369003
Malas,896,640,999,691,-90,9,17,4369003
Malas,896,640,1008,693,-90,9,17,4369003
Malas,896,640,961,695,-90,9,17,4369003
Malas,896,640,970,695,-90,9,17,4369003
Malas,896,640,960,697,-90,9,17,4369003
Malas,896,640,979,708,-90,9,17,4369003
Malas,896,640,988,708,-90,9,17,4369003
Malas,896,640,997,708,-90,9,17,4369003
Malas,896,640,1006,708,-90,9,17,4369003
Malas,896,640,972,712,-90,9,17,4369003
Malas,896,640,981,725,-90,9,17,4369003
Malas,896,640,991,725,-90,9,17,4369003
Malas,896,640,1000,725,-90,9,17,4369003
Malas,896,640,1009,725,-90,9,17,4369003
Malas,896,640,971,728,-88,9,17,4369003
Malas,896,640,980,729,-90,9,17,4369003
Malas,896,640,990,734,-90,9,17,4369003
Malas,896,640,989,742,-90,9,17,4369003
Malas,896,640,999,742,-90,9,17,4369003
Malas,896,640,1008,742,-90,9,17,4369003
Malas,896,640,985,746,-90,9,17,4369003
Malas,896,768,896,815,-90,9,17,4369003
Malas,896,768,905,820,-90,9,17,4369003
Malas,896,768,917,826,-90,9,17,4369003
Malas,896,768,926,831,-90,9,17,4369003
Malas,896,768,935,837,-90,9,17,4369003
Malas,896,768,944,842,-90,9,17,4369003
Malas,896,768,918,843,-90,9,17,4369003
Malas,896,768,953,847,-90,9,17,4369003
Malas,896,768,927,848,-90,9,17,4369003
Malas,896,768,938,854,-90,9,17,4369003
Malas,896,768,968,861,-90,9,17,4369003
Malas,896,768,967,878,-90,9,17,4369003
Malas,896,896,942,896,-90,9,17,4369003
Malas,896,896,952,896,-90,9,17,4369003
Malas,896,896,963,896,-90,9,17,4369003
Malas,896,896,961,897,-90,9,17,4369003
Malas,896,896,941,899,-90,9,17,4369003
Malas,896,896,940,901,-90,9,17,4369003
Malas,896,896,972,905,-90,9,17,4369003
Malas,896,896,931,906,-90,9,17,4369003
Malas,896,896,985,907,-90,9,17,4369003
Malas,896,896,930,909,-90,9,17,4369003
Malas,896,896,981,909,-90,9,17,4369003
Malas,896,896,951,910,-90,9,17,4369003
Malas,896,896,926,912,-90,9,17,4369003
Malas,896,896,950,913,-90,9,17,4369003
Malas,896,896,960,913,-90,9,17,4369003
Malas,896,896,970,913,-90,9,17,4369003
Malas,896,896,969,914,-90,9,17,4369003
Malas,896,896,922,916,-90,9,17,4369003
Malas,896,896,949,916,-90,9,17,4369003
Malas,896,896,940,918,-90,9,17,4369003
Malas,896,896,994,918,-90,9,17,4369003
Malas,896,896,1009,921,-90,9,17,4369003
Malas,896,896,1006,922,-90,9,17,4369003
Malas,896,896,939,923,-90,9,17,4369003
Malas,896,896,990,924,-90,9,17,4369003
Malas,896,896,935,926,-90,9,17,4369003
Malas,896,896,985,926,-90,9,17,4369003
Malas,896,896,959,927,-90,9,17,4369003
Malas,896,896,931,929,-90,9,17,4369003
Malas,896,896,958,930,-90,9,17,4369003
Malas,896,896,968,930,-90,9,17,4369003
Malas,896,896,929,933,-90,9,17,4369003
Malas,896,896,949,933,-90,9,17,4369003
Malas,896,896,925,934,-90,9,17,4369003
Malas,896,896,977,934,-90,9,17,4369003
Malas,896,896,948,935,-90,9,17,4369003
Malas,896,896,999,935,-90,9,17,4369003
Malas,896,896,944,940,-90,9,17,4369003
Malas,896,896,940,943,-90,9,17,4369003
Malas,896,896,967,944,-90,9,17,4369003
Malas,896,896,938,946,-90,9,17,4369003
Malas,896,896,958,947,-90,9,17,4369003
Malas,896,896,934,950,-90,9,17,4369003
Malas,896,896,957,950,-90,9,17,4369003
Malas,896,896,929,951,-90,9,17,4369003
Malas,896,896,953,952,-90,9,17,4369003
Malas,896,896,949,957,-90,9,17,4369003
Malas,896,896,947,960,-90,9,17,4369003
Malas,896,896,935,968,-90,9,17,4369003
Malas,896,896,958,969,-90,9,17,4369003
Malas,896,896,926,971,-90,9,17,4369003
Malas,896,896,925,972,-90,9,17,4369003
Malas,896,896,924,973,-90,9,17,4369003
Malas,896,896,1006,973,-70,9,17,4369003
Malas,896,896,956,974,-90,9,17,4369003
Malas,896,896,921,975,-90,9,17,4369003
Malas,896,896,918,977,-90,9,17,4369003
Malas,896,896,944,977,-90,9,17,4369003
Malas,896,896,953,977,-90,9,17,4369003
Malas,896,896,967,978,-90,9,17,4369003
Malas,896,896,915,980,-90,9,17,4369003
Malas,896,896,914,982,-90,9,17,4369003
Malas,896,896,911,983,-90,9,17,4369003
Malas,896,896,935,985,-90,9,17,4369003
Malas,896,896,965,986,-90,9,17,4369003
Malas,896,896,910,987,-90,9,17,4369003
Malas,896,896,906,988,-90,9,17,4369003
Malas,896,896,934,988,-90,9,17,4369003
Malas,896,896,933,989,-90,9,17,4369003
Malas,896,896,930,990,-90,9,17,4369003
Malas,896,896,962,991,-90,9,17,4369003
Malas,896,896,927,992,-90,9,17,4369003
Malas,896,896,924,994,-90,9,17,4369003
Malas,896,896,952,994,-90,9,17,4369003
Malas,896,896,923,997,-90,9,17,4369003
Malas,896,896,944,997,-90,9,17,4369003
Malas,896,896,920,999,-90,9,17,4369003
Malas,896,896,919,1000,-90,9,17,4369003
Malas,896,896,943,1002,-90,9,17,4369003
Malas,896,896,942,1005,-90,9,17,4369003
Malas,896,1024,934,1024,-88,9,17,4369003
Malas,896,1024,948,1024,-90,9,17,4369003
Malas,896,1024,993,1024,-70,9,17,4369003
Malas,896,1024,933,1025,-88,9,17,4369003
Malas,896,1024,992,1025,-70,9,17,4369003
Malas,896,1024,932,1026,-88,9,17,4369003
Malas,896,1024,990,1026,-70,9,17,4369003
Malas,896,1024,931,1027,-88,9,17,4369003
Malas,896,1024,989,1027,-70,9,17,4369003
Malas,896,1024,1002,1027,-70,9,17,4369003
Malas,896,1024,930,1028,-88,9,17,4369003
Malas,896,1024,987,1028,-70,9,17,4369003
Malas,896,1024,986,1029,-70,9,17,4369003
Malas,896,1024,985,1030,-70,9,17,4369003
Malas,896,1024,1011,1033,-70,9,17,4369003
Malas,896,1024,913,1039,-90,9,17,4369003
Malas,896,1024,909,1042,-90,9,17,4369003
Malas,896,1024,940,1043,-90,9,17,4369003
Malas,896,1024,901,1044,-90,9,17,4369003
Malas,896,1024,939,1044,-90,9,17,4369003
Malas,896,1024,1008,1044,-70,9,17,4369003
Malas,896,1024,932,1045,-90,9,17,4369003
Malas,896,1024,952,1045,-90,9,17,4369003
Malas,896,1024,931,1046,-90,9,17,4369003
Malas,896,1024,896,1047,-90,9,17,4369003
Malas,896,1024,922,1047,-90,9,17,4369003
Malas,896,1024,949,1051,-90,9,17,4369003
Malas,896,1024,918,1056,-90,9,17,4369003
Malas,896,1024,910,1059,-90,9,17,4369003
Malas,896,1024,948,1060,-90,9,17,4369003
Malas,896,1024,905,1061,-90,9,17,4369003
Malas,896,1024,941,1061,-90,9,17,4369003
Malas,896,1024,940,1062,-90,9,17,4369003
Malas,896,1024,958,1062,-90,9,17,4369003
Malas,896,1024,931,1063,-90,9,17,4369003
Malas,896,1024,896,1064,-90,9,17,4369003
Malas,896,1024,927,1064,-90,9,17,4369003
Malas,896,1024,957,1068,-90,9,17,4369003
Malas,896,1024,967,1072,-90,9,17,4369003
Malas,896,1024,919,1073,-90,9,17,4369003
Malas,896,1024,914,1076,-90,9,17,4369003
Malas,896,1024,953,1077,-90,9,17,4369003
Malas,896,1024,905,1078,-90,9,17,4369003
Malas,896,1024,940,1079,-90,9,17,4369003
Malas,896,1024,936,1080,-90,9,17,4369003
Malas,896,1024,896,1081,-90,9,17,4369003
Malas,896,1024,928,1081,-90,9,17,4369003
Malas,896,1024,949,1088,-90,9,17,4369003
Malas,896,1024,923,1090,-90,9,17,4369003
Malas,896,1024,962,1092,-90,9,17,4369003
Malas,896,1024,914,1093,-90,9,17,4369003
Malas,896,1024,958,1094,-90,9,17,4369003
Malas,896,1024,911,1095,-90,9,17,4369003
Malas,896,1024,945,1096,-90,9,17,4369003
Malas,896,1024,937,1097,-90,9,17,4369003
Malas,896,1024,896,1098,-90,9,17,4369003
Malas,896,1024,932,1098,-90,9,17,4369003
Malas,896,1024,905,1104,-90,9,17,4369003
Malas,896,1024,971,1104,-90,9,17,4369003
Malas,896,1024,954,1105,-90,9,17,4369003
Malas,896,1024,980,1106,-90,9,17,4369003
Malas,896,1024,923,1107,-90,9,17,4369003
Malas,896,1024,967,1109,-90,9,17,4369003
Malas,896,1024,920,1110,-90,9,17,4369003
Malas,896,1024,963,1111,-90,9,17,4369003
Malas,896,1024,914,1112,-90,9,17,4369003
Malas,896,1024,946,1113,-90,9,17,4369003
Malas,896,1024,945,1114,-90,9,17,4369003
Malas,896,1024,900,1115,-90,9,17,4369003
Malas,896,1024,932,1115,-90,9,17,4369003
Malas,896,1024,941,1116,-90,9,17,4369003
Malas,896,1024,909,1121,-90,9,17,4369003
Malas,896,1024,976,1121,-90,9,17,4369003
Malas,896,1024,955,1122,-90,9,17,4369003
Malas,896,1024,986,1123,-90,9,17,4369003
Malas,896,1024,929,1124,-90,9,17,4369003
Malas,896,1024,972,1126,-90,9,17,4369003
Malas,896,1024,896,1127,-90,9,17,4369003
Malas,896,1024,923,1127,-90,9,17,4369003
Malas,896,1024,971,1128,-90,9,17,4369003
Malas,896,1024,918,1129,-90,9,17,4369003
Malas,896,1024,954,1130,-90,9,17,4369003
Malas,896,1024,950,1131,-90,9,17,4369003
Malas,896,1024,946,1133,-90,9,17,4369003
Malas,896,1152,896,1152,-90,9,17,4369003
Malas,896,1152,909,1152,-90,9,17,4369003
Malas,896,1152,918,1152,-90,9,17,4369003
Malas,896,1152,956,1152,-90,9,17,4369003
Malas,896,1152,965,1152,-90,9,17,4369003
Malas,896,1152,974,1152,-90,9,17,4369003
Malas,896,1152,983,1152,-90,9,17,4369003
Malas,896,1152,999,1152,-90,9,17,4369003
Malas,896,1152,927,1154,-90,9,17,4369003
Malas,896,1152,936,1155,-90,9,17,4369003
Malas,896,1152,992,1161,-90,9,17,4369003
Malas,896,1152,1008,1161,-90,9,17,4369003
Malas,896,1152,896,1169,-90,9,17,4369003
Malas,896,1152,912,1169,-90,9,17,4369003
Malas,896,1152,921,1169,-90,9,17,4369003
Malas,896,1152,965,1169,-90,9,17,4369003
Malas,896,1152,974,1169,-90,9,17,4369003
Malas,896,1152,983,1169,-90,9,17,4369003
Malas,896,1152,1001,1169,-90,9,17,4369003
Malas,896,1152,992,1178,-90,9,17,4369003
Malas,896,1152,1010,1178,-90,9,17,4369003
Malas,896,1152,905,1180,-90,9,17,4369003
Malas,896,1152,897,1186,-90,9,17,4369003
Malas,896,1152,916,1186,-90,9,17,4369003
Malas,896,1152,974,1186,-90,9,17,4369003
Malas,896,1152,983,1186,-90,9,17,4369003
Malas,896,1152,1008,1186,-90,9,17,4369003
Malas,896,1152,972,1188,-89,9,17,4369003
Malas,896,1152,914,1190,-90,9,17,4369003
Malas,896,1152,1004,1190,-90,9,17,4369003
Malas,896,1152,925,1194,-90,9,17,4369003
Malas,896,1152,954,1195,-90,9,17,4369003
Malas,896,1152,970,1195,-89,9,17,4369003
Malas,896,1152,992,1195,-90,9,17,4369003
Malas,896,1152,906,1197,-90,9,17,4369003
Malas,896,1152,935,1198,-90,9,17,4369003
Malas,896,1152,964,1199,-90,9,17,4369003
Malas,896,1152,944,1201,-90,9,17,4369003
Malas,896,1152,953,1201,-90,9,17,4369003
Malas,896,1152,963,1201,-90,9,17,4369003
Malas,896,1152,904,1203,-90,9,17,4369003
Malas,896,1152,923,1203,-90,9,17,4369003
Malas,896,1152,981,1203,-90,9,17,4369003
Malas,896,1152,990,1203,-90,9,17,4369003
Malas,896,1152,979,1205,-90,9,17,4369003
Malas,896,1152,915,1207,-90,9,17,4369003
Malas,896,1152,934,1207,-90,9,17,4369003
Malas,896,1152,1006,1207,-90,9,17,4369003
Malas,896,1152,1001,1209,-90,9,17,4369003
Malas,896,1152,932,1211,-90,9,17,4369003
Malas,896,1152,973,1212,-90,9,17,4369003
Malas,896,1152,999,1212,-90,9,17,4369003
Malas,896,1152,913,1214,-90,9,17,4369003
Malas,896,1152,943,1215,-90,9,17,4369003
Malas,896,1152,972,1216,-90,9,17,4369003
Malas,896,1152,954,1218,-90,9,17,4369003
Malas,896,1152,970,1218,-90,9,17,4369003
Malas,896,1152,904,1220,-90,9,17,4369003
Malas,896,1152,924,1220,-90,9,17,4369003
Malas,896,1152,988,1220,-90,9,17,4369003
Malas,896,1152,997,1220,-90,9,17,4369003
Malas,896,1152,982,1222,-90,9,17,4369003
Malas,896,1152,922,1224,-90,9,17,4369003
Malas,896,1152,941,1224,-90,9,17,4369003
Malas,896,1152,1010,1224,-90,9,17,4369003
Malas,896,1152,963,1226,-90,9,17,4369003
Malas,896,1152,1008,1226,-90,9,17,4369003
Malas,896,1152,952,1227,-90,9,17,4369003
Malas,896,1152,938,1228,-90,9,17,4369003
Malas,896,1152,981,1229,-90,9,17,4369003
Malas,896,1152,1006,1229,-90,9,17,4369003
Malas,896,1152,914,1231,-90,9,17,4369003
Malas,896,1152,950,1232,-90,9,17,4369003
Malas,896,1152,980,1233,-90,9,17,4369003
Malas,896,1152,961,1235,-90,9,17,4369003
Malas,896,1152,991,1237,-90,9,17,4369003
Malas,896,1152,1000,1237,-90,9,17,4369003
Malas,896,1152,931,1238,-90,9,17,4369003
Malas,896,1152,990,1239,-90,9,17,4369003
Malas,896,1152,923,1241,-90,9,17,4369003
Malas,896,1152,947,1241,-90,9,17,4369003
Malas,896,1152,970,1243,-90,9,17,4369003
Malas,896,1152,959,1244,-90,9,17,4369003
Malas,896,1152,940,1245,-90,9,17,4369003
Malas,896,1152,989,1246,-90,9,17,4369003
Malas,896,1152,1009,1246,-90,9,17,4369003
Malas,896,1152,979,1248,-90,9,17,4369003
Malas,896,1152,956,1249,-90,9,17,4369003
Malas,896,1152,988,1250,-90,9,17,4369003
Malas,896,1152,968,1252,-90,9,17,4369003
Malas,896,1152,999,1254,-90,9,17,4369003
Malas,896,1152,1008,1254,-90,9,17,4369003
Malas,896,1152,998,1256,-90,9,17,4369003
Malas,896,1152,949,1258,-90,9,17,4369003
Malas,896,1152,977,1260,-90,9,17,4369003
Malas,896,1152,965,1261,-90,9,17,4369003
Malas,896,1280,968,1280,-90,9,17,4369003
Malas,896,1280,977,1280,-90,9,17,4369003
Malas,896,1280,986,1280,-90,9,17,4369003
Malas,896,1280,995,1280,-90,9,17,4369003
Malas,896,1280,1009,1280,-90,9,17,4369003
Malas,896,1280,1004,1295,-90,9,17,4369003
Malas,896,1280,990,1297,-90,9,17,4369003
Malas,896,1280,999,1297,-90,9,17,4369003
Malas,896,1280,1013,1304,-90,9,17,4369003
Malas,896,1280,1008,1312,-90,9,17,4369003
Malas,896,1280,998,1314,-90,9,17,4369003
Malas,896,1280,1007,1314,-90,9,17,4369003
Malas,896,1280,998,1331,-90,9,17,4369003
Malas,896,1280,1007,1331,-90,9,17,4369003
Malas,896,1280,989,1347,-90,9,17,4369003
Malas,896,1280,1001,1348,-90,9,17,4369003
Malas,896,1280,1010,1348,-90,9,17,4369003
Malas,896,1280,988,1349,-90,9,17,4369003
Malas,896,1280,998,1356,-90,9,17,4369003
Malas,896,1280,1010,1371,-90,9,17,4369003
Malas,896,1280,897,1375,-90,9,17,4369003
Malas,896,1280,906,1375,-90,9,17,4369003
Malas,896,1280,896,1377,-90,9,17,4369003
Malas,896,1280,915,1384,-90,9,17,4369003
Malas,896,1408,896,1408,-90,9,17,4369003
Malas,896,1408,905,1408,-90,9,17,4369003
Malas,896,1408,914,1419,-90,9,17,4369003
Malas,896,1408,896,1425,-90,9,17,4369003
Malas,896,1408,907,1425,-90,9,17,4369003
Malas,896,1408,923,1434,-90,9,17,4369003
Malas,896,1408,917,1436,-90,9,17,4369003
Malas,896,1408,905,1441,-90,9,17,4369003
Malas,896,1408,916,1441,-90,9,17,4369003
Malas,896,1408,896,1442,-90,9,17,4369003
Malas,896,1408,914,1442,-90,9,17,4369003
Malas,896,1408,1006,1465,-89,9,17,4369003
Malas,896,1408,1004,1468,-90,9,17,4369003
Malas,896,1408,1000,1469,-90,9,17,4369003
Malas,896,1408,991,1476,-90,9,17,4369003
Malas,1024,0,1133,105,-90,9,17,4369003
Malas,1024,0,1132,107,-90,9,17,4369003
Malas,1024,128,1117,128,-90,9,17,4369003
Malas,1024,128,1126,128,-90,9,17,4369003
Malas,1024,128,1135,128,-90,9,17,4369003
Malas,1024,128,1115,129,-90,9,17,4369003
Malas,1024,128,1114,131,-90,9,17,4369003
Malas,1024,128,1113,133,-90,9,17,4369003
Malas,1024,128,1112,135,-90,9,17,4369003
Malas,1024,128,1054,140,-90,9,17,4369003
Malas,1024,128,1111,141,-90,9,17,4369003
Malas,1024,128,1109,143,-90,9,17,4369003
Malas,1024,128,1063,144,-90,9,17,4369003
Malas,1024,128,1107,145,-90,9,17,4369003
Malas,1024,128,1124,145,-90,9,17,4369003
Malas,1024,128,1103,146,-90,9,17,4369003
Malas,1024,128,1123,146,-90,9,17,4369003
Malas,1024,128,1075,148,-90,9,17,4369003
Malas,1024,128,1084,148,-90,9,17,4369003
Malas,1024,128,1122,148,-90,9,17,4369003
Malas,1024,128,1096,149,-90,9,17,4369003
Malas,1024,128,1093,150,-90,9,17,4369003
Malas,1024,128,1121,150,-90,9,17,4369003
Malas,1024,128,1120,152,-90,9,17,4369003
Malas,1024,128,1072,156,-90,9,17,4369003
Malas,1024,128,1118,158,-90,9,17,4369003
Malas,1024,128,1116,160,-90,9,17,4369003
Malas,1024,128,1069,161,-90,9,17,4369003
Malas,1024,128,1112,162,-90,9,17,4369003
Malas,1024,128,1108,163,-90,9,17,4369003
Malas,1024,128,1024,164,-50,9,17,4369003
Malas,1024,128,1081,165,-90,9,17,4369003
Malas,1024,128,1090,165,-90,9,17,4369003
Malas,1024,128,1078,173,-90,9,17,4369003
Malas,1024,128,1033,175,-50,9,17,4369003
Malas,1024,128,1099,177,-90,9,17,4369003
Malas,1024,128,1077,178,-90,9,17,4369003
Malas,1024,128,1024,181,-50,9,17,4369003
Malas,1024,128,1087,182,-90,9,17,4369003
Malas,1024,128,1096,182,-90,9,17,4369003
Malas,1024,128,1042,189,-50,9,17,4369003
Malas,1024,128,1033,192,-50,9,17,4369003
Malas,1024,128,1024,198,-50,9,17,4369003
Malas,1024,128,1142,204,-50,9,17,4369003
Malas,1024,128,1140,205,-50,9,17,4369003
Malas,1024,128,1138,206,-50,9,17,4369003
Malas,1024,128,1136,208,-50,9,17,4369003
Malas,1024,128,1130,209,-50,9,17,4369003
Malas,1024,128,1128,210,-50,9,17,4369003
Malas,1024,128,1126,212,-50,9,17,4369003
Malas,1024,128,1124,214,-50,9,17,4369003
Malas,1024,128,1122,216,-50,9,17,4369003
Malas,1024,128,1102,217,-50,9,17,4369003
Malas,1024,128,1100,218,-50,9,17,4369003
Malas,1024,128,1120,218,-50,9,17,4369003
Malas,1024,128,1111,219,-50,9,17,4369003
Malas,1024,128,1098,220,-50,9,17,4369003
Malas,1024,128,1096,221,-50,9,17,4369003
Malas,1024,128,1094,222,-50,9,17,4369003
Malas,1024,128,1093,224,-50,9,17,4369003
Malas,1024,128,1135,227,-50,9,17,4369003
Malas,1024,128,1133,229,-50,9,17,4369003
Malas,1024,128,1109,234,-50,9,17,4369003
Malas,1024,128,1107,235,-50,9,17,4369003
Malas,1024,128,1120,235,-50,9,17,4369003
Malas,1024,128,1118,236,-50,9,17,4369003
Malas,1024,256,1050,256,-90,9,17,4369003
Malas,1024,256,1059,256,-90,9,17,4369003
Malas,1024,256,1068,256,-90,9,17,4369003
Malas,1024,256,1077,269,-90,9,17,4369003
Malas,1024,256,1126,269,-90,9,17,4369003
Malas,1024,256,1086,270,-90,9,17,4369003
Malas,1024,256,1095,271,-90,9,17,4369003
Malas,1024,256,1046,272,-90,9,17,4369003
Malas,1024,256,1066,273,-90,9,17,4369003
Malas,1024,256,1044,274,-90,9,17,4369003
Malas,1024,256,1042,276,-90,9,17,4369003
Malas,1024,256,1104,276,-90,9,17,4369003
Malas,1024,256,1025,277,-90,9,17,4369003
Malas,1024,256,1035,277,-90,9,17,4369003
Malas,1024,256,1117,277,-90,9,17,4369003
Malas,1024,256,1115,282,-90,9,17,4369003
Malas,1024,256,1078,286,-90,9,17,4369003
Malas,1024,256,1087,287,-90,9,17,4369003
Malas,1024,256,1133,287,-90,9,17,4369003
Malas,1024,256,1096,288,-90,9,17,4369003
Malas,1024,256,1034,289,-90,9,17,4369003
Malas,1024,256,1129,293,-90,9,17,4369003
Malas,1024,256,1030,294,-90,9,17,4369003
Malas,1024,256,1025,297,-90,9,17,4369003
Malas,1024,256,1024,298,-90,9,17,4369003
Malas,1024,256,1142,301,-90,9,17,4369003
Malas,1024,256,1123,303,-90,9,17,4369003
Malas,1024,256,1138,304,-90,9,17,4369003
Malas,1024,256,1117,310,-90,9,17,4369003
Malas,1024,256,1132,310,-90,9,17,4369003
Malas,1024,256,1114,315,-89,9,17,4369003
Malas,1024,256,1141,321,-90,9,17,4369003
Malas,1024,256,1132,327,-90,9,17,4369003
Malas,1024,256,1112,328,-88,9,17,4369003
Malas,1024,256,1111,329,-88,9,17,4369003
Malas,1024,256,1110,331,-88,9,17,4369003
Malas,1024,256,1108,332,-88,9,17,4369003
Malas,1024,256,1129,333,-90,9,17,4369003
Malas,1024,256,1050,335,-89,9,17,4369003
Malas,1024,256,1060,341,-89,9,17,4369003
Malas,1024,256,1106,343,-90,9,17,4369003
Malas,1024,256,1140,344,-90,9,17,4369003
Malas,1024,256,1102,346,-90,9,17,4369003
Malas,1024,256,1119,346,-90,9,17,4369003
Malas,1024,256,1128,346,-90,9,17,4369003
Malas,1024,256,1038,347,-89,9,17,4369003
Malas,1024,256,1117,348,-90,9,17,4369003
Malas,1024,256,1115,349,-90,9,17,4369003
Malas,1024,256,1094,351,-88,9,17,4369003
Malas,1024,256,1093,352,-88,9,17,4369003
Malas,1024,256,1091,353,-88,9,17,4369003
Malas,1024,256,1071,354,-90,9,17,4369003
Malas,1024,256,1037,356,-90,9,17,4369003
Malas,1024,256,1090,359,-89,9,17,4369003
Malas,1024,256,1061,360,-90,9,17,4369003
Malas,1024,256,1080,360,-90,9,17,4369003
Malas,1024,256,1089,360,-89,9,17,4369003
Malas,1024,256,1111,360,-90,9,17,4369003
Malas,1024,256,1109,365,-90,9,17,4369003
Malas,1024,384,1024,384,-90,9,17,4369003
Malas,1024,384,1048,384,-90,9,17,4369003
Malas,1024,384,1058,384,-90,9,17,4369003
Malas,1024,384,1037,386,-90,9,17,4369003
Malas,1024,384,1057,392,-90,9,17,4369003
Malas,1024,384,1033,398,-90,9,17,4369003
Malas,1024,384,1029,401,-90,9,17,4369003
Malas,1024,384,1053,402,-90,9,17,4369003
Malas,1024,384,1138,403,-45,9,17,4369003
Malas,1024,384,1024,404,-90,9,17,4369003
Malas,1024,384,1136,404,-45,9,17,4369003
Malas,1024,384,1051,405,-90,9,17,4369003
Malas,1024,384,1134,406,-45,9,17,4369003
Malas,1024,384,1132,407,-45,9,17,4369003
Malas,1024,384,1130,408,-45,9,17,4369003
Malas,1024,384,1128,409,-45,9,17,4369003
Malas,1024,384,1126,410,-45,9,17,4369003
Malas,1024,384,1124,412,-45,9,17,4369003
Malas,1024,384,1122,413,-45,9,17,4369003
Malas,1024,384,1120,414,-45,9,17,4369003
Malas,1024,384,1038,415,-90,9,17,4369003
Malas,1024,384,1118,416,-45,9,17,4369003
Malas,1024,384,1116,417,-45,9,17,4369003
Malas,1024,384,1033,418,-90,9,17,4369003
Malas,1024,384,1115,418,-45,9,17,4369003
Malas,1024,384,1047,419,-90,9,17,4369003
Malas,1024,384,1114,420,-45,9,17,4369003
Malas,1024,384,1027,421,-90,9,17,4369003
Malas,1024,384,1112,422,-45,9,17,4369003
Malas,1024,384,1141,423,-45,9,17,4369003
Malas,1024,384,1111,424,-45,9,17,4369003
Malas,1024,384,1139,424,-45,9,17,4369003
Malas,1024,384,1137,425,-45,9,17,4369003
Malas,1024,384,1110,426,-45,9,17,4369003
Malas,1024,384,1135,426,-45,9,17,4369003
Malas,1024,384,1133,427,-45,9,17,4369003
Malas,1024,384,1109,428,-45,9,17,4369003
Malas,1024,384,1056,429,-90,9,17,4369003
Malas,1024,384,1131,429,-45,9,17,4369003
Malas,1024,384,1108,430,-45,9,17,4369003
Malas,1024,384,1129,430,-45,9,17,4369003
Malas,1024,384,1127,431,-45,9,17,4369003
Malas,1024,384,1107,432,-45,9,17,4369003
Malas,1024,384,1125,433,-45,9,17,4369003
Malas,1024,384,1124,434,-45,9,17,4369003
Malas,1024,384,1123,435,-45,9,17,4369003
Malas,1024,384,1121,437,-45,9,17,4369003
Malas,1024,384,1120,439,-45,9,17,4369003
Malas,1024,384,1119,441,-45,9,17,4369003
Malas,1024,384,1142,443,-45,9,17,4369003
Malas,1024,384,1140,444,-45,9,17,4369003
Malas,1024,384,1138,446,-45,9,17,4369003
Malas,1024,384,1136,447,-45,9,17,4369003
Malas,1024,384,1134,448,-45,9,17,4369003
Malas,1024,384,1024,452,-90,9,17,4369003
Malas,1024,384,1033,452,-90,9,17,4369003
Malas,1024,384,1042,452,-90,9,17,4369003
Malas,1024,384,1051,452,-90,9,17,4369003
Malas,1024,384,1060,452,-90,9,17,4369003
Malas,1024,384,1081,467,-90,9,17,4369003
Malas,1024,384,1090,467,-90,9,17,4369003
Malas,1024,384,1024,469,-90,9,17,4369003
Malas,1024,384,1033,469,-90,9,17,4369003
Malas,1024,384,1042,469,-90,9,17,4369003
Malas,1024,384,1051,469,-90,9,17,4369003
Malas,1024,384,1060,469,-90,9,17,4369003
Malas,1024,384,1099,471,-90,9,17,4369003
Malas,1024,384,1109,471,-90,9,17,4369003
Malas,1024,384,1108,472,-90,9,17,4369003
Malas,1024,384,1118,475,-90,9,17,4369003
Malas,1024,384,1081,484,-90,9,17,4369003
Malas,1024,384,1091,484,-90,9,17,4369003
Malas,1024,384,1036,486,-90,9,17,4369003
Malas,1024,384,1045,486,-90,9,17,4369003
Malas,1024,384,1054,486,-90,9,17,4369003
Malas,1024,384,1063,486,-90,9,17,4369003
Malas,1024,384,1127,486,-90,9,17,4369003
Malas,1024,384,1100,488,-90,9,17,4369003
Malas,1024,384,1117,488,-90,9,17,4369003
Malas,1024,384,1109,489,-90,9,17,4369003
Malas,1024,384,1126,492,-90,9,17,4369003
Malas,1024,384,1136,492,-90,9,17,4369003
Malas,1024,512,1049,512,-90,9,17,4101002
Malas,1024,512,1058,512,-90,9,17,4101002
Malas,1024,512,1086,512,-90,9,17,4101002
Malas,1024,512,1095,512,-90,9,17,4101002
Malas,1024,512,1104,512,-90,9,17,4101002
Malas,1024,512,1117,512,-90,9,17,4101002
Malas,1024,512,1126,512,-90,9,17,4101002
Malas,1024,512,1135,512,-90,9,17,4101002
Malas,1024,512,1113,513,-90,9,17,4101002
Malas,1024,512,1042,523,-90,9,17,4101002
Malas,1024,512,1039,524,-90,9,17,4101002
Malas,1024,512,1067,526,-90,9,17,4101002
Malas,1024,512,1036,528,-90,9,17,4101002
Malas,1024,512,1061,529,-90,9,17,4101002
Malas,1024,512,1095,529,-90,9,17,4101002
Malas,1024,512,1104,529,-90,9,17,4101002
Malas,1024,512,1122,529,-90,9,17,4101002
Malas,1024,512,1131,529,-90,9,17,4101002
Malas,1024,512,1051,530,-90,9,17,4101002
Malas,1024,512,1060,530,-90,9,17,4101002
Malas,1024,512,1113,530,-90,9,17,4101002
Malas,1024,512,1081,532,-90,9,17,4101002
Malas,1024,512,1140,536,-90,9,17,4101002
Malas,1024,512,1048,540,-90,9,17,4101002
Malas,1024,512,1045,541,-90,9,17,4101002
Malas,1024,512,1036,545,-90,9,17,4101002
Malas,1024,512,1090,545,-90,9,17,4101002
Malas,1024,512,1099,546,-90,9,17,4101002
Malas,1024,512,1108,546,-90,9,17,4101002
Malas,1024,512,1122,546,-90,9,17,4101002
Malas,1024,512,1131,546,-90,9,17,4101002
Malas,1024,512,1057,547,-90,9,17,4101002
Malas,1024,512,1117,547,-90,9,17,4101002
Malas,1024,512,1024,551,-90,9,17,4101002
Malas,1024,512,1033,551,-90,9,17,4101002
Malas,1024,512,1081,552,-90,9,17,4101002
Malas,1024,512,1140,553,-90,9,17,4101002
Malas,1024,512,1054,557,-90,9,17,4101002
Malas,1024,512,1045,558,-90,9,17,4101002
Malas,1024,512,1066,558,-90,9,17,4101002
Malas,1024,512,1042,562,-90,9,17,4101002
Malas,1024,512,1093,562,-90,9,17,4101002
Malas,1024,512,1102,563,-90,9,17,4101002
Malas,1024,512,1126,563,-90,9,17,4101002
Malas,1024,512,1137,563,-90,9,17,4101002
Malas,1024,512,1063,564,-90,9,17,4101002
Malas,1024,512,1090,565,-90,9,17,4101002
Malas,1024,512,1024,568,-90,9,17,4101002
Malas,1024,512,1033,568,-90,9,17,4101002
Malas,1024,512,1084,569,-90,9,17,4101002
Malas,1024,512,1099,579,-90,9,17,4101002
Malas,1024,512,1093,582,-90,9,17,4101002
Malas,1024,512,1084,586,-90,9,17,4101002
Malas,1024,512,1024,593,-90,9,17,4101002
Malas,1024,512,1033,593,-90,9,17,4101002
Malas,1024,512,1043,593,-90,9,17,4101002
Malas,1024,512,1052,593,-90,9,17,4101002
Malas,1024,512,1061,596,-90,9,17,4101002
Malas,1024,512,1070,596,-90,9,17,4101002
Malas,1024,512,1024,610,-90,9,17,4101002
Malas,1024,512,1033,610,-90,9,17,4101002
Malas,1024,640,1075,640,-90,9,17,4369003
Malas,1024,640,1084,640,-90,9,17,4369003
Malas,1024,640,1098,640,-90,9,17,4369003
Malas,1024,640,1107,640,-90,9,17,4369003
Malas,1024,640,1117,640,-90,9,17,4369003
Malas,1024,640,1074,641,-90,9,17,4369003
Malas,1024,640,1096,646,-90,9,17,4369003
Malas,1024,640,1093,647,-90,9,17,4369003
Malas,1024,640,1024,660,-90,9,17,4369003
Malas,1024,640,1036,660,-88,9,17,4369003
Malas,1024,640,1033,663,-90,9,17,4369003
Malas,1024,640,1030,677,-90,9,17,4369003
Malas,1024,640,1039,680,-90,9,17,4369003
Malas,1024,640,1050,680,-90,9,17,4369003
Malas,1024,640,1048,683,-90,9,17,4369003
Malas,1024,640,1024,692,-90,9,17,4369003
Malas,1024,640,1033,694,-90,9,17,4369003
Malas,1024,640,1059,695,-90,9,17,4369003
Malas,1024,640,1042,697,-90,9,17,4369003
Malas,1024,640,1057,697,-90,9,17,4369003
Malas,1024,640,1051,700,-90,9,17,4369003
Malas,1024,640,1141,708,-90,9,17,4369003
Malas,1024,640,1024,709,-90,9,17,4369003
Malas,1024,640,1139,709,-90,9,17,4369003
Malas,1024,640,1137,710,-88,9,17,4369003
Malas,1024,640,1136,711,-88,9,17,4369003
Malas,1024,640,1135,712,-88,9,17,4369003
Malas,1024,640,1043,714,-90,9,17,4369003
Malas,1024,640,1052,717,-90,9,17,4369003
Malas,1024,640,1033,723,-90,9,17,4369003
Malas,1024,640,1024,726,-90,9,17,4369003
Malas,1024,640,1046,731,-90,9,17,4369003
Malas,1024,640,1042,738,-90,9,17,4369003
Malas,1024,640,1033,740,-90,9,17,4369003
Malas,1024,640,1024,743,-90,9,17,4369003
Malas,1024,896,1047,945,-90,9,17,4369003
Malas,1024,896,1047,962,-90,9,17,4369003
Malas,1024,896,1061,962,-90,9,17,4369003
Malas,1024,896,1056,965,-90,9,17,4369003
Malas,1024,896,1046,966,-90,9,17,4369003
Malas,1024,896,1045,968,-90,9,17,4369003
Malas,1024,896,1044,970,-90,9,17,4369003
Malas,1024,896,1070,971,-90,9,17,4369003
Malas,1024,896,1042,972,-90,9,17,4369003
Malas,1024,896,1040,974,-90,9,17,4369003
Malas,1024,896,1038,976,-90,9,17,4369003
Malas,1024,896,1036,978,-90,9,17,4369003
Malas,1024,896,1065,979,-90,9,17,4369003
Malas,1024,896,1035,980,-90,9,17,4369003
Malas,1024,896,1061,982,-90,9,17,4369003
Malas,1024,896,1034,984,-90,9,17,4369003
Malas,1024,896,1079,984,-90,9,17,4369003
Malas,1024,896,1051,987,-90,9,17,4369003
Malas,1024,896,1060,988,-90,9,17,4369003
Malas,1024,896,1074,988,-90,9,17,4369003
Malas,1024,896,1049,989,-90,9,17,4369003
Malas,1024,896,1047,991,-90,9,17,4369003
Malas,1024,896,1029,992,-90,9,17,4369003
Malas,1024,896,1045,993,-90,9,17,4369003
Malas,1024,896,1044,995,-90,9,17,4369003
Malas,1024,1024,1105,1024,-90,9,17,4369003
Malas,1024,1024,1101,1029,-90,9,17,4369003
Malas,1024,1024,1114,1035,-90,9,17,4369003
Malas,1024,1024,1100,1040,-90,9,17,4369003
Malas,1024,1024,1069,1041,-90,9,17,4369003
Malas,1024,1024,1098,1042,-90,9,17,4369003
Malas,1024,1024,1096,1044,-90,9,17,4369003
Malas,1024,1024,1078,1045,-90,9,17,4369003
Malas,1024,1024,1087,1045,-90,9,17,4369003
Malas,1024,1024,1110,1045,-90,9,17,4369003
Malas,1024,1024,1109,1046,-90,9,17,4369003
Malas,1024,1024,1050,1047,-90,9,17,4369003
Malas,1024,1024,1048,1048,-90,9,17,4369003
Malas,1024,1024,1066,1048,-90,9,17,4369003
Malas,1024,1024,1046,1049,-90,9,17,4369003
Malas,1024,1024,1063,1049,-90,9,17,4369003
Malas,1024,1024,1119,1052,-90,9,17,4369003
Malas,1024,1024,1060,1057,-90,9,17,4369003
Malas,1024,1024,1107,1057,-90,9,17,4369003
Malas,1024,1024,1075,1058,-90,9,17,4369003
Malas,1024,1024,1105,1059,-90,9,17,4369003
Malas,1024,1024,1098,1061,-90,9,17,4369003
Malas,1024,1024,1087,1062,-90,9,17,4369003
Malas,1024,1024,1072,1065,-90,9,17,4369003
Malas,1024,1024,1069,1066,-90,9,17,4369003
Malas,1024,1024,1096,1067,-90,9,17,4369003
Malas,1024,1024,1055,1068,-90,9,17,4369003
Malas,1024,1024,1065,1074,-90,9,17,4369003
Malas,1024,1024,1064,1078,-90,9,17,4369003
Malas,1024,1024,1081,1078,-90,9,17,4369003
Malas,1024,1024,1074,1083,-90,9,17,4369003
Malas,1024,1024,1063,1085,-90,9,17,4369003
Malas,1024,1024,1073,1091,-90,9,17,4369003
Malas,1024,1024,1028,1092,-70,9,17,4369003
Malas,1024,1024,1029,1109,-70,9,17,4369003
Malas,1024,1024,1028,1115,-70,9,17,4369003
Malas,1024,1024,1038,1115,-70,9,17,4369003
Malas,1024,1024,1027,1122,-70,9,17,4369003
Malas,1024,1024,1047,1123,-70,9,17,4369003
Malas,1024,1024,1037,1126,-70,9,17,4369003
Malas,1024,1024,1061,1130,-70,9,17,4369003
Malas,1024,1024,1036,1132,-70,9,17,4369003
Malas,1024,1024,1046,1132,-70,9,17,4369003
Malas,1024,1152,1065,1186,-70,9,17,4369003
Malas,1024,1152,1081,1186,-70,9,17,4369003
Malas,1024,1152,1057,1187,-70,9,17,4369003
Malas,1024,1152,1074,1188,-70,9,17,4369003
Malas,1024,1152,1056,1189,-70,9,17,4369003
Malas,1024,1152,1055,1190,-70,9,17,4369003
Malas,1024,1152,1066,1203,-70,9,17,4369003
Malas,1024,1152,1083,1203,-70,9,17,4369003
Malas,1024,1152,1065,1204,-70,9,17,4369003
Malas,1024,1152,1075,1205,-70,9,17,4369003
Malas,1024,1152,1064,1206,-70,9,17,4369003
Malas,1024,1152,1061,1207,-70,9,17,4369003
Malas,1024,1152,1074,1220,-70,9,17,4369003
Malas,1024,1152,1073,1221,-70,9,17,4369003
Malas,1024,1152,1071,1223,-70,9,17,4369003
Malas,1024,1152,1024,1233,-90,9,17,4369003
Malas,1024,1152,1033,1241,-90,9,17,4369003
Malas,1024,1152,1024,1250,-90,9,17,4369003
Malas,1024,1152,1042,1253,-90,9,17,4369003
Malas,1024,1152,1033,1258,-90,9,17,4369003
Malas,1024,1280,1024,1280,-90,9,17,4369003
Malas,1024,1280,1033,1280,-90,9,17,4369003
Malas,1024,1280,1042,1280,-90,9,17,4369003
Malas,1024,1280,1051,1280,-90,9,17,4369003
Malas,1024,1280,1060,1280,-90,9,17,4369003
Malas,1024,1280,1069,1296,-90,9,17,4369003
Malas,1024,1280,1032,1297,-90,9,17,4369003
Malas,1024,1280,1041,1297,-90,9,17,4369003
Malas,1024,1280,1050,1297,-90,9,17,4369003
Malas,1024,1280,1059,1297,-90,9,17,4369003
Malas,1024,1280,1068,1297,-90,9,17,4369003
Malas,1024,1280,1032,1314,-90,9,17,4369003
Malas,1024,1280,1041,1314,-90,9,17,4369003
Malas,1024,1280,1050,1314,-90,9,17,4369003
Malas,1024,1280,1059,1314,-90,9,17,4369003
Malas,1024,1280,1068,1314,-90,9,17,4369003
Malas,1024,1280,1077,1314,-90,9,17,4369003
Malas,1024,1280,1086,1317,-90,9,17,4369003
Malas,1024,1280,1033,1331,-90,9,17,4369003
Malas,1024,1280,1042,1331,-90,9,17,4369003
Malas,1024,1280,1051,1331,-90,9,17,4369003
Malas,1024,1280,1060,1331,-90,9,17,4369003
Malas,1024,1280,1069,1331,-90,9,17,4369003
Malas,1024,1280,1078,1331,-90,9,17,4369003
Malas,1024,1280,1024,1332,-90,9,17,4369003
Malas,1024,1280,1089,1334,-90,9,17,4369003
Malas,1024,1280,1087,1340,-90,9,17,4369003
Malas,1024,1280,1033,1348,-90,9,17,4369003
Malas,1024,1280,1042,1348,-90,9,17,4369003
Malas,1024,1280,1051,1348,-90,9,17,4369003
Malas,1024,1280,1060,1348,-90,9,17,4369003
Malas,1024,1280,1069,1348,-90,9,17,4369003
Malas,1024,1280,1078,1348,-90,9,17,4369003
Malas,1024,1280,1030,1349,-90,9,17,4369003
Malas,1024,1280,1087,1357,-90,9,17,4369003
Malas,1024,1280,1027,1365,-90,9,17,4369003
Malas,1024,1280,1039,1365,-90,9,17,4369003
Malas,1024,1280,1048,1365,-90,9,17,4369003
Malas,1024,1280,1057,1365,-90,9,17,4369003
Malas,1024,1280,1066,1365,-90,9,17,4369003
Malas,1024,1280,1075,1365,-90,9,17,4369003
Malas,1024,1280,1036,1366,-90,9,17,4369003
Malas,1024,1280,1024,1368,-90,9,17,4369003
Malas,1024,1280,1088,1374,-90,9,17,4369003
Malas,1024,1280,1084,1379,-90,9,17,4369003
Malas,1024,1280,1033,1382,-90,9,17,4369003
Malas,1024,1280,1045,1382,-90,9,17,4369003
Malas,1024,1280,1054,1382,-90,9,17,4369003
Malas,1024,1280,1063,1382,-90,9,17,4369003
Malas,1024,1280,1072,1382,-90,9,17,4369003
Malas,1024,1280,1081,1382,-90,9,17,4369003
Malas,1024,1280,1042,1383,-90,9,17,4369003
Malas,1024,1280,1032,1385,-90,9,17,4369003
Malas,1024,1408,1065,1408,-90,9,17,4369003
Malas,1024,1408,1074,1408,-90,9,17,4369003
Malas,1024,1408,1083,1408,-90,9,17,4369003
Malas,1024,1408,1092,1408,-90,9,17,4369003
Malas,1024,1408,1101,1408,-90,9,17,4369003
Malas,1024,1408,1110,1408,-90,9,17,4369003
Malas,1024,1408,1067,1425,-90,9,17,4369003
Malas,1024,1408,1076,1425,-90,9,17,4369003
Malas,1024,1408,1085,1425,-90,9,17,4369003
Malas,1024,1408,1094,1425,-90,9,17,4369003
Malas,1024,1408,1103,1425,-90,9,17,4369003
Malas,1024,1408,1065,1432,-90,9,17,4369003
Malas,1024,1408,1082,1442,-90,9,17,4369003
Malas,1024,1408,1094,1442,-90,9,17,4369003
Malas,1024,1408,1074,1444,-90,9,17,4369003
Malas,1024,1408,1047,1445,-90,9,17,4369003
Malas,1024,1408,1057,1445,-90,9,17,4369003
Malas,1024,1408,1066,1449,-90,9,17,4369003
Malas,1024,1408,1091,1450,-90,9,17,4369003
Malas,1024,1408,1029,1452,-90,9,17,4369003
Malas,1024,1408,1038,1452,-90,9,17,4369003
Malas,1024,1408,1087,1459,-90,9,17,4369003
Malas,1024,1408,1100,1459,-90,9,17,4369003
Malas,1024,1408,1056,1461,-90,9,17,4369003
Malas,1024,1408,1075,1461,-90,9,17,4369003
Malas,1024,1408,1065,1462,-90,9,17,4369003
Malas,1024,1408,1024,1463,-90,9,17,4369003
Malas,1024,1408,1074,1466,-90,9,17,4369003
Malas,1024,1408,1096,1467,-90,9,17,4369003
Malas,1024,1408,1086,1474,-90,9,17,4369003
Malas,1024,1408,1095,1476,-90,9,17,4369003
Malas,1024,1408,1105,1476,-90,9,17,4369003
Malas,1024,1408,1104,1484,-90,9,17,4369003
Malas,1024,1408,1107,1501,-90,9,17,4369003
Malas,1024,1408,1117,1512,-90,9,17,4369003
Malas,1024,1536,1127,1536,-90,9,17,4369003
Malas,1024,1536,1136,1536,-90,9,17,4369003
Malas,1024,1536,1142,1553,-90,9,17,4369003
Malas,1152,0,1195,80,-90,9,17,4369003
Malas,1152,0,1193,81,-90,9,17,4369003
Malas,1152,0,1177,82,-90,9,17,4369003
Malas,1152,0,1186,82,-90,9,17,4369003
Malas,1152,0,1209,83,-90,9,17,4369003
Malas,1152,0,1161,86,-90,9,17,4369003
Malas,1152,0,1218,86,-90,9,17,4369003
Malas,1152,0,1227,88,-90,9,17,4369003
Malas,1152,0,1236,92,-90,9,17,4369003
Malas,1152,0,1245,95,-90,9,17,4369003
Malas,1152,0,1254,96,-90,9,17,4369003
Malas,1152,0,1263,99,-90,9,17,4369003
Malas,1152,0,1231,105,-90,9,17,4369003
Malas,1152,0,1240,109,-90,9,17,4369003
Malas,1152,128,1201,128,-90,9,17,4369003
Malas,1152,128,1230,128,-90,9,17,4369003
Malas,1152,128,1239,128,-90,9,17,4369003
Malas,1152,128,1249,128,-90,9,17,4369003
Malas,1152,128,1228,129,-90,9,17,4369003
Malas,1152,128,1216,130,-90,9,17,4369003
Malas,1152,128,1227,130,-90,9,17,4369003
Malas,1152,128,1225,132,-90,9,17,4369003
Malas,1152,128,1172,168,-50,9,17,4369003
Malas,1152,128,1168,169,-50,9,17,4369003
Malas,1152,128,1166,170,-50,9,17,4369003
Malas,1152,128,1164,171,-50,9,17,4369003
Malas,1152,128,1181,171,-50,9,17,4369003
Malas,1152,128,1190,171,-50,9,17,4369003
Malas,1152,128,1162,172,-50,9,17,4369003
Malas,1152,128,1199,173,-50,9,17,4369003
Malas,1152,128,1161,174,-50,9,17,4369003
Malas,1152,128,1160,178,-50,9,17,4369003
Malas,1152,128,1208,178,-50,9,17,4369003
Malas,1152,128,1228,178,-50,9,17,4369003
Malas,1152,128,1217,179,-50,9,17,4369003
Malas,1152,128,1226,179,-50,9,17,4369003
Malas,1152,128,1158,180,-50,9,17,4369003
Malas,1152,128,1157,182,-50,9,17,4369003
Malas,1152,128,1156,184,-50,9,17,4369003
Malas,1152,128,1177,185,-50,9,17,4369003
Malas,1152,128,1237,185,-50,9,17,4369003
Malas,1152,128,1155,186,-50,9,17,4369003
Malas,1152,128,1175,186,-50,9,17,4369003
Malas,1152,128,1173,187,-50,9,17,4369003
Malas,1152,128,1171,188,-50,9,17,4369003
Malas,1152,128,1186,188,-50,9,17,4369003
Malas,1152,128,1195,188,-50,9,17,4369003
Malas,1152,128,1170,189,-50,9,17,4369003
Malas,1152,128,1204,190,-50,9,17,4369003
Malas,1152,128,1169,191,-50,9,17,4369003
Malas,1152,128,1154,192,-50,9,17,4369003
Malas,1152,128,1152,194,-50,9,17,4369003
Malas,1152,128,1246,194,-50,9,17,4369003
Malas,1152,128,1167,195,-50,9,17,4369003
Malas,1152,128,1214,195,-50,9,17,4369003
Malas,1152,128,1166,197,-50,9,17,4369003
Malas,1152,128,1165,199,-50,9,17,4369003
Malas,1152,128,1164,201,-50,9,17,4369003
Malas,1152,128,1163,203,-50,9,17,4369003
Malas,1152,128,1161,209,-50,9,17,4369003
Malas,1152,128,1152,211,-50,9,17,4369003
Malas,1152,128,1196,233,-89,9,17,4369003
Malas,1152,128,1194,234,-90,9,17,4369003
Malas,1152,128,1205,234,-90,9,17,4369003
Malas,1152,128,1192,235,-90,9,17,4369003
Malas,1152,128,1190,236,-90,9,17,4369003
Malas,1152,128,1188,238,-90,9,17,4369003
Malas,1152,256,1163,256,-90,9,17,4369003
Malas,1152,256,1178,256,-90,9,17,4369003
Malas,1152,256,1187,256,-90,9,17,4369003
Malas,1152,256,1196,256,-90,9,17,4369003
Malas,1152,256,1205,256,-90,9,17,4369003
Malas,1152,256,1214,256,-90,9,17,4369003
Malas,1152,256,1257,256,-50,9,17,4369003
Malas,1152,256,1266,256,-50,9,17,4369003
Malas,1152,256,1162,260,-90,9,17,4369003
Malas,1152,256,1172,261,-90,9,17,4369003
Malas,1152,256,1160,262,-90,9,17,4369003
Malas,1152,256,1158,263,-90,9,17,4369003
Malas,1152,256,1156,264,-90,9,17,4369003
Malas,1152,256,1256,266,-50,9,17,4369003
Malas,1152,256,1255,268,-50,9,17,4369003
Malas,1152,256,1171,273,-90,9,17,4369003
Malas,1152,256,1181,273,-90,9,17,4369003
Malas,1152,256,1195,273,-90,9,17,4369003
Malas,1152,256,1204,273,-90,9,17,4369003
Malas,1152,256,1213,273,-90,9,17,4369003
Malas,1152,256,1265,273,-50,9,17,4369003
Malas,1152,256,1169,277,-90,9,17,4369003
Malas,1152,256,1180,278,-90,9,17,4369003
Malas,1152,256,1167,279,-90,9,17,4369003
Malas,1152,256,1165,280,-90,9,17,4369003
Malas,1152,256,1157,281,-90,9,17,4369003
Malas,1152,256,1254,282,-50,9,17,4369003
Malas,1152,256,1264,283,-50,9,17,4369003
Malas,1152,256,1253,284,-50,9,17,4369003
Malas,1152,256,1156,285,-90,9,17,4369003
Malas,1152,256,1263,285,-50,9,17,4369003
Malas,1152,256,1152,286,-90,9,17,4369003
Malas,1152,256,1252,288,-50,9,17,4369003
Malas,1152,256,1195,290,-90,9,17,4369003
Malas,1152,256,1251,290,-50,9,17,4369003
Malas,1152,256,1250,292,-50,9,17,4369003
Malas,1152,256,1249,294,-50,9,17,4369003
Malas,1152,256,1183,295,-90,9,17,4369003
Malas,1152,256,1192,295,-90,9,17,4369003
Malas,1152,256,1166,297,-90,9,17,4369003
Malas,1152,256,1165,298,-90,9,17,4369003
Malas,1152,256,1175,298,-90,9,17,4369003
Malas,1152,256,1262,299,-50,9,17,4369003
Malas,1152,256,1261,301,-50,9,17,4369003
Malas,1152,256,1161,302,-90,9,17,4369003
Malas,1152,256,1248,302,-50,9,17,4369003
Malas,1152,256,1152,303,-90,9,17,4369003
Malas,1152,256,1247,304,-50,9,17,4369003
Malas,1152,256,1260,305,-50,9,17,4369003
Malas,1152,256,1246,306,-50,9,17,4369003
Malas,1152,256,1259,307,-50,9,17,4369003
Malas,1152,256,1245,308,-50,9,17,4369003
Malas,1152,256,1258,309,-50,9,17,4369003
Malas,1152,256,1257,311,-50,9,17,4369003
Malas,1152,256,1244,312,-50,9,17,4369003
Malas,1152,256,1242,314,-50,9,17,4369003
Malas,1152,256,1170,315,-90,9,17,4369003
Malas,1152,256,1241,316,-50,9,17,4369003
Malas,1152,256,1161,319,-90,9,17,4369003
Malas,1152,256,1256,319,-50,9,17,4369003
Malas,1152,256,1152,320,-90,9,17,4369003
Malas,1152,256,1255,321,-50,9,17,4369003
Malas,1152,256,1254,323,-50,9,17,4369003
Malas,1152,256,1253,325,-50,9,17,4369003
Malas,1152,256,1161,336,-90,9,17,4369003
Malas,1152,256,1152,337,-90,9,17,4369003
Malas,1152,256,1152,354,-90,9,17,4369003
Malas,1152,384,1253,385,-90,9,17,4369003
Malas,1152,384,1252,386,-90,9,17,4369003
Malas,1152,384,1251,388,-90,9,17,4369003
Malas,1152,384,1250,390,-90,9,17,4369003
Malas,1152,384,1248,392,-90,9,17,4369003
Malas,1152,384,1246,394,-90,9,17,4369003
Malas,1152,384,1244,396,-90,9,17,4369003
Malas,1152,384,1242,397,-90,9,17,4369003
Malas,1152,384,1240,398,-90,9,17,4369003
Malas,1152,384,1230,399,-90,9,17,4369003
Malas,1152,384,1239,399,-90,9,17,4369003
Malas,1152,384,1228,400,-90,9,17,4369003
Malas,1152,384,1227,402,-90,9,17,4369003
Malas,1152,384,1261,402,-90,9,17,4369003
Malas,1152,384,1260,403,-90,9,17,4369003
Malas,1152,384,1226,404,-90,9,17,4369003
Malas,1152,384,1152,405,-45,9,17,4369003
Malas,1152,384,1259,405,-90,9,17,4369003
Malas,1152,384,1224,406,-90,9,17,4369003
Malas,1152,384,1161,407,-45,9,17,4369003
Malas,1152,384,1257,407,-90,9,17,4369003
Malas,1152,384,1222,408,-90,9,17,4369003
Malas,1152,384,1270,408,-90,9,17,4369003
Malas,1152,384,1249,414,-90,9,17,4369003
Malas,1152,384,1170,415,-45,9,17,4369003
Malas,1152,384,1248,415,-90,9,17,4369003
Malas,1152,384,1237,416,-90,9,17,4369003
Malas,1152,384,1246,416,-90,9,17,4369003
Malas,1152,384,1236,417,-90,9,17,4369003
Malas,1152,384,1235,419,-90,9,17,4369003
Malas,1152,384,1269,419,-90,9,17,4369003
Malas,1152,384,1268,420,-90,9,17,4369003
Malas,1152,384,1152,422,-45,9,17,4369003
Malas,1152,384,1267,422,-90,9,17,4369003
Malas,1152,384,1161,424,-45,9,17,4369003
Malas,1152,384,1225,425,-90,9,17,4369003
Malas,1152,384,1257,431,-90,9,17,4369003
Malas,1152,384,1170,432,-45,9,17,4369003
Malas,1152,384,1255,432,-90,9,17,4369003
Malas,1152,384,1245,433,-90,9,17,4369003
Malas,1152,384,1254,433,-90,9,17,4369003
Malas,1152,384,1234,436,-90,9,17,4369003
Malas,1152,384,1243,436,-90,9,17,4369003
Malas,1152,384,1152,439,-45,9,17,4369003
Malas,1152,384,1268,439,-90,9,17,4369003
Malas,1152,384,1161,441,-45,9,17,4369003
Malas,1152,384,1232,445,-90,9,17,4369003
Malas,1152,384,1222,448,-90,9,17,4369003
Malas,1152,384,1264,448,-90,9,17,4369003
Malas,1152,384,1170,449,-45,9,17,4369003
Malas,1152,384,1263,449,-90,9,17,4369003
Malas,1152,384,1220,450,-90,9,17,4369003
Malas,1152,384,1253,450,-90,9,17,4369003
Malas,1152,384,1262,450,-90,9,17,4369003
Malas,1152,384,1252,451,-90,9,17,4369003
Malas,1152,384,1219,452,-90,9,17,4369003
Malas,1152,384,1241,453,-90,9,17,4369003
Malas,1152,384,1250,453,-90,9,17,4369003
Malas,1152,384,1218,456,-90,9,17,4369003
Malas,1152,384,1231,456,-90,9,17,4369003
Malas,1152,384,1217,458,-90,9,17,4369003
Malas,1152,384,1240,462,-90,9,17,4369003
Malas,1152,384,1229,465,-90,9,17,4369003
Malas,1152,384,1228,467,-90,9,17,4369003
Malas,1152,384,1261,467,-90,9,17,4369003
Malas,1152,384,1270,467,-90,9,17,4369003
Malas,1152,384,1259,468,-90,9,17,4369003
Malas,1152,384,1227,469,-90,9,17,4369003
Malas,1152,384,1249,470,-90,9,17,4369003
Malas,1152,384,1258,470,-90,9,17,4369003
Malas,1152,384,1226,473,-90,9,17,4369003
Malas,1152,384,1238,473,-90,9,17,4369003
Malas,1152,384,1217,475,-90,9,17,4369003
Malas,1152,384,1216,482,-90,9,17,4369003
Malas,1152,384,1215,484,-90,9,17,4369003
Malas,1152,384,1268,484,-90,9,17,4369003
Malas,1152,512,1157,512,-90,9,17,4369003
Malas,1152,512,1166,512,-90,9,17,4369003
Malas,1152,512,1175,512,-90,9,17,4369003
Malas,1152,512,1152,518,-90,9,17,4369003
Malas,1152,512,1156,535,-90,9,17,4369003
Malas,1152,512,1259,549,-90,9,17,4369003
Malas,1152,512,1258,550,-90,9,17,4369003
Malas,1152,512,1269,551,-90,9,17,4369003
Malas,1152,512,1257,561,-90,9,17,4369003
Malas,1152,512,1256,562,-90,9,17,4369003
Malas,1152,512,1255,563,-90,9,17,4369003
Malas,1152,512,1268,565,-90,9,17,4369003
Malas,1152,512,1267,566,-90,9,17,4369003
Malas,1152,512,1266,567,-90,9,17,4369003
Malas,1152,512,1253,573,-90,9,17,4369003
Malas,1152,512,1262,580,-90,9,17,4369003
Malas,1152,512,1252,582,-90,9,17,4369003
Malas,1152,512,1261,590,-90,9,17,4369003
Malas,1152,512,1270,597,-90,9,17,4369003
Malas,1152,512,1253,599,-90,9,17,4369003
Malas,1152,512,1265,607,-90,9,17,4369003
Malas,1152,512,1262,610,-90,9,17,4369003
Malas,1152,640,1162,703,-90,9,17,4369003
Malas,1152,640,1152,705,-90,9,17,4369003
Malas,1152,640,1161,705,-90,9,17,4369003
Malas,1152,1024,1253,1094,-90,9,17,4369003
Malas,1152,1024,1252,1095,-90,9,17,4369003
Malas,1152,1024,1250,1096,-90,9,17,4369003
Malas,1152,1024,1249,1097,-90,9,17,4369003
Malas,1152,1024,1247,1098,-90,9,17,4369003
Malas,1152,1024,1246,1099,-90,9,17,4369003
Malas,1152,1024,1244,1100,-90,9,17,4369003
Malas,1152,1024,1242,1101,-90,9,17,4369003
Malas,1152,1024,1241,1102,-90,9,17,4369003
Malas,1152,1024,1240,1103,-90,9,17,4369003
Malas,1152,1024,1239,1104,-90,9,17,4369003
Malas,1152,1024,1238,1106,-90,9,17,4369003
Malas,1152,1024,1237,1107,-90,9,17,4369003
Malas,1152,1024,1236,1108,-90,9,17,4369003
Malas,1152,1024,1235,1109,-90,9,17,4369003
Malas,1152,1024,1234,1110,-90,9,17,4369003
Malas,1152,1024,1262,1110,-90,9,17,4369003
Malas,1152,1024,1233,1111,-90,9,17,4369003
Malas,1152,1024,1261,1111,-90,9,17,4369003
Malas,1152,1024,1231,1112,-90,9,17,4369003
Malas,1152,1024,1259,1112,-90,9,17,4369003
Malas,1152,1024,1230,1113,-90,9,17,4369003
Malas,1152,1024,1258,1113,-90,9,17,4369003
Malas,1152,1024,1228,1114,-90,9,17,4369003
Malas,1152,1024,1256,1114,-90,9,17,4369003
Malas,1152,1024,1226,1115,-90,9,17,4369003
Malas,1152,1024,1255,1115,-90,9,17,4369003
Malas,1152,1024,1225,1116,-90,9,17,4369003
Malas,1152,1024,1253,1116,-90,9,17,4369003
Malas,1152,1024,1224,1117,-90,9,17,4369003
Malas,1152,1024,1251,1117,-90,9,17,4369003
Malas,1152,1024,1250,1118,-90,9,17,4369003
Malas,1152,1024,1223,1119,-90,9,17,4369003
Malas,1152,1024,1249,1119,-90,9,17,4369003
Malas,1152,1024,1222,1120,-90,9,17,4369003
Malas,1152,1024,1248,1120,-90,9,17,4369003
Malas,1152,1024,1220,1121,-90,9,17,4369003
Malas,1152,1024,1247,1121,-90,9,17,4369003
Malas,1152,1024,1219,1122,-90,9,17,4369003
Malas,1152,1024,1217,1123,-90,9,17,4369003
Malas,1152,1024,1246,1123,-90,9,17,4369003
Malas,1152,1024,1215,1124,-90,9,17,4369003
Malas,1152,1024,1245,1124,-90,9,17,4369003
Malas,1152,1024,1203,1125,-90,9,17,4369003
Malas,1152,1024,1212,1125,-90,9,17,4369003
Malas,1152,1024,1244,1125,-90,9,17,4369003
Malas,1152,1024,1243,1126,-90,9,17,4369003
Malas,1152,1024,1201,1127,-90,9,17,4369003
Malas,1152,1024,1242,1127,-90,9,17,4369003
Malas,1152,1024,1270,1127,-90,9,17,4369003
Malas,1152,1024,1240,1128,-90,9,17,4369003
Malas,1152,1024,1268,1128,-90,9,17,4369003
Malas,1152,1024,1199,1129,-90,9,17,4369003
Malas,1152,1024,1239,1129,-90,9,17,4369003
Malas,1152,1024,1267,1129,-90,9,17,4369003
Malas,1152,1024,1197,1130,-90,9,17,4369003
Malas,1152,1024,1237,1130,-90,9,17,4369003
Malas,1152,1024,1265,1130,-90,9,17,4369003
Malas,1152,1024,1195,1131,-90,9,17,4369003
Malas,1152,1024,1235,1131,-90,9,17,4369003
Malas,1152,1024,1264,1131,-90,9,17,4369003
Malas,1152,1024,1234,1132,-90,9,17,4369003
Malas,1152,1024,1262,1132,-90,9,17,4369003
Malas,1152,1024,1233,1133,-90,9,17,4369003
Malas,1152,1024,1260,1133,-90,9,17,4369003
Malas,1152,1024,1232,1134,-90,9,17,4369003
Malas,1152,1024,1259,1134,-90,9,17,4369003
Malas,1152,1152,1205,1152,-90,9,17,4369003
Malas,1152,1152,1214,1152,-90,9,17,4369003
Malas,1152,1152,1230,1152,-90,9,17,4369003
Malas,1152,1152,1239,1152,-90,9,17,4369003
Malas,1152,1152,1248,1152,-90,9,17,4369003
Malas,1152,1152,1257,1152,-90,9,17,4369003
Malas,1152,1152,1266,1152,-90,9,17,4369003
Malas,1152,1152,1215,1169,-90,9,17,4369003
Malas,1152,1152,1224,1169,-90,9,17,4369003
Malas,1152,1152,1233,1169,-90,9,17,4369003
Malas,1152,1152,1242,1169,-90,9,17,4369003
Malas,1152,1152,1251,1169,-90,9,17,4369003
Malas,1152,1152,1260,1169,-90,9,17,4369003
Malas,1152,1152,1269,1169,-90,9,17,4369003
Malas,1152,1152,1215,1186,-90,9,17,4369003
Malas,1152,1152,1229,1186,-90,9,17,4369003
Malas,1152,1152,1247,1186,-90,9,17,4369003
Malas,1152,1152,1256,1186,-90,9,17,4369003
Malas,1152,1152,1265,1186,-90,9,17,4369003
Malas,1152,1152,1238,1192,-90,9,17,4369003
Malas,1152,1152,1224,1193,-90,9,17,4369003
Malas,1152,1152,1214,1200,-90,9,17,4369003
Malas,1152,1152,1213,1202,-90,9,17,4369003
Malas,1152,1152,1223,1203,-90,9,17,4369003
Malas,1152,1152,1233,1203,-90,9,17,4369003
Malas,1152,1152,1247,1203,-90,9,17,4369003
Malas,1152,1152,1256,1203,-90,9,17,4369003
Malas,1152,1152,1265,1203,-90,9,17,4369003
Malas,1152,1152,1212,1206,-90,9,17,4369003
Malas,1152,1152,1242,1209,-90,9,17,4369003
Malas,1152,1152,1232,1210,-90,9,17,4369003
Malas,1152,1152,1222,1217,-90,9,17,4369003
Malas,1152,1152,1221,1219,-90,9,17,4369003
Malas,1152,1152,1241,1220,-90,9,17,4369003
Malas,1152,1152,1256,1220,-90,9,17,4369003
Malas,1152,1152,1265,1220,-90,9,17,4369003
Malas,1152,1152,1233,1227,-90,9,17,4369003
Malas,1152,1152,1227,1236,-90,9,17,4369003
Malas,1152,1152,1242,1237,-90,9,17,4369003
Malas,1152,1152,1259,1237,-90,9,17,4369003
Malas,1152,1152,1268,1237,-90,9,17,4369003
Malas,1152,1152,1191,1243,-90,9,17,4369003
Malas,1152,1152,1190,1244,-90,9,17,4369003
Malas,1152,1152,1238,1244,-90,9,17,4369003
Malas,1152,1152,1189,1245,-90,9,17,4369003
Malas,1152,1152,1188,1246,-90,9,17,4369003
Malas,1152,1152,1187,1248,-90,9,17,4369003
Malas,1152,1152,1186,1250,-90,9,17,4369003
Malas,1152,1152,1236,1252,-90,9,17,4369003
Malas,1152,1152,1185,1253,-90,9,17,4369003
Malas,1152,1152,1230,1253,-90,9,17,4369003
Malas,1152,1152,1247,1254,-90,9,17,4369003
Malas,1152,1152,1260,1254,-90,9,17,4369003
Malas,1152,1152,1269,1254,-90,9,17,4369003
Malas,1152,1152,1200,1255,-90,9,17,4369003
Malas,1152,1152,1183,1257,-90,9,17,4369003
Malas,1152,1152,1256,1257,-90,9,17,4369003
Malas,1152,1152,1199,1260,-90,9,17,4369003
Malas,1152,1152,1198,1261,-90,9,17,4369003
Malas,1152,1152,1245,1261,-90,9,17,4369003
Malas,1152,1152,1197,1262,-90,9,17,4369003
Malas,1152,1280,1183,1280,-90,9,17,4369003
Malas,1152,1280,1192,1280,-90,9,17,4369003
Malas,1152,1280,1201,1280,-90,9,17,4369003
Malas,1152,1280,1237,1280,-90,9,17,4369003
Malas,1152,1280,1246,1280,-90,9,17,4369003
Malas,1152,1280,1264,1280,-90,9,17,4369003
Malas,1152,1280,1255,1296,-90,9,17,4369003
Malas,1152,1280,1195,1297,-90,9,17,4369003
Malas,1152,1280,1245,1297,-90,9,17,4369003
Malas,1152,1280,1254,1297,-90,9,17,4369003
Malas,1152,1280,1264,1297,-90,9,17,4369003
Malas,1152,1280,1263,1313,-90,9,17,4369003
Malas,1152,1280,1262,1314,-90,9,17,4369003
Malas,1152,1280,1269,1331,-90,9,17,4369003
Malas,1152,1408,1173,1514,-70,9,17,4369003
Malas,1152,1408,1201,1514,-70,9,17,4369003
Malas,1152,1408,1182,1515,-70,9,17,4369003
Malas,1152,1408,1191,1515,-70,9,17,4369003
Malas,1152,1408,1200,1515,-70,9,17,4369003
Malas,1152,1536,1193,1536,-70,9,17,4369003
Malas,1152,1536,1152,1548,-90,9,17,4369003
Malas,1152,1536,1164,1561,-90,9,17,4369003
Malas,1152,1536,1156,1570,-90,9,17,4369003
Malas,1152,1536,1165,1578,-90,9,17,4369003
Malas,1152,1664,1269,1664,-90,9,17,4369003
Malas,1152,1664,1267,1665,-90,9,17,4369003
Malas,1152,1664,1265,1667,-90,9,17,4369003
Malas,1152,1664,1264,1669,-90,9,17,4369003
Malas,1152,1664,1263,1670,-90,9,17,4369003
Malas,1152,1664,1262,1672,-90,9,17,4369003
Malas,1152,1664,1261,1675,-90,9,17,4369003
Malas,1152,1664,1260,1676,-90,9,17,4369003
Malas,1152,1664,1259,1677,-90,9,17,4369003
Malas,1152,1664,1257,1679,-90,9,17,4369003
Malas,1152,1664,1255,1681,-90,9,17,4369003
Malas,1152,1664,1254,1683,-90,9,17,4369003
Malas,1152,1664,1253,1687,-90,9,17,4369003
Malas,1152,1664,1251,1689,-90,9,17,4369003
Malas,1152,1664,1250,1691,-90,9,17,4369003
Malas,1152,1664,1249,1693,-90,9,17,4369003
Malas,1152,1664,1248,1695,-90,9,17,4369003
Malas,1152,1664,1247,1699,-90,9,17,4369003
Malas,1152,1664,1244,1714,-90,9,17,4369003
Malas,1152,1664,1253,1716,-90,9,17,4369003
Malas,1152,1664,1258,1734,-90,9,17,4369003
Malas,1152,1664,1252,1759,-90,9,17,4369003
Malas,1152,1792,1258,1792,-90,9,17,4369003
Malas,1152,1792,1267,1792,-90,9,17,4369003
Malas,1280,128,1280,128,-90,9,17,4369003
Malas,1280,128,1289,128,-90,9,17,4369003
Malas,1280,128,1298,128,-90,9,17,4369003
Malas,1280,128,1395,134,-90,9,17,4369003
Malas,1280,128,1387,143,-90,9,17,4369003
Malas,1280,128,1285,145,-90,9,17,4369003
Malas,1280,128,1294,145,-90,9,17,4369003
Malas,1280,128,1385,145,-90,9,17,4369003
Malas,1280,128,1303,146,-90,9,17,4369003
Malas,1280,128,1384,147,-90,9,17,4369003
Malas,1280,128,1383,149,-90,9,17,4369003
Malas,1280,128,1382,151,-90,9,17,4369003
Malas,1280,128,1397,151,-90,9,17,4369003
Malas,1280,128,1396,152,-90,9,17,4369003
Malas,1280,128,1381,154,-90,9,17,4369003
Malas,1280,128,1380,156,-90,9,17,4369003
Malas,1280,128,1394,160,-90,9,17,4369003
Malas,1280,128,1293,162,-90,9,17,4369003
Malas,1280,128,1302,162,-90,9,17,4369003
Malas,1280,128,1393,162,-90,9,17,4369003
Malas,1280,128,1311,163,-90,9,17,4369003
Malas,1280,128,1378,163,-90,9,17,4369003
Malas,1280,128,1283,164,-88,9,17,4369003
Malas,1280,128,1377,164,-90,9,17,4369003
Malas,1280,128,1392,165,-90,9,17,4369003
Malas,1280,128,1376,166,-90,9,17,4369003
Malas,1280,128,1375,167,-90,9,17,4369003
Malas,1280,128,1282,170,-89,9,17,4369003
Malas,1280,128,1390,170,-90,9,17,4369003
Malas,1280,128,1389,171,-90,9,17,4369003
Malas,1280,128,1281,172,-90,9,17,4369003
Malas,1280,128,1388,173,-90,9,17,4369003
Malas,1280,128,1292,174,-90,9,17,4369003
Malas,1280,128,1301,179,-90,9,17,4369003
Malas,1280,128,1310,179,-90,9,17,4369003
Malas,1280,128,1369,180,-90,9,17,4369003
Malas,1280,128,1367,181,-90,9,17,4369003
Malas,1280,128,1366,183,-90,9,17,4369003
Malas,1280,128,1365,185,-90,9,17,4369003
Malas,1280,128,1363,187,-90,9,17,4369003
Malas,1280,128,1320,189,-90,9,17,4369003
Malas,1280,128,1361,189,-90,9,17,4369003
Malas,1280,128,1319,191,-90,9,17,4369003
Malas,1280,128,1360,191,-90,9,17,4369003
Malas,1280,128,1359,193,-90,9,17,4369003
Malas,1280,128,1357,195,-90,9,17,4369003
Malas,1280,128,1306,196,-90,9,17,4369003
Malas,1280,128,1315,196,-90,9,17,4369003
Malas,1280,128,1370,204,-90,9,17,4369003
Malas,1280,128,1328,206,-90,9,17,4369003
Malas,1280,128,1369,206,-90,9,17,4369003
Malas,1280,128,1368,208,-90,9,17,4369003
Malas,1280,128,1324,210,-90,9,17,4369003
Malas,1280,128,1366,210,-90,9,17,4369003
Malas,1280,128,1337,212,-90,9,17,4369003
Malas,1280,128,1363,212,-90,9,17,4369003
Malas,1280,128,1319,213,-90,9,17,4369003
Malas,1280,128,1355,217,-90,9,17,4369003
Malas,1280,128,1333,223,-90,9,17,4369003
Malas,1280,128,1331,227,-90,9,17,4369003
Malas,1280,128,1346,227,-90,9,17,4369003
Malas,1280,128,1372,227,-90,9,17,4369003
Malas,1280,128,1342,229,-90,9,17,4369003
Malas,1280,128,1364,229,-90,9,17,4369003
Malas,1280,128,1355,234,-90,9,17,4369003
Malas,1280,256,1280,275,-50,9,17,4369003
Malas,1280,256,1289,280,-50,9,17,4369003
Malas,1280,256,1298,291,-50,9,17,4369003
Malas,1280,256,1307,291,-50,9,17,4369003
Malas,1280,256,1280,292,-50,9,17,4369003
Malas,1280,256,1289,297,-50,9,17,4369003
Malas,1280,256,1398,304,-50,9,17,4369003
Malas,1280,256,1396,306,-50,9,17,4369003
Malas,1280,256,1394,308,-50,9,17,4369003
Malas,1280,256,1382,309,-50,9,17,4369003
Malas,1280,256,1391,309,-50,9,17,4369003
Malas,1280,256,1380,310,-50,9,17,4369003
Malas,1280,256,1378,311,-50,9,17,4369003
Malas,1280,256,1376,312,-50,9,17,4369003
Malas,1280,256,1374,314,-50,9,17,4369003
Malas,1280,256,1372,315,-50,9,17,4369003
Malas,1280,256,1370,316,-50,9,17,4369003
Malas,1280,256,1366,317,-50,9,17,4369003
Malas,1280,256,1364,318,-50,9,17,4369003
Malas,1280,256,1344,319,-50,9,17,4369003
Malas,1280,256,1353,319,-50,9,17,4369003
Malas,1280,256,1362,319,-50,9,17,4369003
Malas,1280,256,1342,320,-49,9,17,4369003
Malas,1280,256,1341,322,-50,9,17,4369003
Malas,1280,256,1340,326,-50,9,17,4369003
Malas,1280,256,1389,326,-50,9,17,4369003
Malas,1280,256,1398,326,-50,9,17,4369003
Malas,1280,256,1387,327,-50,9,17,4369003
Malas,1280,256,1385,328,-50,9,17,4369003
Malas,1280,256,1383,329,-50,9,17,4369003
Malas,1280,256,1381,331,-50,9,17,4369003
Malas,1280,256,1379,332,-50,9,17,4369003
Malas,1280,256,1375,333,-50,9,17,4369003
Malas,1280,256,1373,334,-50,9,17,4369003
Malas,1280,256,1371,335,-50,9,17,4369003
Malas,1280,256,1351,336,-50,9,17,4369003
Malas,1280,256,1360,336,-50,9,17,4369003
Malas,1280,256,1369,336,-50,9,17,4369003
Malas,1280,256,1350,337,-50,9,17,4369003
Malas,1280,256,1396,343,-50,9,17,4369003
Malas,1280,256,1394,344,-50,9,17,4369003
Malas,1280,256,1392,345,-50,9,17,4369003
Malas,1280,256,1390,346,-50,9,17,4369003
Malas,1280,256,1388,348,-50,9,17,4369003
Malas,1280,256,1384,349,-50,9,17,4369003
Malas,1280,256,1382,350,-50,9,17,4369003
Malas,1280,256,1380,351,-50,9,17,4369003
Malas,1280,256,1378,352,-50,9,17,4369003
Malas,1280,256,1376,353,-50,9,17,4369003
Malas,1280,384,1280,397,-90,9,17,4369003
Malas,1280,384,1289,397,-90,9,17,4369003
Malas,1280,384,1298,398,-90,9,17,4369003
Malas,1280,384,1307,399,-90,9,17,4369003
Malas,1280,384,1280,414,-90,9,17,4369003
Malas,1280,384,1289,414,-90,9,17,4369003
Malas,1280,384,1309,416,-90,9,17,4369003
Malas,1280,384,1397,427,-90,9,17,4369003
Malas,1280,384,1298,428,-90,9,17,4369003
Malas,1280,384,1280,431,-90,9,17,4369003
Malas,1280,384,1292,431,-90,9,17,4369003
Malas,1280,384,1289,445,-90,9,17,4369003
Malas,1280,384,1280,448,-90,9,17,4369003
Malas,1280,384,1398,451,-90,9,17,4369003
Malas,1280,384,1282,465,-90,9,17,4369003
Malas,1280,384,1281,470,-90,9,17,4369003
Malas,1280,384,1280,471,-90,9,17,4369003
Malas,1280,384,1291,478,-90,9,17,4369003
Malas,1280,384,1290,482,-90,9,17,4369003
Malas,1280,384,1289,487,-90,9,17,4369003
Malas,1280,384,1280,488,-90,9,17,4369003
Malas,1280,512,1286,548,-89,9,17,4369003
Malas,1280,512,1295,549,-88,9,17,4369003
Malas,1280,512,1280,552,-90,9,17,4369003
Malas,1280,512,1304,557,-90,9,17,4369003
Malas,1280,512,1313,560,-90,9,17,4369003
Malas,1280,512,1289,565,-90,9,17,4369003
Malas,1280,512,1298,566,-90,9,17,4369003
Malas,1280,512,1280,569,-90,9,17,4369003
Malas,1280,512,1307,574,-90,9,17,4369003
Malas,1280,512,1316,577,-90,9,17,4369003
Malas,1280,512,1325,579,-90,9,17,4369003
Malas,1280,512,1289,582,-90,9,17,4369003
Malas,1280,512,1298,583,-90,9,17,4369003
Malas,1280,512,1280,586,-90,9,17,4369003
Malas,1280,512,1307,591,-90,9,17,4369003
Malas,1280,512,1316,594,-90,9,17,4369003
Malas,1280,512,1325,596,-90,9,17,4369003
Malas,1280,512,1334,598,-90,9,17,4369003
Malas,1280,512,1289,599,-90,9,17,4369003
Malas,1280,512,1298,600,-90,9,17,4369003
Malas,1280,512,1281,603,-90,9,17,4369003
Malas,1280,512,1307,608,-90,9,17,4369003
Malas,1280,512,1327,613,-90,9,17,4369003
Malas,1280,512,1343,613,-90,9,17,4369003
Malas,1280,512,1316,614,-90,9,17,4369003
Malas,1280,512,1280,615,-90,9,17,4369003
Malas,1280,512,1336,615,-90,9,17,4369003
Malas,1280,512,1290,616,-90,9,17,4369003
Malas,1280,512,1299,617,-90,9,17,4369003
Malas,1280,640,1280,640,-90,9,17,4369003
Malas,1280,640,1289,640,-90,9,17,4369003
Malas,1280,640,1298,640,-90,9,17,4369003
Malas,1280,640,1307,640,-90,9,17,4369003
Malas,1280,640,1316,640,-90,9,17,4369003
Malas,1280,640,1344,640,-90,9,17,4369003
Malas,1280,640,1353,640,-90,9,17,4369003
Malas,1280,640,1339,649,-90,9,17,4369003
Malas,1280,640,1333,654,-90,9,17,4369003
Malas,1280,640,1328,656,-90,9,17,4369003
Malas,1280,640,1283,657,-90,9,17,4369003
Malas,1280,640,1292,657,-90,9,17,4369003
Malas,1280,640,1301,657,-90,9,17,4369003
Malas,1280,640,1310,657,-90,9,17,4369003
Malas,1280,640,1348,659,-90,9,17,4369003
Malas,1280,640,1319,660,-90,9,17,4369003
Malas,1280,640,1291,674,-90,9,17,4369003
Malas,1280,640,1301,674,-90,9,17,4369003
Malas,1280,1024,1293,1125,-90,9,17,4369003
Malas,1280,1024,1280,1126,-90,9,17,4369003
Malas,1280,1024,1289,1126,-90,9,17,4369003
Malas,1280,1152,1280,1152,-90,9,17,4374003
Malas,1280,1152,1289,1152,-90,9,17,4374003
Malas,1280,1152,1298,1152,-90,9,17,4374003
Malas,1280,1152,1307,1152,-90,9,17,4374003
Malas,1280,1152,1316,1152,-90,9,17,4374003
Malas,1280,1152,1325,1152,-90,9,17,4374003
Malas,1280,1152,1334,1152,-90,9,17,4374003
Malas,1280,1152,1343,1152,-90,9,17,4374003
Malas,1280,1152,1352,1152,-90,9,17,4374003
Malas,1280,1152,1361,1152,-90,9,17,4374003
Malas,1280,1152,1370,1152,-90,9,17,4374003
Malas,1280,1152,1379,1152,-90,9,17,4374003
Malas,1280,1152,1280,1169,-90,9,17,4374003
Malas,1280,1152,1289,1169,-90,9,17,4374003
Malas,1280,1152,1298,1169,-90,9,17,4374003
Malas,1280,1152,1307,1169,-90,9,17,4374003
Malas,1280,1152,1316,1169,-90,9,17,4374003
Malas,1280,1152,1325,1169,-90,9,17,4374003
Malas,1280,1152,1334,1169,-90,9,17,4374003
Malas,1280,1152,1351,1169,-90,9,17,4374003
Malas,1280,1152,1365,1169,-90,9,17,4374003
Malas,1280,1152,1374,1169,-90,9,17,4374003
Malas,1280,1152,1389,1170,-90,9,17,4374003
Malas,1280,1152,1383,1171,-90,9,17,4374003
Malas,1280,1152,1280,1186,-90,9,17,4374003
Malas,1280,1152,1359,1192,-89,9,17,4374003
Malas,1280,1152,1375,1192,-90,9,17,4374003
Malas,1280,1152,1303,1193,-90,9,17,4374003
Malas,1280,1152,1313,1193,-90,9,17,4374003
Malas,1280,1152,1368,1193,-90,9,17,4374003
Malas,1280,1152,1339,1195,-90,9,17,4374003
Malas,1280,1152,1325,1199,-90,9,17,4374003
Malas,1280,1152,1352,1199,-90,9,17,4374003
Malas,1280,1152,1384,1199,-90,9,17,4374003
Malas,1280,1152,1338,1200,-90,9,17,4374003
Malas,1280,1152,1398,1200,-90,9,17,4374003
Malas,1280,1152,1334,1201,-90,9,17,4374003
Malas,1280,1152,1348,1201,-90,9,17,4374003
Malas,1280,1152,1282,1203,-90,9,17,4374003
Malas,1280,1152,1312,1203,-90,9,17,4374003
Malas,1280,1152,1322,1208,-90,9,17,4374003
Malas,1280,1152,1361,1209,-90,9,17,4374003
Malas,1280,1152,1383,1209,-90,9,17,4374003
Malas,1280,1152,1296,1210,-89,9,17,4374003
Malas,1280,1152,1306,1210,-90,9,17,4374003
Malas,1280,1152,1321,1210,-90,9,17,4374003
Malas,1280,1152,1370,1210,-90,9,17,4374003
Malas,1280,1152,1347,1212,-90,9,17,4374003
Malas,1280,1152,1280,1215,-90,9,17,4374003
Malas,1280,1152,1305,1216,-90,9,17,4374003
Malas,1280,1152,1331,1216,-90,9,17,4374003
Malas,1280,1152,1343,1217,-90,9,17,4374003
Malas,1280,1152,1398,1217,-90,9,17,4374003
Malas,1280,1152,1340,1218,-90,9,17,4374003
Malas,1280,1152,1356,1218,-90,9,17,4374003
Malas,1280,1152,1315,1220,-90,9,17,4374003
Malas,1280,1152,1379,1224,-90,9,17,4374003
Malas,1280,1152,1330,1225,-90,9,17,4374003
Malas,1280,1152,1366,1226,-90,9,17,4374003
Malas,1280,1152,1297,1227,-90,9,17,4374003
Malas,1280,1152,1314,1227,-90,9,17,4374003
Malas,1280,1152,1324,1227,-90,9,17,4374003
Malas,1280,1152,1375,1227,-90,9,17,4374003
Malas,1280,1152,1355,1229,-90,9,17,4374003
Malas,1280,1152,1285,1232,-90,9,17,4374003
Malas,1280,1152,1306,1233,-90,9,17,4374003
Malas,1280,1152,1365,1234,-90,9,17,4374003
Malas,1280,1152,1398,1234,-90,9,17,4374003
Malas,1280,1152,1283,1253,-90,9,17,4374003
Malas,1280,1152,1340,1255,-90,9,17,4374003
Malas,1280,1152,1292,1257,-90,9,17,4374003
Malas,1280,1152,1309,1257,-90,9,17,4374003
Malas,1280,1152,1318,1257,-90,9,17,4374003
Malas,1280,1152,1327,1257,-90,9,17,4374003
Malas,1280,1152,1349,1257,-90,9,17,4374003
Malas,1280,1152,1358,1257,-90,9,17,4374003
Malas,1280,1152,1367,1257,-90,9,17,4374003
Malas,1280,1152,1301,1260,-90,9,17,4374003
Malas,1280,1280,1280,1280,-90,9,17,4369003
Malas,1280,1280,1292,1280,-90,9,17,4369003
Malas,1280,1280,1289,1283,-90,9,17,4369003
Malas,1280,1280,1355,1296,-90,9,17,4369003
Malas,1280,1280,1280,1297,-90,9,17,4369003
Malas,1280,1280,1364,1298,-90,9,17,4369003
Malas,1280,1280,1289,1300,-90,9,17,4369003
Malas,1280,1280,1354,1301,-90,9,17,4369003
Malas,1280,1280,1389,1301,-86,9,17,4369003
Malas,1280,1280,1379,1305,-89,9,17,4369003
Malas,1280,1280,1373,1308,-90,9,17,4369003
Malas,1280,1280,1363,1313,-90,9,17,4369003
Malas,1280,1280,1280,1314,-90,9,17,4369003
Malas,1280,1280,1372,1315,-90,9,17,4369003
Malas,1280,1280,1289,1317,-90,9,17,4369003
Malas,1280,1280,1298,1317,-90,9,17,4369003
Malas,1280,1280,1358,1318,-90,9,17,4369003
Malas,1280,1280,1356,1323,-88,9,17,4369003
Malas,1280,1280,1384,1324,-90,9,17,4369003
Malas,1280,1280,1355,1328,-88,9,17,4369003
Malas,1280,1280,1310,1330,-90,9,17,4369003
Malas,1280,1280,1367,1330,-90,9,17,4369003
Malas,1280,1280,1280,1331,-90,9,17,4369003
Malas,1280,1280,1354,1331,-89,9,17,4369003
Malas,1280,1280,1381,1331,-90,9,17,4369003
Malas,1280,1280,1353,1332,-89,9,17,4369003
Malas,1280,1280,1376,1332,-90,9,17,4369003
Malas,1280,1280,1352,1333,-89,9,17,4369003
Malas,1280,1280,1289,1334,-90,9,17,4369003
Malas,1280,1280,1298,1334,-90,9,17,4369003
Malas,1280,1280,1307,1335,-90,9,17,4369003
Malas,1280,1280,1365,1335,-90,9,17,4369003
Malas,1280,1280,1364,1340,-90,9,17,4369003
Malas,1280,1280,1390,1341,-90,9,17,4369003
Malas,1280,1280,1363,1345,-90,9,17,4369003
Malas,1280,1280,1374,1347,-90,9,17,4369003
Malas,1280,1280,1362,1348,-90,9,17,4369003
Malas,1280,1280,1385,1348,-90,9,17,4369003
Malas,1280,1280,1361,1349,-90,9,17,4369003
Malas,1280,1280,1383,1349,-90,9,17,4369003
Malas,1280,1280,1356,1350,-90,9,17,4369003
Malas,1280,1280,1373,1352,-90,9,17,4369003
Malas,1280,1280,1394,1358,-90,9,17,4369003
Malas,1280,1280,1382,1364,-90,9,17,4369003
Malas,1280,1280,1370,1365,-90,9,17,4369003
Malas,1280,1280,1366,1366,-90,9,17,4369003
Malas,1280,1280,1380,1369,-90,9,17,4369003
Malas,1280,1280,1352,1371,-90,9,17,4369003
Malas,1280,1280,1379,1371,-90,9,17,4369003
Malas,1280,1280,1351,1377,-90,9,17,4369003
Malas,1280,1280,1350,1379,-90,9,17,4369003
Malas,1280,1280,1398,1380,-90,9,17,4369003
Malas,1280,1280,1349,1381,-90,9,17,4369003
Malas,1280,1280,1361,1382,-90,9,17,4369003
Malas,1280,1280,1378,1382,-90,9,17,4369003
Malas,1280,1280,1347,1383,-90,9,17,4369003
Malas,1280,1280,1345,1385,-90,9,17,4369003
Malas,1280,1280,1344,1387,-90,9,17,4369003
Malas,1280,1280,1370,1387,-90,9,17,4369003
Malas,1280,1280,1360,1388,-90,9,17,4369003
Malas,1280,1280,1343,1389,-90,9,17,4369003
Malas,1280,1408,1326,1408,-90,9,17,4369003
Malas,1280,1408,1335,1408,-90,9,17,4369003
Malas,1280,1408,1350,1408,-90,9,17,4369003
Malas,1280,1408,1359,1408,-90,9,17,4369003
Malas,1280,1408,1368,1408,-90,9,17,4369003
Malas,1280,1408,1377,1408,-90,9,17,4369003
Malas,1280,1408,1386,1408,-90,9,17,4369003
Malas,1280,1408,1395,1408,-90,9,17,4369003
Malas,1280,1408,1330,1425,-90,9,17,4369003
Malas,1280,1408,1339,1425,-90,9,17,4369003
Malas,1280,1408,1357,1425,-90,9,17,4369003
Malas,1280,1408,1367,1425,-90,9,17,4369003
Malas,1280,1408,1376,1425,-90,9,17,4369003
Malas,1280,1408,1385,1425,-90,9,17,4369003
Malas,1280,1408,1321,1426,-90,9,17,4369003
Malas,1280,1408,1348,1427,-90,9,17,4369003
Malas,1280,1408,1320,1428,-90,9,17,4369003
Malas,1280,1408,1332,1442,-90,9,17,4369003
Malas,1280,1408,1341,1442,-90,9,17,4369003
Malas,1280,1408,1372,1442,-90,9,17,4369003
Malas,1280,1408,1389,1442,-90,9,17,4369003
Malas,1280,1408,1381,1446,-90,9,17,4369003
Malas,1280,1408,1366,1451,-90,9,17,4369003
Malas,1280,1408,1350,1452,-90,9,17,4369003
Malas,1280,1408,1344,1459,-90,9,17,4369003
Malas,1280,1408,1387,1463,-90,9,17,4369003
Malas,1280,1408,1359,1465,-90,9,17,4369003
Malas,1280,1408,1381,1467,-90,9,17,4369003
Malas,1280,1408,1368,1468,-90,9,17,4369003
Malas,1280,1408,1354,1469,-90,9,17,4369003
Malas,1280,1408,1377,1476,-90,9,17,4369003
Malas,1280,1408,1364,1482,-90,9,17,4369003
Malas,1280,1408,1386,1484,-90,9,17,4369003
Malas,1280,1408,1373,1485,-90,9,17,4369003
Malas,1280,1408,1382,1493,-90,9,17,4369003
Malas,1280,1408,1370,1499,-90,9,17,4369003
Malas,1280,1408,1379,1502,-90,9,17,4369003
Malas,1280,1408,1370,1516,-90,9,17,4369003
Malas,1280,1536,1353,1536,-90,9,17,4369003
Malas,1280,1536,1398,1563,-108,9,17,4369003
Malas,1280,1536,1397,1564,-108,9,17,4369003
Malas,1280,1536,1396,1565,-108,9,17,4369003
Malas,1280,1536,1395,1566,-108,9,17,4369003
Malas,1280,1536,1394,1567,-108,9,17,4369003
Malas,1280,1536,1393,1568,-108,9,17,4369003
Malas,1280,1536,1392,1569,-108,9,17,4369003
Malas,1280,1536,1391,1571,-108,9,17,4369003
Malas,1280,1536,1392,1588,-110,9,17,4369003
Malas,1280,1536,1379,1589,-109,9,17,4369003
Malas,1280,1536,1369,1590,-108,9,17,4369003
Malas,1280,1536,1378,1591,-110,9,17,4369003
Malas,1280,1536,1368,1593,-108,9,17,4369003
Malas,1280,1536,1367,1594,-108,9,17,4369003
Malas,1280,1536,1366,1595,-108,9,17,4369003
Malas,1280,1536,1365,1596,-108,9,17,4369003
Malas,1280,1536,1364,1597,-108,9,17,4369003
Malas,1280,1536,1363,1598,-108,9,17,4369003
Malas,1280,1536,1361,1599,-108,9,17,4369003
Malas,1280,1536,1388,1599,-110,9,17,4369003
Malas,1280,1536,1360,1600,-108,9,17,4369003
Malas,1280,1536,1397,1605,-110,9,17,4369003
Malas,1280,1536,1387,1606,-110,9,17,4369003
Malas,1280,1536,1377,1607,-110,9,17,4369003
Malas,1280,1536,1386,1608,-110,9,17,4369003
Malas,1280,1536,1350,1609,-108,9,17,4369003
Malas,1280,1536,1376,1610,-110,9,17,4369003
Malas,1280,1536,1349,1611,-108,9,17,4369003
Malas,1280,1536,1375,1611,-110,9,17,4369003
Malas,1280,1536,1359,1612,-110,9,17,4369003
Malas,1280,1536,1374,1612,-110,9,17,4369003
Malas,1280,1536,1348,1613,-108,9,17,4369003
Malas,1280,1536,1373,1613,-110,9,17,4369003
Malas,1280,1536,1347,1614,-108,9,17,4369003
Malas,1280,1536,1372,1614,-110,9,17,4369003
Malas,1280,1536,1346,1615,-108,9,17,4369003
Malas,1280,1536,1370,1615,-110,9,17,4369003
Malas,1280,1536,1369,1616,-110,9,17,4369003
Malas,1280,1536,1396,1616,-110,9,17,4369003
Malas,1280,1536,1345,1617,-108,9,17,4369003
Malas,1280,1536,1368,1617,-110,9,17,4369003
Malas,1280,1536,1344,1619,-108,9,17,4369003
Malas,1280,1536,1343,1621,-108,9,17,4369003
Malas,1280,1536,1395,1623,-110,9,17,4369003
Malas,1280,1536,1385,1624,-110,9,17,4369003
Malas,1280,1536,1394,1625,-110,9,17,4369003
Malas,1280,1536,1358,1626,-110,9,17,4369003
Malas,1280,1536,1384,1627,-110,9,17,4369003
Malas,1280,1536,1357,1628,-110,9,17,4369003
Malas,1280,1536,1383,1628,-110,9,17,4369003
Malas,1280,1536,1342,1629,-109,9,17,4369003
Malas,1280,1536,1367,1629,-110,9,17,4369003
Malas,1280,1536,1382,1629,-110,9,17,4369003
Malas,1280,1536,1356,1630,-110,9,17,4369003
Malas,1280,1536,1381,1630,-110,9,17,4369003
Malas,1280,1536,1355,1631,-110,9,17,4369003
Malas,1280,1536,1379,1631,-110,9,17,4369003
Malas,1280,1536,1354,1632,-110,9,17,4369003
Malas,1280,1536,1378,1632,-110,9,17,4369003
Malas,1280,1536,1377,1633,-110,9,17,4369003
Malas,1280,1536,1353,1634,-110,9,17,4369003
Malas,1280,1536,1376,1634,-110,9,17,4369003
Malas,1280,1536,1352,1636,-110,9,17,4369003
Malas,1280,1536,1303,1638,-90,9,17,4369003
Malas,1280,1536,1351,1638,-110,9,17,4369003
Malas,1280,1536,1302,1639,-90,9,17,4369003
Malas,1280,1536,1301,1640,-90,9,17,4369003
Malas,1280,1536,1300,1641,-90,9,17,4369003
Malas,1280,1536,1299,1642,-90,9,17,4369003
Malas,1280,1536,1296,1643,-90,9,17,4369003
Malas,1280,1536,1340,1643,-108,9,17,4369003
Malas,1280,1536,1295,1644,-90,9,17,4369003
Malas,1280,1536,1292,1645,-90,9,17,4369003
Malas,1280,1536,1391,1645,-110,9,17,4369003
Malas,1280,1536,1288,1646,-90,9,17,4369003
Malas,1280,1536,1349,1646,-110,9,17,4369003
Malas,1280,1536,1390,1646,-110,9,17,4369003
Malas,1280,1664,1280,1664,-90,9,17,4369003
Malas,1280,1664,1327,1664,-108,9,17,4369003
Malas,1280,1664,1336,1664,-110,9,17,4369003
Malas,1280,1664,1345,1664,-110,9,17,4369003
Malas,1280,1664,1354,1664,-110,9,17,4369003
Malas,1280,1664,1363,1664,-110,9,17,4369003
Malas,1280,1664,1383,1664,-110,9,17,4369003
Malas,1280,1664,1326,1667,-108,9,17,4369003
Malas,1280,1664,1325,1668,-108,9,17,4369003
Malas,1280,1664,1324,1669,-108,9,17,4369003
Malas,1280,1664,1323,1671,-108,9,17,4369003
Malas,1280,1664,1322,1673,-108,9,17,4369003
Malas,1280,1664,1321,1675,-108,9,17,4369003
Malas,1280,1664,1378,1676,-110,9,17,4369003
Malas,1280,1664,1320,1677,-108,9,17,4369003
Malas,1280,1664,1319,1678,-108,9,17,4369003
Malas,1280,1664,1372,1678,-110,9,17,4369003
Malas,1280,1664,1318,1679,-108,9,17,4369003
Malas,1280,1664,1317,1680,-108,9,17,4369003
Malas,1280,1664,1315,1681,-108,9,17,4369003
Malas,1280,1664,1335,1681,-110,9,17,4369003
Malas,1280,1664,1344,1681,-110,9,17,4369003
Malas,1280,1664,1353,1681,-110,9,17,4369003
Malas,1280,1664,1364,1681,-110,9,17,4369003
Malas,1280,1664,1313,1682,-108,9,17,4369003
Malas,1280,1664,1312,1683,-108,9,17,4369003
Malas,1280,1664,1311,1684,-108,9,17,4369003
Malas,1280,1664,1334,1684,-110,9,17,4369003
Malas,1280,1664,1309,1685,-108,9,17,4369003
Malas,1280,1664,1333,1685,-110,9,17,4369003
Malas,1280,1664,1308,1686,-108,9,17,4369003
Malas,1280,1664,1332,1686,-110,9,17,4369003
Malas,1280,1664,1307,1687,-108,9,17,4369003
Malas,1280,1664,1306,1688,-108,9,17,4369003
Malas,1280,1664,1331,1688,-110,9,17,4369003
Malas,1280,1664,1305,1689,-108,9,17,4369003
Malas,1280,1664,1330,1690,-110,9,17,4369003
Malas,1280,1664,1304,1691,-108,9,17,4369003
Malas,1280,1664,1303,1692,-108,9,17,4369003
Malas,1280,1664,1329,1692,-110,9,17,4369003
Malas,1280,1664,1362,1692,-110,9,17,4369003
Malas,1280,1664,1302,1693,-108,9,17,4369003
Malas,1280,1664,1301,1694,-108,9,17,4369003
Malas,1280,1664,1328,1694,-110,9,17,4369003
Malas,1280,1664,1299,1695,-108,9,17,4369003
Malas,1280,1664,1327,1695,-110,9,17,4369003
Malas,1280,1664,1373,1695,-110,9,17,4369003
Malas,1280,1664,1297,1696,-108,9,17,4369003
Malas,1280,1664,1326,1696,-110,9,17,4369003
Malas,1280,1664,1296,1697,-108,9,17,4369003
Malas,1280,1664,1324,1697,-110,9,17,4369003
Malas,1280,1664,1322,1698,-110,9,17,4369003
Malas,1280,1664,1343,1698,-110,9,17,4369003
Malas,1280,1664,1352,1698,-110,9,17,4369003
Malas,1280,1664,1321,1699,-110,9,17,4369003
Malas,1280,1664,1295,1700,-110,9,17,4369003
Malas,1280,1664,1320,1700,-110,9,17,4369003
Malas,1280,1664,1318,1701,-110,9,17,4369003
Malas,1280,1664,1342,1701,-110,9,17,4369003
Malas,1280,1664,1317,1702,-110,9,17,4369003
Malas,1280,1664,1341,1702,-110,9,17,4369003
Malas,1280,1664,1290,1703,-109,9,17,4369003
Malas,1280,1664,1316,1703,-110,9,17,4369003
Malas,1280,1664,1340,1703,-110,9,17,4369003
Malas,1280,1664,1339,1705,-110,9,17,4369003
Malas,1280,1664,1338,1707,-110,9,17,4369003
Malas,1280,1664,1337,1709,-110,9,17,4369003
Malas,1280,1664,1306,1712,-110,9,17,4369003
Malas,1280,1664,1361,1712,-110,9,17,4369003
Malas,1280,1664,1373,1712,-110,9,17,4369003
Malas,1280,1664,1305,1713,-110,9,17,4369003
Malas,1280,1664,1304,1714,-110,9,17,4369003
Malas,1280,1664,1370,1714,-110,9,17,4369003
Malas,1280,1664,1351,1715,-110,9,17,4369003
Malas,1280,1664,1360,1715,-110,9,17,4369003
Malas,1280,1664,1299,1717,-110,9,17,4369003
Malas,1280,1664,1329,1718,-110,9,17,4369003
Malas,1280,1664,1350,1718,-110,9,17,4369003
Malas,1280,1664,1349,1719,-110,9,17,4369003
Malas,1280,1664,1297,1720,-110,9,17,4369003
Malas,1280,1664,1318,1720,-110,9,17,4369003
Malas,1280,1664,1348,1720,-110,9,17,4369003
Malas,1280,1664,1347,1722,-110,9,17,4369003
Malas,1280,1664,1327,1723,-110,9,17,4369003
Malas,1280,1664,1346,1724,-110,9,17,4369003
Malas,1280,1664,1284,1725,-110,9,17,4369003
Malas,1280,1664,1282,1726,-108,9,17,4369003
Malas,1280,1664,1315,1726,-110,9,17,4369003
Malas,1280,1664,1344,1726,-110,9,17,4369003
Malas,1280,1664,1314,1729,-110,9,17,4369003
Malas,1280,1664,1369,1729,-110,9,17,4369003
Malas,1280,1664,1379,1729,-110,9,17,4369003
Malas,1280,1664,1313,1730,-110,9,17,4369003
Malas,1280,1664,1293,1731,-110,9,17,4369003
Malas,1280,1664,1311,1731,-110,9,17,4369003
Malas,1280,1664,1378,1731,-110,9,17,4369003
Malas,1280,1664,1359,1732,-110,9,17,4369003
Malas,1280,1664,1368,1732,-110,9,17,4369003
Malas,1280,1664,1358,1735,-110,9,17,4369003
Malas,1280,1664,1357,1736,-110,9,17,4369003
Malas,1280,1664,1324,1737,-110,9,17,4369003
Malas,1280,1664,1356,1737,-110,9,17,4369003
Malas,1280,1664,1355,1739,-110,9,17,4369003
Malas,1280,1664,1353,1741,-110,9,17,4369003
Malas,1280,1664,1283,1743,-108,9,17,4369003
Malas,1280,1664,1323,1743,-110,9,17,4369003
Malas,1280,1664,1348,1743,-110,9,17,4369003
Malas,1280,1664,1302,1746,-110,9,17,4369003
Malas,1280,1664,1322,1746,-110,9,17,4369003
Malas,1280,1664,1320,1747,-110,9,17,4369003
Malas,1280,1664,1292,1748,-110,9,17,4369003
Malas,1280,1664,1311,1748,-110,9,17,4369003
Malas,1280,1664,1381,1748,-110,9,17,4369003
Malas,1280,1664,1367,1749,-110,9,17,4369003
Malas,1280,1664,1347,1752,-108,9,17,4369003
Malas,1280,1664,1366,1752,-110,9,17,4369003
Malas,1280,1664,1376,1752,-110,9,17,4369003
Malas,1280,1664,1365,1753,-110,9,17,4369003
Malas,1280,1664,1364,1754,-110,9,17,4369003
Malas,1280,1664,1390,1754,-110,9,17,4369003
Malas,1280,1664,1344,1755,-108,9,17,4369003
Malas,1280,1664,1340,1756,-110,9,17,4369003
Malas,1280,1664,1362,1756,-110,9,17,4369003
Malas,1280,1664,1332,1758,-110,9,17,4369003
Malas,1280,1664,1357,1758,-110,9,17,4369003
Malas,1280,1664,1287,1760,-110,9,17,4369003
Malas,1280,1664,1331,1760,-110,9,17,4369003
Malas,1280,1664,1356,1760,-110,9,17,4369003
Malas,1280,1664,1329,1763,-110,9,17,4369003
Malas,1280,1664,1320,1764,-110,9,17,4369003
Malas,1280,1664,1296,1765,-110,9,17,4369003
Malas,1280,1664,1312,1765,-110,9,17,4369003
Malas,1280,1664,1353,1769,-110,9,17,4369003
Malas,1280,1664,1374,1769,-110,9,17,4369003
Malas,1280,1664,1373,1770,-110,9,17,4369003
Malas,1280,1664,1371,1771,-110,9,17,4369003
Malas,1280,1664,1390,1771,-110,9,17,4369003
Malas,1280,1664,1349,1772,-110,9,17,4369003
Malas,1280,1664,1383,1772,-110,9,17,4369003
Malas,1280,1664,1341,1773,-110,9,17,4369003
Malas,1280,1664,1366,1773,-110,9,17,4369003
Malas,1280,1792,1333,1792,-110,9,17,4369003
Malas,1280,1792,1342,1792,-110,9,17,4369003
Malas,1280,1792,1351,1792,-110,9,17,4369003
Malas,1280,1792,1360,1792,-110,9,17,4369003
Malas,1280,1792,1369,1792,-110,9,17,4369003
Malas,1280,1792,1378,1792,-110,9,17,4369003
Malas,1280,1792,1393,1792,-110,9,17,4369003
Malas,1280,1792,1387,1799,-110,9,17,4369003
Malas,1280,1792,1338,1809,-110,9,17,4369003
Malas,1280,1792,1349,1809,-110,9,17,4369003
Malas,1280,1792,1358,1809,-110,9,17,4369003
Malas,1280,1792,1367,1809,-110,9,17,4369003
Malas,1280,1792,1376,1809,-110,9,17,4369003
Malas,1280,1792,1396,1809,-110,9,17,4369003
Malas,1280,1792,1292,1812,-90,9,17,4369003
Malas,1280,1792,1387,1816,-110,9,17,4369003
Malas,1280,1792,1301,1822,-90,9,17,4369003
Malas,1280,1792,1310,1826,-90,9,17,4369003
Malas,1280,1792,1398,1826,-110,9,17,4369003
Malas,1280,1792,1319,1828,-92,9,17,4369003
Malas,1280,1792,1292,1829,-90,9,17,4369003
Malas,1280,1792,1329,1834,-92,9,17,4369003
Malas,1280,1792,1291,1835,-90,9,17,4369003
Malas,1280,1792,1328,1836,-90,9,17,4369003
Malas,1280,1792,1338,1838,-91,9,17,4369003
Malas,1280,1792,1301,1839,-90,9,17,4369003
Malas,1280,1792,1357,1842,-92,9,17,4369003
Malas,1280,1792,1310,1843,-90,9,17,4369003
Malas,1280,1792,1356,1844,-90,9,17,4369003
Malas,1280,1792,1319,1845,-90,9,17,4369003
Malas,1280,1792,1300,1846,-90,9,17,4369003
Malas,1280,1792,1347,1849,-90,9,17,4369003
Malas,1280,1792,1328,1853,-90,9,17,4369003
Malas,1280,1792,1343,1855,-90,9,17,4369003
Malas,1280,1792,1389,1856,-92,9,17,4369003
Malas,1280,1792,1388,1864,-90,9,17,4369003
Malas,1280,1792,1398,1864,-90,9,17,4369003
Malas,1408,128,1408,128,-90,9,17,4369003
Malas,1408,128,1417,128,-90,9,17,4369003
Malas,1408,128,1432,128,-90,9,17,4369003
Malas,1408,128,1441,128,-90,9,17,4369003
Malas,1408,128,1450,128,-90,9,17,4369003
Malas,1408,128,1459,136,-90,9,17,4369003
Malas,1408,128,1408,145,-90,9,17,4369003
Malas,1408,128,1418,145,-90,9,17,4369003
Malas,1408,128,1432,145,-90,9,17,4369003
Malas,1408,128,1456,145,-90,9,17,4369003
Malas,1408,128,1417,148,-90,9,17,4369003
Malas,1408,128,1427,149,-90,9,17,4369003
Malas,1408,128,1441,150,-90,9,17,4369003
Malas,1408,128,1465,153,-90,9,17,4369003
Malas,1408,128,1450,156,-90,9,17,4369003
Malas,1408,128,1408,162,-90,9,17,4369003
Malas,1408,128,1502,169,-90,9,17,4369003
Malas,1408,128,1515,181,-90,9,17,4369003
Malas,1408,128,1511,185,-90,9,17,4369003
Malas,1408,128,1496,186,-90,9,17,4369003
Malas,1408,128,1506,186,-90,9,17,4369003
Malas,1408,128,1524,186,-90,9,17,4369003
Malas,1408,128,1494,188,-89,9,17,4369003
Malas,1408,128,1492,190,-90,9,17,4369003
Malas,1408,128,1490,191,-90,9,17,4369003
Malas,1408,128,1488,192,-90,9,17,4369003
Malas,1408,128,1486,194,-90,9,17,4369003
Malas,1408,128,1505,194,-90,9,17,4369003
Malas,1408,128,1485,196,-90,9,17,4369003
Malas,1408,128,1484,197,-90,9,17,4369003
Malas,1408,128,1483,198,-90,9,17,4369003
Malas,1408,128,1520,198,-90,9,17,4369003
Malas,1408,128,1482,202,-90,9,17,4369003
Malas,1408,128,1515,202,-90,9,17,4369003
Malas,1408,128,1503,203,-90,9,17,4369003
Malas,1408,128,1514,203,-90,9,17,4369003
Malas,1408,128,1480,204,-90,9,17,4369003
Malas,1408,128,1501,205,-90,9,17,4369003
Malas,1408,128,1478,206,-90,9,17,4369003
Malas,1408,128,1476,207,-90,9,17,4369003
Malas,1408,128,1499,207,-90,9,17,4369003
Malas,1408,128,1475,208,-90,9,17,4369003
Malas,1408,128,1497,208,-90,9,17,4369003
Malas,1408,128,1495,209,-90,9,17,4369003
Malas,1408,128,1494,211,-90,9,17,4369003
Malas,1408,128,1493,213,-90,9,17,4369003
Malas,1408,128,1474,214,-90,9,17,4369003
Malas,1408,128,1492,214,-90,9,17,4369003
Malas,1408,128,1491,215,-90,9,17,4369003
Malas,1408,128,1472,216,-90,9,17,4369003
Malas,1408,128,1470,218,-90,9,17,4369003
Malas,1408,128,1466,219,-90,9,17,4369003
Malas,1408,128,1489,219,-90,9,17,4369003
Malas,1408,128,1464,220,-90,9,17,4369003
Malas,1408,128,1487,221,-90,9,17,4369003
Malas,1408,128,1462,222,-90,9,17,4369003
Malas,1408,128,1460,223,-90,9,17,4369003
Malas,1408,128,1485,223,-90,9,17,4369003
Malas,1408,128,1459,224,-90,9,17,4369003
Malas,1408,128,1484,224,-90,9,17,4369003
Malas,1408,128,1483,225,-90,9,17,4369003
Malas,1408,128,1458,230,-90,9,17,4369003
Malas,1408,128,1473,236,-90,9,17,4369003
Malas,1408,256,1512,289,-50,9,17,4369003
Malas,1408,256,1510,290,-50,9,17,4369003
Malas,1408,256,1408,291,-50,9,17,4369003
Malas,1408,256,1508,292,-50,9,17,4369003
Malas,1408,256,1506,293,-50,9,17,4369003
Malas,1408,256,1504,294,-50,9,17,4369003
Malas,1408,256,1482,295,-50,9,17,4369003
Malas,1408,256,1491,295,-50,9,17,4369003
Malas,1408,256,1500,295,-50,9,17,4369003
Malas,1408,256,1480,296,-50,9,17,4369003
Malas,1408,256,1476,297,-50,9,17,4369003
Malas,1408,256,1521,297,-50,9,17,4369003
Malas,1408,256,1474,298,-50,9,17,4369003
Malas,1408,256,1470,299,-50,9,17,4369003
Malas,1408,256,1468,300,-50,9,17,4369003
Malas,1408,256,1466,301,-50,9,17,4369003
Malas,1408,256,1464,302,-50,9,17,4369003
Malas,1408,256,1463,304,-50,9,17,4369003
Malas,1408,256,1519,306,-50,9,17,4369003
Malas,1408,256,1517,307,-50,9,17,4369003
Malas,1408,256,1462,308,-50,9,17,4369003
Malas,1408,256,1515,309,-50,9,17,4369003
Malas,1408,256,1460,310,-50,9,17,4369003
Malas,1408,256,1513,310,-50,9,17,4369003
Malas,1408,256,1509,311,-50,9,17,4369003
Malas,1408,256,1459,312,-50,9,17,4369003
Malas,1408,256,1489,312,-50,9,17,4369003
Malas,1408,256,1498,312,-50,9,17,4369003
Malas,1408,256,1507,312,-50,9,17,4369003
Malas,1408,256,1485,313,-50,9,17,4369003
Malas,1408,256,1483,314,-50,9,17,4369003
Malas,1408,256,1479,315,-50,9,17,4369003
Malas,1408,256,1458,316,-50,9,17,4369003
Malas,1408,256,1477,316,-50,9,17,4369003
Malas,1408,256,1475,317,-50,9,17,4369003
Malas,1408,256,1457,318,-50,9,17,4369003
Malas,1408,256,1473,318,-50,9,17,4369003
Malas,1408,256,1472,319,-50,9,17,4369003
Malas,1408,256,1471,321,-50,9,17,4369003
Malas,1408,256,1456,324,-50,9,17,4369003
Malas,1408,256,1454,325,-50,9,17,4369003
Malas,1408,256,1469,325,-50,9,17,4369003
Malas,1408,256,1452,326,-50,9,17,4369003
Malas,1408,256,1468,327,-50,9,17,4369003
Malas,1408,256,1450,328,-50,9,17,4369003
Malas,1408,256,1467,329,-50,9,17,4369003
Malas,1408,256,1494,329,-50,9,17,4369003
Malas,1408,256,1503,329,-50,9,17,4369003
Malas,1408,256,1448,330,-50,9,17,4369003
Malas,1408,256,1492,330,-50,9,17,4369003
Malas,1408,256,1488,331,-50,9,17,4369003
Malas,1408,256,1447,332,-50,9,17,4369003
Malas,1408,256,1486,332,-50,9,17,4369003
Malas,1408,256,1466,333,-50,9,17,4369003
Malas,1408,256,1484,333,-50,9,17,4369003
Malas,1408,256,1482,334,-50,9,17,4369003
Malas,1408,256,1465,335,-50,9,17,4369003
Malas,1408,256,1481,335,-50,9,17,4369003
Malas,1408,256,1480,336,-50,9,17,4369003
Malas,1408,256,1478,338,-50,9,17,4369003
Malas,1408,256,1463,341,-50,9,17,4369003
Malas,1408,256,1477,342,-50,9,17,4369003
Malas,1408,256,1476,344,-50,9,17,4369003
Malas,1408,256,1475,346,-50,9,17,4369003
Malas,1408,256,1493,349,-50,9,17,4369003
Malas,1408,256,1474,350,-50,9,17,4369003
Malas,1408,256,1491,350,-50,9,17,4369003
Malas,1408,256,1490,351,-50,9,17,4369003
Malas,1408,256,1472,352,-50,9,17,4369003
Malas,1408,256,1489,352,-50,9,17,4369003
Malas,1408,256,1487,353,-50,9,17,4369003
Malas,1408,256,1486,355,-50,9,17,4369003
Malas,1408,256,1465,358,-50,9,17,4369003
Malas,1408,256,1485,359,-50,9,17,4369003
Malas,1408,256,1484,361,-50,9,17,4369003
Malas,1408,256,1483,363,-50,9,17,4369003
Malas,1408,384,1442,384,-50,9,17,4369003
Malas,1408,384,1451,384,-50,9,17,4369003
Malas,1408,384,1460,384,-50,9,17,4369003
Malas,1408,384,1422,417,-90,9,17,4369003
Malas,1408,384,1431,419,-90,9,17,4369003
Malas,1408,384,1410,421,-90,9,17,4369003
Malas,1408,384,1419,423,-90,9,17,4369003
Malas,1408,384,1440,423,-90,9,17,4369003
Malas,1408,384,1408,427,-90,9,17,4369003
Malas,1408,384,1456,428,-90,9,17,4369003
Malas,1408,384,1465,429,-90,9,17,4369003
Malas,1408,384,1481,429,-90,9,17,4369003
Malas,1408,384,1455,430,-90,9,17,4369003
Malas,1408,384,1490,431,-90,9,17,4369003
Malas,1408,384,1499,431,-90,9,17,4369003
Malas,1408,384,1428,434,-90,9,17,4369003
Malas,1408,384,1508,435,-90,9,17,4369003
Malas,1408,384,1437,436,-90,9,17,4369003
Malas,1408,384,1449,437,-90,9,17,4369003
Malas,1408,384,1474,437,-90,9,17,4369003
Malas,1408,384,1417,438,-90,9,17,4369003
Malas,1408,384,1522,438,-90,9,17,4369003
Malas,1408,384,1426,440,-90,9,17,4369003
Malas,1408,384,1446,440,-90,9,17,4369003
Malas,1408,384,1408,444,-90,9,17,4369003
Malas,1408,384,1517,447,-90,9,17,4369003
Malas,1408,384,1507,448,-90,9,17,4369003
Malas,1408,384,1516,452,-90,9,17,4369003
Malas,1408,384,1417,455,-90,9,17,4369003
Malas,1408,384,1408,461,-90,9,17,4369003
Malas,1408,384,1513,465,-90,9,17,4369003
Malas,1408,384,1418,472,-90,9,17,4369003
Malas,1408,384,1523,474,-90,9,17,4369003
Malas,1408,384,1408,478,-90,9,17,4369003
Malas,1408,384,1522,478,-90,9,17,4369003
Malas,1408,384,1417,482,-90,9,17,4369003
Malas,1408,384,1513,482,-90,9,17,4369003
Malas,1408,384,1512,486,-90,9,17,4369003
Malas,1408,384,1511,488,-90,9,17,4369003
Malas,1408,384,1510,490,-90,9,17,4369003
Malas,1408,384,1508,492,-90,9,17,4369003
Malas,1408,384,1506,494,-90,9,17,4369003
Malas,1408,512,1478,512,-90,9,17,4369003
Malas,1408,512,1487,512,-90,9,17,4369003
Malas,1408,512,1496,512,-90,9,17,4369003
Malas,1408,512,1473,602,-85,9,17,4369003
Malas,1408,512,1471,603,-85,9,17,4369003
Malas,1408,512,1469,605,-85,9,17,4369003
Malas,1408,512,1467,606,-85,9,17,4369003
Malas,1408,512,1466,607,-85,9,17,4369003
Malas,1408,512,1465,609,-85,9,17,4369003
Malas,1408,512,1459,610,-85,9,17,4369003
Malas,1408,512,1457,611,-85,9,17,4369003
Malas,1408,512,1455,613,-85,9,17,4369003
Malas,1408,512,1453,615,-85,9,17,4369003
Malas,1408,512,1451,617,-85,9,17,4369003
Malas,1408,512,1449,618,-85,9,17,4369003
Malas,1408,512,1448,619,-85,9,17,4369003
Malas,1408,512,1478,620,-85,9,17,4369003
Malas,1408,512,1476,622,-85,9,17,4369003
Malas,1408,640,1426,640,-85,9,17,4369003
Malas,1408,640,1439,640,-85,9,17,4369003
Malas,1408,640,1448,640,-85,9,17,4369003
Malas,1408,1152,1408,1201,-90,9,17,4369003
Malas,1408,1152,1408,1218,-90,9,17,4369003
Malas,1408,1152,1488,1250,-87,9,17,4369003
Malas,1408,1152,1448,1259,-86,9,17,4369003
Malas,1408,1280,1451,1292,-90,9,17,4369003
Malas,1408,1280,1436,1293,-88,9,17,4369003
Malas,1408,1280,1460,1295,-90,9,17,4369003
Malas,1408,1280,1469,1295,-90,9,17,4369003
Malas,1408,1280,1434,1297,-88,9,17,4369003
Malas,1408,1280,1445,1307,-90,9,17,4369003
Malas,1408,1280,1478,1307,-90,9,17,4369003
Malas,1408,1280,1425,1310,-88,9,17,4369003
Malas,1408,1280,1443,1310,-90,9,17,4369003
Malas,1408,1280,1462,1312,-90,9,17,4369003
Malas,1408,1280,1476,1312,-90,9,17,4369003
Malas,1408,1280,1471,1313,-90,9,17,4369003
Malas,1408,1280,1439,1314,-90,9,17,4369003
Malas,1408,1280,1438,1315,-90,9,17,4369003
Malas,1408,1280,1487,1318,-90,9,17,4369003
Malas,1408,1280,1452,1324,-90,9,17,4369003
Malas,1408,1280,1461,1324,-90,9,17,4369003
Malas,1408,1280,1470,1329,-90,9,17,4369003
Malas,1408,1280,1480,1329,-90,9,17,4369003
Malas,1408,1280,1479,1330,-90,9,17,4369003
Malas,1408,1280,1408,1358,-88,9,17,4369003
Malas,1408,1280,1412,1375,-90,9,17,4369003
Malas,1408,1280,1474,1387,-89,9,17,4369003
Malas,1408,1280,1466,1388,-88,9,17,4369003
Malas,1408,1280,1464,1389,-89,9,17,4369003
Malas,1408,1280,1461,1390,-89,9,17,4369003
Malas,1408,1280,1483,1390,-90,9,17,4369003
Malas,1408,1408,1454,1408,-90,9,17,4369003
Malas,1408,1408,1474,1408,-90,9,17,4369003
Malas,1408,1408,1483,1408,-90,9,17,4369003
Malas,1408,1408,1492,1408,-90,9,17,4369003
Malas,1408,1408,1501,1408,-90,9,17,4369003
Malas,1408,1408,1469,1412,-90,9,17,4369003
Malas,1408,1408,1463,1422,-90,9,17,4369003
Malas,1408,1408,1459,1425,-90,9,17,4369003
Malas,1408,1408,1478,1425,-90,9,17,4369003
Malas,1408,1408,1487,1425,-90,9,17,4369003
Malas,1408,1408,1472,1429,-90,9,17,4369003
Malas,1408,1408,1525,1502,-109,9,17,4369003
Malas,1408,1408,1524,1505,-109,9,17,4369003
Malas,1408,1408,1519,1512,-110,9,17,4369003
Malas,1408,1408,1516,1515,-110,9,17,4369003
Malas,1408,1408,1515,1517,-110,9,17,4369003
Malas,1408,1536,1480,1539,-110,9,17,4369003
Malas,1408,1536,1465,1543,-110,9,17,4369003
Malas,1408,1536,1462,1545,-110,9,17,4369003
Malas,1408,1536,1478,1545,-110,9,17,4369003
Malas,1408,1536,1474,1546,-110,9,17,4369003
Malas,1408,1536,1443,1547,-110,9,17,4369003
Malas,1408,1536,1452,1548,-110,9,17,4369003
Malas,1408,1536,1436,1549,-110,9,17,4369003
Malas,1408,1536,1461,1549,-110,9,17,4369003
Malas,1408,1536,1416,1552,-109,9,17,4369003
Malas,1408,1536,1434,1552,-110,9,17,4369003
Malas,1408,1536,1413,1553,-108,9,17,4369003
Malas,1408,1536,1412,1554,-108,9,17,4369003
Malas,1408,1536,1425,1561,-110,9,17,4369003
Malas,1408,1536,1408,1562,-110,9,17,4369003
Malas,1408,1536,1422,1569,-110,9,17,4369003
Malas,1408,1536,1421,1570,-110,9,17,4369003
Malas,1408,1536,1417,1571,-110,9,17,4369003
Malas,1408,1536,1408,1579,-110,9,17,4369003
Malas,1408,1536,1417,1588,-110,9,17,4369003
Malas,1408,1664,1408,1766,-110,9,17,4369003
Malas,1408,1664,1417,1770,-110,9,17,4369003
Malas,1408,1664,1426,1774,-110,9,17,4369003
Malas,1408,1792,1413,1792,-109,9,17,4369003
Malas,1408,1792,1422,1792,-110,9,17,4369003
Malas,1408,1792,1517,1792,-110,9,17,4369003
Malas,1408,1792,1526,1792,-110,9,17,4369003
Malas,1408,1792,1500,1793,-110,9,17,4369003
Malas,1408,1792,1511,1797,-110,9,17,4369003
Malas,1408,1792,1410,1798,-108,9,17,4369003
Malas,1408,1792,1408,1800,-110,9,17,4369003
Malas,1536,0,1590,89,-90,9,17,4369003
Malas,1536,0,1588,90,-90,9,17,4369003
Malas,1536,0,1580,91,-90,9,17,4369003
Malas,1536,0,1571,92,-90,9,17,4369003
Malas,1536,0,1570,96,-90,9,17,4369003
Malas,1536,0,1569,98,-90,9,17,4369003
Malas,1536,0,1633,99,-80,9,17,4369003
Malas,1536,0,1632,100,-80,9,17,4369003
Malas,1536,0,1642,100,-80,9,17,4369003
Malas,1536,0,1651,101,-80,9,17,4369003
Malas,1536,0,1589,107,-90,9,17,4369003
Malas,1536,0,1579,109,-90,9,17,4369003
Malas,1536,0,1588,109,-90,9,17,4369003
Malas,1536,128,1545,147,-90,9,17,4369003
Malas,1536,128,1543,149,-90,9,17,4369003
Malas,1536,128,1541,150,-90,9,17,4369003
Malas,1536,128,1631,182,-90,9,17,4369003
Malas,1536,128,1651,183,-90,9,17,4369003
Malas,1536,128,1571,188,-90,9,17,4369003
Malas,1536,128,1650,188,-90,9,17,4369003
Malas,1536,128,1569,189,-90,9,17,4369003
Malas,1536,128,1648,189,-90,9,17,4369003
Malas,1536,128,1544,190,-90,9,17,4369003
Malas,1536,128,1553,190,-90,9,17,4369003
Malas,1536,128,1562,190,-90,9,17,4369003
Malas,1536,128,1647,190,-90,9,17,4369003
Malas,1536,128,1645,192,-90,9,17,4369003
Malas,1536,128,1536,194,-90,9,17,4369003
Malas,1536,128,1642,197,-90,9,17,4369003
Malas,1536,128,1587,203,-90,9,17,4369003
Malas,1536,128,1596,203,-90,9,17,4369003
Malas,1536,128,1640,203,-90,9,17,4369003
Malas,1536,128,1606,205,-90,9,17,4369003
Malas,1536,128,1571,206,-90,9,17,4369003
Malas,1536,128,1639,206,-90,9,17,4369003
Malas,1536,128,1550,207,-90,9,17,4369003
Malas,1536,128,1559,207,-90,9,17,4369003
Malas,1536,128,1568,207,-90,9,17,4369003
Malas,1536,128,1654,207,-90,9,17,4369003
Malas,1536,128,1580,209,-90,9,17,4369003
Malas,1536,128,1605,209,-90,9,17,4369003
Malas,1536,128,1630,209,-90,9,17,4369003
Malas,1536,128,1651,209,-90,9,17,4369003
Malas,1536,128,1615,210,-90,9,17,4369003
Malas,1536,128,1624,210,-90,9,17,4369003
Malas,1536,128,1649,214,-90,9,17,4369003
Malas,1536,128,1589,220,-90,9,17,4369003
Malas,1536,128,1598,220,-90,9,17,4369003
Malas,1536,128,1648,220,-90,9,17,4369003
Malas,1536,128,1614,222,-90,9,17,4369003
Malas,1536,128,1577,223,-90,9,17,4369003
Malas,1536,128,1557,224,-90,9,17,4369003
Malas,1536,128,1574,224,-90,9,17,4369003
Malas,1536,128,1586,226,-90,9,17,4369003
Malas,1536,128,1613,226,-90,9,17,4369003
Malas,1536,128,1633,226,-90,9,17,4369003
Malas,1536,128,1632,227,-90,9,17,4369003
Malas,1536,128,1609,233,-90,9,17,4369003
Malas,1536,128,1566,234,-90,9,17,4369003
Malas,1536,128,1595,237,-90,9,17,4369003
Malas,1536,128,1649,237,-90,9,17,4369003
Malas,1536,128,1630,238,-90,9,17,4369003
Malas,1536,128,1642,238,-90,9,17,4369003
Malas,1536,256,1589,256,-90,9,17,4369003
Malas,1536,256,1598,256,-90,9,17,4369003
Malas,1536,256,1607,256,-90,9,17,4369003
Malas,1536,256,1616,256,-90,9,17,4369003
Malas,1536,256,1625,256,-90,9,17,4369003
Malas,1536,256,1634,256,-90,9,17,4369003
Malas,1536,256,1652,256,-90,9,17,4369003
Malas,1536,256,1649,259,-90,9,17,4369003
Malas,1536,256,1643,263,-90,9,17,4369003
Malas,1536,256,1612,273,-90,9,17,4369003
Malas,1536,256,1627,273,-90,9,17,4369003
Malas,1536,256,1636,273,-90,9,17,4369003
Malas,1536,256,1652,276,-90,9,17,4369003
Malas,1536,256,1650,280,-90,9,17,4369003
Malas,1536,256,1621,282,-90,9,17,4369003
Malas,1536,256,1536,308,-50,9,17,4369003
Malas,1536,256,1584,348,-50,9,17,4369003
Malas,1536,256,1578,349,-50,9,17,4369003
Malas,1536,256,1593,349,-50,9,17,4369003
Malas,1536,256,1576,350,-50,9,17,4369003
Malas,1536,256,1572,351,-50,9,17,4369003
Malas,1536,256,1570,352,-50,9,17,4369003
Malas,1536,256,1568,354,-50,9,17,4369003
Malas,1536,256,1566,356,-50,9,17,4369003
Malas,1536,256,1602,357,-50,9,17,4369003
Malas,1536,256,1564,358,-50,9,17,4369003
Malas,1536,256,1611,359,-50,9,17,4369003
Malas,1536,256,1562,360,-50,9,17,4369003
Malas,1536,256,1620,361,-50,9,17,4369003
Malas,1536,256,1560,362,-50,9,17,4369003
Malas,1536,256,1558,364,-50,9,17,4369003
Malas,1536,256,1557,365,-50,9,17,4369003
Malas,1536,256,1587,365,-50,9,17,4369003
Malas,1536,256,1541,366,-50,9,17,4369003
Malas,1536,256,1550,366,-49,9,17,4369003
Malas,1536,256,1585,366,-50,9,17,4369003
Malas,1536,256,1596,366,-50,9,17,4369003
Malas,1536,384,1557,384,-50,9,17,4369003
Malas,1536,384,1566,384,-50,9,17,4369003
Malas,1536,384,1575,384,-50,9,17,4369003
Malas,1536,384,1584,384,-50,9,17,4369003
Malas,1536,384,1593,384,-50,9,17,4369003
Malas,1536,384,1602,384,-50,9,17,4369003
Malas,1536,384,1564,401,-50,9,17,4369003
Malas,1536,384,1573,401,-50,9,17,4369003
Malas,1536,384,1582,401,-50,9,17,4369003
Malas,1536,384,1618,437,-90,9,17,4369003
Malas,1536,384,1617,438,-90,9,17,4369003
Malas,1536,384,1627,438,-90,9,17,4369003
Malas,1536,384,1616,440,-90,9,17,4369003
Malas,1536,384,1636,440,-90,9,17,4369003
Malas,1536,384,1614,441,-89,9,17,4369003
Malas,1536,384,1645,441,-90,9,17,4369003
Malas,1536,384,1613,443,-90,9,17,4369003
Malas,1536,384,1612,446,-89,9,17,4369003
Malas,1536,384,1611,448,-89,9,17,4369003
Malas,1536,384,1626,454,-90,9,17,4369003
Malas,1536,384,1625,455,-90,9,17,4369003
Malas,1536,384,1635,455,-90,9,17,4369003
Malas,1536,384,1623,457,-90,9,17,4369003
Malas,1536,384,1644,457,-90,9,17,4369003
Malas,1536,384,1622,458,-90,9,17,4369003
Malas,1536,384,1621,460,-90,9,17,4369003
Malas,1536,384,1620,463,-90,9,17,4369003
Malas,1536,384,1615,465,-90,9,17,4369003
Malas,1536,384,1632,472,-90,9,17,4369003
Malas,1536,384,1631,474,-90,9,17,4369003
Malas,1536,384,1630,475,-90,9,17,4369003
Malas,1536,384,1536,476,-90,9,17,4369003
Malas,1536,384,1629,477,-90,9,17,4369003
Malas,1536,384,1624,480,-90,9,17,4369003
Malas,1536,384,1616,482,-90,9,17,4369003
Malas,1536,384,1545,488,-90,9,17,4369003
Malas,1536,384,1615,491,-88,9,17,4369003
Malas,1536,384,1536,493,-90,9,17,4369003
Malas,1536,512,1536,512,-90,9,17,4369003
Malas,1536,512,1545,512,-90,9,17,4369003
Malas,1536,512,1613,512,-90,9,17,4369003
Malas,1536,512,1622,512,-90,9,17,4369003
Malas,1536,512,1612,527,-89,9,17,4369003
Malas,1536,512,1579,574,-88,9,17,4369003
Malas,1536,512,1575,575,-88,9,17,4369003
Malas,1536,512,1573,576,-89,9,17,4369003
Malas,1536,512,1588,577,-90,9,17,4369003
Malas,1536,512,1598,585,-90,9,17,4369003
Malas,1536,512,1557,588,-89,9,17,4369003
Malas,1536,512,1584,591,-90,9,17,4369003
Malas,1536,512,1582,592,-90,9,17,4369003
Malas,1536,512,1556,593,-90,9,17,4369003
Malas,1536,512,1575,593,-90,9,17,4369003
Malas,1536,512,1607,594,-90,9,17,4369003
Malas,1536,512,1593,597,-90,9,17,4369003
Malas,1536,512,1542,598,-88,9,17,4369003
Malas,1536,512,1551,599,-90,9,17,4369003
Malas,1536,512,1606,602,-90,9,17,4369003
Malas,1536,512,1538,603,-88,9,17,4369003
Malas,1536,512,1565,605,-90,9,17,4369003
Malas,1536,512,1591,608,-90,9,17,4369003
Malas,1536,512,1584,609,-90,9,17,4369003
Malas,1536,512,1560,610,-90,9,17,4369003
Malas,1536,512,1574,610,-90,9,17,4369003
Malas,1536,512,1583,610,-90,9,17,4369003
Malas,1536,512,1549,615,-90,9,17,4369003
Malas,1536,512,1558,616,-90,9,17,4369003
Malas,1536,512,1600,617,-90,9,17,4369003
Malas,1536,512,1609,619,-90,9,17,4369003
Malas,1536,512,1543,621,-90,9,17,4369003
Malas,1536,512,1569,622,-90,9,17,4369003
Malas,1536,640,1636,655,-84,9,17,4369003
Malas,1536,768,1571,861,-85,9,17,4369003
Malas,1536,768,1580,861,-85,9,17,4369003
Malas,1536,768,1561,862,-85,9,17,4369003
Malas,1536,768,1589,863,-85,9,17,4369003
Malas,1536,768,1560,864,-85,9,17,4369003
Malas,1536,768,1557,865,-85,9,17,4369003
Malas,1536,768,1598,865,-85,9,17,4369003
Malas,1536,768,1555,866,-85,9,17,4369003
Malas,1536,768,1554,867,-85,9,17,4369003
Malas,1536,768,1552,868,-85,9,17,4369003
Malas,1536,768,1549,869,-85,9,17,4369003
Malas,1536,768,1548,870,-85,9,17,4369003
Malas,1536,768,1546,871,-85,9,17,4369003
Malas,1536,768,1640,872,-80,9,17,4369003
Malas,1536,768,1649,872,-80,9,17,4369003
Malas,1536,768,1544,874,-85,9,17,4369003
Malas,1536,768,1570,874,-85,9,17,4369003
Malas,1536,768,1622,874,-80,9,17,4369003
Malas,1536,768,1639,874,-80,9,17,4369003
Malas,1536,768,1618,876,-80,9,17,4369003
Malas,1536,768,1579,878,-85,9,17,4369003
Malas,1536,768,1588,878,-85,9,17,4369003
Malas,1536,768,1616,878,-80,9,17,4369003
Malas,1536,896,1552,896,-85,9,17,4390003
Malas,1536,896,1561,896,-85,9,17,4390003
Malas,1536,896,1570,896,-85,9,17,4390003
Malas,1536,896,1579,896,-85,9,17,4390003
Malas,1536,896,1588,896,-85,9,17,4390003
Malas,1536,896,1604,896,-80,9,17,4390003
Malas,1536,896,1578,913,-85,9,17,4390003
Malas,1536,896,1587,913,-85,9,17,4390003
Malas,1536,896,1596,914,-85,9,17,4390003
Malas,1536,896,1605,922,-85,9,17,4390003
Malas,1536,896,1586,930,-85,9,17,4390003
Malas,1536,896,1595,930,-85,9,17,4390003
Malas,1536,896,1604,931,-85,9,17,4390003
Malas,1536,896,1614,932,-85,9,17,4390003
Malas,1536,896,1623,948,-85,9,17,4390003
Malas,1536,896,1614,949,-85,9,17,4390003
Malas,1536,896,1646,970,-85,9,17,4390003
Malas,1536,896,1653,987,-85,9,17,4390003
Malas,1536,1152,1654,1208,-90,9,17,4369003
Malas,1536,1152,1652,1209,-90,9,17,4369003
Malas,1536,1152,1651,1210,-90,9,17,4369003
Malas,1536,1152,1649,1211,-90,9,17,4369003
Malas,1536,1152,1647,1212,-90,9,17,4369003
Malas,1536,1152,1645,1213,-90,9,17,4369003
Malas,1536,1152,1643,1214,-90,9,17,4369003
Malas,1536,1152,1637,1215,-90,9,17,4369003
Malas,1536,1152,1630,1216,-90,9,17,4369003
Malas,1536,1152,1627,1217,-89,9,17,4369003
Malas,1536,1152,1626,1219,-89,9,17,4369003
Malas,1536,1152,1625,1221,-89,9,17,4369003
Malas,1536,1152,1558,1226,-90,9,17,4369003
Malas,1536,1152,1567,1226,-90,9,17,4369003
Malas,1536,1152,1576,1226,-90,9,17,4369003
Malas,1536,1152,1554,1228,-90,9,17,4369003
Malas,1536,1152,1551,1229,-90,9,17,4369003
Malas,1536,1152,1654,1229,-90,9,17,4369003
Malas,1536,1152,1549,1230,-90,9,17,4369003
Malas,1536,1152,1653,1230,-90,9,17,4369003
Malas,1536,1152,1640,1232,-90,9,17,4369003
Malas,1536,1152,1649,1234,-90,9,17,4369003
Malas,1536,1152,1547,1238,-89,9,17,4369003
Malas,1536,1152,1544,1241,-89,9,17,4369003
Malas,1536,1152,1543,1242,-89,9,17,4369003
Malas,1536,1152,1563,1243,-90,9,17,4369003
Malas,1536,1152,1572,1243,-90,9,17,4369003
Malas,1536,1152,1541,1245,-89,9,17,4369003
Malas,1536,1152,1560,1245,-90,9,17,4369003
Malas,1536,1152,1558,1246,-90,9,17,4369003
Malas,1536,1152,1581,1246,-90,9,17,4369003
Malas,1536,1152,1556,1247,-90,9,17,4369003
Malas,1536,1152,1537,1248,-88,9,17,4369003
Malas,1536,1152,1648,1249,-90,9,17,4369003
Malas,1536,1152,1553,1255,-90,9,17,4369003
Malas,1536,1152,1552,1258,-90,9,17,4369003
Malas,1536,1152,1550,1259,-90,9,17,4369003
Malas,1536,1152,1569,1260,-90,9,17,4369003
Malas,1536,1152,1578,1260,-90,9,17,4369003
Malas,1536,1152,1536,1261,-90,9,17,4369003
Malas,1536,1152,1546,1262,-90,9,17,4369003
Malas,1536,1152,1567,1262,-90,9,17,4369003
Malas,1536,1280,1542,1280,-90,9,17,4369003
Malas,1536,1280,1551,1280,-90,9,17,4369003
Malas,1536,1280,1560,1280,-90,9,17,4369003
Malas,1536,1280,1569,1280,-90,9,17,4369003
Malas,1536,1280,1581,1284,-90,9,17,4369003
Malas,1536,1280,1594,1302,-86,9,17,4369003
Malas,1536,1280,1593,1303,-86,9,17,4369003
Malas,1536,1280,1634,1313,-89,9,17,4369003
Malas,1536,1280,1632,1314,-88,9,17,4369003
Malas,1536,1280,1603,1317,-88,9,17,4369003
Malas,1536,1280,1602,1319,-88,9,17,4369003
Malas,1536,1280,1615,1319,-90,9,17,4369003
Malas,1536,1280,1628,1319,-90,9,17,4369003
Malas,1536,1280,1614,1320,-90,9,17,4369003
Malas,1536,1280,1612,1324,-90,9,17,4369003
Malas,1536,1280,1650,1325,-90,9,17,4369003
Malas,1536,1280,1596,1328,-90,9,17,4369003
Malas,1536,1280,1595,1331,-90,9,17,4369003
Malas,1536,1280,1637,1331,-90,9,17,4369003
Malas,1536,1280,1646,1332,-90,9,17,4369003
Malas,1536,1280,1611,1334,-90,9,17,4369003
Malas,1536,1280,1624,1335,-90,9,17,4369003
Malas,1536,1280,1605,1336,-90,9,17,4369003
Malas,1536,1280,1623,1336,-90,9,17,4369003
Malas,1536,1280,1633,1336,-90,9,17,4369003
Malas,1536,1280,1594,1337,-90,9,17,4369003
Malas,1536,1280,1604,1345,-90,9,17,4369003
Malas,1536,1280,1603,1348,-90,9,17,4369003
Malas,1536,1280,1642,1348,-89,9,17,4369003
Malas,1536,1280,1632,1352,-89,9,17,4369003
Malas,1536,1280,1591,1353,-90,9,17,4369003
Malas,1536,1280,1624,1353,-90,9,17,4369003
Malas,1536,1280,1600,1354,-90,9,17,4369003
Malas,1536,1280,1621,1354,-90,9,17,4369003
Malas,1536,1280,1613,1361,-90,9,17,4369003
Malas,1536,1280,1612,1362,-90,9,17,4369003
Malas,1536,1280,1609,1365,-90,9,17,4369003
Malas,1536,1280,1654,1366,-110,9,17,4369003
Malas,1536,1280,1591,1370,-90,9,17,4369003
Malas,1536,1280,1600,1371,-90,9,17,4369003
Malas,1536,1280,1589,1373,-90,9,17,4369003
Malas,1536,1280,1650,1374,-110,9,17,4369003
Malas,1536,1280,1649,1376,-110,9,17,4369003
Malas,1536,1280,1648,1378,-110,9,17,4369003
Malas,1536,1280,1646,1388,-110,9,17,4369003
Malas,1536,1408,1620,1408,-110,9,17,4369003
Malas,1536,1408,1629,1408,-110,9,17,4369003
Malas,1536,1408,1638,1408,-110,9,17,4369003
Malas,1536,1408,1652,1408,-110,9,17,4369003
Malas,1536,1408,1610,1410,-108,9,17,4369003
Malas,1536,1408,1609,1411,-108,9,17,4369003
Malas,1536,1408,1608,1412,-108,9,17,4369003
Malas,1536,1408,1619,1412,-110,9,17,4369003
Malas,1536,1408,1607,1413,-108,9,17,4369003
Malas,1536,1408,1602,1419,-108,9,17,4369003
Malas,1536,1408,1601,1420,-108,9,17,4369003
Malas,1536,1408,1600,1421,-108,9,17,4369003
Malas,1536,1408,1599,1423,-108,9,17,4369003
Malas,1536,1408,1598,1424,-108,9,17,4369003
Malas,1536,1408,1632,1425,-110,9,17,4369003
Malas,1536,1408,1641,1425,-110,9,17,4369003
Malas,1536,1408,1653,1425,-110,9,17,4369003
Malas,1536,1408,1597,1426,-109,9,17,4369003
Malas,1536,1408,1596,1427,-109,9,17,4369003
Malas,1536,1408,1650,1427,-110,9,17,4369003
Malas,1536,1408,1595,1428,-109,9,17,4369003
Malas,1536,1408,1594,1429,-109,9,17,4369003
Malas,1536,1408,1593,1430,-108,9,17,4369003
Malas,1536,1408,1592,1431,-108,9,17,4369003
Malas,1536,1408,1590,1434,-110,9,17,4369003
Malas,1536,1408,1589,1436,-108,9,17,4369003
Malas,1536,1408,1588,1437,-108,9,17,4369003
Malas,1536,1408,1587,1438,-109,9,17,4369003
Malas,1536,1408,1573,1440,-108,9,17,4369003
Malas,1536,1408,1606,1441,-110,9,17,4369003
Malas,1536,1408,1582,1442,-110,9,17,4369003
Malas,1536,1408,1620,1442,-110,9,17,4369003
Malas,1536,1408,1629,1442,-110,9,17,4369003
Malas,1536,1408,1638,1442,-110,9,17,4369003
Malas,1536,1408,1605,1443,-110,9,17,4369003
Malas,1536,1408,1619,1443,-110,9,17,4369003
Malas,1536,1408,1604,1444,-110,9,17,4369003
Malas,1536,1408,1615,1444,-110,9,17,4369003
Malas,1536,1408,1654,1444,-110,9,17,4369003
Malas,1536,1408,1571,1445,-110,9,17,4369003
Malas,1536,1408,1603,1445,-110,9,17,4369003
Malas,1536,1408,1570,1446,-110,9,17,4369003
Malas,1536,1408,1569,1447,-110,9,17,4369003
Malas,1536,1408,1599,1449,-110,9,17,4369003
Malas,1536,1408,1568,1450,-110,9,17,4369003
Malas,1536,1408,1562,1451,-110,9,17,4369003
Malas,1536,1408,1598,1451,-110,9,17,4369003
Malas,1536,1408,1560,1453,-110,9,17,4369003
Malas,1536,1408,1597,1453,-110,9,17,4369003
Malas,1536,1408,1596,1454,-110,9,17,4369003
Malas,1536,1408,1591,1455,-110,9,17,4369003
Malas,1536,1408,1554,1457,-110,9,17,4369003
Malas,1536,1408,1585,1459,-110,9,17,4369003
Malas,1536,1408,1628,1459,-110,9,17,4369003
Malas,1536,1408,1613,1460,-110,9,17,4369003
Malas,1536,1408,1624,1460,-110,9,17,4369003
Malas,1536,1408,1623,1461,-110,9,17,4369003
Malas,1536,1408,1553,1462,-109,9,17,4369003
Malas,1536,1408,1608,1462,-110,9,17,4369003
Malas,1536,1408,1548,1463,-109,9,17,4369003
Malas,1536,1408,1637,1463,-110,9,17,4369003
Malas,1536,1408,1607,1466,-110,9,17,4369003
Malas,1536,1408,1622,1466,-110,9,17,4369003
Malas,1536,1408,1646,1467,-110,9,17,4369003
Malas,1536,1408,1547,1468,-109,9,17,4369003
Malas,1536,1408,1606,1468,-110,9,17,4369003
Malas,1536,1408,1584,1469,-110,9,17,4369003
Malas,1536,1408,1546,1470,-109,9,17,4369003
Malas,1536,1408,1563,1470,-110,9,17,4369003
Malas,1536,1408,1605,1470,-110,9,17,4369003
Malas,1536,1408,1545,1471,-108,9,17,4369003
Malas,1536,1408,1582,1471,-109,9,17,4369003
Malas,1536,1408,1600,1471,-110,9,17,4369003
Malas,1536,1408,1594,1472,-110,9,17,4369003
Malas,1536,1408,1579,1473,-110,9,17,4369003
Malas,1536,1408,1562,1474,-110,9,17,4369003
Malas,1536,1408,1577,1475,-109,9,17,4369003
Malas,1536,1408,1575,1476,-110,9,17,4369003
Malas,1536,1408,1593,1476,-110,9,17,4369003
Malas,1536,1408,1557,1479,-110,9,17,4369003
Malas,1536,1408,1544,1480,-109,9,17,4369003
Malas,1536,1408,1556,1480,-110,9,17,4369003
Malas,1536,1408,1572,1480,-108,9,17,4369003
Malas,1536,1408,1639,1480,-110,9,17,4369003
Malas,1536,1408,1540,1481,-108,9,17,4369003
Malas,1536,1408,1555,1485,-110,9,17,4369003
Malas,1536,1408,1591,1486,-110,9,17,4369003
Malas,1536,1408,1554,1487,-110,9,17,4369003
Malas,1536,1408,1571,1487,-110,9,17,4369003
Malas,1536,1408,1553,1488,-110,9,17,4369003
Malas,1536,1408,1588,1488,-110,9,17,4369003
Malas,1536,1408,1603,1488,-110,9,17,4369003
Malas,1536,1408,1634,1488,-110,9,17,4369003
Malas,1536,1408,1586,1490,-110,9,17,4369003
Malas,1536,1408,1536,1491,-108,9,17,4369003
Malas,1536,1408,1566,1491,-110,9,17,4369003
Malas,1536,1408,1624,1491,-110,9,17,4369003
Malas,1536,1408,1633,1491,-110,9,17,4369003
Malas,1536,1408,1584,1492,-110,9,17,4369003
Malas,1536,1408,1581,1493,-110,9,17,4369003
Malas,1536,1408,1565,1496,-110,9,17,4369003
Malas,1536,1408,1549,1497,-110,9,17,4369003
Malas,1536,1408,1564,1497,-110,9,17,4369003
Malas,1536,1408,1580,1497,-110,9,17,4369003
Malas,1536,1408,1644,1497,-110,9,17,4369003
Malas,1536,1408,1545,1498,-110,9,17,4369003
Malas,1536,1408,1620,1498,-110,9,17,4369003
Malas,1536,1408,1563,1502,-110,9,17,4369003
Malas,1536,1408,1612,1502,-110,9,17,4369003
Malas,1536,1408,1562,1504,-110,9,17,4369003
Malas,1536,1408,1597,1504,-110,9,17,4369003
Malas,1536,1408,1558,1505,-110,9,17,4369003
Malas,1536,1408,1596,1505,-110,9,17,4369003
Malas,1536,1408,1606,1505,-110,9,17,4369003
Malas,1536,1408,1642,1507,-110,9,17,4369003
Malas,1536,1408,1543,1508,-110,9,17,4369003
Malas,1536,1408,1641,1508,-110,9,17,4369003
Malas,1536,1408,1536,1510,-110,9,17,4369003
Malas,1536,1408,1631,1510,-110,9,17,4369003
Malas,1536,1408,1554,1514,-110,9,17,4369003
Malas,1536,1408,1583,1514,-110,9,17,4369003
Malas,1536,1408,1651,1514,-110,9,17,4369003
Malas,1536,1408,1552,1515,-110,9,17,4369003
Malas,1536,1408,1621,1515,-110,9,17,4369003
Malas,1536,1408,1640,1516,-110,9,17,4369003
Malas,1536,1664,1649,1714,-110,9,17,4369003
Malas,1536,1664,1641,1719,-110,9,17,4369003
Malas,1536,1664,1640,1721,-110,9,17,4369003
Malas,1536,1664,1603,1729,-110,9,17,4369003
Malas,1536,1664,1622,1729,-110,9,17,4369003
Malas,1536,1664,1652,1731,-110,9,17,4369003
Malas,1536,1664,1650,1733,-110,9,17,4369003
Malas,1536,1664,1589,1735,-110,9,17,4369003
Malas,1536,1664,1649,1736,-110,9,17,4369003
Malas,1536,1664,1588,1737,-110,9,17,4369003
Malas,1536,1664,1640,1738,-110,9,17,4369003
Malas,1536,1664,1625,1746,-110,9,17,4369003
Malas,1536,1664,1624,1747,-110,9,17,4369003
Malas,1536,1664,1634,1748,-110,9,17,4369003
Malas,1536,1664,1623,1751,-110,9,17,4369003
Malas,1536,1664,1581,1752,-110,9,17,4369003
Malas,1536,1664,1649,1753,-110,9,17,4369003
Malas,1536,1664,1590,1754,-110,9,17,4369003
Malas,1536,1664,1579,1755,-110,9,17,4369003
Malas,1536,1664,1645,1755,-110,9,17,4369003
Malas,1536,1664,1609,1756,-110,9,17,4369003
Malas,1536,1664,1643,1760,-110,9,17,4369003
Malas,1536,1664,1599,1762,-110,9,17,4369003
Malas,1536,1664,1633,1763,-110,9,17,4369003
Malas,1536,1664,1642,1769,-110,9,17,4369003
Malas,1536,1664,1622,1770,-110,9,17,4369003
Malas,1536,1664,1654,1770,-110,9,17,4369003
Malas,1536,1664,1584,1772,-110,9,17,4369003
Malas,1536,1664,1652,1772,-110,9,17,4369003
Malas,1536,1792,1536,1792,-110,9,17,4369003
Malas,1536,1792,1572,1792,-110,9,17,4369003
Malas,1536,1792,1581,1792,-110,9,17,4369003
Malas,1536,1792,1590,1792,-110,9,17,4369003
Malas,1536,1792,1607,1792,-110,9,17,4369003
Malas,1536,1792,1616,1792,-110,9,17,4369003
Malas,1536,1792,1567,1797,-110,9,17,4369003
Malas,1536,1792,1554,1801,-110,9,17,4369003
Malas,1536,1792,1545,1804,-110,9,17,4369003
Malas,1536,1792,1563,1806,-110,9,17,4369003
Malas,1536,1792,1572,1814,-110,9,17,4369003
Malas,1536,1792,1559,1818,-110,9,17,4369003
Malas,1536,1792,1568,1823,-110,9,17,4369003
Malas,1536,1792,1581,1823,-110,9,17,4369003
Malas,1536,1792,1617,1847,-92,9,17,4369003
Malas,1536,1792,1626,1848,-90,9,17,4369003
Malas,1536,1792,1615,1850,-92,9,17,4369003
Malas,1536,1792,1644,1856,-90,9,17,4369003
Malas,1536,1792,1643,1859,-90,9,17,4369003
Malas,1536,1792,1623,1867,-90,9,17,4369003
Malas,1536,1792,1653,1867,-90,9,17,4369003
Malas,1536,1792,1563,1868,-92,9,17,4369003
Malas,1536,1792,1621,1871,-90,9,17,4369003
Malas,1536,1792,1652,1873,-90,9,17,4369003
Malas,1536,1792,1650,1876,-90,9,17,4369003
Malas,1536,1792,1641,1879,-90,9,17,4369003
Malas,1664,0,1674,100,-80,9,17,4369003
Malas,1664,0,1664,101,-80,9,17,4369003
Malas,1664,0,1673,101,-80,9,17,4369003
Malas,1664,128,1731,128,-90,9,17,4369003
Malas,1664,128,1740,128,-90,9,17,4369003
Malas,1664,128,1728,132,-90,9,17,4369003
Malas,1664,128,1773,132,-90,9,17,4369003
Malas,1664,128,1771,133,-90,9,17,4369003
Malas,1664,128,1757,134,-90,9,17,4369003
Malas,1664,128,1766,134,-90,9,17,4369003
Malas,1664,128,1727,136,-90,9,17,4369003
Malas,1664,128,1724,137,-90,9,17,4369003
Malas,1664,128,1782,139,-90,9,17,4369003
Malas,1664,128,1749,141,-90,9,17,4369003
Malas,1664,128,1723,145,-90,9,17,4369003
Malas,1664,128,1737,145,-90,9,17,4369003
Malas,1664,128,1746,145,-90,9,17,4369003
Malas,1664,128,1722,147,-90,9,17,4369003
Malas,1664,128,1716,148,-90,9,17,4369003
Malas,1664,128,1736,149,-90,9,17,4369003
Malas,1664,128,1704,152,-90,9,17,4369003
Malas,1664,128,1713,153,-90,9,17,4369003
Malas,1664,128,1733,153,-90,9,17,4369003
Malas,1664,128,1732,154,-90,9,17,4369003
Malas,1664,128,1702,155,-90,9,17,4369003
Malas,1664,128,1755,158,-90,9,17,4369003
Malas,1664,128,1701,159,-90,9,17,4369003
Malas,1664,128,1697,160,-90,9,17,4369003
Malas,1664,128,1731,162,-90,9,17,4369003
Malas,1664,128,1745,162,-90,9,17,4369003
Malas,1664,128,1754,162,-90,9,17,4369003
Malas,1664,128,1693,163,-90,9,17,4369003
Malas,1664,128,1687,164,-90,9,17,4369003
Malas,1664,128,1725,164,-90,9,17,4369003
Malas,1664,128,1722,165,-90,9,17,4369003
Malas,1664,128,1686,166,-90,9,17,4369003
Malas,1664,128,1742,166,-90,9,17,4369003
Malas,1664,128,1685,168,-90,9,17,4369003
Malas,1664,128,1764,168,-90,9,17,4369003
Malas,1664,128,1680,169,-90,9,17,4369003
Malas,1664,128,1677,172,-90,9,17,4369003
Malas,1664,128,1667,173,-90,9,17,4369003
Malas,1664,128,1676,173,-90,9,17,4369003
Malas,1664,128,1666,177,-90,9,17,4369003
Malas,1664,128,1664,178,-90,9,17,4369003
Malas,1664,128,1734,179,-90,9,17,4369003
Malas,1664,128,1751,179,-90,9,17,4369003
Malas,1664,128,1761,179,-90,9,17,4369003
Malas,1664,128,1696,180,-90,9,17,4369003
Malas,1664,128,1695,181,-90,9,17,4369003
Malas,1664,128,1731,181,-90,9,17,4369003
Malas,1664,128,1728,182,-90,9,17,4369003
Malas,1664,128,1744,183,-90,9,17,4369003
Malas,1664,128,1725,186,-90,9,17,4369003
Malas,1664,128,1743,186,-90,9,17,4369003
Malas,1664,128,1690,187,-90,9,17,4369003
Malas,1664,128,1724,188,-90,9,17,4369003
Malas,1664,128,1722,189,-90,9,17,4369003
Malas,1664,128,1675,190,-90,9,17,4369003
Malas,1664,128,1709,192,-90,9,17,4369003
Malas,1664,128,1673,194,-90,9,17,4369003
Malas,1664,128,1664,195,-90,9,17,4369003
Malas,1664,128,1740,196,-90,9,17,4369003
Malas,1664,128,1753,196,-90,9,17,4369003
Malas,1664,128,1684,197,-90,9,17,4369003
Malas,1664,128,1737,198,-90,9,17,4369003
Malas,1664,128,1734,199,-90,9,17,4369003
Malas,1664,128,1752,200,-90,9,17,4369003
Malas,1664,128,1733,203,-90,9,17,4369003
Malas,1664,128,1749,203,-90,9,17,4369003
Malas,1664,128,1731,205,-90,9,17,4369003
Malas,1664,128,1727,206,-90,9,17,4369003
Malas,1664,128,1762,206,-90,9,17,4369003
Malas,1664,128,1664,212,-90,9,17,4369003
Malas,1664,128,1746,213,-90,9,17,4369003
Malas,1664,128,1743,215,-90,9,17,4369003
Malas,1664,128,1742,216,-90,9,17,4369003
Malas,1664,128,1758,217,-90,9,17,4369003
Malas,1664,128,1740,220,-90,9,17,4369003
Malas,1664,128,1755,220,-90,9,17,4369003
Malas,1664,128,1738,222,-90,9,17,4369003
Malas,1664,128,1759,237,-90,9,17,4369003
Malas,1664,256,1751,256,-90,9,17,4369003
Malas,1664,256,1760,256,-90,9,17,4369003
Malas,1664,256,1769,256,-90,9,17,4369003
Malas,1664,256,1664,257,-90,9,17,4369003
Malas,1664,256,1698,263,-90,9,17,4369003
Malas,1664,256,1696,264,-90,9,17,4369003
Malas,1664,256,1673,265,-90,9,17,4369003
Malas,1664,256,1692,265,-90,9,17,4369003
Malas,1664,256,1682,266,-90,9,17,4369003
Malas,1664,256,1691,266,-90,9,17,4369003
Malas,1664,256,1750,272,-90,9,17,4369003
Malas,1664,256,1759,273,-90,9,17,4369003
Malas,1664,256,1768,273,-90,9,17,4369003
Malas,1664,256,1749,274,-90,9,17,4369003
Malas,1664,256,1777,276,-90,9,17,4369003
Malas,1664,256,1748,282,-90,9,17,4369003
Malas,1664,256,1747,284,-90,9,17,4369003
Malas,1664,256,1746,286,-90,9,17,4369003
Malas,1664,256,1765,290,-90,9,17,4369003
Malas,1664,256,1776,290,-90,9,17,4369003
Malas,1664,256,1774,295,-90,9,17,4369003
Malas,1664,256,1756,300,-90,9,17,4369003
Malas,1664,256,1755,301,-90,9,17,4369003
Malas,1664,256,1746,303,-90,9,17,4369003
Malas,1664,256,1745,304,-90,9,17,4369003
Malas,1664,256,1734,306,-90,9,17,4369003
Malas,1664,256,1733,308,-90,9,17,4369003
Malas,1664,256,1732,310,-90,9,17,4369003
Malas,1664,256,1744,312,-90,9,17,4369003
Malas,1664,256,1775,312,-90,9,17,4369003
Malas,1664,256,1743,314,-90,9,17,4369003
Malas,1664,256,1728,319,-90,9,17,4369003
Malas,1664,256,1727,320,-90,9,17,4369003
Malas,1664,256,1754,320,-90,9,17,4369003
Malas,1664,256,1753,321,-90,9,17,4369003
Malas,1664,256,1726,322,-90,9,17,4369003
Malas,1664,256,1774,322,-90,9,17,4369003
Malas,1664,256,1742,323,-90,9,17,4369003
Malas,1664,256,1771,323,-90,9,17,4369003
Malas,1664,256,1768,324,-90,9,17,4369003
Malas,1664,256,1741,325,-90,9,17,4369003
Malas,1664,256,1763,325,-90,9,17,4369003
Malas,1664,256,1737,327,-90,9,17,4369003
Malas,1664,256,1752,329,-90,9,17,4369003
Malas,1664,256,1751,331,-90,9,17,4369003
Malas,1664,256,1736,336,-90,9,17,4369003
Malas,1664,256,1735,337,-90,9,17,4369003
Malas,1664,256,1734,339,-90,9,17,4369003
Malas,1664,256,1777,340,-90,9,17,4369003
Malas,1664,256,1772,341,-90,9,17,4369003
Malas,1664,256,1769,342,-90,9,17,4369003
Malas,1664,256,1680,352,-50,9,17,4369003
Malas,1664,256,1671,353,-50,9,17,4369003
Malas,1664,256,1670,359,-50,9,17,4369003
Malas,1664,256,1664,360,-50,9,17,4369003
Malas,1664,256,1689,360,-50,9,17,4369003
Malas,1664,384,1671,384,-50,9,17,4369003
Malas,1664,384,1680,384,-50,9,17,4369003
Malas,1664,384,1689,384,-50,9,17,4369003
Malas,1664,384,1698,384,-50,9,17,4369003
Malas,1664,384,1707,384,-50,9,17,4369003
Malas,1664,384,1762,387,-50,9,17,4369003
Malas,1664,384,1760,388,-50,9,17,4369003
Malas,1664,384,1754,389,-50,9,17,4369003
Malas,1664,384,1716,390,-50,9,17,4369003
Malas,1664,384,1752,390,-50,9,17,4369003
Malas,1664,384,1725,391,-50,9,17,4369003
Malas,1664,384,1750,391,-50,9,17,4369003
Malas,1664,384,1748,392,-50,9,17,4369003
Malas,1664,384,1746,393,-50,9,17,4369003
Malas,1664,384,1744,394,-50,9,17,4369003
Malas,1664,384,1734,395,-50,9,17,4369003
Malas,1664,384,1743,395,-50,9,17,4369003
Malas,1664,384,1689,401,-50,9,17,4369003
Malas,1664,384,1698,401,-50,9,17,4369003
Malas,1664,384,1707,401,-50,9,17,4369003
Malas,1664,384,1716,407,-50,9,17,4369003
Malas,1664,384,1725,408,-50,9,17,4369003
Malas,1664,384,1734,412,-50,9,17,4369003
Malas,1664,384,1782,477,-90,9,17,4369003
Malas,1664,384,1780,478,-90,9,17,4369003
Malas,1664,384,1778,480,-90,9,17,4369003
Malas,1664,384,1776,482,-90,9,17,4369003
Malas,1664,384,1774,483,-90,9,17,4369003
Malas,1664,384,1772,484,-90,9,17,4369003
Malas,1664,384,1770,485,-90,9,17,4369003
Malas,1664,384,1768,486,-90,9,17,4369003
Malas,1664,384,1767,487,-90,9,17,4369003
Malas,1664,384,1765,488,-90,9,17,4369003
Malas,1664,384,1763,489,-90,9,17,4369003
Malas,1664,384,1762,490,-90,9,17,4369003
Malas,1664,384,1761,491,-90,9,17,4369003
Malas,1664,384,1759,492,-90,9,17,4369003
Malas,1664,384,1758,493,-90,9,17,4369003
Malas,1664,384,1756,494,-90,9,17,4369003
Malas,1664,512,1736,512,-90,9,17,4369003
Malas,1664,512,1745,512,-90,9,17,4369003
Malas,1664,512,1758,512,-90,9,17,4369003
Malas,1664,512,1734,513,-90,9,17,4369003
Malas,1664,512,1733,514,-90,9,17,4369003
Malas,1664,512,1779,515,-90,9,17,4369003
Malas,1664,512,1732,516,-90,9,17,4369003
Malas,1664,512,1731,518,-90,9,17,4369003
Malas,1664,512,1730,520,-90,9,17,4369003
Malas,1664,512,1728,522,-90,9,17,4369003
Malas,1664,512,1727,524,-90,9,17,4369003
Malas,1664,512,1778,524,-90,9,17,4369003
Malas,1664,512,1777,526,-90,9,17,4369003
Malas,1664,512,1767,527,-90,9,17,4369003
Malas,1664,512,1776,527,-90,9,17,4369003
Malas,1664,512,1725,528,-90,9,17,4369003
Malas,1664,512,1743,529,-90,9,17,4369003
Malas,1664,512,1752,529,-90,9,17,4369003
Malas,1664,512,1761,529,-90,9,17,4369003
Malas,1664,512,1724,530,-90,9,17,4369003
Malas,1664,512,1742,530,-90,9,17,4369003
Malas,1664,512,1741,531,-90,9,17,4369003
Malas,1664,512,1723,532,-90,9,17,4369003
Malas,1664,512,1740,533,-90,9,17,4369003
Malas,1664,512,1722,534,-90,9,17,4369003
Malas,1664,512,1739,535,-90,9,17,4369003
Malas,1664,512,1720,536,-90,9,17,4369003
Malas,1664,512,1737,537,-90,9,17,4369003
Malas,1664,512,1718,538,-90,9,17,4369003
Malas,1664,512,1736,539,-90,9,17,4369003
Malas,1664,512,1716,540,-90,9,17,4369003
Malas,1664,512,1714,541,-89,9,17,4369003
Malas,1664,512,1735,541,-90,9,17,4369003
Malas,1664,512,1712,542,-88,9,17,4369003
Malas,1664,512,1710,544,-90,9,17,4369003
Malas,1664,512,1734,544,-90,9,17,4369003
Malas,1664,512,1773,544,-90,9,17,4369003
Malas,1664,512,1782,544,-90,9,17,4369003
Malas,1664,512,1733,545,-90,9,17,4369003
Malas,1664,512,1708,546,-90,9,17,4369003
Malas,1664,512,1751,546,-90,9,17,4369003
Malas,1664,512,1767,546,-90,9,17,4369003
Malas,1664,512,1732,547,-90,9,17,4369003
Malas,1664,512,1750,547,-90,9,17,4369003
Malas,1664,512,1749,548,-90,9,17,4369003
Malas,1664,512,1748,550,-90,9,17,4369003
Malas,1664,512,1746,552,-90,9,17,4369003
Malas,1664,512,1745,554,-90,9,17,4369003
Malas,1664,512,1701,556,-90,9,17,4369003
Malas,1664,512,1744,556,-90,9,17,4369003
Malas,1664,512,1743,558,-90,9,17,4369003
Malas,1664,512,1692,560,-90,9,17,4369003
Malas,1664,512,1760,560,-90,9,17,4369003
Malas,1664,512,1742,561,-90,9,17,4369003
Malas,1664,512,1776,561,-90,9,17,4369003
Malas,1664,512,1691,562,-90,9,17,4369003
Malas,1664,512,1710,563,-90,9,17,4369003
Malas,1664,512,1773,563,-90,9,17,4369003
Malas,1664,512,1690,564,-90,9,17,4369003
Malas,1664,512,1757,565,-90,9,17,4369003
Malas,1664,512,1688,566,-90,9,17,4369003
Malas,1664,512,1725,570,-90,9,17,4369003
Malas,1664,512,1753,572,-90,9,17,4369003
Malas,1664,512,1701,573,-90,9,17,4369003
Malas,1664,512,1719,575,-90,9,17,4369003
Malas,1664,512,1700,577,-90,9,17,4369003
Malas,1664,512,1740,578,-90,9,17,4369003
Malas,1664,512,1712,580,-90,9,17,4369003
Malas,1664,512,1779,580,-90,9,17,4369003
Malas,1664,512,1734,598,-90,9,17,4369003
Malas,1664,512,1736,615,-90,9,17,4369003
Malas,1664,640,1706,674,-90,9,17,4369003
Malas,1664,640,1705,675,-90,9,17,4369003
Malas,1664,640,1704,678,-90,9,17,4369003
Malas,1664,640,1715,678,-90,9,17,4369003
Malas,1664,768,1664,878,-79,9,17,4369003
Malas,1664,896,1699,896,-80,9,17,4390003
Malas,1664,896,1712,896,-81,9,17,4390003
Malas,1664,896,1728,896,-80,9,17,4390003
Malas,1664,896,1737,896,-78,9,17,4390003
Malas,1664,896,1761,896,-76,9,17,4390003
Malas,1664,896,1770,896,-76,9,17,4390003
Malas,1664,896,1708,897,-79,9,17,4390003
Malas,1664,896,1721,898,-79,9,17,4390003
Malas,1664,896,1746,898,-78,9,17,4390003
Malas,1664,896,1779,898,-76,9,17,4390003
Malas,1664,896,1766,913,-75,9,17,4390003
Malas,1664,896,1775,913,-76,9,17,4390003
Malas,1664,896,1782,940,-84,9,17,4390003
Malas,1664,896,1780,944,-84,9,17,4390003
Malas,1664,896,1779,946,-84,9,17,4390003
Malas,1664,896,1762,969,-85,9,17,4390003
Malas,1664,896,1728,977,-80,9,17,4390003
Malas,1664,896,1664,984,-85,9,17,4390003
Malas,1664,896,1732,995,-85,9,17,4390003
Malas,1664,896,1681,997,-85,9,17,4390003
Malas,1664,896,1690,997,-85,9,17,4390003
Malas,1664,896,1699,998,-85,9,17,4390003
Malas,1664,896,1724,1000,-83,9,17,4390003
Malas,1664,896,1670,1001,-85,9,17,4390003
Malas,1664,896,1708,1002,-85,9,17,4390003
Malas,1664,896,1717,1004,-84,9,17,4390003
Malas,1664,1024,1760,1122,-92,9,17,4369003
Malas,1664,1024,1759,1124,-90,9,17,4369003
Malas,1664,1024,1758,1125,-90,9,17,4369003
Malas,1664,1024,1769,1125,-90,9,17,4369003
Malas,1664,1024,1756,1126,-90,9,17,4369003
Malas,1664,1024,1755,1128,-90,9,17,4369003
Malas,1664,1024,1754,1129,-90,9,17,4369003
Malas,1664,1024,1752,1130,-90,9,17,4369003
Malas,1664,1024,1751,1131,-90,9,17,4369003
Malas,1664,1024,1750,1133,-90,9,17,4369003
Malas,1664,1024,1749,1134,-90,9,17,4369003
Malas,1664,1152,1734,1152,-90,9,17,4369003
Malas,1664,1152,1743,1152,-90,9,17,4369003
Malas,1664,1152,1752,1152,-90,9,17,4369003
Malas,1664,1152,1761,1152,-90,9,17,4369003
Malas,1664,1152,1775,1152,-90,9,17,4369003
Malas,1664,1152,1732,1153,-90,9,17,4369003
Malas,1664,1152,1731,1154,-90,9,17,4369003
Malas,1664,1152,1730,1155,-90,9,17,4369003
Malas,1664,1152,1773,1155,-90,9,17,4369003
Malas,1664,1152,1770,1168,-90,9,17,4369003
Malas,1664,1152,1742,1169,-90,9,17,4369003
Malas,1664,1152,1752,1169,-90,9,17,4369003
Malas,1664,1152,1761,1169,-90,9,17,4369003
Malas,1664,1152,1751,1175,-90,9,17,4369003
Malas,1664,1152,1682,1184,-90,9,17,4369003
Malas,1664,1152,1770,1185,-90,9,17,4369003
Malas,1664,1152,1691,1186,-90,9,17,4369003
Malas,1664,1152,1760,1186,-90,9,17,4369003
Malas,1664,1152,1769,1186,-90,9,17,4369003
Malas,1664,1152,1779,1187,-89,9,17,4369003
Malas,1664,1152,1672,1190,-90,9,17,4369003
Malas,1664,1152,1671,1192,-90,9,17,4369003
Malas,1664,1152,1758,1192,-90,9,17,4369003
Malas,1664,1152,1670,1193,-90,9,17,4369003
Malas,1664,1152,1668,1194,-90,9,17,4369003
Malas,1664,1152,1667,1195,-90,9,17,4369003
Malas,1664,1152,1665,1196,-90,9,17,4369003
Malas,1664,1152,1664,1197,-90,9,17,4369003
Malas,1664,1152,1681,1200,-90,9,17,4369003
Malas,1664,1152,1690,1201,-90,9,17,4369003
Malas,1664,1152,1778,1202,-90,9,17,4369003
Malas,1664,1152,1706,1203,-90,9,17,4369003
Malas,1664,1152,1767,1203,-90,9,17,4369003
Malas,1664,1152,1680,1207,-90,9,17,4369003
Malas,1664,1152,1705,1207,-90,9,17,4369003
Malas,1664,1152,1679,1209,-90,9,17,4369003
Malas,1664,1152,1701,1209,-90,9,17,4369003
Malas,1664,1152,1758,1209,-90,9,17,4369003
Malas,1664,1152,1677,1210,-90,9,17,4369003
Malas,1664,1152,1676,1211,-90,9,17,4369003
Malas,1664,1152,1674,1212,-90,9,17,4369003
Malas,1664,1152,1673,1213,-90,9,17,4369003
Malas,1664,1152,1664,1214,-90,9,17,4369003
Malas,1664,1152,1756,1214,-90,9,17,4369003
Malas,1664,1152,1699,1216,-90,9,17,4369003
Malas,1664,1152,1754,1216,-90,9,17,4369003
Malas,1664,1152,1689,1217,-90,9,17,4369003
Malas,1664,1152,1753,1217,-90,9,17,4369003
Malas,1664,1152,1698,1218,-90,9,17,4369003
Malas,1664,1152,1752,1218,-90,9,17,4369003
Malas,1664,1152,1751,1219,-90,9,17,4369003
Malas,1664,1152,1750,1220,-90,9,17,4369003
Malas,1664,1152,1767,1220,-90,9,17,4369003
Malas,1664,1152,1749,1223,-90,9,17,4369003
Malas,1664,1152,1688,1224,-90,9,17,4369003
Malas,1664,1152,1748,1224,-90,9,17,4369003
Malas,1664,1152,1776,1224,-90,9,17,4369003
Malas,1664,1152,1747,1226,-90,9,17,4369003
Malas,1664,1152,1766,1226,-90,9,17,4369003
Malas,1664,1152,1673,1230,-90,9,17,4369003
Malas,1664,1152,1666,1231,-90,9,17,4369003
Malas,1664,1152,1775,1237,-90,9,17,4369003
Malas,1664,1152,1664,1238,-90,9,17,4369003
Malas,1664,1152,1757,1240,-90,9,17,4369003
Malas,1664,1152,1690,1241,-90,9,17,4369003
Malas,1664,1152,1756,1241,-90,9,17,4369003
Malas,1664,1152,1747,1243,-90,9,17,4369003
Malas,1664,1152,1767,1243,-90,9,17,4369003
Malas,1664,1152,1766,1244,-90,9,17,4369003
Malas,1664,1152,1675,1247,-90,9,17,4369003
Malas,1664,1152,1746,1247,-90,9,17,4369003
Malas,1664,1152,1673,1248,-90,9,17,4369003
Malas,1664,1152,1684,1253,-90,9,17,4369003
Malas,1664,1152,1745,1253,-90,9,17,4369003
Malas,1664,1152,1744,1254,-90,9,17,4369003
Malas,1664,1152,1776,1254,-90,9,17,4369003
Malas,1664,1152,1665,1255,-90,9,17,4369003
Malas,1664,1152,1743,1256,-90,9,17,4369003
Malas,1664,1152,1741,1257,-90,9,17,4369003
Malas,1664,1152,1765,1257,-90,9,17,4369003
Malas,1664,1152,1693,1258,-90,9,17,4369003
Malas,1664,1152,1740,1258,-90,9,17,4369003
Malas,1664,1152,1756,1258,-90,9,17,4369003
Malas,1664,1152,1731,1259,-90,9,17,4369003
Malas,1664,1152,1713,1260,-90,9,17,4369003
Malas,1664,1152,1722,1260,-90,9,17,4369003
Malas,1664,1152,1755,1260,-90,9,17,4369003
Malas,1664,1152,1775,1260,-90,9,17,4369003
Malas,1664,1152,1774,1261,-90,9,17,4369003
Malas,1664,1280,1677,1280,-90,9,17,4369003
Malas,1664,1280,1686,1280,-90,9,17,4369003
Malas,1664,1280,1695,1280,-90,9,17,4369003
Malas,1664,1280,1704,1280,-90,9,17,4369003
Malas,1664,1280,1713,1280,-90,9,17,4369003
Malas,1664,1280,1722,1280,-90,9,17,4369003
Malas,1664,1280,1731,1280,-90,9,17,4369003
Malas,1664,1280,1747,1280,-90,9,17,4369003
Malas,1664,1280,1758,1280,-90,9,17,4369003
Malas,1664,1280,1740,1283,-90,9,17,4369003
Malas,1664,1280,1756,1291,-90,9,17,4369003
Malas,1664,1280,1782,1292,-90,9,17,4369003
Malas,1664,1280,1778,1294,-90,9,17,4369003
Malas,1664,1280,1767,1295,-90,9,17,4369003
Malas,1664,1280,1776,1296,-90,9,17,4369003
Malas,1664,1280,1680,1297,-90,9,17,4369003
Malas,1664,1280,1689,1297,-90,9,17,4369003
Malas,1664,1280,1698,1297,-90,9,17,4369003
Malas,1664,1280,1707,1297,-90,9,17,4369003
Malas,1664,1280,1716,1297,-90,9,17,4369003
Malas,1664,1280,1725,1297,-90,9,17,4369003
Malas,1664,1280,1735,1297,-90,9,17,4369003
Malas,1664,1280,1749,1297,-90,9,17,4369003
Malas,1664,1280,1765,1297,-90,9,17,4369003
Malas,1664,1280,1670,1299,-89,9,17,4369003
Malas,1664,1280,1679,1300,-90,9,17,4369003
Malas,1664,1280,1744,1300,-90,9,17,4369003
Malas,1664,1280,1758,1308,-90,9,17,4369003
Malas,1664,1280,1774,1312,-90,9,17,4369003
Malas,1664,1280,1664,1313,-90,9,17,4369003
Malas,1664,1280,1695,1314,-90,9,17,4369003
Malas,1664,1280,1704,1314,-90,9,17,4369003
Malas,1664,1280,1713,1314,-90,9,17,4369003
Malas,1664,1280,1722,1314,-90,9,17,4369003
Malas,1664,1280,1731,1314,-90,9,17,4369003
Malas,1664,1280,1740,1314,-90,9,17,4369003
Malas,1664,1280,1753,1314,-90,9,17,4369003
Malas,1664,1280,1767,1314,-90,9,17,4369003
Malas,1664,1280,1673,1316,-90,9,17,4369003
Malas,1664,1280,1749,1317,-90,9,17,4369003
Malas,1664,1280,1691,1320,-90,9,17,4369003
Malas,1664,1280,1682,1321,-90,9,17,4369003
Malas,1664,1280,1762,1325,-90,9,17,4369003
Malas,1664,1280,1776,1329,-90,9,17,4369003
Malas,1664,1280,1664,1330,-90,9,17,4369003
Malas,1664,1280,1700,1331,-90,9,17,4369003
Malas,1664,1280,1709,1331,-90,9,17,4369003
Malas,1664,1280,1718,1331,-90,9,17,4369003
Malas,1664,1280,1727,1331,-90,9,17,4369003
Malas,1664,1280,1736,1331,-90,9,17,4369003
Malas,1664,1280,1758,1331,-90,9,17,4369003
Malas,1664,1280,1771,1331,-90,9,17,4369003
Malas,1664,1280,1754,1334,-90,9,17,4369003
Malas,1664,1280,1745,1339,-88,9,17,4369003
Malas,1664,1280,1767,1342,-90,9,17,4369003
Malas,1664,1280,1742,1348,-90,9,17,4369003
Malas,1664,1280,1763,1348,-90,9,17,4369003
Malas,1664,1280,1754,1351,-90,9,17,4369003
Malas,1664,1280,1679,1354,-109,9,17,4369003
Malas,1664,1280,1676,1355,-110,9,17,4369003
Malas,1664,1280,1675,1356,-110,9,17,4369003
Malas,1664,1280,1776,1356,-90,9,17,4369003
Malas,1664,1280,1673,1357,-110,9,17,4369003
Malas,1664,1280,1670,1358,-109,9,17,4369003
Malas,1664,1280,1669,1359,-110,9,17,4369003
Malas,1664,1280,1772,1359,-90,9,17,4369003
Malas,1664,1280,1667,1360,-110,9,17,4369003
Malas,1664,1280,1665,1361,-110,9,17,4369003
Malas,1664,1280,1664,1362,-110,9,17,4369003
Malas,1664,1280,1688,1365,-110,9,17,4369003
Malas,1664,1280,1703,1366,-110,9,17,4369003
Malas,1664,1280,1712,1368,-110,9,17,4369003
Malas,1664,1280,1685,1371,-110,9,17,4369003
Malas,1664,1280,1684,1372,-110,9,17,4369003
Malas,1664,1280,1682,1373,-110,9,17,4369003
Malas,1664,1280,1679,1374,-110,9,17,4369003
Malas,1664,1280,1678,1375,-110,9,17,4369003
Malas,1664,1280,1676,1376,-110,9,17,4369003
Malas,1664,1280,1674,1377,-110,9,17,4369003
Malas,1664,1280,1673,1378,-110,9,17,4369003
Malas,1664,1280,1702,1378,-110,9,17,4369003
Malas,1664,1280,1664,1379,-110,9,17,4369003
Malas,1664,1280,1723,1380,-108,9,17,4369003
Malas,1664,1280,1736,1382,-108,9,17,4369003
Malas,1664,1280,1711,1383,-110,9,17,4369003
Malas,1664,1280,1701,1387,-110,9,17,4369003
Malas,1664,1280,1698,1388,-110,9,17,4369003
Malas,1664,1408,1664,1408,-110,9,17,4369003
Malas,1664,1408,1678,1408,-110,9,17,4369003
Malas,1664,1408,1687,1408,-110,9,17,4369003
Malas,1664,1408,1714,1408,-110,9,17,4369003
Malas,1664,1408,1727,1408,-110,9,17,4369003
Malas,1664,1408,1739,1408,-110,9,17,4369003
Malas,1664,1408,1759,1408,-110,9,17,4369003
Malas,1664,1408,1768,1408,-110,9,17,4369003
Malas,1664,1408,1758,1409,-110,9,17,4369003
Malas,1664,1408,1777,1410,-110,9,17,4369003
Malas,1664,1408,1673,1413,-110,9,17,4369003
Malas,1664,1408,1723,1413,-110,9,17,4369003
Malas,1664,1408,1736,1418,-110,9,17,4369003
Malas,1664,1408,1705,1423,-110,9,17,4369003
Malas,1664,1408,1697,1424,-110,9,17,4369003
Malas,1664,1408,1664,1425,-110,9,17,4369003
Malas,1664,1408,1718,1425,-110,9,17,4369003
Malas,1664,1408,1735,1425,-110,9,17,4369003
Malas,1664,1408,1745,1425,-110,9,17,4369003
Malas,1664,1408,1763,1426,-110,9,17,4369003
Malas,1664,1408,1761,1428,-110,9,17,4369003
Malas,1664,1408,1673,1430,-110,9,17,4369003
Malas,1664,1408,1732,1431,-110,9,17,4369003
Malas,1664,1408,1775,1434,-110,9,17,4369003
Malas,1664,1408,1754,1435,-110,9,17,4369003
Malas,1664,1408,1682,1441,-110,9,17,4369003
Malas,1664,1408,1664,1442,-110,9,17,4369003
Malas,1664,1408,1749,1442,-110,9,17,4369003
Malas,1664,1408,1704,1443,-110,9,17,4369003
Malas,1664,1408,1694,1444,-110,9,17,4369003
Malas,1664,1408,1673,1447,-110,9,17,4369003
Malas,1664,1408,1769,1449,-110,9,17,4369003
Malas,1664,1408,1691,1451,-110,9,17,4369003
Malas,1664,1408,1713,1451,-110,9,17,4369003
Malas,1664,1408,1778,1451,-110,9,17,4369003
Malas,1664,1408,1724,1452,-110,9,17,4369003
Malas,1664,1408,1758,1452,-110,9,17,4369003
Malas,1664,1408,1748,1453,-110,9,17,4369003
Malas,1664,1408,1736,1455,-110,9,17,4369003
Malas,1664,1408,1722,1456,-110,9,17,4369003
Malas,1664,1408,1767,1456,-110,9,17,4369003
Malas,1664,1408,1683,1458,-110,9,17,4369003
Malas,1664,1408,1669,1459,-110,9,17,4369003
Malas,1664,1408,1745,1459,-110,9,17,4369003
Malas,1664,1408,1757,1459,-110,9,17,4369003
Malas,1664,1408,1702,1461,-110,9,17,4369003
Malas,1664,1408,1664,1462,-110,9,17,4369003
Malas,1664,1408,1700,1463,-110,9,17,4369003
Malas,1664,1408,1777,1466,-110,9,17,4369003
Malas,1664,1408,1720,1468,-110,9,17,4369003
Malas,1664,1408,1719,1470,-110,9,17,4369003
Malas,1664,1408,1692,1472,-110,9,17,4369003
Malas,1664,1408,1771,1473,-110,9,17,4369003
Malas,1664,1408,1685,1475,-110,9,17,4369003
Malas,1664,1408,1752,1476,-110,9,17,4369003
Malas,1664,1408,1709,1483,-110,9,17,4369003
Malas,1664,1408,1761,1483,-110,9,17,4369003
Malas,1664,1408,1666,1485,-110,9,17,4369003
Malas,1664,1408,1735,1486,-110,9,17,4369003
Malas,1664,1408,1770,1486,-110,9,17,4369003
Malas,1664,1408,1780,1486,-110,9,17,4369003
Malas,1664,1408,1707,1487,-110,9,17,4369003
Malas,1664,1408,1779,1490,-110,9,17,4369003
Malas,1664,1408,1676,1492,-110,9,17,4369003
Malas,1664,1408,1689,1492,-110,9,17,4369003
Malas,1664,1408,1734,1494,-110,9,17,4369003
Malas,1664,1408,1747,1494,-110,9,17,4369003
Malas,1664,1408,1718,1500,-110,9,17,4369003
Malas,1664,1408,1685,1501,-110,9,17,4369003
Malas,1664,1408,1758,1503,-110,9,17,4369003
Malas,1664,1408,1775,1503,-110,9,17,4369003
Malas,1664,1408,1703,1505,-110,9,17,4369003
Malas,1664,1408,1727,1506,-110,9,17,4369003
Malas,1664,1408,1675,1510,-110,9,17,4369003
Malas,1664,1408,1737,1511,-110,9,17,4369003
Malas,1664,1408,1771,1516,-110,9,17,4369003
Malas,1664,1408,1723,1517,-110,9,17,4369003
Malas,1664,1536,1664,1536,-110,9,17,4369003
Malas,1664,1536,1742,1536,-110,9,17,4369003
Malas,1664,1536,1751,1536,-110,9,17,4369003
Malas,1664,1536,1768,1536,-110,9,17,4369003
Malas,1664,1536,1764,1539,-110,9,17,4369003
Malas,1664,1536,1777,1546,-110,9,17,4369003
Malas,1664,1664,1669,1716,-110,9,17,4369003
Malas,1664,1664,1692,1718,-110,9,17,4369003
Malas,1664,1664,1681,1722,-110,9,17,4369003
Malas,1664,1664,1749,1726,-110,9,17,4369003
Malas,1664,1664,1679,1727,-110,9,17,4369003
Malas,1664,1664,1690,1728,-110,9,17,4369003
Malas,1664,1664,1725,1728,-110,9,17,4369003
Malas,1664,1664,1768,1728,-110,9,17,4369003
Malas,1664,1664,1758,1732,-110,9,17,4369003
Malas,1664,1664,1746,1736,-110,9,17,4369003
Malas,1664,1664,1706,1737,-110,9,17,4369003
Malas,1664,1664,1688,1739,-110,9,17,4369003
Malas,1664,1664,1744,1739,-110,9,17,4369003
Malas,1664,1664,1740,1740,-110,9,17,4369003
Malas,1664,1664,1734,1741,-110,9,17,4369003
Malas,1664,1664,1777,1742,-110,9,17,4369003
Malas,1664,1664,1718,1743,-110,9,17,4369003
Malas,1664,1664,1684,1744,-110,9,17,4369003
Malas,1664,1664,1672,1745,-110,9,17,4369003
Malas,1664,1664,1727,1745,-110,9,17,4369003
Malas,1664,1664,1772,1745,-110,9,17,4369003
Malas,1664,1664,1715,1750,-110,9,17,4369003
Malas,1664,1664,1697,1753,-110,9,17,4369003
Malas,1664,1664,1671,1754,-110,9,17,4369003
Malas,1664,1664,1712,1754,-110,9,17,4369003
Malas,1664,1664,1694,1756,-110,9,17,4369003
Malas,1664,1664,1736,1758,-110,9,17,4369003
Malas,1664,1664,1748,1758,-110,9,17,4369003
Malas,1664,1664,1765,1759,-110,9,17,4369003
Malas,1664,1664,1724,1760,-110,9,17,4369003
Malas,1664,1664,1668,1761,-110,9,17,4369003
Malas,1664,1664,1747,1761,-110,9,17,4369003
Malas,1664,1664,1733,1762,-110,9,17,4369003
Malas,1664,1664,1721,1767,-110,9,17,4369003
Malas,1664,1664,1709,1769,-110,9,17,4369003
Malas,1664,1664,1680,1770,-110,9,17,4369003
Malas,1664,1664,1774,1770,-110,9,17,4369003
Malas,1664,1664,1679,1771,-110,9,17,4369003
Malas,1664,1664,1718,1771,-110,9,17,4369003
Malas,1664,1792,1756,1792,-110,9,17,4369003
Malas,1664,1792,1778,1792,-110,9,17,4369003
Malas,1664,1792,1746,1793,-110,9,17,4369003
Malas,1664,1792,1755,1794,-110,9,17,4369003
Malas,1664,1792,1682,1814,-92,9,17,4369003
Malas,1664,1792,1739,1828,-92,9,17,4369003
Malas,1664,1792,1755,1830,-92,9,17,4369003
Malas,1664,1792,1767,1832,-92,9,17,4369003
Malas,1664,1792,1776,1833,-92,9,17,4369003
Malas,1664,1792,1703,1834,-90,9,17,4369003
Malas,1664,1792,1727,1834,-90,9,17,4369003
Malas,1664,1792,1712,1835,-90,9,17,4369003
Malas,1664,1792,1736,1837,-90,9,17,4369003
Malas,1664,1792,1721,1840,-90,9,17,4369003
Malas,1664,1792,1773,1849,-90,9,17,4369003
Malas,1664,1792,1745,1850,-90,9,17,4369003
Malas,1664,1792,1732,1851,-90,9,17,4369003
Malas,1664,1792,1758,1852,-90,9,17,4369003
Malas,1664,1792,1782,1852,-90,9,17,4369003
Malas,1664,1792,1754,1854,-90,9,17,4369003
Malas,1664,1792,1769,1859,-90,9,17,4369003
Malas,1664,1792,1767,1864,-90,9,17,4369003
Malas,1664,1792,1778,1866,-90,9,17,4369003
Malas,1792,0,1830,106,-90,9,17,4369003
Malas,1792,0,1839,106,-90,9,17,4369003
Malas,1792,0,1851,106,-90,9,17,4369003
Malas,1792,0,1829,107,-90,9,17,4369003
Malas,1792,0,1826,108,-90,9,17,4369003
Malas,1792,0,1869,108,-90,9,17,4369003
Malas,1792,0,1824,109,-90,9,17,4369003
Malas,1792,0,1823,110,-90,9,17,4369003
Malas,1792,128,1802,128,-90,9,17,4369003
Malas,1792,128,1811,128,-90,9,17,4369003
Malas,1792,128,1820,128,-90,9,17,4369003
Malas,1792,128,1829,128,-90,9,17,4369003
Malas,1792,128,1838,128,-90,9,17,4369003
Malas,1792,128,1854,128,-90,9,17,4369003
Malas,1792,128,1863,128,-90,9,17,4369003
Malas,1792,128,1872,128,-90,9,17,4369003
Malas,1792,128,1881,128,-90,9,17,4369003
Malas,1792,128,1796,134,-90,9,17,4369003
Malas,1792,128,1847,137,-90,9,17,4369003
Malas,1792,128,1857,145,-90,9,17,4369003
Malas,1792,128,1866,145,-90,9,17,4369003
Malas,1792,128,1875,145,-90,9,17,4369003
Malas,1792,128,1865,162,-90,9,17,4369003
Malas,1792,128,1862,174,-90,9,17,4369003
Malas,1792,256,1792,256,-90,9,17,4369003
Malas,1792,256,1803,256,-90,9,17,4369003
Malas,1792,256,1812,256,-90,9,17,4369003
Malas,1792,256,1830,256,-90,9,17,4369003
Malas,1792,256,1801,261,-90,9,17,4369003
Malas,1792,256,1821,263,-90,9,17,4369003
Malas,1792,256,1839,264,-90,9,17,4369003
Malas,1792,256,1810,273,-90,9,17,4369003
Malas,1792,256,1830,273,-90,9,17,4369003
Malas,1792,256,1801,278,-90,9,17,4369003
Malas,1792,256,1827,280,-90,9,17,4369003
Malas,1792,256,1839,281,-90,9,17,4369003
Malas,1792,256,1824,283,-90,9,17,4369003
Malas,1792,256,1848,285,-90,9,17,4369003
Malas,1792,256,1792,289,-90,9,17,4369003
Malas,1792,256,1810,290,-90,9,17,4369003
Malas,1792,256,1836,290,-90,9,17,4369003
Malas,1792,256,1801,295,-90,9,17,4369003
Malas,1792,256,1819,295,-90,9,17,4369003
Malas,1792,256,1833,297,-90,9,17,4369003
Malas,1792,256,1845,298,-90,9,17,4369003
Malas,1792,256,1828,300,-90,9,17,4369003
Malas,1792,256,1908,303,-90,9,17,4369003
Malas,1792,256,1907,304,-90,9,17,4369003
Malas,1792,256,1792,306,-90,9,17,4369003
Malas,1792,256,1810,307,-90,9,17,4369003
Malas,1792,256,1842,307,-90,9,17,4369003
Malas,1792,256,1904,307,-90,9,17,4369003
Malas,1792,256,1802,312,-90,9,17,4369003
Malas,1792,256,1819,312,-90,9,17,4369003
Malas,1792,256,1858,313,-90,9,17,4369003
Malas,1792,256,1837,314,-90,9,17,4369003
Malas,1792,256,1854,314,-90,9,17,4369003
Malas,1792,256,1851,315,-90,9,17,4369003
Malas,1792,256,1893,315,-90,9,17,4369003
Malas,1792,256,1834,317,-90,9,17,4369003
Malas,1792,256,1891,317,-90,9,17,4369003
Malas,1792,256,1828,318,-90,9,17,4369003
Malas,1792,256,1887,318,-90,9,17,4369003
Malas,1792,256,1867,320,-90,9,17,4369003
Malas,1792,256,1876,320,-90,9,17,4369003
Malas,1792,256,1885,321,-90,9,17,4369003
Malas,1792,256,1792,323,-90,9,17,4369003
Malas,1792,256,1811,324,-90,9,17,4369003
Malas,1792,256,1903,325,-90,9,17,4369003
Malas,1792,256,1801,328,-90,9,17,4369003
Malas,1792,256,1810,329,-90,9,17,4369003
Malas,1792,256,1825,329,-90,9,17,4369003
Malas,1792,256,1902,329,-90,9,17,4369003
Malas,1792,256,1851,332,-90,9,17,4369003
Malas,1792,256,1843,333,-90,9,17,4369003
Malas,1792,256,1837,334,-90,9,17,4369003
Malas,1792,256,1834,335,-90,9,17,4369003
Malas,1792,256,1869,337,-90,9,17,4369003
Malas,1792,256,1878,337,-90,9,17,4369003
Malas,1792,256,1887,338,-90,9,17,4369003
Malas,1792,256,1792,340,-90,9,17,4369003
Malas,1792,256,1823,342,-90,9,17,4369003
Malas,1792,256,1832,346,-90,9,17,4369003
Malas,1792,256,1860,347,-90,9,17,4369003
Malas,1792,256,1852,349,-90,9,17,4369003
Malas,1792,256,1846,350,-90,9,17,4369003
Malas,1792,256,1843,351,-90,9,17,4369003
Malas,1792,256,1841,352,-90,9,17,4369003
Malas,1792,256,1869,354,-90,9,17,4369003
Malas,1792,256,1884,354,-90,9,17,4369003
Malas,1792,256,1893,358,-90,9,17,4369003
Malas,1792,256,1902,359,-90,9,17,4369003
Malas,1792,256,1865,364,-90,9,17,4369003
Malas,1792,256,1878,364,-90,9,17,4369003
Malas,1792,384,1887,384,-90,9,17,4369003
Malas,1792,384,1896,384,-90,9,17,4369003
Malas,1792,384,1905,384,-90,9,17,4369003
Malas,1792,384,1858,439,-50,9,17,4369003
Malas,1792,384,1856,440,-50,9,17,4369003
Malas,1792,384,1854,442,-50,9,17,4369003
Malas,1792,384,1852,443,-50,9,17,4369003
Malas,1792,384,1867,443,-50,9,17,4369003
Malas,1792,384,1850,444,-50,9,17,4369003
Malas,1792,384,1848,445,-50,9,17,4369003
Malas,1792,384,1846,446,-50,9,17,4369003
Malas,1792,384,1842,447,-50,9,17,4369003
Malas,1792,384,1840,448,-50,9,17,4369003
Malas,1792,384,1838,450,-50,9,17,4369003
Malas,1792,384,1837,452,-50,9,17,4369003
Malas,1792,384,1836,454,-50,9,17,4369003
Malas,1792,384,1876,454,-50,9,17,4369003
Malas,1792,384,1834,456,-50,9,17,4369003
Malas,1792,384,1865,456,-50,9,17,4369003
Malas,1792,384,1832,457,-50,9,17,4369003
Malas,1792,384,1863,457,-50,9,17,4369003
Malas,1792,384,1861,459,-50,9,17,4369003
Malas,1792,384,1859,460,-50,9,17,4369003
Malas,1792,384,1874,460,-50,9,17,4369003
Malas,1792,384,1857,461,-50,9,17,4369003
Malas,1792,384,1855,462,-50,9,17,4369003
Malas,1792,384,1885,462,-50,9,17,4369003
Malas,1792,384,1851,463,-50,9,17,4369003
Malas,1792,384,1849,464,-50,9,17,4369003
Malas,1792,384,1847,465,-50,9,17,4369003
Malas,1792,384,1846,467,-50,9,17,4369003
Malas,1792,384,1845,469,-50,9,17,4369003
Malas,1792,384,1843,471,-50,9,17,4369003
Malas,1792,384,1883,471,-50,9,17,4369003
Malas,1792,384,1841,473,-50,9,17,4369003
Malas,1792,384,1872,473,-50,9,17,4369003
Malas,1792,384,1870,474,-50,9,17,4369003
Malas,1792,384,1868,476,-50,9,17,4369003
Malas,1792,384,1866,477,-50,9,17,4369003
Malas,1792,384,1881,477,-50,9,17,4369003
Malas,1792,384,1864,478,-50,9,17,4369003
Malas,1792,384,1860,479,-50,9,17,4369003
Malas,1792,384,1858,480,-50,9,17,4369003
Malas,1792,384,1794,481,-90,9,17,4369003
Malas,1792,384,1856,481,-50,9,17,4369003
Malas,1792,384,1855,482,-50,9,17,4369003
Malas,1792,384,1854,484,-50,9,17,4369003
Malas,1792,384,1792,486,-90,9,17,4369003
Malas,1792,384,1803,486,-90,9,17,4369003
Malas,1792,384,1852,486,-50,9,17,4369003
Malas,1792,384,1850,488,-50,9,17,4369003
Malas,1792,384,1847,490,-50,9,17,4369003
Malas,1792,384,1879,490,-50,9,17,4369003
Malas,1792,384,1877,491,-50,9,17,4369003
Malas,1792,384,1875,493,-50,9,17,4369003
Malas,1792,384,1873,494,-50,9,17,4369003
Malas,1792,512,1792,512,-90,9,17,4369003
Malas,1792,512,1801,512,-90,9,17,4369003
Malas,1792,512,1799,529,-90,9,17,4369003
Malas,1792,512,1808,529,-90,9,17,4369003
Malas,1792,512,1873,542,-90,9,17,4369003
Malas,1792,512,1794,544,-90,9,17,4369003
Malas,1792,512,1872,544,-90,9,17,4369003
Malas,1792,512,1803,546,-90,9,17,4369003
Malas,1792,512,1812,546,-90,9,17,4369003
Malas,1792,512,1870,546,-90,9,17,4369003
Malas,1792,512,1866,547,-90,9,17,4369003
Malas,1792,512,1864,548,-90,9,17,4369003
Malas,1792,512,1882,549,-90,9,17,4369003
Malas,1792,512,1857,550,-90,9,17,4369003
Malas,1792,512,1856,551,-90,9,17,4369003
Malas,1792,512,1891,551,-90,9,17,4369003
Malas,1792,512,1854,552,-90,9,17,4369003
Malas,1792,512,1852,553,-90,9,17,4369003
Malas,1792,512,1792,554,-90,9,17,4369003
Malas,1792,512,1850,554,-90,9,17,4369003
Malas,1792,512,1821,555,-90,9,17,4369003
Malas,1792,512,1849,555,-90,9,17,4369003
Malas,1792,512,1900,555,-90,9,17,4369003
Malas,1792,512,1848,556,-90,9,17,4369003
Malas,1792,512,1843,557,-90,9,17,4369003
Malas,1792,512,1841,558,-90,9,17,4369003
Malas,1792,512,1830,559,-90,9,17,4369003
Malas,1792,512,1839,559,-90,9,17,4369003
Malas,1792,512,1881,559,-90,9,17,4369003
Malas,1792,512,1801,561,-90,9,17,4369003
Malas,1792,512,1879,561,-90,9,17,4369003
Malas,1792,512,1810,563,-90,9,17,4369003
Malas,1792,512,1819,563,-90,9,17,4369003
Malas,1792,512,1875,563,-90,9,17,4369003
Malas,1792,512,1873,564,-90,9,17,4369003
Malas,1792,512,1866,565,-90,9,17,4369003
Malas,1792,512,1890,566,-90,9,17,4369003
Malas,1792,512,1865,567,-90,9,17,4369003
Malas,1792,512,1863,568,-90,9,17,4369003
Malas,1792,512,1899,568,-90,9,17,4369003
Malas,1792,512,1909,568,-90,9,17,4369003
Malas,1792,512,1861,569,-90,9,17,4369003
Malas,1792,512,1859,570,-90,9,17,4369003
Malas,1792,512,1858,571,-90,9,17,4369003
Malas,1792,512,1828,572,-90,9,17,4369003
Malas,1792,512,1857,572,-90,9,17,4369003
Malas,1792,512,1908,572,-90,9,17,4369003
Malas,1792,512,1852,573,-90,9,17,4369003
Malas,1792,512,1850,574,-90,9,17,4369003
Malas,1792,512,1848,575,-90,9,17,4369003
Malas,1792,512,1837,576,-90,9,17,4369003
Malas,1792,512,1846,576,-90,9,17,4369003
Malas,1792,512,1805,578,-90,9,17,4369003
Malas,1792,512,1823,580,-90,9,17,4369003
Malas,1792,512,1792,581,-90,9,17,4369003
Malas,1792,512,1892,583,-90,9,17,4369003
Malas,1792,512,1801,585,-90,9,17,4369003
Malas,1792,512,1901,585,-90,9,17,4369003
Malas,1792,512,1814,586,-90,9,17,4369003
Malas,1792,512,1868,586,-90,9,17,4369003
Malas,1792,512,1867,587,-90,9,17,4369003
Malas,1792,512,1890,587,-90,9,17,4369003
Malas,1792,512,1866,588,-90,9,17,4369003
Malas,1792,512,1832,589,-90,9,17,4369003
Malas,1792,512,1861,589,-90,9,17,4369003
Malas,1792,512,1910,589,-90,9,17,4369003
Malas,1792,512,1859,590,-90,9,17,4369003
Malas,1792,512,1857,591,-90,9,17,4369003
Malas,1792,512,1855,592,-90,9,17,4369003
Malas,1792,512,1841,593,-90,9,17,4369003
Malas,1792,512,1850,593,-90,9,17,4369003
Malas,1792,512,1811,595,-90,9,17,4369003
Malas,1792,512,1884,596,-90,9,17,4369003
Malas,1792,512,1825,597,-90,9,17,4369003
Malas,1792,512,1792,598,-90,9,17,4369003
Malas,1792,512,1883,599,-90,9,17,4369003
Malas,1792,512,1877,600,-90,9,17,4369003
Malas,1792,512,1900,600,-90,9,17,4369003
Malas,1792,512,1801,602,-90,9,17,4369003
Malas,1792,512,1876,603,-90,9,17,4369003
Malas,1792,512,1875,604,-90,9,17,4369003
Malas,1792,512,1870,605,-90,9,17,4369003
Malas,1792,512,1834,606,-90,9,17,4369003
Malas,1792,512,1868,606,-90,9,17,4369003
Malas,1792,512,1866,607,-90,9,17,4369003
Malas,1792,512,1893,607,-90,9,17,4369003
Malas,1792,512,1909,607,-90,9,17,4369003
Malas,1792,512,1864,608,-90,9,17,4369003
Malas,1792,512,1859,609,-90,9,17,4369003
Malas,1792,512,1843,610,-90,9,17,4369003
Malas,1792,512,1852,610,-90,9,17,4369003
Malas,1792,512,1892,613,-90,9,17,4369003
Malas,1792,512,1825,614,-90,9,17,4369003
Malas,1792,512,1799,615,-90,9,17,4369003
Malas,1792,512,1810,616,-90,9,17,4369003
Malas,1792,512,1824,616,-90,9,17,4369003
Malas,1792,512,1886,616,-90,9,17,4369003
Malas,1792,512,1823,617,-90,9,17,4369003
Malas,1792,512,1885,617,-90,9,17,4369003
Malas,1792,512,1902,617,-90,9,17,4369003
Malas,1792,512,1819,618,-90,9,17,4369003
Malas,1792,512,1808,619,-90,9,17,4369003
Malas,1792,512,1884,620,-90,9,17,4369003
Malas,1792,512,1879,621,-90,9,17,4369003
Malas,1792,512,1877,622,-90,9,17,4369003
Malas,1792,640,1797,640,-90,9,17,4369003
Malas,1792,640,1843,640,-90,9,17,4369003
Malas,1792,640,1852,640,-90,9,17,4369003
Malas,1792,640,1897,640,-90,9,17,4369003
Malas,1792,640,1906,640,-90,9,17,4369003
Malas,1792,640,1864,643,-90,9,17,4369003
Malas,1792,640,1861,646,-90,9,17,4369003
Malas,1792,640,1842,650,-90,9,17,4369003
Malas,1792,640,1836,651,-90,9,17,4369003
Malas,1792,640,1826,655,-90,9,17,4369003
Malas,1792,640,1835,656,-90,9,17,4369003
Malas,1792,640,1853,657,-90,9,17,4369003
Malas,1792,640,1905,657,-90,9,17,4369003
Malas,1792,640,1823,660,-90,9,17,4369003
Malas,1792,640,1819,661,-90,9,17,4369003
Malas,1792,640,1818,662,-90,9,17,4369003
Malas,1792,640,1804,667,-90,9,17,4369003
Malas,1792,640,1845,667,-90,9,17,4369003
Malas,1792,640,1844,668,-90,9,17,4369003
Malas,1792,640,1803,669,-90,9,17,4369003
Malas,1792,640,1813,669,-90,9,17,4369003
Malas,1792,640,1832,672,-90,9,17,4369003
Malas,1792,640,1841,673,-90,9,17,4369003
Malas,1792,640,1828,677,-90,9,17,4369003
Malas,1792,640,1827,678,-90,9,17,4369003
Malas,1792,640,1822,679,-90,9,17,4369003
Malas,1792,640,1812,684,-90,9,17,4369003
Malas,1792,640,1803,686,-90,9,17,4369003
Malas,1792,640,1821,686,-90,9,17,4369003
Malas,1792,640,1837,689,-90,9,17,4369003
Malas,1792,640,1846,690,-90,9,17,4369003
Malas,1792,640,1836,694,-90,9,17,4369003
Malas,1792,640,1831,695,-90,9,17,4369003
Malas,1792,640,1830,696,-90,9,17,4369003
Malas,1792,640,1814,701,-90,9,17,4369003
Malas,1792,640,1823,703,-90,9,17,4369003
Malas,1792,640,1845,706,-90,9,17,4369003
Malas,1792,640,1840,711,-90,9,17,4369003
Malas,1792,640,1839,712,-90,9,17,4369003
Malas,1792,640,1854,712,-90,9,17,4369003
Malas,1792,640,1832,713,-90,9,17,4369003
Malas,1792,640,1863,715,-90,9,17,4369003
Malas,1792,640,1828,720,-90,9,17,4369003
Malas,1792,640,1849,723,-90,9,17,4369003
Malas,1792,640,1872,723,-90,9,17,4369003
Malas,1792,640,1800,725,-88,9,17,4369003
Malas,1792,640,1796,726,-88,9,17,4369003
Malas,1792,640,1809,727,-90,9,17,4369003
Malas,1792,640,1848,728,-90,9,17,4369003
Malas,1792,640,1795,729,-89,9,17,4369003
Malas,1792,640,1841,729,-90,9,17,4369003
Malas,1792,640,1858,729,-90,9,17,4369003
Malas,1792,640,1792,730,-89,9,17,4369003
Malas,1792,640,1827,730,-90,9,17,4369003
Malas,1792,640,1837,730,-90,9,17,4369003
Malas,1792,640,1867,732,-90,9,17,4369003
Malas,1792,640,1881,732,-90,9,17,4369003
Malas,1792,640,1826,735,-90,9,17,4369003
Malas,1792,640,1825,736,-90,9,17,4369003
Malas,1792,640,1836,737,-90,9,17,4369003
Malas,1792,640,1857,740,-90,9,17,4369003
Malas,1792,640,1876,740,-90,9,17,4369003
Malas,1792,640,1805,742,-90,9,17,4369003
Malas,1792,640,1814,744,-90,9,17,4369003
Malas,1792,640,1850,745,-90,9,17,4369003
Malas,1792,640,1846,746,-90,9,17,4369003
Malas,1792,640,1866,746,-90,9,17,4369003
Malas,1792,640,1835,747,-90,9,17,4369003
Malas,1792,640,1845,747,-90,9,17,4369003
Malas,1792,640,1875,749,-90,9,17,4369003
Malas,1792,640,1823,750,-90,9,17,4369003
Malas,1792,768,1823,768,-90,9,17,4369003
Malas,1792,768,1832,768,-90,9,17,4369003
Malas,1792,768,1841,768,-90,9,17,4369003
Malas,1792,768,1850,768,-90,9,17,4369003
Malas,1792,768,1868,768,-90,9,17,4369003
Malas,1792,768,1877,768,-90,9,17,4369003
Malas,1792,768,1886,771,-90,9,17,4369003
Malas,1792,768,1895,779,-90,9,17,4369003
Malas,1792,768,1859,780,-90,9,17,4369003
Malas,1792,768,1904,780,-90,9,17,4369003
Malas,1792,768,1833,785,-90,9,17,4369003
Malas,1792,768,1842,785,-90,9,17,4369003
Malas,1792,768,1851,785,-90,9,17,4369003
Malas,1792,768,1872,785,-90,9,17,4369003
Malas,1792,768,1881,785,-90,9,17,4369003
Malas,1792,768,1890,788,-90,9,17,4369003
Malas,1792,768,1868,793,-90,9,17,4369003
Malas,1792,768,1860,797,-90,9,17,4369003
Malas,1792,768,1910,797,-90,9,17,4369003
Malas,1792,768,1851,802,-90,9,17,4369003
Malas,1792,768,1877,802,-90,9,17,4369003
Malas,1792,768,1869,810,-90,9,17,4369003
Malas,1792,768,1909,810,-90,9,17,4369003
Malas,1792,768,1893,811,-90,9,17,4369003
Malas,1792,768,1908,811,-90,9,17,4369003
Malas,1792,768,1902,812,-90,9,17,4369003
Malas,1792,768,1890,813,-90,9,17,4369003
Malas,1792,768,1878,819,-90,9,17,4369003
Malas,1792,896,1792,902,-82,9,17,4369003
Malas,1792,896,1804,913,-84,9,17,4369003
Malas,1792,896,1792,919,-83,9,17,4369003
Malas,1792,896,1801,927,-84,9,17,4369003
Malas,1792,1024,1891,1111,-90,9,17,4369003
Malas,1792,1024,1890,1115,-89,9,17,4369003
Malas,1792,1024,1900,1115,-90,9,17,4369003
Malas,1792,1024,1827,1116,-90,9,17,4369003
Malas,1792,1024,1837,1117,-88,9,17,4369003
Malas,1792,1024,1909,1118,-90,9,17,4369003
Malas,1792,1024,1824,1121,-90,9,17,4369003
Malas,1792,1024,1809,1122,-90,9,17,4369003
Malas,1792,1024,1836,1122,-90,9,17,4369003
Malas,1792,1024,1808,1123,-90,9,17,4369003
Malas,1792,1024,1807,1124,-90,9,17,4369003
Malas,1792,1024,1848,1124,-88,9,17,4369003
Malas,1792,1024,1806,1125,-90,9,17,4369003
Malas,1792,1024,1818,1125,-90,9,17,4369003
Malas,1792,1024,1804,1126,-88,9,17,4369003
Malas,1792,1024,1846,1127,-90,9,17,4369003
Malas,1792,1024,1802,1128,-88,9,17,4369003
Malas,1792,1024,1899,1128,-90,9,17,4369003
Malas,1792,1024,1794,1129,-88,9,17,4369003
Malas,1792,1024,1857,1129,-90,9,17,4369003
Malas,1792,1024,1792,1130,-89,9,17,4369003
Malas,1792,1024,1866,1131,-89,9,17,4369003
Malas,1792,1024,1879,1132,-88,9,17,4369003
Malas,1792,1024,1890,1132,-90,9,17,4369003
Malas,1792,1024,1908,1132,-90,9,17,4369003
Malas,1792,1024,1877,1133,-88,9,17,4369003
Malas,1792,1024,1845,1134,-90,9,17,4369003
Malas,1792,1024,1875,1134,-90,9,17,4369003
Malas,1792,1152,1810,1152,-90,9,17,4369003
Malas,1792,1152,1819,1152,-90,9,17,4369003
Malas,1792,1152,1841,1152,-90,9,17,4369003
Malas,1792,1152,1850,1152,-90,9,17,4369003
Malas,1792,1152,1859,1152,-90,9,17,4369003
Malas,1792,1152,1868,1152,-90,9,17,4369003
Malas,1792,1152,1891,1152,-90,9,17,4369003
Malas,1792,1152,1900,1152,-90,9,17,4369003
Malas,1792,1152,1909,1152,-90,9,17,4369003
Malas,1792,1152,1835,1153,-90,9,17,4369003
Malas,1792,1152,1828,1154,-90,9,17,4369003
Malas,1792,1152,1792,1251,-90,9,17,4369003
Malas,1792,1152,1908,1254,-88,9,17,4369003
Malas,1792,1280,1792,1280,-90,9,17,4369003
Malas,1792,1280,1801,1280,-90,9,17,4369003
Malas,1792,1280,1817,1280,-90,9,17,4369003
Malas,1792,1280,1880,1280,-89,9,17,4369003
Malas,1792,1280,1889,1280,-90,9,17,4369003
Malas,1792,1280,1898,1280,-90,9,17,4369003
Malas,1792,1280,1907,1280,-90,9,17,4369003
Malas,1792,1280,1869,1282,-88,9,17,4369003
Malas,1792,1280,1878,1282,-89,9,17,4369003
Malas,1792,1280,1868,1283,-88,9,17,4369003
Malas,1792,1280,1867,1284,-88,9,17,4369003
Malas,1792,1280,1810,1287,-90,9,17,4369003
Malas,1792,1280,1826,1288,-90,9,17,4369003
Malas,1792,1280,1865,1291,-89,9,17,4369003
Malas,1792,1280,1840,1293,-86,9,17,4369003
Malas,1792,1280,1863,1295,-88,9,17,4369003
Malas,1792,1280,1792,1297,-90,9,17,4369003
Malas,1792,1280,1801,1297,-90,9,17,4369003
Malas,1792,1280,1819,1297,-90,9,17,4369003
Malas,1792,1280,1887,1297,-90,9,17,4369003
Malas,1792,1280,1897,1297,-90,9,17,4369003
Malas,1792,1280,1906,1297,-90,9,17,4369003
Malas,1792,1280,1877,1299,-90,9,17,4369003
Malas,1792,1280,1886,1299,-90,9,17,4369003
Malas,1792,1280,1876,1300,-90,9,17,4369003
Malas,1792,1280,1874,1301,-90,9,17,4369003
Malas,1792,1280,1860,1302,-88,9,17,4369003
Malas,1792,1280,1896,1302,-90,9,17,4369003
Malas,1792,1280,1810,1304,-90,9,17,4369003
Malas,1792,1280,1859,1304,-88,9,17,4369003
Malas,1792,1280,1828,1305,-90,9,17,4369003
Malas,1792,1280,1872,1308,-90,9,17,4369003
Malas,1792,1280,1869,1312,-90,9,17,4369003
Malas,1792,1280,1792,1314,-90,9,17,4369003
Malas,1792,1280,1801,1314,-90,9,17,4369003
Malas,1792,1280,1819,1314,-90,9,17,4369003
Malas,1792,1280,1895,1314,-90,9,17,4369003
Malas,1792,1280,1905,1314,-90,9,17,4369003
Malas,1792,1280,1885,1316,-90,9,17,4369003
Malas,1792,1280,1894,1316,-90,9,17,4369003
Malas,1792,1280,1883,1317,-90,9,17,4369003
Malas,1792,1280,1881,1318,-90,9,17,4369003
Malas,1792,1280,1868,1319,-90,9,17,4369003
Malas,1792,1280,1855,1320,-88,9,17,4369003
Malas,1792,1280,1810,1321,-90,9,17,4369003
Malas,1792,1280,1864,1321,-90,9,17,4369003
Malas,1792,1280,1878,1325,-90,9,17,4369003
Malas,1792,1280,1853,1329,-88,9,17,4369003
Malas,1792,1280,1877,1329,-90,9,17,4369003
Malas,1792,1280,1792,1331,-90,9,17,4369003
Malas,1792,1280,1801,1331,-90,9,17,4369003
Malas,1792,1280,1819,1331,-90,9,17,4369003
Malas,1792,1280,1907,1331,-90,9,17,4369003
Malas,1792,1280,1851,1333,-89,9,17,4369003
Malas,1792,1280,1892,1333,-90,9,17,4369003
Malas,1792,1280,1849,1334,-88,9,17,4369003
Malas,1792,1280,1890,1334,-90,9,17,4369003
Malas,1792,1280,1887,1335,-90,9,17,4369003
Malas,1792,1280,1846,1336,-89,9,17,4369003
Malas,1792,1280,1873,1336,-90,9,17,4369003
Malas,1792,1280,1901,1336,-90,9,17,4369003
Malas,1792,1280,1842,1337,-88,9,17,4369003
Malas,1792,1280,1810,1338,-90,9,17,4369003
Malas,1792,1280,1838,1338,-88,9,17,4369003
Malas,1792,1280,1867,1338,-90,9,17,4369003
Malas,1792,1280,1832,1339,-89,9,17,4369003
Malas,1792,1280,1862,1339,-90,9,17,4369003
Malas,1792,1280,1886,1342,-90,9,17,4369003
Malas,1792,1280,1828,1343,-90,9,17,4369003
Malas,1792,1280,1860,1346,-90,9,17,4369003
Malas,1792,1280,1882,1346,-90,9,17,4369003
Malas,1792,1280,1792,1348,-90,9,17,4369003
Malas,1792,1280,1809,1348,-90,9,17,4369003
Malas,1792,1280,1819,1348,-90,9,17,4369003
Malas,1792,1280,1910,1348,-90,9,17,4369003
Malas,1792,1280,1858,1350,-90,9,17,4369003
Malas,1792,1280,1899,1350,-90,9,17,4369003
Malas,1792,1280,1855,1351,-90,9,17,4369003
Malas,1792,1280,1896,1351,-90,9,17,4369003
Malas,1792,1280,1895,1352,-90,9,17,4369003
Malas,1792,1280,1851,1353,-90,9,17,4369003
Malas,1792,1280,1879,1353,-90,9,17,4369003
Malas,1792,1280,1908,1353,-90,9,17,4369003
Malas,1792,1280,1847,1354,-90,9,17,4369003
Malas,1792,1280,1818,1355,-90,9,17,4369003
Malas,1792,1280,1837,1357,-90,9,17,4369003
Malas,1792,1280,1891,1359,-90,9,17,4369003
Malas,1792,1280,1828,1360,-90,9,17,4369003
Malas,1792,1280,1888,1363,-90,9,17,4369003
Malas,1792,1280,1792,1365,-90,9,17,4369003
Malas,1792,1280,1816,1365,-90,9,17,4369003
Malas,1792,1280,1827,1365,-90,9,17,4369003
Malas,1792,1280,1846,1365,-90,9,17,4369003
Malas,1792,1280,1878,1366,-90,9,17,4369003
Malas,1792,1280,1864,1367,-90,9,17,4369003
Malas,1792,1280,1905,1367,-90,9,17,4369003
Malas,1792,1280,1860,1368,-90,9,17,4369003
Malas,1792,1280,1873,1368,-90,9,17,4369003
Malas,1792,1280,1904,1368,-90,9,17,4369003
Malas,1792,1280,1900,1369,-90,9,17,4369003
Malas,1792,1280,1856,1370,-90,9,17,4369003
Malas,1792,1280,1887,1370,-90,9,17,4369003
Malas,1792,1280,1855,1371,-90,9,17,4369003
Malas,1792,1280,1825,1372,-90,9,17,4369003
Malas,1792,1280,1837,1374,-90,9,17,4369003
Malas,1792,1280,1801,1375,-90,9,17,4369003
Malas,1792,1280,1815,1375,-90,9,17,4369003
Malas,1792,1280,1814,1376,-90,9,17,4369003
Malas,1792,1280,1897,1376,-90,9,17,4369003
Malas,1792,1280,1810,1377,-90,9,17,4369003
Malas,1792,1280,1836,1377,-90,9,17,4369003
Malas,1792,1280,1896,1380,-90,9,17,4369003
Malas,1792,1280,1824,1382,-90,9,17,4369003
Malas,1792,1280,1834,1382,-90,9,17,4369003
Malas,1792,1280,1846,1382,-90,9,17,4369003
Malas,1792,1280,1882,1383,-90,9,17,4369003
Malas,1792,1280,1869,1384,-90,9,17,4369003
Malas,1792,1280,1865,1385,-90,9,17,4369003
Malas,1792,1280,1878,1385,-90,9,17,4369003
Malas,1792,1280,1909,1385,-90,9,17,4369003
Malas,1792,1280,1906,1386,-90,9,17,4369003
Malas,1792,1280,1864,1387,-90,9,17,4369003
Malas,1792,1280,1860,1388,-90,9,17,4369003
Malas,1792,1280,1833,1389,-90,9,17,4369003
Malas,1792,1408,1846,1408,-90,9,17,4369003
Malas,1792,1408,1855,1408,-90,9,17,4369003
Malas,1792,1408,1869,1408,-90,9,17,4369003
Malas,1792,1408,1878,1408,-90,9,17,4369003
Malas,1792,1408,1887,1408,-90,9,17,4369003
Malas,1792,1408,1909,1408,-90,9,17,4369003
Malas,1792,1408,1896,1410,-90,9,17,4369003
Malas,1792,1408,1864,1419,-90,9,17,4369003
Malas,1792,1408,1905,1422,-90,9,17,4369003
Malas,1792,1408,1848,1425,-90,9,17,4369003
Malas,1792,1408,1857,1425,-90,9,17,4369003
Malas,1792,1408,1879,1425,-90,9,17,4369003
Malas,1792,1408,1894,1425,-90,9,17,4369003
Malas,1792,1408,1903,1427,-90,9,17,4369003
Malas,1792,1408,1873,1429,-90,9,17,4369003
Malas,1792,1408,1809,1432,-110,9,17,4369003
Malas,1792,1408,1804,1436,-110,9,17,4369003
Malas,1792,1408,1866,1436,-90,9,17,4369003
Malas,1792,1408,1862,1442,-90,9,17,4369003
Malas,1792,1408,1882,1442,-90,9,17,4369003
Malas,1792,1408,1891,1442,-90,9,17,4369003
Malas,1792,1408,1803,1444,-110,9,17,4369003
Malas,1792,1408,1907,1444,-90,9,17,4369003
Malas,1792,1408,1875,1446,-90,9,17,4369003
Malas,1792,1408,1818,1447,-110,9,17,4369003
Malas,1792,1408,1900,1448,-90,9,17,4369003
Malas,1792,1408,1813,1449,-110,9,17,4369003
Malas,1792,1408,1792,1452,-110,9,17,4369003
Malas,1792,1408,1802,1453,-110,9,17,4369003
Malas,1792,1408,1831,1454,-110,9,17,4369003
Malas,1792,1408,1827,1455,-110,9,17,4369003
Malas,1792,1408,1868,1459,-90,9,17,4369003
Malas,1792,1408,1884,1459,-90,9,17,4369003
Malas,1792,1408,1893,1459,-90,9,17,4369003
Malas,1792,1408,1879,1463,-90,9,17,4369003
Malas,1792,1408,1822,1464,-110,9,17,4369003
Malas,1792,1408,1904,1465,-90,9,17,4369003
Malas,1792,1408,1819,1466,-110,9,17,4369003
Malas,1792,1408,1818,1467,-110,9,17,4369003
Malas,1792,1408,1877,1469,-90,9,17,4369003
Malas,1792,1408,1792,1470,-110,9,17,4369003
Malas,1792,1408,1836,1471,-110,9,17,4369003
Malas,1792,1408,1835,1472,-110,9,17,4369003
Malas,1792,1408,1831,1477,-110,9,17,4369003
Malas,1792,1408,1813,1478,-110,9,17,4369003
Malas,1792,1408,1896,1478,-90,9,17,4369003
Malas,1792,1408,1828,1481,-110,9,17,4369003
Malas,1792,1408,1905,1482,-90,9,17,4369003
Malas,1792,1408,1827,1483,-110,9,17,4369003
Malas,1792,1408,1826,1484,-110,9,17,4369003
Malas,1792,1408,1845,1484,-110,9,17,4369003
Malas,1792,1408,1886,1486,-90,9,17,4369003
Malas,1792,1408,1792,1488,-110,9,17,4369003
Malas,1792,1408,1844,1488,-110,9,17,4369003
Malas,1792,1408,1803,1489,-110,9,17,4369003
Malas,1792,1408,1843,1489,-110,9,17,4369003
Malas,1792,1408,1812,1493,-110,9,17,4369003
Malas,1792,1408,1900,1495,-90,9,17,4369003
Malas,1792,1408,1821,1498,-110,9,17,4369003
Malas,1792,1408,1842,1498,-110,9,17,4369003
Malas,1792,1408,1910,1499,-90,9,17,4369003
Malas,1792,1408,1831,1501,-110,9,17,4369003
Malas,1792,1408,1792,1505,-110,9,17,4369003
Malas,1792,1408,1802,1505,-110,9,17,4369003
Malas,1792,1408,1811,1506,-110,9,17,4369003
Malas,1792,1408,1861,1512,-110,9,17,4369003
Malas,1792,1408,1857,1513,-110,9,17,4369003
Malas,1792,1408,1840,1514,-110,9,17,4369003
Malas,1792,1408,1855,1515,-110,9,17,4369003
Malas,1792,1408,1835,1518,-110,9,17,4369003
Malas,1792,1536,1803,1536,-110,9,17,4369003
Malas,1792,1536,1813,1536,-110,9,17,4369003
Malas,1792,1536,1827,1536,-110,9,17,4369003
Malas,1792,1536,1839,1536,-110,9,17,4369003
Malas,1792,1536,1872,1540,-110,9,17,4369003
Malas,1792,1536,1822,1542,-110,9,17,4369003
Malas,1792,1536,1798,1544,-110,9,17,4369003
Malas,1792,1536,1836,1544,-110,9,17,4369003
Malas,1792,1536,1901,1546,-108,9,17,4369003
Malas,1792,1536,1792,1550,-110,9,17,4369003
Malas,1792,1536,1870,1550,-110,9,17,4369003
Malas,1792,1536,1848,1552,-110,9,17,4369003
Malas,1792,1536,1847,1553,-110,9,17,4369003
Malas,1792,1536,1861,1555,-110,9,17,4369003
Malas,1792,1536,1890,1555,-110,9,17,4369003
Malas,1792,1536,1809,1556,-110,9,17,4369003
Malas,1792,1536,1819,1562,-110,9,17,4369003
Malas,1792,1536,1859,1562,-108,9,17,4369003
Malas,1792,1536,1857,1563,-110,9,17,4369003
Malas,1792,1536,1904,1563,-110,9,17,4369003
Malas,1792,1536,1836,1564,-110,9,17,4369003
Malas,1792,1536,1876,1567,-110,9,17,4369003
Malas,1792,1536,1856,1569,-110,9,17,4369003
Malas,1792,1536,1835,1570,-110,9,17,4369003
Malas,1792,1536,1899,1571,-110,9,17,4369003
Malas,1792,1536,1818,1572,-110,9,17,4369003
Malas,1792,1536,1892,1572,-110,9,17,4369003
Malas,1792,1536,1872,1577,-110,9,17,4369003
Malas,1792,1536,1881,1584,-110,9,17,4369003
Malas,1792,1536,1890,1584,-110,9,17,4369003
Malas,1792,1536,1861,1586,-110,9,17,4369003
Malas,1792,1536,1908,1590,-110,9,17,4369003
Malas,1792,1536,1837,1591,-110,9,17,4369003
Malas,1792,1536,1851,1594,-110,9,17,4369003
Malas,1792,1536,1870,1594,-110,9,17,4369003
Malas,1792,1536,1879,1594,-110,9,17,4369003
Malas,1792,1536,1860,1596,-110,9,17,4369003
Malas,1792,1536,1899,1596,-110,9,17,4369003
Malas,1792,1536,1891,1601,-110,9,17,4369003
Malas,1792,1536,1836,1603,-110,9,17,4369003
Malas,1792,1536,1888,1608,-110,9,17,4369003
Malas,1792,1536,1845,1611,-110,9,17,4369003
Malas,1792,1536,1854,1611,-110,9,17,4369003
Malas,1792,1536,1876,1611,-110,9,17,4369003
Malas,1792,1536,1885,1611,-110,9,17,4369003
Malas,1792,1536,1866,1613,-110,9,17,4369003
Malas,1792,1536,1875,1613,-110,9,17,4369003
Malas,1792,1536,1863,1622,-110,9,17,4369003
Malas,1792,1536,1894,1625,-110,9,17,4369003
Malas,1792,1536,1904,1626,-110,9,17,4369003
Malas,1792,1536,1850,1628,-110,9,17,4369003
Malas,1792,1536,1884,1628,-110,9,17,4369003
Malas,1792,1536,1872,1630,-110,9,17,4369003
Malas,1792,1536,1868,1639,-110,9,17,4369003
Malas,1792,1536,1894,1642,-110,9,17,4369003
Malas,1792,1536,1910,1643,-110,9,17,4369003
Malas,1792,1536,1852,1645,-110,9,17,4369003
Malas,1792,1536,1887,1646,-110,9,17,4369003
Malas,1792,1664,1865,1664,-110,9,17,4369003
Malas,1792,1664,1886,1664,-110,9,17,4369003
Malas,1792,1664,1895,1664,-110,9,17,4369003
Malas,1792,1664,1905,1664,-110,9,17,4369003
Malas,1792,1664,1904,1666,-110,9,17,4369003
Malas,1792,1664,1888,1681,-110,9,17,4369003
Malas,1792,1664,1884,1682,-110,9,17,4369003
Malas,1792,1664,1876,1683,-110,9,17,4369003
Malas,1792,1664,1866,1687,-110,9,17,4369003
Malas,1792,1664,1875,1687,-110,9,17,4369003
Malas,1792,1664,1897,1693,-110,9,17,4369003
Malas,1792,1664,1893,1698,-110,9,17,4369003
Malas,1792,1664,1885,1699,-110,9,17,4369003
Malas,1792,1664,1909,1699,-110,9,17,4369003
Malas,1792,1664,1884,1700,-110,9,17,4369003
Malas,1792,1664,1859,1703,-110,9,17,4369003
Malas,1792,1664,1871,1704,-110,9,17,4369003
Malas,1792,1664,1880,1704,-110,9,17,4369003
Malas,1792,1664,1870,1706,-110,9,17,4369003
Malas,1792,1664,1857,1707,-110,9,17,4369003
Malas,1792,1664,1854,1711,-110,9,17,4369003
Malas,1792,1664,1853,1714,-110,9,17,4369003
Malas,1792,1664,1868,1714,-110,9,17,4369003
Malas,1792,1664,1851,1717,-110,9,17,4369003
Malas,1792,1664,1889,1717,-110,9,17,4369003
Malas,1792,1664,1849,1719,-110,9,17,4369003
Malas,1792,1664,1848,1720,-110,9,17,4369003
Malas,1792,1664,1866,1720,-110,9,17,4369003
Malas,1792,1664,1815,1728,-110,9,17,4369003
Malas,1792,1664,1898,1729,-110,9,17,4369003
Malas,1792,1664,1831,1730,-110,9,17,4369003
Malas,1792,1664,1894,1734,-110,9,17,4369003
Malas,1792,1664,1907,1736,-110,9,17,4369003
Malas,1792,1664,1824,1737,-110,9,17,4369003
Malas,1792,1664,1848,1737,-110,9,17,4369003
Malas,1792,1664,1807,1740,-110,9,17,4369003
Malas,1792,1664,1877,1742,-110,9,17,4369003
Malas,1792,1664,1803,1743,-110,9,17,4369003
Malas,1792,1664,1872,1743,-110,9,17,4369003
Malas,1792,1664,1816,1745,-110,9,17,4369003
Malas,1792,1664,1833,1747,-110,9,17,4369003
Malas,1792,1664,1843,1747,-110,9,17,4369003
Malas,1792,1664,1886,1747,-110,9,17,4369003
Malas,1792,1664,1842,1750,-110,9,17,4369003
Malas,1792,1664,1865,1750,-110,9,17,4369003
Malas,1792,1664,1896,1751,-110,9,17,4369003
Malas,1792,1664,1832,1754,-110,9,17,4369003
Malas,1792,1664,1852,1754,-110,9,17,4369003
Malas,1792,1664,1895,1754,-110,9,17,4369003
Malas,1792,1664,1792,1757,-110,9,17,4369003
Malas,1792,1664,1803,1760,-110,9,17,4369003
Malas,1792,1664,1801,1761,-110,9,17,4369003
Malas,1792,1664,1818,1762,-110,9,17,4369003
Malas,1792,1664,1861,1762,-110,9,17,4369003
Malas,1792,1664,1817,1765,-109,9,17,4369003
Malas,1792,1664,1844,1767,-110,9,17,4369003
Malas,1792,1664,1858,1771,-110,9,17,4369003
Malas,1792,1792,1792,1792,-109,9,17,4369003
Malas,1792,1792,1857,1792,-109,9,17,4369003
Malas,1792,1792,1910,1806,-92,9,17,4369003
Malas,1792,1792,1909,1807,-92,9,17,4369003
Malas,1792,1792,1897,1817,-92,9,17,4369003
Malas,1792,1792,1906,1817,-90,9,17,4369003
Malas,1792,1792,1896,1818,-92,9,17,4369003
Malas,1792,1792,1892,1820,-92,9,17,4369003
Malas,1792,1792,1890,1821,-92,9,17,4369003
Malas,1792,1792,1884,1822,-92,9,17,4369003
Malas,1792,1792,1883,1823,-92,9,17,4369003
Malas,1792,1792,1878,1824,-92,9,17,4369003
Malas,1792,1792,1877,1825,-92,9,17,4369003
Malas,1792,1792,1875,1826,-92,9,17,4369003
Malas,1792,1792,1862,1830,-92,9,17,4369003
Malas,1792,1792,1873,1835,-90,9,17,4369003
Malas,1792,1792,1901,1835,-90,9,17,4369003
Malas,1792,1792,1899,1837,-90,9,17,4369003
Malas,1792,1792,1895,1838,-90,9,17,4369003
Malas,1792,1792,1795,1841,-90,9,17,4369003
Malas,1792,1792,1829,1841,-92,9,17,4369003
Malas,1792,1792,1828,1842,-90,9,17,4369003
Malas,1792,1792,1845,1843,-90,9,17,4369003
Malas,1792,1792,1882,1843,-90,9,17,4369003
Malas,1792,1792,1812,1845,-90,9,17,4369003
Malas,1792,1792,1840,1845,-90,9,17,4369003
Malas,1792,1792,1838,1848,-90,9,17,4369003
Malas,1792,1792,1865,1849,-90,9,17,4369003
Malas,1792,1792,1804,1850,-90,9,17,4369003
Malas,1792,1792,1792,1853,-90,9,17,4369003
Malas,1792,1792,1858,1855,-90,9,17,4369003
Malas,1792,1792,1837,1858,-90,9,17,4369003
Malas,1792,1792,1832,1859,-90,9,17,4369003
Malas,1792,1792,1816,1863,-90,9,17,4369003
Malas,1792,1792,1850,1864,-90,9,17,4369003
Malas,1792,1792,1805,1869,-90,9,17,4369003
Malas,1792,1792,1829,1869,-90,9,17,4369003
Malas,1792,1792,1801,1870,-90,9,17,4369003
Malas,1920,128,2029,202,-90,9,17,4388003
Malas,1920,128,2028,203,-90,9,17,4388003
Malas,1920,128,2027,204,-90,9,17,4388003
Malas,1920,128,2025,205,-90,9,17,4388003
Malas,1920,128,2024,206,-90,9,17,4388003
Malas,1920,128,2023,207,-90,9,17,4388003
Malas,1920,128,2022,208,-90,9,17,4388003
Malas,1920,128,2021,209,-90,9,17,4388003
Malas,1920,128,2037,219,-90,9,17,4388003
Malas,1920,128,2036,220,-90,9,17,4388003
Malas,1920,128,2006,224,-90,9,17,4388003
Malas,1920,128,2005,225,-90,9,17,4388003
Malas,1920,128,2024,226,-90,9,17,4388003
Malas,1920,128,2004,227,-90,9,17,4388003
Malas,1920,128,2003,229,-90,9,17,4388003
Malas,1920,128,2002,230,-90,9,17,4388003
Malas,1920,128,2001,231,-90,9,17,4388003
Malas,1920,128,2000,232,-90,9,17,4388003
Malas,1920,256,1986,256,-90,9,17,4388003
Malas,1920,256,1995,256,-90,9,17,4388003
Malas,1920,256,2004,256,-90,9,17,4388003
Malas,1920,256,2019,256,-90,9,17,4388003
Malas,1920,256,2028,256,-90,9,17,4388003
Malas,1920,256,2017,257,-90,9,17,4388003
Malas,1920,256,2013,259,-90,9,17,4388003
Malas,1920,256,2037,271,-90,9,17,4388003
Malas,1920,256,1989,273,-90,9,17,4388003
Malas,1920,256,2002,273,-90,9,17,4388003
Malas,1920,256,2026,273,-90,9,17,4388003
Malas,1920,256,2036,273,-90,9,17,4388003
Malas,1920,256,2022,274,-90,9,17,4388003
Malas,1920,256,2016,276,-90,9,17,4388003
Malas,1920,256,1998,277,-90,9,17,4388003
Malas,1920,256,2035,277,-90,9,17,4388003
Malas,1920,256,2007,290,-90,9,17,4388003
Malas,1920,256,2025,291,-90,9,17,4388003
Malas,1920,256,2018,293,-90,9,17,4388003
Malas,1920,256,2004,294,-90,9,17,4388003
Malas,1920,256,2038,294,-90,9,17,4388003
Malas,1920,256,2003,297,-90,9,17,4388003
Malas,1920,256,2034,307,-90,9,17,4388003
Malas,1920,256,2027,308,-90,9,17,4388003
Malas,1920,256,2020,310,-90,9,17,4388003
Malas,1920,256,1920,312,-90,9,17,4388003
Malas,1920,256,1929,317,-90,9,17,4388003
Malas,1920,256,2036,324,-90,9,17,4388003
Malas,1920,256,2029,325,-90,9,17,4388003
Malas,1920,256,1938,327,-90,9,17,4388003
Malas,1920,256,1920,329,-90,9,17,4388003
Malas,1920,256,1929,334,-90,9,17,4388003
Malas,1920,256,1938,344,-90,9,17,4388003
Malas,1920,256,1958,344,-90,9,17,4388003
Malas,1920,256,1920,346,-90,9,17,4388003
Malas,1920,256,1929,351,-90,9,17,4388003
Malas,1920,256,1947,351,-90,9,17,4388003
Malas,1920,256,1967,352,-90,9,17,4388003
Malas,1920,256,1956,356,-90,9,17,4388003
Malas,1920,256,1941,361,-90,9,17,4388003
Malas,1920,256,1920,363,-90,9,17,4388003
Malas,1920,256,1983,364,-90,9,17,4388003
Malas,1920,256,1992,366,-90,9,17,4388003
Malas,1920,256,2001,366,-90,9,17,4388003
Malas,1920,384,2005,384,-90,9,17,4369003
Malas,1920,384,2014,384,-90,9,17,4369003
Malas,1920,384,2023,384,-90,9,17,4369003
Malas,1920,384,2032,390,-90,9,17,4369003
Malas,1920,384,2012,401,-90,9,17,4369003
Malas,1920,384,2021,401,-90,9,17,4369003
Malas,1920,384,2030,401,-90,9,17,4369003
Malas,1920,384,2031,418,-90,9,17,4369003
Malas,1920,384,1931,439,-50,9,17,4369003
Malas,1920,384,1942,439,-50,9,17,4369003
Malas,1920,384,1940,440,-50,9,17,4369003
Malas,1920,384,1951,441,-50,9,17,4369003
Malas,1920,384,1960,444,-50,9,17,4369003
Malas,1920,384,1969,445,-50,9,17,4369003
Malas,1920,384,1930,446,-50,9,17,4369003
Malas,1920,384,1929,447,-50,9,17,4369003
Malas,1920,384,1928,448,-50,9,17,4369003
Malas,1920,384,1978,449,-50,9,17,4369003
Malas,1920,384,1987,455,-50,9,17,4369003
Malas,1920,384,1996,460,-50,9,17,4369003
Malas,1920,384,1965,461,-50,9,17,4369003
Malas,1920,384,1974,462,-50,9,17,4369003
Malas,1920,384,1983,466,-50,9,17,4369003
Malas,1920,384,1992,472,-50,9,17,4369003
Malas,1920,384,2005,474,-50,9,17,4369003
Malas,1920,384,2001,477,-50,9,17,4369003
Malas,1920,384,1969,478,-50,9,17,4369003
Malas,1920,384,1978,479,-50,9,17,4369003
Malas,1920,384,2014,479,-50,9,17,4369003
Malas,1920,384,2023,481,-50,9,17,4369003
Malas,1920,384,1987,483,-50,9,17,4369003
Malas,1920,384,2032,483,-50,9,17,4369003
Malas,1920,384,1996,489,-50,9,17,4369003
Malas,1920,384,2010,491,-50,9,17,4369003
Malas,1920,384,2005,494,-50,9,17,4369003
Malas,1920,512,1990,512,-50,9,17,4369003
Malas,1920,512,1999,512,-50,9,17,4369003
Malas,1920,512,2022,512,-50,9,17,4369003
Malas,1920,512,2031,512,-50,9,17,4369003
Malas,1920,512,2008,559,-90,9,17,4369003
Malas,1920,512,2017,559,-90,9,17,4369003
Malas,1920,512,2006,560,-90,9,17,4369003
Malas,1920,512,1992,561,-90,9,17,4369003
Malas,1920,512,2001,561,-90,9,17,4369003
Malas,1920,512,2026,561,-90,9,17,4369003
Malas,1920,512,2035,561,-90,9,17,4369003
Malas,1920,512,1990,562,-90,9,17,4369003
Malas,1920,512,1986,563,-90,9,17,4369003
Malas,1920,512,1985,564,-90,9,17,4369003
Malas,1920,512,1984,570,-90,9,17,4369003
Malas,1920,512,2015,576,-90,9,17,4369003
Malas,1920,512,2024,576,-90,9,17,4369003
Malas,1920,512,2010,577,-90,9,17,4369003
Malas,1920,512,1999,578,-90,9,17,4369003
Malas,1920,512,2008,578,-90,9,17,4369003
Malas,1920,512,2033,578,-90,9,17,4369003
Malas,1920,512,1995,579,-90,9,17,4369003
Malas,1920,512,1994,580,-90,9,17,4369003
Malas,1920,512,1993,581,-90,9,17,4369003
Malas,1920,512,2019,593,-90,9,17,4369003
Malas,1920,512,2029,593,-90,9,17,4369003
Malas,1920,512,2017,594,-90,9,17,4369003
Malas,1920,512,2013,595,-90,9,17,4369003
Malas,1920,512,2038,595,-90,9,17,4369003
Malas,1920,512,2028,609,-90,9,17,4369003
Malas,1920,512,2026,610,-90,9,17,4369003
Malas,1920,512,2037,610,-90,9,17,4369003
Malas,1920,512,2022,611,-90,9,17,4369003
Malas,1920,512,2021,612,-90,9,17,4369003
Malas,1920,512,1962,621,-50,9,17,4369003
Malas,1920,512,1960,622,-50,9,17,4369003
Malas,1920,640,1957,640,-50,9,17,4369003
Malas,1920,640,1966,640,-50,9,17,4369003
Malas,1920,640,1975,640,-50,9,17,4369003
Malas,1920,640,1984,640,-50,9,17,4369003
Malas,1920,640,1993,653,-50,9,17,4369003
Malas,1920,640,1957,657,-50,9,17,4369003
Malas,1920,640,1966,657,-50,9,17,4369003
Malas,1920,640,1975,657,-50,9,17,4369003
Malas,1920,640,1984,657,-50,9,17,4369003
Malas,1920,640,1920,661,-90,9,17,4369003
Malas,1920,640,1956,666,-50,9,17,4369003
Malas,1920,640,2002,669,-50,9,17,4369003
Malas,1920,640,1993,670,-50,9,17,4369003
Malas,1920,640,1954,712,-90,9,17,4369003
Malas,1920,640,2028,713,-88,9,17,4369003
Malas,1920,640,2037,713,-88,9,17,4369003
Malas,1920,640,2022,714,-89,9,17,4369003
Malas,1920,640,2020,715,-89,9,17,4369003
Malas,1920,640,2018,716,-90,9,17,4369003
Malas,1920,640,1972,717,-88,9,17,4369003
Malas,1920,640,1981,717,-90,9,17,4369003
Malas,1920,640,1970,718,-90,9,17,4369003
Malas,1920,640,1990,718,-90,9,17,4369003
Malas,1920,640,2016,718,-90,9,17,4369003
Malas,1920,640,1999,719,-90,9,17,4369003
Malas,1920,640,2008,719,-90,9,17,4369003
Malas,1920,640,1963,725,-90,9,17,4369003
Malas,1920,640,1956,729,-90,9,17,4369003
Malas,1920,640,2037,730,-90,9,17,4369003
Malas,1920,640,2027,732,-90,9,17,4369003
Malas,1920,640,2025,733,-90,9,17,4369003
Malas,1920,640,1979,734,-90,9,17,4369003
Malas,1920,640,1989,734,-90,9,17,4369003
Malas,1920,640,1972,735,-90,9,17,4369003
Malas,1920,640,1998,735,-90,9,17,4369003
Malas,1920,640,2017,735,-90,9,17,4369003
Malas,1920,640,2007,736,-90,9,17,4369003
Malas,1920,640,2016,736,-90,9,17,4369003
Malas,1920,640,1965,742,-90,9,17,4369003
Malas,1920,640,2036,742,-90,9,17,4369003
Malas,1920,640,1957,746,-89,9,17,4369003
Malas,1920,640,1988,746,-90,9,17,4369003
Malas,1920,640,2034,749,-90,9,17,4369003
Malas,1920,640,2026,750,-90,9,17,4369003
Malas,1920,768,1945,768,-90,9,17,4369003
Malas,1920,768,1975,768,-90,9,17,4369003
Malas,1920,768,1984,768,-90,9,17,4369003
Malas,1920,768,2000,768,-90,9,17,4369003
Malas,1920,768,2009,768,-90,9,17,4369003
Malas,1920,768,1944,770,-90,9,17,4369003
Malas,1920,768,1943,772,-90,9,17,4369003
Malas,1920,768,1942,774,-90,9,17,4369003
Malas,1920,768,1940,776,-90,9,17,4369003
Malas,1920,768,1938,778,-90,9,17,4369003
Malas,1920,768,1993,778,-90,9,17,4369003
Malas,1920,768,1936,780,-90,9,17,4369003
Malas,1920,768,1934,781,-90,9,17,4369003
Malas,1920,768,1932,782,-90,9,17,4369003
Malas,1920,768,1926,783,-90,9,17,4369003
Malas,1920,768,1920,784,-90,9,17,4369003
Malas,1920,768,1983,785,-90,9,17,4369003
Malas,1920,768,1992,785,-90,9,17,4369003
Malas,1920,768,2002,785,-90,9,17,4369003
Malas,1920,768,2011,785,-90,9,17,4369003
Malas,1920,768,1960,790,-90,9,17,4369003
Malas,1920,768,1971,790,-90,9,17,4369003
Malas,1920,768,1949,791,-90,9,17,4369003
Malas,1920,768,1947,793,-90,9,17,4369003
Malas,1920,768,1980,793,-90,9,17,4369003
Malas,1920,768,1945,795,-90,9,17,4369003
Malas,1920,768,2001,795,-90,9,17,4369003
Malas,1920,768,1943,797,-90,9,17,4369003
Malas,1920,768,1958,797,-90,9,17,4369003
Malas,1920,768,1941,798,-90,9,17,4369003
Malas,1920,768,1935,799,-90,9,17,4369003
Malas,1920,768,1929,800,-90,9,17,4369003
Malas,1920,768,1920,801,-90,9,17,4369003
Malas,1920,768,1989,802,-90,9,17,4369003
Malas,1920,768,1998,802,-90,9,17,4369003
Malas,1920,768,2010,802,-90,9,17,4369003
Malas,1920,768,1972,807,-90,9,17,4369003
Malas,1920,768,1956,808,-90,9,17,4369003
Malas,1920,768,1967,808,-90,9,17,4369003
Malas,1920,768,1954,810,-90,9,17,4369003
Malas,1920,768,1981,810,-90,9,17,4369003
Malas,1920,768,2019,810,-90,9,17,4369003
Malas,1920,768,1952,812,-90,9,17,4369003
Malas,1920,768,2007,812,-90,9,17,4369003
Malas,1920,768,1965,814,-90,9,17,4369003
Malas,1920,768,2028,814,-90,9,17,4369003
Malas,1920,768,1929,817,-90,9,17,4369003
Malas,1920,768,1920,818,-90,9,17,4369003
Malas,1920,768,2016,819,-90,9,17,4369003
Malas,1920,768,2037,821,-90,9,17,4369003
Malas,1920,768,1976,824,-90,9,17,4369003
Malas,1920,768,1963,825,-90,9,17,4369003
Malas,1920,768,1974,825,-90,9,17,4369003
Malas,1920,768,1961,827,-90,9,17,4369003
Malas,1920,768,1985,827,-90,9,17,4369003
Malas,1920,768,2025,827,-90,9,17,4369003
Malas,1920,768,2014,829,-90,9,17,4369003
Malas,1920,768,2034,831,-90,9,17,4369003
Malas,1920,768,1938,833,-90,9,17,4369003
Malas,1920,768,1932,834,-90,9,17,4369003
Malas,1920,768,1994,836,-90,9,17,4369003
Malas,1920,768,2013,836,-90,9,17,4369003
Malas,1920,768,2023,836,-90,9,17,4369003
Malas,1920,768,2003,837,-90,9,17,4369003
Malas,1920,768,2012,837,-90,9,17,4369003
Malas,1920,768,1947,839,-90,9,17,4369003
Malas,1920,768,1929,840,-90,9,17,4369003
Malas,1920,768,1960,842,-90,9,17,4369003
Malas,1920,768,1970,843,-90,9,17,4369003
Malas,1920,768,1959,844,-90,9,17,4369003
Malas,1920,768,1969,844,-90,9,17,4369003
Malas,1920,768,1958,845,-90,9,17,4369003
Malas,1920,768,1923,846,-90,9,17,4369003
Malas,1920,768,1920,848,-90,9,17,4369003
Malas,1920,768,1987,848,-90,9,17,4369003
Malas,1920,768,1943,850,-90,9,17,4369003
Malas,1920,768,1956,851,-90,9,17,4369003
Malas,1920,768,1979,853,-90,9,17,4369003
Malas,1920,768,1952,856,-90,9,17,4369003
Malas,1920,768,1968,859,-90,9,17,4369003
Malas,1920,768,1967,861,-90,9,17,4369003
Malas,1920,768,1965,862,-90,9,17,4369003
Malas,1920,768,1961,868,-90,9,17,4369003
Malas,1920,768,1955,873,-90,9,17,4369003
Malas,1920,768,1976,876,-90,9,17,4369003
Malas,1920,768,1974,878,-90,9,17,4369003
Malas,1920,896,1970,896,-90,9,17,4369003
Malas,1920,1024,1922,1125,-90,9,17,4369003
Malas,1920,1024,1957,1131,-90,9,17,4369003
Malas,1920,1152,2038,1187,-89,9,17,4369003
Malas,1920,1152,1985,1192,-90,9,17,4369003
Malas,1920,1152,1967,1198,-90,9,17,4369003
Malas,1920,1152,1966,1201,-90,9,17,4369003
Malas,1920,1152,1994,1203,-90,9,17,4369003
Malas,1920,1152,1976,1205,-90,9,17,4369003
Malas,1920,1152,1985,1209,-90,9,17,4369003
Malas,1920,1152,1959,1215,-90,9,17,4369003
Malas,1920,1152,1975,1215,-90,9,17,4369003
Malas,1920,1152,1968,1218,-90,9,17,4369003
Malas,1920,1152,1994,1220,-90,9,17,4369003
Malas,1920,1152,1984,1222,-90,9,17,4369003
Malas,1920,1152,1963,1232,-90,9,17,4369003
Malas,1920,1152,1920,1261,-90,9,17,4369003
Malas,1920,1280,1920,1280,-90,9,17,4373003
Malas,1920,1280,1981,1283,-90,9,17,4373003
Malas,1920,1280,2009,1286,-90,9,17,4373003
Malas,1920,1280,1935,1287,-90,9,17,4373003
Malas,1920,1280,1929,1294,-90,9,17,4373003
Malas,1920,1280,2005,1295,-90,9,17,4373003
Malas,1920,1280,1924,1297,-90,9,17,4373003
Malas,1920,1280,1963,1302,-90,9,17,4373003
Malas,1920,1280,1920,1304,-90,9,17,4373003
Malas,1920,1280,1929,1314,-90,9,17,4373003
Malas,1920,1280,1979,1318,-88,9,17,4373003
Malas,1920,1280,1920,1338,-90,9,17,4373003
Malas,1920,1280,1951,1349,-90,9,17,4373003
Malas,1920,1280,1950,1350,-90,9,17,4373003
Malas,1920,1280,1960,1350,-89,9,17,4373003
Malas,1920,1280,1920,1355,-90,9,17,4373003
Malas,1920,1280,1947,1360,-90,9,17,4373003
Malas,1920,1280,1946,1362,-90,9,17,4373003
Malas,1920,1280,1945,1367,-90,9,17,4373003
Malas,1920,1280,1997,1367,-88,9,17,4373003
Malas,1920,1280,1956,1371,-90,9,17,4373003
Malas,1920,1280,1920,1372,-90,9,17,4373003
Malas,1920,1280,1955,1377,-90,9,17,4373003
Malas,1920,1280,1954,1379,-90,9,17,4373003
Malas,1920,1280,2003,1385,-90,9,17,4373003
Malas,1920,1280,1923,1389,-90,9,17,4373003
Malas,1920,1280,1997,1389,-90,9,17,4373003
Malas,1920,1408,1920,1408,-90,9,17,4369003
Malas,1920,1408,1930,1408,-90,9,17,4369003
Malas,1920,1408,1929,1417,-90,9,17,4369003
Malas,1920,1408,1944,1421,-90,9,17,4369003
Malas,1920,1408,1981,1421,-90,9,17,4369003
Malas,1920,1408,1980,1422,-90,9,17,4369003
Malas,1920,1408,1967,1423,-90,9,17,4369003
Malas,1920,1408,1976,1423,-90,9,17,4369003
Malas,1920,1408,1991,1423,-90,9,17,4369003
Malas,1920,1408,1953,1424,-90,9,17,4369003
Malas,1920,1408,1962,1424,-90,9,17,4369003
Malas,1920,1408,1920,1425,-90,9,17,4369003
Malas,1920,1408,1990,1425,-90,9,17,4369003
Malas,1920,1408,1938,1432,-90,9,17,4369003
Malas,1920,1408,2005,1433,-90,9,17,4369003
Malas,1920,1408,1929,1434,-90,9,17,4369003
Malas,1920,1408,2030,1435,-90,9,17,4369003
Malas,1920,1408,2020,1436,-90,9,17,4369003
Malas,1920,1408,2029,1436,-90,9,17,4369003
Malas,1920,1408,1950,1438,-90,9,17,4369003
Malas,1920,1408,1971,1440,-90,9,17,4369003
Malas,1920,1408,1980,1440,-90,9,17,4369003
Malas,1920,1408,1959,1441,-90,9,17,4369003
Malas,1920,1408,1968,1441,-90,9,17,4369003
Malas,1920,1408,1999,1441,-90,9,17,4369003
Malas,1920,1408,1990,1442,-90,9,17,4369003
Malas,1920,1408,1938,1449,-90,9,17,4369003
Malas,1920,1408,2014,1449,-90,9,17,4369003
Malas,1920,1408,2008,1450,-90,9,17,4369003
Malas,1920,1408,1935,1451,-90,9,17,4369003
Malas,1920,1408,1947,1452,-90,9,17,4369003
Malas,1920,1408,2038,1452,-90,9,17,4369003
Malas,1920,1408,1989,1453,-90,9,17,4369003
Malas,1920,1408,2023,1453,-90,9,17,4369003
Malas,1920,1408,2032,1453,-90,9,17,4369003
Malas,1920,1408,1956,1455,-90,9,17,4369003
Malas,1920,1408,1920,1457,-90,9,17,4369003
Malas,1920,1408,1977,1457,-90,9,17,4369003
Malas,1920,1408,1986,1457,-90,9,17,4369003
Malas,1920,1408,1973,1458,-90,9,17,4369003
Malas,1920,1408,1999,1458,-90,9,17,4369003
Malas,1920,1408,1998,1459,-90,9,17,4369003
Malas,1920,1408,1944,1466,-90,9,17,4369003
Malas,1920,1408,1942,1468,-90,9,17,4369003
Malas,1920,1408,1929,1469,-90,9,17,4369003
Malas,1920,1408,1953,1469,-90,9,17,4369003
Malas,1920,1408,1995,1470,-90,9,17,4369003
Malas,1920,1408,1920,1474,-90,9,17,4369003
Malas,1920,1408,1941,1474,-89,9,17,4369003
Malas,1920,1408,1990,1474,-90,9,17,4369003
Malas,1920,1408,1980,1475,-90,9,17,4369003
Malas,1920,1408,1938,1480,-90,9,17,4369003
Malas,1920,1408,1962,1481,-90,9,17,4369003
Malas,1920,1408,1951,1483,-90,9,17,4369003
Malas,1920,1408,1950,1485,-90,9,17,4369003
Malas,1920,1408,1936,1486,-90,9,17,4369003
Malas,1920,1408,1960,1486,-90,9,17,4369003
Malas,1920,1408,1971,1490,-90,9,17,4369003
Malas,1920,1408,1947,1491,-90,9,17,4369003
Malas,1920,1408,1984,1492,-90,9,17,4369003
Malas,1920,1408,1995,1492,-90,9,17,4369003
Malas,1920,1408,1982,1494,-89,9,17,4369003
Malas,1920,1408,1993,1494,-90,9,17,4369003
Malas,1920,1408,1945,1497,-90,9,17,4369003
Malas,1920,1408,1969,1498,-90,9,17,4369003
Malas,1920,1408,1980,1498,-90,9,17,4369003
Malas,1920,1408,1959,1500,-90,9,17,4369003
Malas,1920,1408,1956,1502,-90,9,17,4369003
Malas,1920,1408,1929,1503,-90,9,17,4369003
Malas,1920,1408,1938,1503,-90,9,17,4369003
Malas,1920,1408,1968,1503,-90,9,17,4369003
Malas,1920,1408,1924,1506,-90,9,17,4369003
Malas,1920,1408,1954,1508,-90,9,17,4369003
Malas,1920,1408,1991,1509,-90,9,17,4369003
Malas,1920,1408,2002,1509,-90,9,17,4369003
Malas,1920,1408,1989,1511,-90,9,17,4369003
Malas,1920,1408,2000,1511,-90,9,17,4369003
Malas,1920,1408,1920,1515,-90,9,17,4369003
Malas,1920,1408,1982,1515,-90,9,17,4369003
Malas,1920,1408,1965,1517,-90,9,17,4369003
Malas,1920,1536,1993,1536,-90,9,17,4369003
Malas,1920,1536,2002,1536,-90,9,17,4369003
Malas,1920,1536,2011,1536,-90,9,17,4369003
Malas,1920,1536,1943,1537,-90,9,17,4369003
Malas,1920,1536,1942,1538,-90,9,17,4369003
Malas,1920,1536,1952,1552,-90,9,17,4369003
Malas,1920,1536,1951,1554,-90,9,17,4369003
Malas,1920,1536,1950,1555,-90,9,17,4369003
Malas,1920,1536,1962,1568,-90,9,17,4369003
Malas,1920,1536,1929,1582,-110,9,17,4369003
Malas,1920,1536,1956,1588,-92,9,17,4369003
Malas,1920,1536,1924,1600,-110,9,17,4369003
Malas,1920,1536,1920,1601,-110,9,17,4369003
Malas,1920,1536,1958,1605,-92,9,17,4369003
Malas,1920,1536,1929,1617,-110,9,17,4369003
Malas,1920,1536,1920,1618,-110,9,17,4369003
Malas,1920,1536,1960,1633,-92,9,17,4369003
Malas,1920,1536,1925,1635,-110,9,17,4369003
Malas,1920,1536,1959,1635,-92,9,17,4369003
Malas,1920,1536,1958,1638,-92,9,17,4369003
Malas,1920,1664,1922,1664,-110,9,17,4369003
Malas,1920,1664,1969,1664,-90,9,17,4369003
Malas,1920,1664,1978,1664,-90,9,17,4369003
Malas,1920,1664,1988,1666,-90,9,17,4369003
Malas,1920,1664,1960,1667,-92,9,17,4369003
Malas,1920,1664,1920,1680,-110,9,17,4369003
Malas,1920,1664,1969,1681,-90,9,17,4369003
Malas,1920,1664,1999,1682,-90,9,17,4369003
Malas,1920,1664,1966,1684,-90,9,17,4369003
Malas,1920,1664,1995,1684,-90,9,17,4369003
Malas,1920,1664,1982,1686,-90,9,17,4369003
Malas,1920,1664,1978,1688,-90,9,17,4369003
Malas,1920,1664,1964,1690,-90,9,17,4369003
Malas,1920,1664,1926,1697,-110,9,17,4369003
Malas,1920,1664,1985,1705,-90,9,17,4369003
Malas,1920,1664,1981,1706,-90,9,17,4369003
Malas,1920,1664,1996,1706,-90,9,17,4369003
Malas,1920,1664,2016,1706,-90,9,17,4369003
Malas,1920,1664,1964,1707,-90,9,17,4369003
Malas,1920,1664,2014,1707,-90,9,17,4369003
Malas,1920,1664,1957,1710,-92,9,17,4369003
Malas,1920,1664,1975,1710,-90,9,17,4369003
Malas,1920,1664,1920,1713,-110,9,17,4369003
Malas,1920,1664,2005,1714,-90,9,17,4369003
Malas,1920,1664,1994,1716,-90,9,17,4369003
Malas,1920,1664,1973,1720,-90,9,17,4369003
Malas,1920,1664,1990,1722,-90,9,17,4369003
Malas,1920,1664,2004,1723,-90,9,17,4369003
Malas,1920,1664,1966,1724,-90,9,17,4369003
Malas,1920,1664,2016,1725,-90,9,17,4369003
Malas,1920,1664,1962,1727,-90,9,17,4369003
Malas,1920,1664,2025,1727,-90,9,17,4369003
Malas,1920,1664,1961,1728,-90,9,17,4369003
Malas,1920,1664,2003,1729,-90,9,17,4369003
Malas,1920,1792,1920,1794,-92,9,17,4369003
Malas,1920,1792,1920,1817,-90,9,17,4369003
Malas,1920,1792,1921,1834,-90,9,17,4369003
Malas,1920,1792,1920,1837,-90,9,17,4369003
Malas,2048,128,2079,176,-90,9,17,4388003
Malas,2048,128,2073,177,-90,9,17,4388003
Malas,2048,128,2071,179,-90,9,17,4388003
Malas,2048,128,2069,180,-90,9,17,4388003
Malas,2048,128,2093,183,-90,9,17,4388003
Malas,2048,128,2059,187,-90,9,17,4388003
Malas,2048,128,2057,189,-90,9,17,4388003
Malas,2048,128,2102,189,-90,9,17,4388003
Malas,2048,128,2053,190,-90,9,17,4388003
Malas,2048,128,2051,191,-90,9,17,4388003
Malas,2048,128,2068,192,-90,9,17,4388003
Malas,2048,128,2049,193,-90,9,17,4388003
Malas,2048,128,2082,193,-90,9,17,4388003
Malas,2048,128,2091,193,-90,9,17,4388003
Malas,2048,128,2048,194,-90,9,17,4388003
Malas,2048,128,2111,195,-90,9,17,4388003
Malas,2048,128,2100,200,-90,9,17,4388003
Malas,2048,128,2109,206,-90,9,17,4388003
Malas,2048,128,2096,210,-90,9,17,4388003
Malas,2048,128,2105,217,-90,9,17,4388003
Malas,2048,128,2124,217,-90,9,17,4388003
Malas,2048,128,2118,221,-90,9,17,4388003
Malas,2048,128,2116,223,-90,9,17,4388003
Malas,2048,128,2114,224,-90,9,17,4388003
Malas,2048,128,2147,224,-90,9,17,4388003
Malas,2048,128,2134,228,-90,9,17,4388003
Malas,2048,128,2133,233,-90,9,17,4388003
Malas,2048,128,2112,234,-90,9,17,4388003
Malas,2048,128,2127,234,-90,9,17,4388003
Malas,2048,128,2143,237,-90,9,17,4388003
Malas,2048,128,2125,238,-90,9,17,4388003
Malas,2048,256,2155,256,-90,9,17,4388003
Malas,2048,256,2164,256,-90,9,17,4388003
Malas,2048,256,2166,273,-90,9,17,4388003
Malas,2048,256,2077,281,-90,9,17,4388003
Malas,2048,256,2075,284,-90,9,17,4388003
Malas,2048,256,2054,287,-90,9,17,4388003
Malas,2048,256,2086,289,-90,9,17,4388003
Malas,2048,256,2063,297,-90,9,17,4388003
Malas,2048,256,2074,298,-90,9,17,4388003
Malas,2048,256,2048,299,-90,9,17,4388003
Malas,2048,256,2072,299,-90,9,17,4388003
Malas,2048,256,2057,304,-90,9,17,4388003
Malas,2048,256,2095,304,-90,9,17,4388003
Malas,2048,256,2092,306,-90,9,17,4388003
Malas,2048,256,2107,310,-90,9,17,4388003
Malas,2048,256,2083,313,-90,9,17,4388003
Malas,2048,256,2120,314,-90,9,17,4388003
Malas,2048,256,2081,315,-90,9,17,4388003
Malas,2048,256,2116,315,-90,9,17,4388003
Malas,2048,256,2048,316,-90,9,17,4388003
Malas,2048,256,2075,316,-90,9,17,4388003
Malas,2048,256,2057,321,-90,9,17,4388003
Malas,2048,256,2101,321,-90,9,17,4388003
Malas,2048,256,2099,323,-90,9,17,4388003
Malas,2048,256,2110,327,-90,9,17,4388003
Malas,2048,256,2135,330,-90,9,17,4388003
Malas,2048,256,2125,331,-90,9,17,4388003
Malas,2048,256,2066,332,-90,9,17,4388003
Malas,2048,256,2089,332,-90,9,17,4388003
Malas,2048,256,2122,332,-90,9,17,4388003
Malas,2048,256,2144,332,-90,9,17,4388003
Malas,2048,256,2048,333,-90,9,17,4388003
Malas,2048,256,2134,333,-90,9,17,4388003
Malas,2048,256,2079,336,-90,9,17,4388003
Malas,2048,256,2164,336,-90,9,17,4388003
Malas,2048,256,2062,338,-90,9,17,4388003
Malas,2048,256,2155,338,-90,9,17,4388003
Malas,2048,256,2088,340,-90,9,17,4388003
Malas,2048,256,2099,340,-90,9,17,4388003
Malas,2048,256,2119,340,-90,9,17,4388003
Malas,2048,256,2153,343,-90,9,17,4388003
Malas,2048,256,2115,344,-90,9,17,4388003
Malas,2048,256,2057,348,-90,9,17,4388003
Malas,2048,256,2131,348,-90,9,17,4388003
Malas,2048,256,2128,349,-90,9,17,4388003
Malas,2048,256,2148,349,-90,9,17,4388003
Malas,2048,256,2055,350,-90,9,17,4388003
Malas,2048,256,2109,350,-90,9,17,4388003
Malas,2048,256,2097,351,-90,9,17,4388003
Malas,2048,256,2164,353,-90,9,17,4388003
Malas,2048,256,2140,355,-90,9,17,4388003
Malas,2048,256,2089,357,-90,9,17,4388003
Malas,2048,256,2124,357,-90,9,17,4388003
Malas,2048,256,2075,358,-90,9,17,4388003
Malas,2048,256,2118,361,-90,9,17,4388003
Malas,2048,256,2084,366,-90,9,17,4388003
Malas,2048,384,2165,393,-90,9,17,4369003
Malas,2048,384,2162,394,-90,9,17,4369003
Malas,2048,384,2161,395,-90,9,17,4369003
Malas,2048,384,2159,396,-90,9,17,4369003
Malas,2048,384,2156,397,-90,9,17,4369003
Malas,2048,384,2048,398,-90,9,17,4369003
Malas,2048,384,2155,398,-90,9,17,4369003
Malas,2048,384,2154,399,-90,9,17,4369003
Malas,2048,384,2151,400,-90,9,17,4369003
Malas,2048,384,2057,401,-90,9,17,4369003
Malas,2048,384,2148,401,-90,9,17,4369003
Malas,2048,384,2147,402,-90,9,17,4369003
Malas,2048,384,2144,403,-90,9,17,4369003
Malas,2048,384,2066,404,-90,9,17,4369003
Malas,2048,384,2075,408,-90,9,17,4369003
Malas,2048,384,2125,409,-90,9,17,4369003
Malas,2048,384,2084,410,-90,9,17,4369003
Malas,2048,384,2109,410,-90,9,17,4369003
Malas,2048,384,2118,410,-90,9,17,4369003
Malas,2048,384,2093,413,-90,9,17,4369003
Malas,2048,384,2102,413,-90,9,17,4369003
Malas,2048,384,2053,415,-90,9,17,4369003
Malas,2048,384,2136,417,-90,9,17,4369003
Malas,2048,384,2062,418,-90,9,17,4369003
Malas,2048,384,2052,419,-90,9,17,4369003
Malas,2048,384,2153,419,-90,9,17,4369003
Malas,2048,384,2048,420,-90,9,17,4369003
Malas,2048,384,2149,420,-90,9,17,4369003
Malas,2048,384,2071,421,-90,9,17,4369003
Malas,2048,384,2145,421,-90,9,17,4369003
Malas,2048,384,2080,425,-90,9,17,4369003
Malas,2048,384,2163,425,-90,9,17,4369003
Malas,2048,384,2127,426,-90,9,17,4369003
Malas,2048,384,2089,427,-90,9,17,4369003
Malas,2048,384,2111,427,-90,9,17,4369003
Malas,2048,384,2121,427,-90,9,17,4369003
Malas,2048,384,2162,428,-90,9,17,4369003
Malas,2048,384,2098,430,-90,9,17,4369003
Malas,2048,384,2120,431,-90,9,17,4369003
Malas,2048,384,2144,435,-90,9,17,4369003
Malas,2048,384,2154,437,-90,9,17,4369003
Malas,2048,384,2153,438,-90,9,17,4369003
Malas,2048,384,2062,477,-50,9,17,4369003
Malas,2048,384,2085,477,-50,9,17,4369003
Malas,2048,384,2060,478,-50,9,17,4369003
Malas,2048,384,2094,479,-50,9,17,4369003
Malas,2048,384,2058,480,-50,9,17,4369003
Malas,2048,384,2084,480,-50,9,17,4369003
Malas,2048,384,2048,481,-50,9,17,4369003
Malas,2048,384,2057,481,-50,9,17,4369003
Malas,2048,384,2071,481,-50,9,17,4369003
Malas,2048,384,2080,481,-50,9,17,4369003
Malas,2048,384,2103,481,-50,9,17,4369003
Malas,2048,384,2112,483,-50,9,17,4369003
Malas,2048,384,2069,494,-50,9,17,4369003
Malas,2048,384,2093,494,-50,9,17,4369003
Malas,2048,512,2081,512,-50,9,17,4369003
Malas,2048,512,2090,512,-50,9,17,4369003
Malas,2048,512,2164,512,-90,9,17,4369003
Malas,2048,512,2099,526,-50,9,17,4369003
Malas,2048,512,2165,529,-90,9,17,4369003
Malas,2048,512,2164,534,-90,9,17,4369003
Malas,2048,512,2163,536,-90,9,17,4369003
Malas,2048,512,2162,538,-90,9,17,4369003
Malas,2048,512,2166,555,-90,9,17,4369003
Malas,2048,512,2055,567,-90,9,17,4369003
Malas,2048,512,2048,569,-90,9,17,4369003
Malas,2048,512,2064,571,-90,9,17,4369003
Malas,2048,512,2073,574,-90,9,17,4369003
Malas,2048,512,2116,577,-50,9,17,4369003
Malas,2048,512,2114,578,-50,9,17,4369003
Malas,2048,512,2113,580,-50,9,17,4369003
Malas,2048,512,2112,582,-50,9,17,4369003
Malas,2048,512,2110,583,-50,9,17,4369003
Malas,2048,512,2125,583,-50,9,17,4369003
Malas,2048,512,2057,584,-90,9,17,4369003
Malas,2048,512,2108,584,-50,9,17,4369003
Malas,2048,512,2048,586,-90,9,17,4369003
Malas,2048,512,2106,586,-50,9,17,4369003
Malas,2048,512,2066,588,-90,9,17,4369003
Malas,2048,512,2105,588,-50,9,17,4369003
Malas,2048,512,2123,594,-50,9,17,4369003
Malas,2048,512,2122,595,-50,9,17,4369003
Malas,2048,512,2121,597,-50,9,17,4369003
Malas,2048,512,2119,599,-50,9,17,4369003
Malas,2048,512,2057,601,-90,9,17,4369003
Malas,2048,512,2048,603,-90,9,17,4369003
Malas,2048,512,2066,605,-90,9,17,4369003
Malas,2048,512,2058,618,-90,9,17,4369003
Malas,2048,512,2075,619,-90,9,17,4369003
Malas,2048,512,2048,620,-90,9,17,4369003
Malas,2048,512,2067,622,-90,9,17,4369003
Malas,2048,640,2053,640,-90,9,17,4369003
Malas,2048,640,2071,640,-90,9,17,4369003
Malas,2048,640,2080,640,-90,9,17,4369003
Malas,2048,640,2089,640,-90,9,17,4369003
Malas,2048,640,2129,640,-90,9,17,4369003
Malas,2048,640,2138,640,-90,9,17,4369003
Malas,2048,640,2147,640,-90,9,17,4369003
Malas,2048,640,2098,641,-90,9,17,4369003
Malas,2048,640,2107,641,-90,9,17,4369003
Malas,2048,640,2116,641,-90,9,17,4369003
Malas,2048,640,2156,644,-90,9,17,4369003
Malas,2048,640,2062,654,-90,9,17,4369003
Malas,2048,640,2165,656,-90,9,17,4369003
Malas,2048,640,2057,657,-90,9,17,4369003
Malas,2048,640,2071,657,-90,9,17,4369003
Malas,2048,640,2088,657,-90,9,17,4369003
Malas,2048,640,2097,657,-90,9,17,4369003
Malas,2048,640,2128,657,-90,9,17,4369003
Malas,2048,640,2137,657,-90,9,17,4369003
Malas,2048,640,2153,657,-90,9,17,4369003
Malas,2048,640,2106,658,-90,9,17,4369003
Malas,2048,640,2115,658,-90,9,17,4369003
Malas,2048,640,2162,661,-90,9,17,4369003
Malas,2048,640,2080,663,-90,9,17,4369003
Malas,2048,640,2068,671,-90,9,17,4369003
Malas,2048,640,2057,674,-90,9,17,4369003
Malas,2048,640,2077,674,-90,9,17,4369003
Malas,2048,640,2089,674,-90,9,17,4369003
Malas,2048,640,2098,674,-90,9,17,4369003
Malas,2048,640,2107,675,-90,9,17,4369003
Malas,2048,640,2066,676,-90,9,17,4369003
Malas,2048,640,2150,678,-90,9,17,4369003
Malas,2048,640,2086,680,-90,9,17,4369003
Malas,2048,640,2056,682,-90,9,17,4369003
Malas,2048,640,2123,682,-90,9,17,4369003
Malas,2048,640,2055,684,-90,9,17,4369003
Malas,2048,640,2054,686,-90,9,17,4369003
Malas,2048,640,2132,686,-90,9,17,4369003
Malas,2048,640,2119,687,-90,9,17,4369003
Malas,2048,640,2141,687,-90,9,17,4369003
Malas,2048,640,2053,688,-90,9,17,4369003
Malas,2048,640,2075,688,-90,9,17,4369003
Malas,2048,640,2159,688,-90,9,17,4369003
Malas,2048,640,2116,689,-90,9,17,4369003
Malas,2048,640,2084,691,-90,9,17,4369003
Malas,2048,640,2102,691,-90,9,17,4369003
Malas,2048,640,2052,692,-90,9,17,4369003
Malas,2048,640,2111,692,-90,9,17,4369003
Malas,2048,640,2074,693,-90,9,17,4369003
Malas,2048,640,2050,694,-89,9,17,4369003
Malas,2048,640,2150,695,-90,9,17,4369003
Malas,2048,640,2049,698,-88,9,17,4369003
Malas,2048,640,2128,699,-90,9,17,4369003
Malas,2048,640,2048,703,-88,9,17,4369003
Malas,2048,640,2137,703,-90,9,17,4369003
Malas,2048,640,2125,704,-90,9,17,4369003
Malas,2048,640,2146,704,-90,9,17,4369003
Malas,2048,640,2159,705,-90,9,17,4369003
Malas,2048,640,2120,706,-90,9,17,4369003
Malas,2048,640,2155,712,-90,9,17,4369003
Malas,2048,640,2048,720,-90,9,17,4369003
Malas,2048,640,2048,737,-90,9,17,4369003
Malas,2048,768,2048,828,-90,9,17,4369003
Malas,2048,768,2057,837,-90,9,17,4369003
Malas,2048,768,2053,845,-90,9,17,4369003
Malas,2048,768,2048,848,-90,9,17,4369003
Malas,2048,1152,2048,1191,-90,9,17,4369003
Malas,2048,1152,2128,1202,-90,9,17,4369003
Malas,2048,1152,2145,1202,-90,9,17,4369003
Malas,2048,1152,2154,1202,-90,9,17,4369003
Malas,2048,1152,2137,1205,-90,9,17,4369003
Malas,2048,1152,2118,1207,-90,9,17,4369003
Malas,2048,1152,2127,1207,-90,9,17,4369003
Malas,2048,1152,2163,1207,-90,9,17,4369003
Malas,2048,1152,2114,1208,-90,9,17,4369003
Malas,2048,1152,2107,1210,-90,9,17,4369003
Malas,2048,1152,2106,1215,-90,9,17,4369003
Malas,2048,1152,2102,1217,-90,9,17,4369003
Malas,2048,1152,2099,1221,-90,9,17,4369003
Malas,2048,1152,2097,1225,-90,9,17,4369003
Malas,2048,1152,2095,1226,-90,9,17,4369003
Malas,2048,1152,2092,1229,-89,9,17,4369003
Malas,2048,1152,2087,1230,-88,9,17,4369003
Malas,2048,1152,2086,1231,-88,9,17,4369003
Malas,2048,1152,2084,1232,-88,9,17,4369003
Malas,2048,1152,2081,1233,-88,9,17,4369003
Malas,2048,1280,2059,1302,-90,9,17,4369003
Malas,2048,1280,2142,1306,-89,9,17,4369003
Malas,2048,1280,2140,1307,-88,9,17,4369003
Malas,2048,1280,2139,1308,-88,9,17,4369003
Malas,2048,1280,2137,1309,-88,9,17,4369003
Malas,2048,1280,2136,1310,-88,9,17,4369003
Malas,2048,1280,2048,1311,-90,9,17,4369003
Malas,2048,1280,2135,1311,-88,9,17,4369003
Malas,2048,1280,2151,1311,-90,9,17,4369003
Malas,2048,1280,2133,1312,-88,9,17,4369003
Malas,2048,1280,2131,1313,-88,9,17,4369003
Malas,2048,1280,2130,1314,-88,9,17,4369003
Malas,2048,1280,2125,1316,-88,9,17,4369003
Malas,2048,1280,2124,1318,-90,9,17,4369003
Malas,2048,1280,2160,1320,-90,9,17,4369003
Malas,2048,1280,2094,1327,-89,9,17,4369003
Malas,2048,1280,2134,1331,-90,9,17,4369003
Malas,2048,1280,2133,1333,-90,9,17,4369003
Malas,2048,1280,2126,1335,-90,9,17,4369003
Malas,2048,1280,2165,1337,-90,9,17,4369003
Malas,2048,1280,2093,1338,-88,9,17,4369003
Malas,2048,1280,2092,1340,-88,9,17,4369003
Malas,2048,1280,2153,1341,-90,9,17,4369003
Malas,2048,1280,2150,1343,-90,9,17,4369003
Malas,2048,1280,2162,1343,-90,9,17,4369003
Malas,2048,1280,2135,1350,-90,9,17,4369003
Malas,2048,1280,2125,1351,-90,9,17,4369003
Malas,2048,1280,2134,1352,-90,9,17,4369003
Malas,2048,1280,2096,1357,-90,9,17,4369003
Malas,2048,1280,2144,1357,-90,9,17,4369003
Malas,2048,1280,2159,1358,-90,9,17,4369003
Malas,2048,1280,2153,1360,-90,9,17,4369003
Malas,2048,1280,2143,1367,-90,9,17,4369003
Malas,2048,1280,2125,1368,-90,9,17,4369003
Malas,2048,1280,2134,1369,-90,9,17,4369003
Malas,2048,1280,2065,1383,-90,9,17,4369003
Malas,2048,1280,2081,1383,-90,9,17,4369003
Malas,2048,1280,2090,1384,-90,9,17,4369003
Malas,2048,1280,2143,1384,-90,9,17,4369003
Malas,2048,1280,2125,1385,-90,9,17,4369003
Malas,2048,1280,2134,1386,-90,9,17,4369003
Malas,2048,1280,2080,1387,-90,9,17,4369003
Malas,2048,1280,2152,1387,-90,9,17,4369003
Malas,2048,1280,2063,1388,-90,9,17,4369003
Malas,2048,1408,2109,1408,-90,9,17,4369003
Malas,2048,1408,2118,1408,-90,9,17,4369003
Malas,2048,1408,2127,1408,-90,9,17,4369003
Malas,2048,1408,2136,1408,-90,9,17,4369003
Malas,2048,1408,2145,1408,-90,9,17,4369003
Malas,2048,1408,2108,1410,-90,9,17,4369003
Malas,2048,1408,2107,1411,-90,9,17,4369003
Malas,2048,1408,2105,1412,-90,9,17,4369003
Malas,2048,1408,2104,1413,-90,9,17,4369003
Malas,2048,1408,2103,1414,-90,9,17,4369003
Malas,2048,1408,2102,1415,-90,9,17,4369003
Malas,2048,1408,2101,1416,-90,9,17,4369003
Malas,2048,1408,2100,1417,-90,9,17,4369003
Malas,2048,1408,2066,1418,-90,9,17,4369003
Malas,2048,1408,2097,1418,-90,9,17,4369003
Malas,2048,1408,2063,1419,-90,9,17,4369003
Malas,2048,1408,2076,1419,-90,9,17,4369003
Malas,2048,1408,2085,1419,-90,9,17,4369003
Malas,2048,1408,2094,1419,-90,9,17,4369003
Malas,2048,1408,2062,1420,-90,9,17,4369003
Malas,2048,1408,2161,1420,-90,9,17,4369003
Malas,2048,1408,2061,1421,-90,9,17,4369003
Malas,2048,1408,2060,1422,-90,9,17,4369003
Malas,2048,1408,2057,1423,-90,9,17,4369003
Malas,2048,1408,2117,1425,-90,9,17,4369003
Malas,2048,1408,2138,1425,-90,9,17,4369003
Malas,2048,1408,2147,1425,-90,9,17,4369003
Malas,2048,1408,2156,1426,-90,9,17,4369003
Malas,2048,1408,2116,1427,-90,9,17,4369003
Malas,2048,1408,2115,1428,-90,9,17,4369003
Malas,2048,1408,2048,1439,-90,9,17,4369003
Malas,2048,1408,2057,1440,-90,9,17,4369003
Malas,2048,1408,2125,1442,-90,9,17,4369003
Malas,2048,1408,2138,1442,-89,9,17,4369003
Malas,2048,1408,2147,1442,-90,9,17,4369003
Malas,2048,1408,2124,1444,-90,9,17,4369003
Malas,2048,1408,2122,1445,-90,9,17,4369003
Malas,2048,1408,2134,1445,-90,9,17,4369003
Malas,2048,1408,2107,1508,-90,9,17,4369003
Malas,2048,1408,2095,1513,-90,9,17,4369003
Malas,2048,1408,2117,1514,-90,9,17,4369003
Malas,2048,1408,2126,1517,-90,9,17,4369003
Malas,2048,1536,2068,1536,-90,9,17,4369003
Malas,2048,1536,2077,1536,-90,9,17,4369003
Malas,2048,1536,2091,1536,-90,9,17,4369003
Malas,2048,1536,2109,1536,-90,9,17,4369003
Malas,2048,1536,2120,1536,-90,9,17,4369003
Malas,2048,1536,2129,1536,-90,9,17,4369003
Malas,2048,1536,2118,1538,-90,9,17,4369003
Malas,2048,1536,2066,1542,-90,9,17,4369003
Malas,2048,1536,2103,1546,-90,9,17,4369003
Malas,2048,1536,2061,1549,-90,9,17,4369003
Malas,2048,1536,2144,1549,-90,9,17,4369003
Malas,2048,1536,2100,1552,-90,9,17,4369003
Malas,2048,1536,2084,1553,-90,9,17,4369003
Malas,2048,1536,2095,1553,-90,9,17,4369003
Malas,2048,1536,2075,1556,-90,9,17,4369003
Malas,2048,1536,2141,1558,-90,9,17,4369003
Malas,2048,1536,2070,1559,-90,9,17,4369003
Malas,2048,1536,2093,1562,-90,9,17,4369003
Malas,2048,1536,2061,1566,-90,9,17,4369003
Malas,2048,1536,2087,1575,-90,9,17,4369003
Malas,2048,1536,2067,1583,-90,9,17,4369003
Malas,2048,1536,2079,1585,-90,9,17,4369003
Malas,2048,1536,2077,1588,-90,9,17,4369003
Malas,2048,1536,2051,1589,-90,9,17,4369003
Malas,2048,1536,2061,1592,-90,9,17,4369003
Malas,2048,1536,2088,1592,-90,9,17,4369003
Malas,2048,1536,2076,1595,-90,9,17,4369003
Malas,2048,1536,2097,1596,-90,9,17,4369003
Malas,2048,1536,2070,1600,-90,9,17,4369003
Malas,2048,1536,2086,1602,-90,9,17,4369003
Malas,2048,1536,2085,1605,-90,9,17,4369003
Malas,2048,1536,2052,1606,-90,9,17,4369003
Malas,2048,1536,2048,1607,-90,9,17,4369003
Malas,2048,1536,2065,1609,-90,9,17,4369003
Malas,2048,1536,2061,1611,-90,9,17,4369003
Malas,2048,1536,2137,1616,-90,9,17,4369003
Malas,2048,1536,2074,1617,-90,9,17,4369003
Malas,2048,1536,2110,1618,-90,9,17,4369003
Malas,2048,1536,2057,1623,-90,9,17,4369003
Malas,2048,1536,2093,1623,-90,9,17,4369003
Malas,2048,1536,2049,1624,-90,9,17,4369003
Malas,2048,1536,2146,1624,-90,9,17,4369003
Malas,2048,1536,2087,1625,-90,9,17,4369003
Malas,2048,1536,2107,1627,-90,9,17,4369003
Malas,2048,1536,2119,1627,-90,9,17,4369003
Malas,2048,1536,2128,1627,-90,9,17,4369003
Malas,2048,1536,2102,1630,-90,9,17,4369003
Malas,2048,1536,2084,1633,-90,9,17,4369003
Malas,2048,1536,2140,1633,-90,9,17,4369003
Malas,2048,1536,2160,1634,-90,9,17,4369003
Malas,2048,1536,2116,1635,-90,9,17,4369003
Malas,2048,1536,2139,1639,-90,9,17,4369003
Malas,2048,1536,2096,1640,-90,9,17,4369003
Malas,2048,1536,2093,1642,-90,9,17,4369003
Malas,2048,1536,2078,1644,-90,9,17,4369003
Malas,2048,1664,2096,1664,-90,9,17,4369003
Malas,2048,1664,2134,1664,-90,9,17,4369003
Malas,2048,1664,2163,1664,-90,9,17,4369003
Malas,2048,1664,2143,1669,-90,9,17,4369003
Malas,2048,1664,2158,1669,-90,9,17,4369003
Malas,2048,1664,2113,1670,-90,9,17,4369003
Malas,2048,1664,2153,1670,-90,9,17,4369003
Malas,2048,1664,2133,1676,-90,9,17,4369003
Malas,2048,1664,2124,1678,-90,9,17,4369003
Malas,2048,1664,2106,1680,-90,9,17,4369003
Malas,2048,1664,2142,1681,-90,9,17,4369003
Malas,2048,1664,2122,1686,-90,9,17,4369003
Malas,2048,1664,2162,1686,-90,9,17,4369003
Malas,2048,1664,2120,1687,-90,9,17,4369003
Malas,2048,1664,2155,1687,-90,9,17,4369003
Malas,2048,1664,2117,1690,-90,9,17,4369003
Malas,2048,1664,2133,1693,-90,9,17,4369003
Malas,2048,1664,2131,1695,-90,9,17,4369003
Malas,2048,1664,2154,1695,-90,9,17,4369003
Malas,2048,1664,2116,1700,-90,9,17,4369003
Malas,2048,1664,2144,1703,-90,9,17,4369003
Malas,2048,1664,2163,1704,-90,9,17,4369003
Malas,2048,1664,2161,1712,-90,9,17,4369003
Malas,2048,1664,2072,1757,-90,9,17,4369003
Malas,2048,1664,2082,1765,-90,9,17,4369003
Malas,2048,1664,2071,1770,-90,9,17,4369003
Malas,2048,1792,2111,1792,-90,9,17,4369003
Malas,2048,1792,2120,1793,-90,9,17,4369003
Malas,2048,1792,2137,1800,-90,9,17,4369003
Malas,2176,128,2244,128,-90,9,17,4388003
Malas,2176,128,2239,136,-90,9,17,4388003
Malas,2176,128,2235,137,-90,9,17,4388003
Malas,2176,128,2214,143,-90,9,17,4388003
Malas,2176,128,2223,144,-90,9,17,4388003
Malas,2176,128,2250,147,-90,9,17,4388003
Malas,2176,128,2212,148,-90,9,17,4388003
Malas,2176,128,2248,148,-90,9,17,4388003
Malas,2176,128,2259,150,-90,9,17,4388003
Malas,2176,128,2209,151,-90,9,17,4388003
Malas,2176,128,2205,153,-90,9,17,4388003
Malas,2176,128,2232,154,-90,9,17,4388003
Malas,2176,128,2241,154,-90,9,17,4388003
Malas,2176,128,2194,155,-90,9,17,4388003
Malas,2176,128,2221,161,-90,9,17,4388003
Malas,2176,128,2230,161,-90,9,17,4388003
Malas,2176,128,2265,167,-90,9,17,4388003
Malas,2176,128,2212,170,-90,9,17,4388003
Malas,2176,128,2274,177,-90,9,17,4388003
Malas,2176,128,2224,178,-90,9,17,4388003
Malas,2176,128,2283,183,-90,9,17,4388003
Malas,2176,128,2252,233,-90,9,17,4388003
Malas,2176,256,2176,256,-90,9,17,4388003
Malas,2176,256,2185,256,-90,9,17,4388003
Malas,2176,256,2245,256,-90,9,17,4388003
Malas,2176,256,2254,256,-90,9,17,4388003
Malas,2176,256,2240,257,-90,9,17,4388003
Malas,2176,256,2263,258,-90,9,17,4388003
Malas,2176,256,2237,267,-90,9,17,4388003
Malas,2176,256,2236,269,-90,9,17,4388003
Malas,2176,256,2235,271,-90,9,17,4388003
Malas,2176,256,2176,273,-90,9,17,4388003
Malas,2176,256,2185,273,-90,9,17,4388003
Malas,2176,256,2234,273,-90,9,17,4388003
Malas,2176,256,2249,273,-90,9,17,4388003
Malas,2176,256,2258,273,-90,9,17,4388003
Malas,2176,256,2247,274,-90,9,17,4388003
Malas,2176,256,2233,275,-90,9,17,4388003
Malas,2176,256,2232,277,-90,9,17,4388003
Malas,2176,256,2231,278,-90,9,17,4388003
Malas,2176,256,2246,278,-90,9,17,4388003
Malas,2176,256,2230,279,-90,9,17,4388003
Malas,2176,256,2229,281,-90,9,17,4388003
Malas,2176,256,2228,282,-90,9,17,4388003
Malas,2176,256,2194,283,-90,9,17,4388003
Malas,2176,256,2245,284,-90,9,17,4388003
Malas,2176,256,2244,286,-90,9,17,4388003
Malas,2176,256,2203,288,-90,9,17,4388003
Malas,2176,256,2212,288,-90,9,17,4388003
Malas,2176,256,2243,288,-90,9,17,4388003
Malas,2176,256,2176,290,-90,9,17,4388003
Malas,2176,256,2185,290,-90,9,17,4388003
Malas,2176,256,2221,290,-90,9,17,4388003
Malas,2176,256,2242,290,-90,9,17,4388003
Malas,2176,256,2241,292,-90,9,17,4388003
Malas,2176,256,2240,294,-90,9,17,4388003
Malas,2176,256,2239,295,-90,9,17,4388003
Malas,2176,256,2238,296,-90,9,17,4388003
Malas,2176,256,2237,298,-90,9,17,4388003
Malas,2176,256,2230,299,-90,9,17,4388003
Malas,2176,256,2203,305,-90,9,17,4388003
Malas,2176,256,2212,305,-90,9,17,4388003
Malas,2176,256,2221,307,-90,9,17,4388003
Malas,2176,256,2201,313,-90,9,17,4388003
Malas,2176,256,2239,315,-90,9,17,4388003
Malas,2176,256,2230,316,-90,9,17,4388003
Malas,2176,256,2210,322,-90,9,17,4388003
Malas,2176,256,2220,322,-90,9,17,4388003
Malas,2176,256,2288,326,-90,9,17,4388003
Malas,2176,256,2287,328,-90,9,17,4388003
Malas,2176,256,2207,330,-90,9,17,4388003
Malas,2176,256,2219,330,-90,9,17,4388003
Malas,2176,256,2229,330,-90,9,17,4388003
Malas,2176,256,2248,330,-90,9,17,4388003
Malas,2176,256,2286,330,-90,9,17,4388003
Malas,2176,256,2239,332,-90,9,17,4388003
Malas,2176,256,2266,332,-90,9,17,4388003
Malas,2176,256,2275,332,-90,9,17,4388003
Malas,2176,256,2238,333,-90,9,17,4388003
Malas,2176,256,2176,336,-90,9,17,4388003
Malas,2176,256,2185,336,-90,9,17,4388003
Malas,2176,256,2200,338,-90,9,17,4388003
Malas,2176,256,2218,339,-90,9,17,4388003
Malas,2176,256,2228,339,-90,9,17,4388003
Malas,2176,256,2216,340,-90,9,17,4388003
Malas,2176,256,2284,341,-90,9,17,4388003
Malas,2176,256,2258,343,-90,9,17,4388003
Malas,2176,256,2209,347,-90,9,17,4388003
Malas,2176,256,2227,347,-90,9,17,4388003
Malas,2176,256,2237,347,-90,9,17,4388003
Malas,2176,256,2248,347,-90,9,17,4388003
Malas,2176,256,2247,349,-90,9,17,4388003
Malas,2176,256,2267,349,-90,9,17,4388003
Malas,2176,256,2276,349,-90,9,17,4388003
Malas,2176,256,2246,350,-90,9,17,4388003
Malas,2176,256,2198,352,-90,9,17,4388003
Malas,2176,256,2293,352,-90,9,17,4388003
Malas,2176,256,2176,353,-90,9,17,4388003
Malas,2176,256,2207,355,-90,9,17,4388003
Malas,2176,256,2225,356,-90,9,17,4388003
Malas,2176,256,2236,356,-90,9,17,4388003
Malas,2176,256,2221,357,-90,9,17,4388003
Malas,2176,256,2285,358,-90,9,17,4388003
Malas,2176,256,2219,360,-90,9,17,4388003
Malas,2176,256,2260,360,-90,9,17,4388003
Malas,2176,256,2234,364,-90,9,17,4388003
Malas,2176,256,2245,364,-90,9,17,4388003
Malas,2176,256,2256,365,-90,9,17,4388003
Malas,2176,256,2269,366,-90,9,17,4388003
Malas,2176,256,2280,366,-90,9,17,4388003
Malas,2176,384,2260,384,-90,9,17,4369003
Malas,2176,384,2269,384,-90,9,17,4369003
Malas,2176,384,2278,384,-90,9,17,4369003
Malas,2176,384,2185,390,-90,9,17,4369003
Malas,2176,384,2194,394,-90,9,17,4369003
Malas,2176,384,2182,400,-90,9,17,4369003
Malas,2176,384,2191,407,-90,9,17,4369003
Malas,2176,384,2176,408,-90,9,17,4369003
Malas,2176,384,2214,408,-90,9,17,4369003
Malas,2176,384,2204,410,-90,9,17,4369003
Malas,2176,384,2223,413,-90,9,17,4369003
Malas,2176,384,2185,417,-90,9,17,4369003
Malas,2176,384,2232,418,-90,9,17,4369003
Malas,2176,384,2213,421,-90,9,17,4369003
Malas,2176,384,2241,424,-90,9,17,4369003
Malas,2176,384,2176,425,-90,9,17,4369003
Malas,2176,384,2222,425,-90,9,17,4369003
Malas,2176,384,2199,426,-90,9,17,4369003
Malas,2176,384,2194,427,-90,9,17,4369003
Malas,2176,384,2208,427,-90,9,17,4369003
Malas,2176,384,2250,428,-90,9,17,4369003
Malas,2176,384,2268,436,-90,9,17,4369003
Malas,2176,384,2260,439,-90,9,17,4369003
Malas,2176,384,2277,440,-90,9,17,4369003
Malas,2176,384,2286,446,-90,9,17,4369003
Malas,2176,384,2269,453,-90,9,17,4369003
Malas,2176,384,2287,463,-90,9,17,4369003
Malas,2176,384,2278,464,-90,9,17,4369003
Malas,2176,512,2176,512,-90,9,17,4369003
Malas,2176,512,2185,512,-90,9,17,4369003
Malas,2176,512,2194,512,-90,9,17,4369003
Malas,2176,512,2203,512,-90,9,17,4369003
Malas,2176,512,2212,512,-90,9,17,4369003
Malas,2176,512,2221,512,-90,9,17,4369003
Malas,2176,512,2230,512,-90,9,17,4369003
Malas,2176,512,2239,512,-90,9,17,4369003
Malas,2176,512,2248,518,-90,9,17,4369003
Malas,2176,512,2257,521,-90,9,17,4369003
Malas,2176,512,2176,529,-90,9,17,4369003
Malas,2176,512,2185,529,-90,9,17,4369003
Malas,2176,512,2194,529,-90,9,17,4369003
Malas,2176,512,2203,529,-90,9,17,4369003
Malas,2176,512,2212,529,-90,9,17,4369003
Malas,2176,512,2221,529,-90,9,17,4369003
Malas,2176,512,2230,529,-90,9,17,4369003
Malas,2176,512,2239,529,-90,9,17,4369003
Malas,2176,512,2266,533,-90,9,17,4369003
Malas,2176,512,2248,535,-90,9,17,4369003
Malas,2176,512,2257,538,-90,9,17,4369003
Malas,2176,512,2275,544,-90,9,17,4369003
Malas,2176,512,2176,546,-90,9,17,4369003
Malas,2176,512,2185,546,-90,9,17,4369003
Malas,2176,512,2194,546,-90,9,17,4369003
Malas,2176,512,2203,546,-90,9,17,4369003
Malas,2176,512,2212,546,-90,9,17,4369003
Malas,2176,512,2221,546,-90,9,17,4369003
Malas,2176,512,2230,546,-90,9,17,4369003
Malas,2176,512,2239,546,-90,9,17,4369003
Malas,2176,512,2266,550,-90,9,17,4369003
Malas,2176,512,2248,552,-90,9,17,4369003
Malas,2176,512,2257,555,-90,9,17,4369003
Malas,2176,512,2275,561,-90,9,17,4369003
Malas,2176,512,2284,561,-90,9,17,4369003
Malas,2176,512,2182,563,-90,9,17,4369003
Malas,2176,512,2191,563,-90,9,17,4369003
Malas,2176,512,2200,563,-90,9,17,4369003
Malas,2176,512,2209,563,-90,9,17,4369003
Malas,2176,512,2218,563,-90,9,17,4369003
Malas,2176,512,2227,563,-90,9,17,4369003
Malas,2176,512,2236,563,-90,9,17,4369003
Malas,2176,512,2245,563,-90,9,17,4369003
Malas,2176,512,2266,567,-90,9,17,4369003
Malas,2176,512,2254,569,-90,9,17,4369003
Malas,2176,512,2263,572,-90,9,17,4369003
Malas,2176,512,2275,578,-90,9,17,4369003
Malas,2176,512,2284,578,-90,9,17,4369003
Malas,2176,512,2219,580,-90,9,17,4369003
Malas,2176,512,2228,580,-90,9,17,4369003
Malas,2176,512,2237,580,-90,9,17,4369003
Malas,2176,512,2246,580,-90,9,17,4369003
Malas,2176,512,2293,582,-90,9,17,4369003
Malas,2176,512,2272,584,-90,9,17,4369003
Malas,2176,512,2255,586,-90,9,17,4369003
Malas,2176,512,2264,589,-90,9,17,4369003
Malas,2176,512,2281,595,-90,9,17,4369003
Malas,2176,512,2244,597,-90,9,17,4369003
Malas,2176,512,2253,597,-90,9,17,4369003
Malas,2176,512,2273,601,-90,9,17,4369003
Malas,2176,512,2262,603,-90,9,17,4369003
Malas,2176,640,2176,663,-90,9,17,4369003
Malas,2176,640,2222,668,-90,9,17,4369003
Malas,2176,640,2220,669,-90,9,17,4369003
Malas,2176,640,2186,670,-90,9,17,4369003
Malas,2176,640,2219,670,-90,9,17,4369003
Malas,2176,640,2185,671,-90,9,17,4369003
Malas,2176,640,2195,671,-90,9,17,4369003
Malas,2176,640,2204,671,-90,9,17,4369003
Malas,2176,640,2233,671,-90,9,17,4369003
Malas,2176,640,2176,680,-90,9,17,4369003
Malas,2176,640,2243,681,-90,9,17,4369003
Malas,2176,640,2231,683,-90,9,17,4369003
Malas,2176,640,2229,685,-90,9,17,4369003
Malas,2176,640,2228,686,-90,9,17,4369003
Malas,2176,640,2252,686,-90,9,17,4369003
Malas,2176,640,2222,687,-90,9,17,4369003
Malas,2176,640,2240,695,-90,9,17,4369003
Malas,2176,640,2268,695,-90,9,17,4369003
Malas,2176,640,2277,695,-90,9,17,4369003
Malas,2176,640,2286,695,-90,9,17,4369003
Malas,2176,640,2229,704,-90,9,17,4369003
Malas,2176,640,2260,708,-90,9,17,4369003
Malas,2176,640,2249,709,-90,9,17,4369003
Malas,2176,640,2240,712,-90,9,17,4369003
Malas,2176,640,2238,713,-90,9,17,4369003
Malas,2176,1152,2180,1209,-90,9,17,4369003
Malas,2176,1152,2176,1211,-90,9,17,4369003
Malas,2176,1152,2189,1215,-90,9,17,4369003
Malas,2176,1152,2198,1219,-90,9,17,4369003
Malas,2176,1152,2210,1229,-90,9,17,4369003
Malas,2176,1152,2219,1245,-90,9,17,4369003
Malas,2176,1152,2214,1246,-90,9,17,4369003
Malas,2176,1280,2223,1280,-89,9,17,4369003
Malas,2176,1280,2222,1282,-88,9,17,4369003
Malas,2176,1280,2220,1305,-88,9,17,4369003
Malas,2176,1280,2218,1309,-88,9,17,4369003
Malas,2176,1280,2217,1310,-88,9,17,4369003
Malas,2176,1280,2216,1311,-88,9,17,4369003
Malas,2176,1280,2215,1312,-88,9,17,4369003
Malas,2176,1280,2211,1318,-88,9,17,4369003
Malas,2176,1280,2208,1319,-88,9,17,4369003
Malas,2176,1280,2207,1320,-88,9,17,4369003
Malas,2176,1280,2206,1321,-88,9,17,4369003
Malas,2176,1280,2205,1322,-88,9,17,4369003
Malas,2176,1280,2202,1323,-88,9,17,4369003
Malas,2176,1280,2201,1324,-88,9,17,4369003
Malas,2176,1280,2176,1325,-88,9,17,4369003
Malas,2176,1280,2185,1327,-88,9,17,4369003
Malas,2176,1280,2194,1338,-90,9,17,4369003
Malas,2176,1280,2176,1342,-90,9,17,4369003
Malas,2176,1280,2185,1344,-90,9,17,4369003
Malas,2176,1280,2211,1351,-88,9,17,4369003
Malas,2176,1280,2210,1355,-87,9,17,4369003
Malas,2176,1280,2209,1356,-87,9,17,4369003
Malas,2176,1280,2176,1359,-90,9,17,4369003
Malas,2176,1408,2271,1466,-90,9,17,4369003
Malas,2176,1408,2263,1467,-90,9,17,4369003
Malas,2176,1408,2261,1468,-90,9,17,4369003
Malas,2176,1408,2280,1468,-90,9,17,4369003
Malas,2176,1408,2253,1469,-90,9,17,4369003
Malas,2176,1408,2252,1470,-90,9,17,4369003
Malas,2176,1408,2289,1470,-90,9,17,4369003
Malas,2176,1408,2272,1483,-90,9,17,4369003
Malas,2176,1408,2270,1484,-90,9,17,4369003
Malas,2176,1408,2269,1485,-90,9,17,4369003
Malas,2176,1408,2281,1485,-90,9,17,4369003
Malas,2176,1408,2290,1487,-90,9,17,4369003
Malas,2176,1408,2179,1502,-90,9,17,4369003
Malas,2176,1408,2235,1513,-90,9,17,4369003
Malas,2176,1408,2244,1517,-90,9,17,4369003
Malas,2176,1408,2206,1518,-90,9,17,4369003
Malas,2176,1536,2179,1536,-90,9,17,4369003
Malas,2176,1536,2279,1536,-90,9,17,4369003
Malas,2176,1536,2294,1536,-90,9,17,4369003
Malas,2176,1536,2270,1539,-90,9,17,4369003
Malas,2176,1536,2244,1540,-90,9,17,4369003
Malas,2176,1536,2289,1540,-90,9,17,4369003
Malas,2176,1536,2264,1543,-90,9,17,4369003
Malas,2176,1536,2243,1551,-90,9,17,4369003
Malas,2176,1536,2242,1552,-90,9,17,4369003
Malas,2176,1536,2253,1552,-90,9,17,4369003
Malas,2176,1536,2230,1553,-90,9,17,4369003
Malas,2176,1536,2239,1553,-90,9,17,4369003
Malas,2176,1536,2244,1632,-90,9,17,4369003
Malas,2176,1536,2176,1634,-90,9,17,4369003
Malas,2176,1536,2185,1644,-90,9,17,4369003
Malas,2176,1664,2176,1664,-90,9,17,4369003
Malas,2176,1664,2220,1664,-90,9,17,4369003
Malas,2176,1664,2229,1664,-90,9,17,4369003
Malas,2176,1664,2238,1664,-90,9,17,4369003
Malas,2176,1664,2219,1669,-90,9,17,4369003
Malas,2176,1664,2251,1671,-90,9,17,4369003
Malas,2176,1664,2267,1672,-90,9,17,4369003
Malas,2176,1664,2278,1673,-90,9,17,4369003
Malas,2176,1664,2214,1674,-90,9,17,4369003
Malas,2176,1664,2247,1674,-90,9,17,4369003
Malas,2176,1664,2213,1675,-90,9,17,4369003
Malas,2176,1664,2276,1675,-90,9,17,4369003
Malas,2176,1664,2212,1676,-90,9,17,4369003
Malas,2176,1664,2211,1677,-90,9,17,4369003
Malas,2176,1664,2210,1678,-90,9,17,4369003
Malas,2176,1664,2209,1679,-90,9,17,4369003
Malas,2176,1664,2176,1681,-90,9,17,4369003
Malas,2176,1664,2236,1681,-90,9,17,4369003
Malas,2176,1664,2245,1681,-90,9,17,4369003
Malas,2176,1664,2228,1682,-90,9,17,4369003
Malas,2176,1664,2223,1686,-90,9,17,4369003
Malas,2176,1664,2205,1688,-90,9,17,4369003
Malas,2176,1664,2287,1688,-90,9,17,4369003
Malas,2176,1664,2269,1689,-90,9,17,4369003
Malas,2176,1664,2185,1690,-90,9,17,4369003
Malas,2176,1664,2202,1690,-90,9,17,4369003
Malas,2176,1664,2260,1690,-90,9,17,4369003
Malas,2176,1664,2285,1690,-90,9,17,4369003
Malas,2176,1664,2196,1691,-90,9,17,4369003
Malas,2176,1664,2222,1691,-90,9,17,4369003
Malas,2176,1664,2221,1692,-90,9,17,4369003
Malas,2176,1664,2280,1692,-90,9,17,4369003
Malas,2176,1664,2220,1693,-90,9,17,4369003
Malas,2176,1664,2278,1694,-90,9,17,4369003
Malas,2176,1664,2194,1696,-90,9,17,4369003
Malas,2176,1664,2214,1696,-90,9,17,4369003
Malas,2176,1664,2239,1698,-90,9,17,4369003
Malas,2176,1664,2248,1698,-90,9,17,4369003
Malas,2176,1664,2258,1698,-90,9,17,4369003
Malas,2176,1664,2269,1706,-90,9,17,4369003
Malas,2176,1664,2267,1707,-90,9,17,4369003
Malas,2176,1664,2257,1708,-90,9,17,4369003
Malas,2304,128,2305,184,-90,9,17,4388003
Malas,2304,128,2314,186,-90,9,17,4388003
Malas,2304,128,2323,187,-90,9,17,4388003
Malas,2304,128,2332,188,-90,9,17,4388003
Malas,2304,128,2345,192,-90,9,17,4388003
Malas,2304,128,2341,198,-90,9,17,4388003
Malas,2304,128,2362,203,-90,9,17,4388003
Malas,2304,128,2324,204,-90,9,17,4388003
Malas,2304,128,2333,206,-90,9,17,4388003
Malas,2304,128,2374,206,-90,9,17,4388003
Malas,2304,128,2372,214,-90,9,17,4388003
Malas,2304,128,2342,215,-90,9,17,4388003
Malas,2304,128,2383,215,-90,9,17,4388003
Malas,2304,128,2353,217,-90,9,17,4388003
Malas,2304,128,2351,218,-90,9,17,4388003
Malas,2304,128,2392,222,-90,9,17,4388003
Malas,2304,128,2340,223,-90,9,17,4388003
Malas,2304,128,2362,224,-90,9,17,4388003
Malas,2304,128,2381,225,-90,9,17,4388003
Malas,2304,128,2371,228,-90,9,17,4388003
Malas,2304,128,2380,231,-90,9,17,4388003
Malas,2304,128,2349,232,-90,9,17,4388003
Malas,2304,128,2401,232,-90,9,17,4388003
Malas,2304,128,2360,234,-90,9,17,4388003
Malas,2304,128,2358,235,-90,9,17,4388003
Malas,2304,256,2413,256,-90,9,17,4388003
Malas,2304,256,2330,303,-90,9,17,4388003
Malas,2304,256,2326,309,-90,9,17,4388003
Malas,2304,256,2324,312,-90,9,17,4388003
Malas,2304,256,2318,313,-90,9,17,4388003
Malas,2304,256,2316,315,-90,9,17,4388003
Malas,2304,256,2313,322,-90,9,17,4388003
Malas,2304,256,2304,325,-90,9,17,4388003
Malas,2304,256,2327,329,-90,9,17,4388003
Malas,2304,256,2314,341,-90,9,17,4388003
Malas,2304,256,2304,342,-90,9,17,4388003
Malas,2304,256,2313,342,-90,9,17,4388003
Malas,2304,256,2323,347,-90,9,17,4388003
Malas,2304,256,2304,359,-90,9,17,4388003
Malas,2304,256,2338,362,-90,9,17,4388003
Malas,2304,384,2316,392,-90,9,17,4369003
Malas,2304,384,2304,454,-90,9,17,4369003
Malas,2304,384,2313,456,-90,9,17,4369003
Malas,2304,384,2322,459,-90,9,17,4369003
Malas,2304,384,2331,462,-90,9,17,4369003
Malas,2304,384,2344,467,-90,9,17,4369003
Malas,2304,384,2304,471,-90,9,17,4369003
Malas,2304,384,2353,471,-90,9,17,4369003
Malas,2304,384,2319,475,-90,9,17,4369003
Malas,2304,384,2362,479,-90,9,17,4369003
Malas,2304,384,2337,482,-90,9,17,4369003
Malas,2304,384,2313,484,-90,9,17,4369003
Malas,2304,384,2328,484,-90,9,17,4369003
Malas,2304,384,2352,484,-90,9,17,4369003
Malas,2304,384,2371,487,-90,9,17,4369003
Malas,2304,384,2304,488,-90,9,17,4369003
Malas,2304,384,2322,492,-90,9,17,4369003
Malas,2304,512,2341,512,-90,9,17,4369003
Malas,2304,512,2350,512,-90,9,17,4369003
Malas,2304,512,2359,512,-90,9,17,4369003
Malas,2304,512,2368,512,-90,9,17,4369003
Malas,2304,512,2377,512,-90,9,17,4369003
Malas,2304,512,2368,529,-90,9,17,4369003
Malas,2304,512,2377,529,-90,9,17,4369003
Malas,2304,512,2361,532,-90,9,17,4369003
Malas,2304,512,2386,539,-90,9,17,4369003
Malas,2304,512,2370,546,-90,9,17,4369003
Malas,2304,512,2379,546,-90,9,17,4369003
Malas,2304,512,2365,549,-90,9,17,4369003
Malas,2304,512,2395,550,-90,9,17,4369003
Malas,2304,512,2404,558,-90,9,17,4369003
Malas,2304,512,2374,563,-90,9,17,4369003
Malas,2304,512,2422,564,-90,9,17,4369003
Malas,2304,512,2367,566,-90,9,17,4369003
Malas,2304,512,2397,567,-90,9,17,4369003
Malas,2304,512,2388,568,-90,9,17,4369003
Malas,2304,512,2406,575,-90,9,17,4369003
Malas,2304,512,2415,575,-90,9,17,4369003
Malas,2304,512,2376,580,-90,9,17,4369003
Malas,2304,512,2366,582,-90,9,17,4369003
Malas,2304,512,2375,583,-90,9,17,4369003
Malas,2304,512,2401,584,-90,9,17,4369003
Malas,2304,512,2391,585,-90,9,17,4369003
Malas,2304,512,2385,586,-90,9,17,4369003
Malas,2304,512,2410,592,-90,9,17,4369003
Malas,2304,512,2419,592,-90,9,17,4369003
Malas,2304,512,2384,597,-90,9,17,4369003
Malas,2304,512,2367,599,-90,9,17,4369003
Malas,2304,512,2356,600,-90,9,17,4369003
Malas,2304,512,2376,600,-90,9,17,4369003
Malas,2304,512,2354,601,-90,9,17,4369003
Malas,2304,512,2365,601,-90,9,17,4369003
Malas,2304,512,2409,601,-90,9,17,4369003
Malas,2304,512,2353,602,-90,9,17,4369003
Malas,2304,512,2352,606,-90,9,17,4369003
Malas,2304,512,2351,608,-90,9,17,4369003
Malas,2304,512,2419,609,-90,9,17,4369003
Malas,2304,512,2374,616,-90,9,17,4369003
Malas,2304,512,2363,617,-90,9,17,4369003
Malas,2304,512,2362,618,-90,9,17,4369003
Malas,2304,512,2372,618,-90,9,17,4369003
Malas,2304,512,2361,619,-90,9,17,4369003
Malas,2304,512,2416,622,-90,9,17,4369003
Malas,2304,640,2351,640,-90,9,17,4369003
Malas,2304,640,2360,640,-90,9,17,4369003
Malas,2304,640,2369,640,-90,9,17,4369003
Malas,2304,640,2385,640,-90,9,17,4369003
Malas,2304,640,2394,640,-90,9,17,4369003
Malas,2304,640,2403,640,-90,9,17,4369003
Malas,2304,640,2412,640,-90,9,17,4369003
Malas,2304,640,2378,644,-90,9,17,4369003
Malas,2304,640,2350,652,-90,9,17,4369003
Malas,2304,640,2349,654,-90,9,17,4369003
Malas,2304,640,2359,657,-90,9,17,4369003
Malas,2304,640,2368,657,-90,9,17,4369003
Malas,2304,640,2377,657,-90,9,17,4369003
Malas,2304,640,2387,657,-90,9,17,4369003
Malas,2304,640,2396,657,-90,9,17,4369003
Malas,2304,640,2405,657,-90,9,17,4369003
Malas,2304,640,2414,657,-90,9,17,4369003
Malas,2304,640,2348,658,-90,9,17,4369003
Malas,2304,640,2347,660,-90,9,17,4369003
Malas,2304,640,2346,664,-90,9,17,4369003
Malas,2304,640,2344,666,-90,9,17,4369003
Malas,2304,640,2343,668,-90,9,17,4369003
Malas,2304,640,2358,669,-90,9,17,4369003
Malas,2304,640,2342,670,-90,9,17,4369003
Malas,2304,640,2357,671,-90,9,17,4369003
Malas,2304,640,2340,672,-90,9,17,4369003
Malas,2304,640,2338,674,-90,9,17,4369003
Malas,2304,640,2367,674,-90,9,17,4369003
Malas,2304,640,2376,674,-90,9,17,4369003
Malas,2304,640,2390,674,-90,9,17,4369003
Malas,2304,640,2418,674,-90,9,17,4369003
Malas,2304,640,2356,675,-90,9,17,4369003
Malas,2304,640,2403,675,-90,9,17,4369003
Malas,2304,640,2336,676,-90,9,17,4369003
Malas,2304,640,2334,678,-90,9,17,4369003
Malas,2304,640,2332,680,-90,9,17,4369003
Malas,2304,640,2330,682,-90,9,17,4369003
Malas,2304,640,2328,683,-90,9,17,4369003
Malas,2304,640,2326,684,-90,9,17,4369003
Malas,2304,640,2324,686,-90,9,17,4369003
Malas,2304,640,2320,687,-90,9,17,4369003
Malas,2304,640,2318,688,-90,9,17,4369003
Malas,2304,640,2314,689,-90,9,17,4369003
Malas,2304,640,2312,690,-90,9,17,4369003
Malas,2304,640,2304,691,-90,9,17,4369003
Malas,2304,640,2323,705,-90,9,17,4369003
Malas,2304,640,2321,706,-90,9,17,4369003
Malas,2304,640,2317,707,-90,9,17,4369003
Malas,2304,640,2307,708,-90,9,17,4369003
Malas,2304,640,2316,710,-90,9,17,4369003
Malas,2304,768,2343,768,-90,9,17,4369003
Malas,2304,1152,2373,1203,-90,9,17,4369003
Malas,2304,1408,2304,1473,-90,9,17,4369003
Malas,2304,1408,2313,1481,-90,9,17,4369003
Malas,2304,1408,2304,1490,-90,9,17,4369003
Malas,2304,1536,2367,1536,-90,9,17,4369003
Malas,2304,1536,2385,1536,-90,9,17,4369003
Malas,2304,1536,2304,1537,-90,9,17,4369003
Malas,2304,1536,2314,1537,-90,9,17,4369003
Malas,2304,1536,2323,1537,-90,9,17,4369003
Malas,2304,1536,2337,1537,-90,9,17,4369003
Malas,2304,1536,2347,1537,-90,9,17,4369003
Malas,2304,1536,2356,1538,-90,9,17,4369003
Malas,2304,1536,2365,1538,-90,9,17,4369003
Malas,2304,1536,2346,1549,-90,9,17,4369003
Malas,2304,1536,2376,1549,-90,9,17,4369003
Malas,2304,1536,2332,1550,-90,9,17,4369003
Malas,2304,1536,2375,1553,-90,9,17,4369003
Malas,2304,1536,2389,1553,-90,9,17,4369003
Malas,2304,1536,2326,1554,-90,9,17,4369003
Malas,2304,1536,2364,1558,-90,9,17,4369003
Malas,2304,1536,2309,1560,-90,9,17,4369003
Malas,2304,1536,2373,1560,-90,9,17,4369003
Malas,2304,1536,2320,1563,-90,9,17,4369003
Malas,2304,1536,2318,1564,-90,9,17,4369003
Malas,2304,1536,2335,1567,-90,9,17,4369003
Malas,2304,1664,2307,1664,-90,9,17,4369003
Malas,2304,1664,2322,1664,-90,9,17,4369003
Malas,2304,1664,2383,1664,-90,9,17,4369003
Malas,2304,1664,2394,1664,-90,9,17,4369003
Malas,2304,1664,2369,1668,-90,9,17,4369003
Malas,2304,1664,2379,1669,-90,9,17,4369003
Malas,2304,1664,2352,1670,-90,9,17,4369003
Malas,2304,1664,2349,1671,-90,9,17,4369003
Malas,2304,1664,2331,1678,-90,9,17,4369003
Malas,2304,1664,2316,1679,-90,9,17,4369003
Malas,2304,1664,2314,1681,-90,9,17,4369003
Malas,2304,1664,2325,1685,-90,9,17,4369003
Malas,2304,1664,2372,1685,-90,9,17,4369003
Malas,2304,1664,2345,1686,-90,9,17,4369003
Malas,2304,1664,2304,1693,-90,9,17,4369003
Malas,2304,1664,2368,1694,-90,9,17,4369003
Malas,2304,1664,2323,1696,-90,9,17,4369003
Malas,2432,512,2433,566,-90,9,17,4369003
Malas,2432,512,2442,570,-90,9,17,4369003
Malas,2432,512,2451,575,-90,9,17,4369003
Malas,2432,512,2432,581,-90,9,17,4369003
Malas,2432,512,2441,583,-90,9,17,4369003
Malas,2432,512,2450,587,-90,9,17,4369003
Malas,2432,512,2459,592,-90,9,17,4369003
Malas,2432,512,2432,598,-90,9,17,4369003
Malas,2432,512,2441,600,-90,9,17,4369003
Malas,2432,512,2450,604,-90,9,17,4369003
Malas,2432,512,2432,615,-90,9,17,4369003
Malas,2432,512,2450,621,-90,9,17,4369003
Malas,2432,640,2438,640,-90,9,17,4369003
Malas,2432,640,2432,650,-90,9,17,4369003
Tokuno,0,1408,0,1448,0,9,17,5369003
Tokuno,0,1408,9,1448,0,9,17,5369003
Tokuno,0,1408,18,1448,0,9,17,5369003
Tokuno,0,1408,27,1448,0,9,17,5369003
Tokuno,0,1408,36,1448,0,9,17,5369003
Tokuno,0,1408,45,1448,0,9,17,5369003
Tokuno,0,1408,54,1448,0,9,17,5369003
Tokuno,0,1408,63,1448,0,9,17,5369003
Tokuno,0,1408,72,1448,0,9,17,5369003
Tokuno,0,1408,81,1448,0,9,17,5369003
Tokuno,0,1408,90,1448,0,9,17,5369003
Tokuno,0,1408,99,1448,0,9,17,5369003
Tokuno,0,1408,108,1448,0,9,17,5369003
Tokuno,0,1408,117,1448,0,9,17,5369003
Tokuno,0,1408,0,1465,0,9,17,5369003
Tokuno,0,1408,9,1465,0,9,17,5369003
Tokuno,0,1408,18,1465,0,9,17,5369003
Tokuno,0,1408,27,1465,0,9,17,5369003
Tokuno,0,1408,36,1465,0,9,17,5369003
Tokuno,0,1408,45,1465,0,9,17,5369003
Tokuno,0,1408,54,1465,0,9,17,5369003
Tokuno,0,1408,63,1465,0,9,17,5369003
Tokuno,0,1408,72,1465,0,9,17,5369003
Tokuno,0,1408,81,1465,0,9,17,5369003
Tokuno,0,1408,90,1465,0,9,17,5369003
Tokuno,0,1408,99,1465,0,9,17,5369003
Tokuno,0,1408,108,1465,0,9,17,5369003
Tokuno,0,1408,117,1465,0,9,17,5369003
Tokuno,0,1408,0,1482,0,9,17,5369003
Tokuno,0,1408,9,1482,0,9,17,5369003
Tokuno,0,1408,18,1482,0,9,17,5369003
Tokuno,0,1408,27,1482,0,9,17,5369003
Tokuno,0,1408,36,1482,0,9,17,5369003
Tokuno,0,1408,45,1482,0,9,17,5369003
Tokuno,0,1408,54,1482,0,9,17,5369003
Tokuno,0,1408,63,1482,0,9,17,5369003
Tokuno,0,1408,72,1482,0,9,17,5369003
Tokuno,0,1408,81,1482,0,9,17,5369003
Tokuno,0,1408,90,1482,0,9,17,5369003
Tokuno,0,1408,99,1482,0,9,17,5369003
Tokuno,0,1408,108,1482,0,9,17,5369003
Tokuno,0,1408,117,1482,0,9,17,5369003
Tokuno,0,1408,0,1499,0,9,17,5369003
Tokuno,0,1408,9,1499,0,9,17,5369003
Tokuno,0,1408,18,1499,0,9,17,5369003
Tokuno,0,1408,27,1499,0,9,17,5369003
Tokuno,0,1408,36,1499,0,9,17,5369003
Tokuno,0,1408,45,1499,0,9,17,5369003
Tokuno,0,1408,54,1499,0,9,17,5369003
Tokuno,0,1408,63,1499,0,9,17,5369003
Tokuno,0,1408,72,1499,0,9,17,5369003
Tokuno,0,1408,81,1499,0,9,17,5369003
Tokuno,0,1408,90,1499,0,9,17,5369003
Tokuno,0,1408,99,1499,0,9,17,5369003
Tokuno,0,1408,108,1499,0,9,17,5369003
Tokuno,0,1408,117,1499,0,9,17,5369003
Tokuno,0,1408,0,1516,0,9,17,5369003
Tokuno,0,1408,9,1516,0,9,17,5369003
Tokuno,0,1408,18,1516,0,9,17,5369003
Tokuno,0,1408,27,1516,0,9,17,5369003
Tokuno,0,1408,36,1516,0,9,17,5369003
Tokuno,0,1408,45,1516,0,9,17,5369003
Tokuno,0,1408,54,1516,0,9,17,5369003
Tokuno,0,1408,63,1516,0,9,17,5369003
Tokuno,0,1408,72,1516,0,9,17,5369003
Tokuno,0,1408,81,1516,0,9,17,5369003
Tokuno,0,1408,90,1516,0,9,17,5369003
Tokuno,0,1408,99,1516,0,9,17,5369003
Tokuno,0,1408,108,1516,0,9,17,5369003
Tokuno,0,1408,117,1516,0,9,17,5369003
Tokuno,128,128,168,211,18,9,17,5369003
Tokuno,128,256,182,282,20,9,17,5369003
Tokuno,128,256,178,283,20,9,17,5369003
Tokuno,128,256,177,284,20,9,17,5369003
Tokuno,128,256,191,286,20,9,17,5369003
Tokuno,128,256,176,287,20,9,17,5369003
Tokuno,128,256,174,288,21,9,17,5369003
Tokuno,128,256,173,291,20,9,17,5369003
Tokuno,128,256,171,294,20,9,17,5369003
Tokuno,128,256,170,295,20,9,17,5369003
Tokuno,128,256,187,299,20,9,17,5369003
Tokuno,128,256,186,300,20,9,17,5369003
Tokuno,128,256,185,301,20,9,17,5369003
Tokuno,128,256,183,304,20,9,17,5369003
Tokuno,128,512,162,606,42,9,17,5369003
Tokuno,128,512,135,617,39,9,17,5369003
Tokuno,128,640,138,640,36,9,17,5369003
Tokuno,128,640,130,667,40,9,17,5369003
Tokuno,128,640,167,676,25,9,17,5369003
Tokuno,128,640,166,686,23,9,17,5369003
Tokuno,128,640,142,703,35,9,17,5369003
Tokuno,128,640,139,705,34,9,17,5369003
Tokuno,128,768,190,813,60,9,17,5369003
Tokuno,128,896,225,1002,10,9,17,5369003
Tokuno,128,896,195,1005,10,9,17,5369003
Tokuno,128,1024,189,1024,10,9,17,5369003
Tokuno,128,1024,198,1024,10,9,17,5369003
Tokuno,128,1024,223,1025,10,9,17,5369003
Tokuno,128,1024,185,1028,10,9,17,5369003
Tokuno,128,1024,232,1030,10,9,17,5369003
Tokuno,128,1024,183,1033,11,9,17,5369003
Tokuno,128,1024,182,1036,12,9,17,5369003
Tokuno,128,1024,214,1041,10,9,17,5369003
Tokuno,128,1024,223,1042,10,9,17,5369003
Tokuno,128,1024,210,1048,10,9,17,5369003
Tokuno,128,1024,240,1054,10,9,17,5369003
Tokuno,128,1024,222,1058,10,9,17,5369003
Tokuno,128,1024,197,1067,10,9,17,5369003
Tokuno,128,1024,221,1068,10,9,17,5369003
Tokuno,128,1024,220,1069,10,9,17,5369003
Tokuno,128,1024,219,1070,10,9,17,5369003
Tokuno,128,1024,218,1071,10,9,17,5369003
Tokuno,128,1024,245,1071,10,9,17,5369003
Tokuno,128,1024,211,1072,10,9,17,5369003
Tokuno,128,1024,196,1079,12,9,17,5369003
Tokuno,128,1024,209,1079,10,9,17,5369003
Tokuno,128,1024,205,1084,10,9,17,5369003
Tokuno,128,1024,218,1089,10,9,17,5369003
Tokuno,128,1024,245,1093,10,9,17,5369003
Tokuno,128,1024,238,1094,10,9,17,5369003
Tokuno,128,1024,214,1096,10,9,17,5369003
Tokuno,128,1024,239,1111,10,9,17,5369003
Tokuno,128,1024,226,1113,10,9,17,5369003
Tokuno,128,1024,246,1128,10,9,17,5369003
Tokuno,128,1408,128,1448,0,9,17,5369003
Tokuno,128,1408,137,1448,0,9,17,5369003
Tokuno,128,1408,146,1448,0,9,17,5369003
Tokuno,128,1408,155,1448,0,9,17,5369003
Tokuno,128,1408,164,1448,0,9,17,5369003
Tokuno,128,1408,173,1448,0,9,17,5369003
Tokuno,128,1408,182,1448,0,9,17,5369003
Tokuno,128,1408,191,1448,0,9,17,5369003
Tokuno,128,1408,200,1448,0,9,17,5369003
Tokuno,128,1408,209,1448,0,9,17,5369003
Tokuno,128,1408,218,1448,0,9,17,5369003
Tokuno,128,1408,227,1448,0,9,17,5369003
Tokuno,128,1408,236,1448,0,9,17,5369003
Tokuno,128,1408,245,1448,0,9,17,5369003
Tokuno,128,1408,128,1465,0,9,17,5369003
Tokuno,128,1408,137,1465,0,9,17,5369003
Tokuno,128,1408,146,1465,0,9,17,5369003
Tokuno,128,1408,155,1465,0,9,17,5369003
Tokuno,128,1408,164,1465,0,9,17,5369003
Tokuno,128,1408,173,1465,0,9,17,5369003
Tokuno,128,1408,182,1465,0,9,17,5369003
Tokuno,128,1408,191,1465,0,9,17,5369003
Tokuno,128,1408,200,1465,0,9,17,5369003
Tokuno,128,1408,209,1465,0,9,17,5369003
Tokuno,128,1408,218,1465,0,9,17,5369003
Tokuno,128,1408,227,1465,0,9,17,5369003
Tokuno,128,1408,236,1465,0,9,17,5369003
Tokuno,128,1408,245,1465,0,9,17,5369003
Tokuno,128,1408,128,1482,0,9,17,5369003
Tokuno,128,1408,137,1482,0,9,17,5369003
Tokuno,128,1408,146,1482,0,9,17,5369003
Tokuno,128,1408,155,1482,0,9,17,5369003
Tokuno,128,1408,164,1482,0,9,17,5369003
Tokuno,128,1408,173,1482,0,9,17,5369003
Tokuno,128,1408,182,1482,0,9,17,5369003
Tokuno,128,1408,191,1482,0,9,17,5369003
Tokuno,128,1408,200,1482,0,9,17,5369003
Tokuno,128,1408,209,1482,0,9,17,5369003
Tokuno,128,1408,218,1482,0,9,17,5369003
Tokuno,128,1408,227,1482,0,9,17,5369003
Tokuno,128,1408,236,1482,0,9,17,5369003
Tokuno,128,1408,245,1482,0,9,17,5369003
Tokuno,128,1408,128,1499,0,9,17,5369003
Tokuno,128,1408,137,1499,0,9,17,5369003
Tokuno,128,1408,146,1499,0,9,17,5369003
Tokuno,128,1408,155,1499,0,9,17,5369003
Tokuno,128,1408,164,1499,0,9,17,5369003
Tokuno,128,1408,173,1499,0,9,17,5369003
Tokuno,128,1408,182,1499,0,9,17,5369003
Tokuno,128,1408,191,1499,0,9,17,5369003
Tokuno,128,1408,200,1499,0,9,17,5369003
Tokuno,128,1408,209,1499,0,9,17,5369003
Tokuno,128,1408,218,1499,0,9,17,5369003
Tokuno,128,1408,227,1499,0,9,17,5369003
Tokuno,128,1408,236,1499,0,9,17,5369003
Tokuno,128,1408,245,1499,0,9,17,5369003
Tokuno,128,1408,128,1516,0,9,17,5369003
Tokuno,128,1408,137,1516,0,9,17,5369003
Tokuno,128,1408,146,1516,0,9,17,5369003
Tokuno,128,1408,155,1516,0,9,17,5369003
Tokuno,128,1408,164,1516,0,9,17,5369003
Tokuno,128,1408,173,1516,0,9,17,5369003
Tokuno,128,1408,182,1516,0,9,17,5369003
Tokuno,128,1408,191,1516,0,9,17,5369003
Tokuno,128,1408,200,1516,0,9,17,5369003
Tokuno,128,1408,209,1516,0,9,17,5369003
Tokuno,128,1408,218,1516,0,9,17,5369003
Tokuno,128,1408,227,1516,0,9,17,5369003
Tokuno,128,1408,236,1516,0,9,17,5369003
Tokuno,128,1408,245,1516,0,9,17,5369003
Tokuno,256,384,279,434,33,9,17,5380003
Tokuno,256,384,373,468,32,9,17,5380003
Tokuno,256,384,372,478,32,9,17,5380003
Tokuno,256,384,370,482,32,9,17,5380003
Tokuno,256,384,367,483,32,9,17,5380003
Tokuno,256,384,364,484,32,9,17,5380003
Tokuno,256,384,360,487,31,9,17,5380003
Tokuno,256,384,359,489,30,9,17,5380003
Tokuno,256,512,374,523,17,9,17,5369003
Tokuno,256,512,372,524,17,9,17,5369003
Tokuno,256,512,368,526,17,9,17,5369003
Tokuno,256,512,365,527,17,9,17,5369003
Tokuno,256,512,363,528,17,9,17,5369003
Tokuno,256,512,362,529,16,9,17,5369003
Tokuno,256,512,357,530,17,9,17,5369003
Tokuno,256,512,350,532,17,9,17,5369003
Tokuno,256,512,340,539,17,9,17,5369003
Tokuno,256,512,349,540,15,9,17,5369003
Tokuno,256,512,339,542,17,9,17,5369003
Tokuno,256,512,338,543,17,9,17,5369003
Tokuno,256,512,337,545,17,9,17,5369003
Tokuno,256,512,366,546,15,9,17,5369003
Tokuno,256,512,336,547,17,9,17,5369003
Tokuno,256,512,359,547,15,9,17,5369003
Tokuno,256,512,334,549,17,9,17,5369003
Tokuno,256,512,358,549,15,9,17,5369003
Tokuno,256,512,333,550,16,9,17,5369003
Tokuno,256,512,353,557,15,9,17,5369003
Tokuno,256,512,321,562,17,9,17,5369003
Tokuno,256,512,368,563,15,9,17,5369003
Tokuno,256,512,320,564,17,9,17,5369003
Tokuno,256,512,343,564,15,9,17,5369003
Tokuno,256,512,367,564,15,9,17,5369003
Tokuno,256,512,319,565,17,9,17,5369003
Tokuno,256,512,330,565,15,9,17,5369003
Tokuno,256,512,318,566,17,9,17,5369003
Tokuno,256,512,342,566,15,9,17,5369003
Tokuno,256,512,362,566,15,9,17,5369003
Tokuno,256,512,317,567,17,9,17,5369003
Tokuno,256,512,339,567,15,9,17,5369003
Tokuno,256,512,316,568,17,9,17,5369003
Tokuno,256,512,315,570,17,9,17,5369003
Tokuno,256,512,314,572,17,9,17,5369003
Tokuno,256,512,356,574,15,9,17,5369003
Tokuno,256,512,312,576,17,9,17,5369003
Tokuno,256,512,311,579,15,9,17,5369003
Tokuno,256,512,329,579,15,9,17,5369003
Tokuno,256,512,310,580,15,9,17,5369003
Tokuno,256,512,309,581,15,9,17,5369003
Tokuno,256,512,328,581,15,9,17,5369003
Tokuno,256,512,308,582,15,9,17,5369003
Tokuno,256,512,327,582,15,9,17,5369003
Tokuno,256,512,307,583,15,9,17,5369003
Tokuno,256,512,326,583,15,9,17,5369003
Tokuno,256,512,306,584,15,9,17,5369003
Tokuno,256,512,325,584,15,9,17,5369003
Tokuno,256,512,305,585,15,9,17,5369003
Tokuno,256,512,324,585,15,9,17,5369003
Tokuno,256,512,301,587,17,9,17,5369003
Tokuno,256,512,323,587,15,9,17,5369003
Tokuno,256,512,300,588,17,9,17,5369003
Tokuno,256,512,299,589,17,9,17,5369003
Tokuno,256,512,321,589,15,9,17,5369003
Tokuno,256,512,298,590,17,9,17,5369003
Tokuno,256,512,297,591,17,9,17,5369003
Tokuno,256,512,294,592,17,9,17,5369003
Tokuno,256,512,320,593,15,9,17,5369003
Tokuno,256,512,289,594,16,9,17,5369003
Tokuno,256,512,286,595,16,9,17,5369003
Tokuno,256,512,319,596,15,9,17,5369003
Tokuno,256,512,283,597,15,9,17,5369003
Tokuno,256,512,318,597,15,9,17,5369003
Tokuno,256,512,281,598,14,9,17,5369003
Tokuno,256,512,317,598,15,9,17,5369003
Tokuno,256,512,316,599,15,9,17,5369003
Tokuno,256,512,335,599,15,9,17,5369003
Tokuno,256,512,315,600,15,9,17,5369003
Tokuno,256,512,334,600,15,9,17,5369003
Tokuno,256,512,314,601,15,9,17,5369003
Tokuno,256,512,333,601,15,9,17,5369003
Tokuno,256,512,310,602,15,9,17,5369003
Tokuno,256,512,332,602,15,9,17,5369003
Tokuno,256,512,309,604,15,9,17,5369003
Tokuno,256,512,331,604,15,9,17,5369003
Tokuno,256,512,308,605,15,9,17,5369003
Tokuno,256,512,330,605,15,9,17,5369003
Tokuno,256,512,307,606,15,9,17,5369003
Tokuno,256,512,329,606,15,9,17,5369003
Tokuno,256,512,306,607,15,9,17,5369003
Tokuno,256,512,303,608,15,9,17,5369003
Tokuno,256,512,298,609,15,9,17,5369003
Tokuno,256,512,328,610,15,9,17,5369003
Tokuno,256,512,295,611,15,9,17,5369003
Tokuno,256,512,292,612,15,9,17,5369003
Tokuno,256,512,327,613,15,9,17,5369003
Tokuno,256,512,290,614,15,9,17,5369003
Tokuno,256,512,326,614,15,9,17,5369003
Tokuno,256,512,285,615,15,9,17,5369003
Tokuno,256,512,325,615,15,9,17,5369003
Tokuno,256,512,324,616,15,9,17,5369003
Tokuno,256,512,323,617,15,9,17,5369003
Tokuno,256,512,319,618,15,9,17,5369003
Tokuno,256,512,318,619,15,9,17,5369003
Tokuno,256,512,317,621,15,9,17,5369003
Tokuno,256,512,316,622,15,9,17,5369003
Tokuno,256,640,283,640,15,9,17,5369003
Tokuno,256,640,292,640,15,9,17,5369003
Tokuno,256,640,301,640,15,9,17,5369003
Tokuno,256,640,273,648,15,9,17,5369003
Tokuno,256,640,271,649,15,9,17,5369003
Tokuno,256,640,269,653,15,9,17,5369003
Tokuno,256,640,265,654,15,9,17,5369003
Tokuno,256,640,263,655,15,9,17,5369003
Tokuno,256,640,282,656,15,9,17,5369003
Tokuno,256,640,291,657,15,9,17,5369003
Tokuno,256,1024,366,1031,10,9,17,5369003
Tokuno,256,1024,256,1082,11,9,17,5369003
Tokuno,256,1024,256,1099,10,9,17,5369003
Tokuno,256,1024,267,1120,10,9,17,5369003
Tokuno,256,1152,312,1199,12,9,17,5369003
Tokuno,256,1152,311,1200,12,9,17,5369003
Tokuno,256,1152,309,1203,12,9,17,5369003
Tokuno,256,1152,307,1205,10,9,17,5369003
Tokuno,256,1152,306,1208,10,9,17,5369003
Tokuno,256,1280,374,1366,18,9,17,5369003
Tokuno,256,1408,256,1448,0,9,17,5369003
Tokuno,256,1408,265,1448,0,9,17,5369003
Tokuno,256,1408,274,1448,0,9,17,5369003
Tokuno,256,1408,283,1448,0,9,17,5369003
Tokuno,256,1408,292,1448,0,9,17,5369003
Tokuno,256,1408,301,1448,0,9,17,5369003
Tokuno,256,1408,310,1448,0,9,17,5369003
Tokuno,256,1408,319,1448,0,9,17,5369003
Tokuno,256,1408,328,1448,0,9,17,5369003
Tokuno,256,1408,337,1448,0,9,17,5369003
Tokuno,256,1408,346,1448,0,9,17,5369003
Tokuno,256,1408,355,1448,0,9,17,5369003
Tokuno,256,1408,364,1448,0,9,17,5369003
Tokuno,256,1408,373,1448,0,9,17,5369003
Tokuno,256,1408,256,1465,0,9,17,5369003
Tokuno,256,1408,265,1465,0,9,17,5369003
Tokuno,256,1408,274,1465,0,9,17,5369003
Tokuno,256,1408,283,1465,0,9,17,5369003
Tokuno,256,1408,292,1465,0,9,17,5369003
Tokuno,256,1408,301,1465,0,9,17,5369003
Tokuno,256,1408,310,1465,0,9,17,5369003
Tokuno,256,1408,319,1465,0,9,17,5369003
Tokuno,256,1408,328,1465,0,9,17,5369003
Tokuno,256,1408,337,1465,0,9,17,5369003
Tokuno,256,1408,346,1465,0,9,17,5369003
Tokuno,256,1408,355,1465,0,9,17,5369003
Tokuno,256,1408,364,1465,0,9,17,5369003
Tokuno,256,1408,373,1465,0,9,17,5369003
Tokuno,256,1408,256,1482,0,9,17,5369003
Tokuno,256,1408,265,1482,0,9,17,5369003
Tokuno,256,1408,274,1482,0,9,17,5369003
Tokuno,256,1408,283,1482,0,9,17,5369003
Tokuno,256,1408,292,1482,0,9,17,5369003
Tokuno,256,1408,301,1482,0,9,17,5369003
Tokuno,256,1408,310,1482,0,9,17,5369003
Tokuno,256,1408,319,1482,0,9,17,5369003
Tokuno,256,1408,328,1482,0,9,17,5369003
Tokuno,256,1408,337,1482,0,9,17,5369003
Tokuno,256,1408,346,1482,0,9,17,5369003
Tokuno,256,1408,355,1482,0,9,17,5369003
Tokuno,256,1408,364,1482,0,9,17,5369003
Tokuno,256,1408,373,1482,0,9,17,5369003
Tokuno,256,1408,256,1499,0,9,17,5369003
Tokuno,256,1408,265,1499,0,9,17,5369003
Tokuno,256,1408,274,1499,0,9,17,5369003
Tokuno,256,1408,283,1499,0,9,17,5369003
Tokuno,256,1408,292,1499,0,9,17,5369003
Tokuno,256,1408,301,1499,0,9,17,5369003
Tokuno,256,1408,310,1499,0,9,17,5369003
Tokuno,256,1408,319,1499,0,9,17,5369003
Tokuno,256,1408,328,1499,0,9,17,5369003
Tokuno,256,1408,337,1499,0,9,17,5369003
Tokuno,256,1408,346,1499,0,9,17,5369003
Tokuno,256,1408,355,1499,0,9,17,5369003
Tokuno,256,1408,364,1499,0,9,17,5369003
Tokuno,256,1408,373,1499,0,9,17,5369003
Tokuno,256,1408,256,1516,0,9,17,5369003
Tokuno,256,1408,265,1516,0,9,17,5369003
Tokuno,256,1408,274,1516,0,9,17,5369003
Tokuno,256,1408,283,1516,0,9,17,5369003
Tokuno,256,1408,292,1516,0,9,17,5369003
Tokuno,256,1408,301,1516,0,9,17,5369003
Tokuno,256,1408,310,1516,0,9,17,5369003
Tokuno,256,1408,319,1516,0,9,17,5369003
Tokuno,256,1408,328,1516,0,9,17,5369003
Tokuno,256,1408,337,1516,0,9,17,5369003
Tokuno,256,1408,346,1516,0,9,17,5369003
Tokuno,256,1408,355,1516,0,9,17,5369003
Tokuno,256,1408,364,1516,0,9,17,5369003
Tokuno,256,1408,373,1516,0,9,17,5369003
Tokuno,384,0,460,59,28,9,17,5369003
Tokuno,384,0,459,60,30,9,17,5369003
Tokuno,384,0,456,61,29,9,17,5369003
Tokuno,384,0,469,61,30,9,17,5369003
Tokuno,384,128,454,221,15,9,17,5369003
Tokuno,384,256,393,334,22,9,17,5369003
Tokuno,384,256,392,335,22,9,17,5369003
Tokuno,384,256,391,336,22,9,17,5369003
Tokuno,384,384,472,402,32,9,17,5369003
Tokuno,384,384,461,410,32,9,17,5369003
Tokuno,384,384,417,432,32,9,17,5369003
Tokuno,384,384,458,439,32,9,17,5369003
Tokuno,384,384,456,447,32,9,17,5369003
Tokuno,384,384,447,448,32,9,17,5369003
Tokuno,384,384,384,476,31,9,17,5369003
Tokuno,384,384,432,481,17,9,17,5369003
Tokuno,384,384,429,482,17,9,17,5369003
Tokuno,384,384,426,483,17,9,17,5369003
Tokuno,384,384,425,484,16,9,17,5369003
Tokuno,384,384,423,485,16,9,17,5369003
Tokuno,384,384,441,485,15,9,17,5369003
Tokuno,384,384,422,486,15,9,17,5369003
Tokuno,384,384,460,486,17,9,17,5369003
Tokuno,384,384,421,487,15,9,17,5369003
Tokuno,384,384,456,487,17,9,17,5369003
Tokuno,384,384,420,488,15,9,17,5369003
Tokuno,384,384,450,488,15,9,17,5369003
Tokuno,384,384,418,489,15,9,17,5369003
Tokuno,384,384,415,490,17,9,17,5369003
Tokuno,384,384,413,492,16,9,17,5369003
Tokuno,384,384,410,493,17,9,17,5369003
Tokuno,384,384,408,494,17,9,17,5369003
Tokuno,384,512,384,512,16,9,17,5369003
Tokuno,384,512,393,512,15,9,17,5369003
Tokuno,384,512,402,512,15,9,17,5369003
Tokuno,384,512,413,512,15,9,17,5369003
Tokuno,384,512,422,512,15,9,17,5369003
Tokuno,384,512,431,512,15,9,17,5369003
Tokuno,384,512,445,512,15,9,17,5369003
Tokuno,384,512,440,513,15,9,17,5369003
Tokuno,384,512,411,518,15,9,17,5369003
Tokuno,384,512,384,529,15,9,17,5369003
Tokuno,384,512,393,529,15,9,17,5369003
Tokuno,384,512,402,529,15,9,17,5369003
Tokuno,384,512,420,529,15,9,17,5369003
Tokuno,384,512,434,529,15,9,17,5369003
Tokuno,384,512,411,535,15,9,17,5369003
Tokuno,384,512,461,538,32,9,17,5369003
Tokuno,384,512,384,546,15,9,17,5369003
Tokuno,384,512,393,546,15,9,17,5369003
Tokuno,384,512,402,546,15,9,17,5369003
Tokuno,384,512,420,546,15,9,17,5369003
Tokuno,384,512,411,552,15,9,17,5369003
Tokuno,384,512,384,563,15,9,17,5369003
Tokuno,384,512,393,563,15,9,17,5369003
Tokuno,384,512,402,563,15,9,17,5369003
Tokuno,384,1408,384,1448,0,9,17,5369003
Tokuno,384,1408,393,1448,0,9,17,5369003
Tokuno,384,1408,402,1448,0,9,17,5369003
Tokuno,384,1408,411,1448,0,9,17,5369003
Tokuno,384,1408,420,1448,0,9,17,5369003
Tokuno,384,1408,429,1448,0,9,17,5369003
Tokuno,384,1408,438,1448,0,9,17,5369003
Tokuno,384,1408,447,1448,0,9,17,5369003
Tokuno,384,1408,456,1448,0,9,17,5369003
Tokuno,384,1408,465,1448,0,9,17,5369003
Tokuno,384,1408,474,1448,0,9,17,5369003
Tokuno,384,1408,483,1448,0,9,17,5369003
Tokuno,384,1408,492,1448,0,9,17,5369003
Tokuno,384,1408,501,1448,0,9,17,5369003
Tokuno,384,1408,384,1465,0,9,17,5369003
Tokuno,384,1408,393,1465,0,9,17,5369003
Tokuno,384,1408,402,1465,0,9,17,5369003
Tokuno,384,1408,411,1465,0,9,17,5369003
Tokuno,384,1408,420,1465,0,9,17,5369003
Tokuno,384,1408,429,1465,0,9,17,5369003
Tokuno,384,1408,438,1465,0,9,17,5369003
Tokuno,384,1408,447,1465,0,9,17,5369003
Tokuno,384,1408,456,1465,0,9,17,5369003
Tokuno,384,1408,465,1465,0,9,17,5369003
Tokuno,384,1408,474,1465,0,9,17,5369003
Tokuno,384,1408,483,1465,0,9,17,5369003
Tokuno,384,1408,492,1465,0,9,17,5369003
Tokuno,384,1408,501,1465,0,9,17,5369003
Tokuno,384,1408,384,1482,0,9,17,5369003
Tokuno,384,1408,393,1482,0,9,17,5369003
Tokuno,384,1408,402,1482,0,9,17,5369003
Tokuno,384,1408,411,1482,0,9,17,5369003
Tokuno,384,1408,420,1482,0,9,17,5369003
Tokuno,384,1408,429,1482,0,9,17,5369003
Tokuno,384,1408,438,1482,0,9,17,5369003
Tokuno,384,1408,447,1482,0,9,17,5369003
Tokuno,384,1408,456,1482,0,9,17,5369003
Tokuno,384,1408,465,1482,0,9,17,5369003
Tokuno,384,1408,474,1482,0,9,17,5369003
Tokuno,384,1408,483,1482,0,9,17,5369003
Tokuno,384,1408,492,1482,0,9,17,5369003
Tokuno,384,1408,501,1482,0,9,17,5369003
Tokuno,384,1408,384,1499,0,9,17,5369003
Tokuno,384,1408,393,1499,0,9,17,5369003
Tokuno,384,1408,402,1499,0,9,17,5369003
Tokuno,384,1408,411,1499,0,9,17,5369003
Tokuno,384,1408,420,1499,0,9,17,5369003
Tokuno,384,1408,429,1499,0,9,17,5369003
Tokuno,384,1408,438,1499,0,9,17,5369003
Tokuno,384,1408,447,1499,0,9,17,5369003
Tokuno,384,1408,456,1499,0,9,17,5369003
Tokuno,384,1408,465,1499,0,9,17,5369003
Tokuno,384,1408,474,1499,0,9,17,5369003
Tokuno,384,1408,483,1499,0,9,17,5369003
Tokuno,384,1408,492,1499,0,9,17,5369003
Tokuno,384,1408,501,1499,0,9,17,5369003
Tokuno,384,1408,384,1516,0,9,17,5369003
Tokuno,384,1408,393,1516,0,9,17,5369003
Tokuno,384,1408,402,1516,0,9,17,5369003
Tokuno,384,1408,411,1516,0,9,17,5369003
Tokuno,384,1408,420,1516,0,9,17,5369003
Tokuno,384,1408,429,1516,0,9,17,5369003
Tokuno,384,1408,438,1516,0,9,17,5369003
Tokuno,384,1408,447,1516,0,9,17,5369003
Tokuno,384,1408,456,1516,0,9,17,5369003
Tokuno,384,1408,465,1516,0,9,17,5369003
Tokuno,384,1408,474,1516,0,9,17,5369003
Tokuno,384,1408,483,1516,0,9,17,5369003
Tokuno,384,1408,492,1516,0,9,17,5369003
Tokuno,384,1408,501,1516,0,9,17,5369003
Tokuno,512,384,558,405,33,9,17,5369003
Tokuno,512,512,588,543,32,9,17,5369003
Tokuno,512,512,561,548,32,9,17,5369003
Tokuno,512,768,628,878,29,9,17,5369003
Tokuno,512,896,562,896,22,9,17,5369003
Tokuno,512,896,575,896,23,9,17,5369003
Tokuno,512,896,594,896,24,9,17,5369003
Tokuno,512,896,584,904,23,9,17,5369003
Tokuno,512,896,561,909,23,9,17,5369003
Tokuno,512,896,571,911,23,9,17,5369003
Tokuno,512,896,616,932,41,9,17,5369003
Tokuno,512,896,604,945,40,9,17,5369003
Tokuno,512,896,603,949,41,9,17,5369003
Tokuno,512,896,617,949,42,9,17,5369003
Tokuno,512,896,602,951,41,9,17,5369003
Tokuno,512,896,601,952,41,9,17,5369003
Tokuno,512,896,615,960,42,9,17,5369003
Tokuno,512,896,558,972,42,9,17,5369003
Tokuno,512,1152,558,1157,27,9,17,5369003
Tokuno,512,1152,548,1160,25,9,17,5369003
Tokuno,512,1152,557,1160,25,9,17,5369003
Tokuno,512,1152,547,1161,25,9,17,5369003
Tokuno,512,1152,546,1163,25,9,17,5369003
Tokuno,512,1152,575,1163,26,9,17,5369003
Tokuno,512,1152,567,1164,25,9,17,5369003
Tokuno,512,1152,544,1172,27,9,17,5369003
Tokuno,512,1152,566,1174,25,9,17,5369003
Tokuno,512,1152,540,1176,26,9,17,5369003
Tokuno,512,1152,556,1177,25,9,17,5369003
Tokuno,512,1152,565,1177,25,9,17,5369003
Tokuno,512,1152,555,1178,25,9,17,5369003
Tokuno,512,1152,584,1178,25,9,17,5369003
Tokuno,512,1152,537,1179,25,9,17,5369003
Tokuno,512,1152,553,1180,25,9,17,5369003
Tokuno,512,1152,576,1180,25,9,17,5369003
Tokuno,512,1152,575,1181,25,9,17,5369003
Tokuno,512,1152,536,1186,26,9,17,5369003
Tokuno,512,1152,549,1189,25,9,17,5369003
Tokuno,512,1152,574,1191,25,9,17,5369003
Tokuno,512,1152,546,1193,25,9,17,5369003
Tokuno,512,1152,564,1194,25,9,17,5369003
Tokuno,512,1152,573,1194,25,9,17,5369003
Tokuno,512,1152,533,1195,25,9,17,5369003
Tokuno,512,1152,562,1195,25,9,17,5369003
Tokuno,512,1152,585,1195,25,9,17,5369003
Tokuno,512,1152,624,1195,25,9,17,5369003
Tokuno,512,1152,530,1196,25,9,17,5369003
Tokuno,512,1152,545,1196,25,9,17,5369003
Tokuno,512,1152,529,1197,25,9,17,5369003
Tokuno,512,1152,558,1197,25,9,17,5369003
Tokuno,512,1152,584,1197,25,9,17,5369003
Tokuno,512,1152,528,1198,25,9,17,5369003
Tokuno,512,1152,583,1198,25,9,17,5369003
Tokuno,512,1152,527,1201,25,9,17,5369003
Tokuno,512,1152,608,1202,25,9,17,5369003
Tokuno,512,1152,619,1202,25,9,17,5369003
Tokuno,512,1152,526,1203,25,9,17,5369003
Tokuno,512,1152,542,1203,25,9,17,5369003
Tokuno,512,1152,524,1204,25,9,17,5369003
Tokuno,512,1152,594,1204,25,9,17,5369003
Tokuno,512,1152,607,1204,25,9,17,5369003
Tokuno,512,1152,555,1206,25,9,17,5369003
Tokuno,512,1152,617,1206,25,9,17,5369003
Tokuno,512,1152,520,1207,26,9,17,5369003
Tokuno,512,1152,604,1207,25,9,17,5369003
Tokuno,512,1152,582,1208,25,9,17,5369003
Tokuno,512,1152,518,1210,26,9,17,5369003
Tokuno,512,1152,554,1210,25,9,17,5369003
Tokuno,512,1152,571,1211,25,9,17,5369003
Tokuno,512,1152,580,1211,25,9,17,5369003
Tokuno,512,1152,539,1212,25,9,17,5369003
Tokuno,512,1152,567,1212,25,9,17,5369003
Tokuno,512,1152,593,1212,25,9,17,5369003
Tokuno,512,1152,538,1213,25,9,17,5369003
Tokuno,512,1152,551,1213,25,9,17,5369003
Tokuno,512,1152,537,1214,25,9,17,5369003
Tokuno,512,1152,564,1214,25,9,17,5369003
Tokuno,512,1152,592,1214,25,9,17,5369003
Tokuno,512,1152,536,1215,25,9,17,5369003
Tokuno,512,1152,591,1215,25,9,17,5369003
Tokuno,512,1152,535,1218,25,9,17,5369003
Tokuno,512,1152,533,1220,25,9,17,5369003
Tokuno,512,1152,548,1220,25,9,17,5369003
Tokuno,512,1152,529,1221,25,9,17,5369003
Tokuno,512,1152,516,1223,27,9,17,5369003
Tokuno,512,1152,563,1223,25,9,17,5369003
Tokuno,512,1152,527,1224,25,9,17,5369003
Tokuno,512,1152,589,1225,25,9,17,5369003
Tokuno,512,1152,525,1227,25,9,17,5369003
Tokuno,512,1152,560,1227,25,9,17,5369003
Tokuno,512,1152,576,1228,25,9,17,5369003
Tokuno,512,1152,585,1228,25,9,17,5369003
Tokuno,512,1152,547,1229,25,9,17,5369003
Tokuno,512,1152,573,1229,25,9,17,5369003
Tokuno,512,1152,604,1229,25,9,17,5369003
Tokuno,512,1152,546,1230,25,9,17,5369003
Tokuno,512,1152,557,1230,25,9,17,5369003
Tokuno,512,1152,545,1231,25,9,17,5369003
Tokuno,512,1152,572,1231,25,9,17,5369003
Tokuno,512,1152,613,1231,25,9,17,5369003
Tokuno,512,1152,622,1231,25,9,17,5369003
Tokuno,512,1152,544,1232,25,9,17,5369003
Tokuno,512,1152,515,1233,27,9,17,5369003
Tokuno,512,1152,512,1235,25,9,17,5369003
Tokuno,512,1152,542,1235,25,9,17,5369003
Tokuno,512,1152,538,1237,25,9,17,5369003
Tokuno,512,1152,556,1237,25,9,17,5369003
Tokuno,512,1152,536,1238,25,9,17,5369003
Tokuno,512,1152,524,1240,25,9,17,5369003
Tokuno,512,1152,569,1240,25,9,17,5369003
Tokuno,512,1152,534,1241,25,9,17,5369003
Tokuno,512,1152,533,1244,25,9,17,5369003
Tokuno,512,1152,566,1244,25,9,17,5369003
Tokuno,512,1152,582,1245,25,9,17,5369003
Tokuno,512,1152,555,1246,25,9,17,5369003
Tokuno,512,1152,581,1246,25,9,17,5369003
Tokuno,512,1152,554,1247,25,9,17,5369003
Tokuno,512,1152,565,1247,25,9,17,5369003
Tokuno,512,1152,553,1248,25,9,17,5369003
Tokuno,512,1152,578,1248,25,9,17,5369003
Tokuno,512,1152,620,1248,25,9,17,5369003
Tokuno,512,1152,551,1249,25,9,17,5369003
Tokuno,512,1152,564,1254,25,9,17,5369003
Tokuno,512,1152,575,1257,25,9,17,5369003
Tokuno,512,1152,616,1259,25,9,17,5369003
Tokuno,512,1152,574,1261,25,9,17,5369003
Tokuno,512,1152,605,1261,25,9,17,5369003
Tokuno,512,1152,590,1262,25,9,17,5369003
Tokuno,512,1152,614,1262,25,9,17,5369003
Tokuno,512,1280,609,1286,25,9,17,5369003
Tokuno,512,1280,620,1294,25,9,17,5369003
Tokuno,512,1280,617,1312,25,9,17,5369003
Tokuno,512,1280,612,1315,25,9,17,5369003
Tokuno,512,1408,512,1448,0,9,17,5369003
Tokuno,512,1408,521,1448,0,9,17,5369003
Tokuno,512,1408,530,1448,0,9,17,5369003
Tokuno,512,1408,539,1448,0,9,17,5369003
Tokuno,512,1408,548,1448,0,9,17,5369003
Tokuno,512,1408,557,1448,0,9,17,5369003
Tokuno,512,1408,566,1448,0,9,17,5369003
Tokuno,512,1408,575,1448,0,9,17,5369003
Tokuno,512,1408,584,1448,0,9,17,5369003
Tokuno,512,1408,593,1448,0,9,17,5369003
Tokuno,512,1408,602,1448,0,9,17,5369003
Tokuno,512,1408,611,1448,0,9,17,5369003
Tokuno,512,1408,620,1448,0,9,17,5369003
Tokuno,512,1408,629,1448,0,9,17,5369003
Tokuno,512,1408,512,1465,0,9,17,5369003
Tokuno,512,1408,521,1465,0,9,17,5369003
Tokuno,512,1408,530,1465,0,9,17,5369003
Tokuno,512,1408,539,1465,0,9,17,5369003
Tokuno,512,1408,548,1465,0,9,17,5369003
Tokuno,512,1408,557,1465,0,9,17,5369003
Tokuno,512,1408,566,1465,0,9,17,5369003
Tokuno,512,1408,575,1465,0,9,17,5369003
Tokuno,512,1408,584,1465,0,9,17,5369003
Tokuno,512,1408,593,1465,0,9,17,5369003
Tokuno,512,1408,602,1465,0,9,17,5369003
Tokuno,512,1408,611,1465,0,9,17,5369003
Tokuno,512,1408,620,1465,0,9,17,5369003
Tokuno,512,1408,629,1465,0,9,17,5369003
Tokuno,512,1408,512,1482,0,9,17,5369003
Tokuno,512,1408,521,1482,0,9,17,5369003
Tokuno,512,1408,530,1482,0,9,17,5369003
Tokuno,512,1408,539,1482,0,9,17,5369003
Tokuno,512,1408,548,1482,0,9,17,5369003
Tokuno,512,1408,557,1482,0,9,17,5369003
Tokuno,512,1408,566,1482,0,9,17,5369003
Tokuno,512,1408,575,1482,0,9,17,5369003
Tokuno,512,1408,584,1482,0,9,17,5369003
Tokuno,512,1408,593,1482,0,9,17,5369003
Tokuno,512,1408,602,1482,0,9,17,5369003
Tokuno,512,1408,611,1482,0,9,17,5369003
Tokuno,512,1408,620,1482,0,9,17,5369003
Tokuno,512,1408,629,1482,0,9,17,5369003
Tokuno,512,1408,512,1499,0,9,17,5369003
Tokuno,512,1408,521,1499,0,9,17,5369003
Tokuno,512,1408,530,1499,0,9,17,5369003
Tokuno,512,1408,539,1499,0,9,17,5369003
Tokuno,512,1408,548,1499,0,9,17,5369003
Tokuno,512,1408,557,1499,0,9,17,5369003
Tokuno,512,1408,566,1499,0,9,17,5369003
Tokuno,512,1408,575,1499,0,9,17,5369003
Tokuno,512,1408,584,1499,0,9,17,5369003
Tokuno,512,1408,593,1499,0,9,17,5369003
Tokuno,512,1408,602,1499,0,9,17,5369003
Tokuno,512,1408,611,1499,0,9,17,5369003
Tokuno,512,1408,620,1499,0,9,17,5369003
Tokuno,512,1408,629,1499,0,9,17,5369003
Tokuno,512,1408,512,1516,0,9,17,5369003
Tokuno,512,1408,521,1516,0,9,17,5369003
Tokuno,512,1408,530,1516,0,9,17,5369003
Tokuno,512,1408,539,1516,0,9,17,5369003
Tokuno,512,1408,548,1516,0,9,17,5369003
Tokuno,512,1408,557,1516,0,9,17,5369003
Tokuno,512,1408,566,1516,0,9,17,5369003
Tokuno,512,1408,575,1516,0,9,17,5369003
Tokuno,512,1408,584,1516,0,9,17,5369003
Tokuno,512,1408,593,1516,0,9,17,5369003
Tokuno,512,1408,602,1516,0,9,17,5369003
Tokuno,512,1408,611,1516,0,9,17,5369003
Tokuno,512,1408,620,1516,0,9,17,5369003
Tokuno,512,1408,629,1516,0,9,17,5369003
Tokuno,640,768,724,847,39,9,17,5369003
Tokuno,640,768,648,851,25,9,17,5369003
Tokuno,640,768,647,853,25,9,17,5369003
Tokuno,640,768,751,856,30,9,17,5369003
Tokuno,640,768,641,877,29,9,17,5369003
Tokuno,640,768,650,877,30,9,17,5369003
Tokuno,640,768,640,878,29,9,17,5369003
Tokuno,640,896,745,896,42,9,17,5369003
Tokuno,640,896,742,898,40,9,17,5369003
Tokuno,640,896,691,905,40,9,17,5369003
Tokuno,640,896,754,908,41,9,17,5369003
Tokuno,640,896,658,911,40,9,17,5369003
Tokuno,640,896,667,911,40,9,17,5369003
Tokuno,640,896,753,913,42,9,17,5369003
Tokuno,640,896,711,915,40,9,17,5369003
Tokuno,640,896,721,915,40,9,17,5369003
Tokuno,640,896,720,920,42,9,17,5369003
Tokuno,640,896,650,926,42,9,17,5369003
Tokuno,640,896,647,927,42,9,17,5369003
Tokuno,640,896,710,928,42,9,17,5369003
Tokuno,640,896,644,929,42,9,17,5369003
Tokuno,640,896,682,929,42,9,17,5369003
Tokuno,640,896,675,930,42,9,17,5369003
Tokuno,640,896,660,931,42,9,17,5369003
Tokuno,640,896,704,931,42,9,17,5369003
Tokuno,640,896,659,940,42,9,17,5369003
Tokuno,640,896,658,943,42,9,17,5369003
Tokuno,640,896,683,959,44,9,17,5369003
Tokuno,640,896,751,959,29,9,17,5369003
Tokuno,640,896,669,961,44,9,17,5369003
Tokuno,640,896,740,961,29,9,17,5369003
Tokuno,640,896,646,962,44,9,17,5369003
Tokuno,640,896,666,962,44,9,17,5369003
Tokuno,640,896,642,966,44,9,17,5369003
Tokuno,640,896,750,972,28,9,17,5369003
Tokuno,640,1024,723,1125,25,9,17,5369003
Tokuno,640,1024,757,1125,27,9,17,5369003
Tokuno,640,1024,722,1126,25,9,17,5369003
Tokuno,640,1024,751,1126,27,9,17,5369003
Tokuno,640,1024,732,1127,25,9,17,5369003
Tokuno,640,1024,712,1129,25,9,17,5369003
Tokuno,640,1024,741,1133,25,9,17,5369003
Tokuno,640,1152,665,1152,25,9,17,5101002
Tokuno,640,1152,693,1152,25,9,17,5101002
Tokuno,640,1152,718,1169,25,9,17,5101002
Tokuno,640,1152,753,1169,25,9,17,5101002
Tokuno,640,1152,640,1170,25,9,17,5101002
Tokuno,640,1152,684,1170,25,9,17,5101002
Tokuno,640,1152,709,1170,25,9,17,5101002
Tokuno,640,1152,681,1171,25,9,17,5101002
Tokuno,640,1152,693,1171,25,9,17,5101002
Tokuno,640,1152,746,1171,25,9,17,5101002
Tokuno,640,1152,655,1172,25,9,17,5101002
Tokuno,640,1152,744,1172,25,9,17,5101002
Tokuno,640,1152,642,1194,25,9,17,5101002
Tokuno,640,1152,640,1195,25,9,17,5101002
Tokuno,640,1152,706,1207,25,9,17,5101002
Tokuno,640,1152,640,1212,25,9,17,5101002
Tokuno,640,1152,646,1234,25,9,17,5101002
Tokuno,640,1152,640,1235,25,9,17,5101002
Tokuno,640,1152,751,1244,25,9,17,5101002
Tokuno,640,1152,749,1248,25,9,17,5101002
Tokuno,640,1152,712,1251,25,9,17,5101002
Tokuno,640,1152,643,1260,25,9,17,5101002
Tokuno,640,1280,642,1280,25,9,17,5101002
Tokuno,640,1280,640,1298,25,9,17,5101002
Tokuno,640,1280,649,1321,25,9,17,5101002
Tokuno,640,1280,660,1321,25,9,17,5101002
Tokuno,640,1280,670,1321,25,9,17,5101002
Tokuno,640,1280,697,1321,25,9,17,5101002
Tokuno,640,1280,706,1321,25,9,17,5101002
Tokuno,640,1280,717,1321,25,9,17,5101002
Tokuno,640,1280,741,1321,25,9,17,5101002
Tokuno,640,1280,669,1322,25,9,17,5101002
Tokuno,640,1280,740,1322,25,9,17,5101002
Tokuno,640,1280,750,1322,25,9,17,5101002
Tokuno,640,1280,642,1323,25,9,17,5101002
Tokuno,640,1280,692,1325,25,9,17,5101002
Tokuno,640,1280,726,1325,25,9,17,5101002
Tokuno,640,1280,688,1326,25,9,17,5101002
Tokuno,640,1280,739,1329,25,9,17,5101002
Tokuno,640,1280,716,1330,25,9,17,5101002
Tokuno,640,1280,735,1333,25,9,17,5101002
Tokuno,640,1280,701,1338,25,9,17,5101002
Tokuno,640,1408,640,1448,0,9,17,5369003
Tokuno,640,1408,649,1448,0,9,17,5369003
Tokuno,640,1408,658,1448,0,9,17,5369003
Tokuno,640,1408,667,1448,0,9,17,5369003
Tokuno,640,1408,676,1448,0,9,17,5369003
Tokuno,640,1408,685,1448,0,9,17,5369003
Tokuno,640,1408,694,1448,0,9,17,5369003
Tokuno,640,1408,703,1448,0,9,17,5369003
Tokuno,640,1408,712,1448,0,9,17,5369003
Tokuno,640,1408,721,1448,0,9,17,5369003
Tokuno,640,1408,730,1448,0,9,17,5369003
Tokuno,640,1408,739,1448,0,9,17,5369003
Tokuno,640,1408,748,1448,0,9,17,5369003
Tokuno,640,1408,757,1448,0,9,17,5369003
Tokuno,640,1408,640,1465,0,9,17,5369003
Tokuno,640,1408,649,1465,0,9,17,5369003
Tokuno,640,1408,658,1465,0,9,17,5369003
Tokuno,640,1408,667,1465,0,9,17,5369003
Tokuno,640,1408,676,1465,0,9,17,5369003
Tokuno,640,1408,685,1465,0,9,17,5369003
Tokuno,640,1408,694,1465,0,9,17,5369003
Tokuno,640,1408,703,1465,0,9,17,5369003
Tokuno,640,1408,712,1465,0,9,17,5369003
Tokuno,640,1408,721,1465,0,9,17,5369003
Tokuno,640,1408,730,1465,0,9,17,5369003
Tokuno,640,1408,739,1465,0,9,17,5369003
Tokuno,640,1408,748,1465,0,9,17,5369003
Tokuno,640,1408,757,1465,0,9,17,5369003
Tokuno,640,1408,640,1482,0,9,17,5369003
Tokuno,640,1408,649,1482,0,9,17,5369003
Tokuno,640,1408,658,1482,0,9,17,5369003
Tokuno,640,1408,667,1482,0,9,17,5369003
Tokuno,640,1408,676,1482,0,9,17,5369003
Tokuno,640,1408,685,1482,0,9,17,5369003
Tokuno,640,1408,694,1482,0,9,17,5369003
Tokuno,640,1408,703,1482,0,9,17,5369003
Tokuno,640,1408,712,1482,0,9,17,5369003
Tokuno,640,1408,721,1482,0,9,17,5369003
Tokuno,640,1408,730,1482,0,9,17,5369003
Tokuno,640,1408,739,1482,0,9,17,5369003
Tokuno,640,1408,748,1482,0,9,17,5369003
Tokuno,640,1408,757,1482,0,9,17,5369003
Tokuno,640,1408,640,1499,0,9,17,5369003
Tokuno,640,1408,649,1499,0,9,17,5369003
Tokuno,640,1408,658,1499,0,9,17,5369003
Tokuno,640,1408,667,1499,0,9,17,5369003
Tokuno,640,1408,676,1499,0,9,17,5369003
Tokuno,640,1408,685,1499,0,9,17,5369003
Tokuno,640,1408,694,1499,0,9,17,5369003
Tokuno,640,1408,703,1499,0,9,17,5369003
Tokuno,640,1408,712,1499,0,9,17,5369003
Tokuno,640,1408,721,1499,0,9,17,5369003
Tokuno,640,1408,730,1499,0,9,17,5369003
Tokuno,640,1408,739,1499,0,9,17,5369003
Tokuno,640,1408,748,1499,0,9,17,5369003
Tokuno,640,1408,757,1499,0,9,17,5369003
Tokuno,640,1408,640,1516,0,9,17,5369003
Tokuno,640,1408,649,1516,0,9,17,5369003
Tokuno,640,1408,658,1516,0,9,17,5369003
Tokuno,640,1408,667,1516,0,9,17,5369003
Tokuno,640,1408,676,1516,0,9,17,5369003
Tokuno,640,1408,685,1516,0,9,17,5369003
Tokuno,640,1408,694,1516,0,9,17,5369003
Tokuno,640,1408,703,1516,0,9,17,5369003
Tokuno,640,1408,712,1516,0,9,17,5369003
Tokuno,640,1408,721,1516,0,9,17,5369003
Tokuno,640,1408,730,1516,0,9,17,5369003
Tokuno,640,1408,739,1516,0,9,17,5369003
Tokuno,640,1408,748,1516,0,9,17,5369003
Tokuno,640,1408,757,1516,0,9,17,5369003
Tokuno,768,128,810,223,44,9,17,5369003
Tokuno,768,256,813,302,35,9,17,5369003
Tokuno,768,896,781,925,29,9,17,5369003
Tokuno,768,896,780,926,29,9,17,5369003
Tokuno,768,1024,885,1047,19,9,17,5369003
Tokuno,768,1024,884,1061,19,9,17,5369003
Tokuno,768,1024,882,1065,18,9,17,5369003
Tokuno,768,1024,881,1074,18,9,17,5369003
Tokuno,768,1024,880,1075,19,9,17,5369003
Tokuno,768,1024,879,1076,18,9,17,5369003
Tokuno,768,1024,877,1077,18,9,17,5369003
Tokuno,768,1024,876,1079,18,9,17,5369003
Tokuno,768,1024,875,1080,18,9,17,5369003
Tokuno,768,1024,874,1083,19,9,17,5369003
Tokuno,768,1024,873,1084,18,9,17,5369003
Tokuno,768,1024,872,1091,18,9,17,5369003
Tokuno,768,1024,886,1093,20,9,17,5369003
Tokuno,768,1024,885,1094,20,9,17,5369003
Tokuno,768,1024,884,1096,20,9,17,5369003
Tokuno,768,1024,883,1097,20,9,17,5369003
Tokuno,768,1024,881,1101,20,9,17,5369003
Tokuno,768,1024,768,1125,27,9,17,5369003
Tokuno,768,1024,799,1126,25,9,17,5369003
Tokuno,768,1024,782,1127,26,9,17,5369003
Tokuno,768,1024,781,1129,25,9,17,5369003
Tokuno,768,1024,794,1129,25,9,17,5369003
Tokuno,768,1024,857,1129,25,9,17,5369003
Tokuno,768,1024,777,1133,25,9,17,5369003
Tokuno,768,1024,832,1133,27,9,17,5369003
Tokuno,768,1024,829,1134,26,9,17,5369003
Tokuno,768,1152,787,1152,25,9,17,5101002
Tokuno,768,1152,796,1152,25,9,17,5101002
Tokuno,768,1152,831,1152,25,9,17,5101002
Tokuno,768,1152,849,1152,25,9,17,5101002
Tokuno,768,1152,805,1168,25,9,17,5101002
Tokuno,768,1152,829,1168,25,9,17,5101002
Tokuno,768,1152,796,1169,25,9,17,5101002
Tokuno,768,1152,828,1169,25,9,17,5101002
Tokuno,768,1152,857,1169,25,9,17,5101002
Tokuno,768,1152,775,1170,25,9,17,5101002
Tokuno,768,1152,827,1170,25,9,17,5101002
Tokuno,768,1152,838,1170,25,9,17,5101002
Tokuno,768,1152,814,1171,25,9,17,5101002
Tokuno,768,1152,784,1172,25,9,17,5101002
Tokuno,768,1152,856,1175,25,9,17,5101002
Tokuno,768,1152,865,1186,25,9,17,5101002
Tokuno,768,1152,839,1187,25,9,17,5101002
Tokuno,768,1152,862,1192,25,9,17,5101002
Tokuno,768,1152,838,1196,25,9,17,5101002
Tokuno,768,1152,837,1197,25,9,17,5101002
Tokuno,768,1152,821,1199,25,9,17,5101002
Tokuno,768,1152,832,1199,25,9,17,5101002
Tokuno,768,1152,818,1200,25,9,17,5101002
Tokuno,768,1152,830,1200,25,9,17,5101002
Tokuno,768,1152,860,1208,25,9,17,5101002
Tokuno,768,1152,850,1209,25,9,17,5101002
Tokuno,768,1152,859,1210,25,9,17,5101002
Tokuno,768,1152,797,1215,25,9,17,5101002
Tokuno,768,1152,839,1216,25,9,17,5101002
Tokuno,768,1152,838,1217,25,9,17,5101002
Tokuno,768,1152,856,1226,25,9,17,5101002
Tokuno,768,1152,833,1232,25,9,17,5101002
Tokuno,768,1152,821,1235,25,9,17,5101002
Tokuno,768,1152,830,1236,25,9,17,5101002
Tokuno,768,1152,842,1238,25,9,17,5101002
Tokuno,768,1152,851,1238,25,9,17,5101002
Tokuno,768,1152,860,1243,25,9,17,5101002
Tokuno,768,1152,839,1249,25,9,17,5101002
Tokuno,768,1152,835,1253,25,9,17,5101002
Tokuno,768,1152,848,1255,25,9,17,5101002
Tokuno,768,1152,858,1255,25,9,17,5101002
Tokuno,768,1280,852,1280,25,9,17,5101002
Tokuno,768,1280,861,1280,25,9,17,5101002
Tokuno,768,1280,851,1291,25,9,17,5101002
Tokuno,768,1280,849,1292,25,9,17,5101002
Tokuno,768,1280,821,1293,25,9,17,5101002
Tokuno,768,1280,848,1296,25,9,17,5101002
Tokuno,768,1280,830,1297,25,9,17,5101002
Tokuno,768,1280,840,1312,25,9,17,5101002
Tokuno,768,1280,768,1321,25,9,17,5101002
Tokuno,768,1280,790,1321,25,9,17,5101002
Tokuno,768,1280,799,1321,25,9,17,5101002
Tokuno,768,1280,819,1321,25,9,17,5101002
Tokuno,768,1280,777,1322,25,9,17,5101002
Tokuno,768,1280,813,1324,25,9,17,5101002
Tokuno,768,1408,768,1448,0,9,17,5369003
Tokuno,768,1408,777,1448,0,9,17,5369003
Tokuno,768,1408,786,1448,0,9,17,5369003
Tokuno,768,1408,795,1448,0,9,17,5369003
Tokuno,768,1408,804,1448,0,9,17,5369003
Tokuno,768,1408,813,1448,0,9,17,5369003
Tokuno,768,1408,822,1448,0,9,17,5369003
Tokuno,768,1408,831,1448,0,9,17,5369003
Tokuno,768,1408,840,1448,0,9,17,5369003
Tokuno,768,1408,849,1448,0,9,17,5369003
Tokuno,768,1408,858,1448,0,9,17,5369003
Tokuno,768,1408,867,1448,0,9,17,5369003
Tokuno,768,1408,876,1448,0,9,17,5369003
Tokuno,768,1408,885,1448,0,9,17,5369003
Tokuno,768,1408,768,1465,0,9,17,5369003
Tokuno,768,1408,777,1465,0,9,17,5369003
Tokuno,768,1408,786,1465,0,9,17,5369003
Tokuno,768,1408,795,1465,0,9,17,5369003
Tokuno,768,1408,804,1465,0,9,17,5369003
Tokuno,768,1408,813,1465,0,9,17,5369003
Tokuno,768,1408,822,1465,0,9,17,5369003
Tokuno,768,1408,831,1465,0,9,17,5369003
Tokuno,768,1408,840,1465,0,9,17,5369003
Tokuno,768,1408,849,1465,0,9,17,5369003
Tokuno,768,1408,858,1465,0,9,17,5369003
Tokuno,768,1408,867,1465,0,9,17,5369003
Tokuno,768,1408,876,1465,0,9,17,5369003
Tokuno,768,1408,885,1465,0,9,17,5369003
Tokuno,768,1408,768,1482,0,9,17,5369003
Tokuno,768,1408,777,1482,0,9,17,5369003
Tokuno,768,1408,786,1482,0,9,17,5369003
Tokuno,768,1408,795,1482,0,9,17,5369003
Tokuno,768,1408,804,1482,0,9,17,5369003
Tokuno,768,1408,813,1482,0,9,17,5369003
Tokuno,768,1408,822,1482,0,9,17,5369003
Tokuno,768,1408,831,1482,0,9,17,5369003
Tokuno,768,1408,840,1482,0,9,17,5369003
Tokuno,768,1408,849,1482,0,9,17,5369003
Tokuno,768,1408,858,1482,0,9,17,5369003
Tokuno,768,1408,867,1482,0,9,17,5369003
Tokuno,768,1408,876,1482,0,9,17,5369003
Tokuno,768,1408,885,1482,0,9,17,5369003
Tokuno,768,1408,768,1499,0,9,17,5369003
Tokuno,768,1408,777,1499,0,9,17,5369003
Tokuno,768,1408,786,1499,0,9,17,5369003
Tokuno,768,1408,795,1499,0,9,17,5369003
Tokuno,768,1408,804,1499,0,9,17,5369003
Tokuno,768,1408,813,1499,0,9,17,5369003
Tokuno,768,1408,822,1499,0,9,17,5369003
Tokuno,768,1408,831,1499,0,9,17,5369003
Tokuno,768,1408,840,1499,0,9,17,5369003
Tokuno,768,1408,849,1499,0,9,17,5369003
Tokuno,768,1408,858,1499,0,9,17,5369003
Tokuno,768,1408,867,1499,0,9,17,5369003
Tokuno,768,1408,876,1499,0,9,17,5369003
Tokuno,768,1408,885,1499,0,9,17,5369003
Tokuno,768,1408,768,1516,0,9,17,5369003
Tokuno,768,1408,777,1516,0,9,17,5369003
Tokuno,768,1408,786,1516,0,9,17,5369003
Tokuno,768,1408,795,1516,0,9,17,5369003
Tokuno,768,1408,804,1516,0,9,17,5369003
Tokuno,768,1408,813,1516,0,9,17,5369003
Tokuno,768,1408,822,1516,0,9,17,5369003
Tokuno,768,1408,831,1516,0,9,17,5369003
Tokuno,768,1408,840,1516,0,9,17,5369003
Tokuno,768,1408,849,1516,0,9,17,5369003
Tokuno,768,1408,858,1516,0,9,17,5369003
Tokuno,768,1408,867,1516,0,9,17,5369003
Tokuno,768,1408,876,1516,0,9,17,5369003
Tokuno,768,1408,885,1516,0,9,17,5369003
Tokuno,896,0,930,85,47,9,17,5369003
Tokuno,896,0,925,86,47,9,17,5369003
Tokuno,896,0,924,90,47,9,17,5369003
Tokuno,896,0,940,95,47,9,17,5369003
Tokuno,896,0,939,99,47,9,17,5369003
Tokuno,896,0,934,102,48,9,17,5369003
Tokuno,896,0,933,103,48,9,17,5369003
Tokuno,896,0,923,105,48,9,17,5369003
Tokuno,896,0,920,106,47,9,17,5369003
Tokuno,896,0,932,107,49,9,17,5369003
Tokuno,896,128,898,128,49,9,17,5369003
Tokuno,896,128,907,128,49,9,17,5369003
Tokuno,896,128,920,128,49,9,17,5369003
Tokuno,896,128,929,128,49,9,17,5369003
Tokuno,896,128,938,134,49,9,17,5369003
Tokuno,896,128,988,210,24,9,17,5369003
Tokuno,896,256,975,267,28,9,17,5369003
Tokuno,896,256,974,270,29,9,17,5369003
Tokuno,896,256,973,272,29,9,17,5369003
Tokuno,896,256,970,274,29,9,17,5369003
Tokuno,896,256,961,275,28,9,17,5369003
Tokuno,896,256,939,278,28,9,17,5369003
Tokuno,896,256,955,281,28,9,17,5369003
Tokuno,896,256,903,324,10,9,17,5369003
Tokuno,896,256,902,325,10,9,17,5369003
Tokuno,896,256,912,325,10,9,17,5369003
Tokuno,896,256,901,326,10,9,17,5369003
Tokuno,896,256,898,335,10,9,17,5369003
Tokuno,896,256,925,356,5,9,17,5369003
Tokuno,896,256,924,359,5,9,17,5369003
Tokuno,896,256,934,362,3,9,17,5369003
Tokuno,896,384,943,385,5,9,17,5369003
Tokuno,896,384,986,389,0,9,17,5369003
Tokuno,896,384,973,391,3,9,17,5369003
Tokuno,896,384,971,392,3,9,17,5369003
Tokuno,896,384,926,393,10,9,17,5369003
Tokuno,896,384,925,394,10,9,17,5369003
Tokuno,896,384,913,398,12,9,17,5369003
Tokuno,896,384,966,401,4,9,17,5369003
Tokuno,896,384,965,406,6,9,17,5369003
Tokuno,896,384,959,407,6,9,17,5369003
Tokuno,896,384,922,409,12,9,17,5369003
Tokuno,896,384,908,414,14,9,17,5369003
Tokuno,896,384,903,415,15,9,17,5369003
Tokuno,896,384,920,415,12,9,17,5369003
Tokuno,896,384,934,417,12,9,17,5369003
Tokuno,896,384,987,418,-1,9,17,5369003
Tokuno,896,384,944,424,10,9,17,5369003
Tokuno,896,384,931,425,11,9,17,5369003
Tokuno,896,384,913,431,14,9,17,5369003
Tokuno,896,384,923,432,12,9,17,5369003
Tokuno,896,384,959,445,6,9,17,5369003
Tokuno,896,384,974,448,1,9,17,5369003
Tokuno,896,384,983,448,-1,9,17,5369003
Tokuno,896,384,972,461,3,9,17,5369003
Tokuno,896,384,982,474,2,9,17,5369003
Tokuno,896,384,981,477,2,9,17,5369003
Tokuno,896,384,979,478,2,9,17,5369003
Tokuno,896,512,1013,523,28,9,17,5369003
Tokuno,896,768,1006,775,1,9,17,5369003
Tokuno,896,768,983,787,11,9,17,5369003
Tokuno,896,768,990,804,13,9,17,5369003
Tokuno,896,1024,899,1073,22,9,17,5369003
Tokuno,896,1024,896,1074,20,9,17,5369003
Tokuno,896,1024,908,1074,21,9,17,5369003
Tokuno,896,1024,905,1090,20,9,17,5369003
Tokuno,896,1024,896,1091,20,9,17,5369003
Tokuno,896,1024,914,1091,20,9,17,5369003
Tokuno,896,1152,911,1152,23,9,17,5369003
Tokuno,896,1152,899,1153,23,9,17,5369003
Tokuno,896,1152,908,1153,24,9,17,5369003
Tokuno,896,1152,896,1155,24,9,17,5369003
Tokuno,896,1152,922,1157,25,9,17,5369003
Tokuno,896,1152,920,1162,25,9,17,5369003
Tokuno,896,1152,932,1167,25,9,17,5369003
Tokuno,896,1152,917,1169,25,9,17,5369003
Tokuno,896,1152,907,1170,25,9,17,5369003
Tokuno,896,1152,916,1170,25,9,17,5369003
Tokuno,896,1152,926,1182,25,9,17,5369003
Tokuno,896,1408,896,1448,0,9,17,5369003
Tokuno,896,1408,905,1448,0,9,17,5369003
Tokuno,896,1408,914,1448,0,9,17,5369003
Tokuno,896,1408,923,1448,0,9,17,5369003
Tokuno,896,1408,932,1448,0,9,17,5369003
Tokuno,896,1408,941,1448,0,9,17,5369003
Tokuno,896,1408,950,1448,0,9,17,5369003
Tokuno,896,1408,959,1448,0,9,17,5369003
Tokuno,896,1408,968,1448,0,9,17,5369003
Tokuno,896,1408,977,1448,0,9,17,5369003
Tokuno,896,1408,986,1448,0,9,17,5369003
Tokuno,896,1408,995,1448,0,9,17,5369003
Tokuno,896,1408,1004,1448,0,9,17,5369003
Tokuno,896,1408,1013,1448,0,9,17,5369003
Tokuno,896,1408,896,1465,0,9,17,5369003
Tokuno,896,1408,905,1465,0,9,17,5369003
Tokuno,896,1408,914,1465,0,9,17,5369003
Tokuno,896,1408,923,1465,0,9,17,5369003
Tokuno,896,1408,932,1465,0,9,17,5369003
Tokuno,896,1408,941,1465,0,9,17,5369003
Tokuno,896,1408,950,1465,0,9,17,5369003
Tokuno,896,1408,959,1465,0,9,17,5369003
Tokuno,896,1408,968,1465,0,9,17,5369003
Tokuno,896,1408,977,1465,0,9,17,5369003
Tokuno,896,1408,986,1465,0,9,17,5369003
Tokuno,896,1408,995,1465,0,9,17,5369003
Tokuno,896,1408,1004,1465,0,9,17,5369003
Tokuno,896,1408,1013,1465,0,9,17,5369003
Tokuno,896,1408,896,1482,0,9,17,5369003
Tokuno,896,1408,905,1482,0,9,17,5369003
Tokuno,896,1408,914,1482,0,9,17,5369003
Tokuno,896,1408,923,1482,0,9,17,5369003
Tokuno,896,1408,932,1482,0,9,17,5369003
Tokuno,896,1408,941,1482,0,9,17,5369003
Tokuno,896,1408,950,1482,0,9,17,5369003
Tokuno,896,1408,959,1482,0,9,17,5369003
Tokuno,896,1408,968,1482,0,9,17,5369003
Tokuno,896,1408,977,1482,0,9,17,5369003
Tokuno,896,1408,986,1482,0,9,17,5369003
Tokuno,896,1408,995,1482,0,9,17,5369003
Tokuno,896,1408,1004,1482,0,9,17,5369003
Tokuno,896,1408,1013,1482,0,9,17,5369003
Tokuno,896,1408,896,1499,0,9,17,5369003
Tokuno,896,1408,905,1499,0,9,17,5369003
Tokuno,896,1408,914,1499,0,9,17,5369003
Tokuno,896,1408,923,1499,0,9,17,5369003
Tokuno,896,1408,932,1499,0,9,17,5369003
Tokuno,896,1408,941,1499,0,9,17,5369003
Tokuno,896,1408,950,1499,0,9,17,5369003
Tokuno,896,1408,959,1499,0,9,17,5369003
Tokuno,896,1408,968,1499,0,9,17,5369003
Tokuno,896,1408,977,1499,0,9,17,5369003
Tokuno,896,1408,986,1499,0,9,17,5369003
Tokuno,896,1408,995,1499,0,9,17,5369003
Tokuno,896,1408,1004,1499,0,9,17,5369003
Tokuno,896,1408,1013,1499,0,9,17,5369003
Tokuno,896,1408,896,1516,0,9,17,5369003
Tokuno,896,1408,905,1516,0,9,17,5369003
Tokuno,896,1408,914,1516,0,9,17,5369003
Tokuno,896,1408,923,1516,0,9,17,5369003
Tokuno,896,1408,932,1516,0,9,17,5369003
Tokuno,896,1408,941,1516,0,9,17,5369003
Tokuno,896,1408,950,1516,0,9,17,5369003
Tokuno,896,1408,959,1516,0,9,17,5369003
Tokuno,896,1408,968,1516,0,9,17,5369003
Tokuno,896,1408,977,1516,0,9,17,5369003
Tokuno,896,1408,986,1516,0,9,17,5369003
Tokuno,896,1408,995,1516,0,9,17,5369003
Tokuno,896,1408,1004,1516,0,9,17,5369003
Tokuno,896,1408,1013,1516,0,9,17,5369003
Tokuno,1024,384,1055,461,7,9,17,5369003
Tokuno,1024,512,1081,526,23,9,17,5369003
Tokuno,1024,512,1079,531,22,9,17,5369003
Tokuno,1024,512,1067,549,22,9,17,5369003
Tokuno,1024,512,1098,587,20,9,17,5369003
Tokuno,1024,512,1095,588,20,9,17,5369003
Tokuno,1024,512,1094,591,20,9,17,5369003
Tokuno,1024,768,1088,778,30,9,17,5369003
Tokuno,1024,768,1142,837,45,9,17,5369003
Tokuno,1024,1408,1024,1448,0,9,17,5369003
Tokuno,1024,1408,1033,1448,0,9,17,5369003
Tokuno,1024,1408,1042,1448,0,9,17,5369003
Tokuno,1024,1408,1051,1448,0,9,17,5369003
Tokuno,1024,1408,1060,1448,0,9,17,5369003
Tokuno,1024,1408,1069,1448,0,9,17,5369003
Tokuno,1024,1408,1078,1448,0,9,17,5369003
Tokuno,1024,1408,1087,1448,0,9,17,5369003
Tokuno,1024,1408,1096,1448,0,9,17,5369003
Tokuno,1024,1408,1105,1448,0,9,17,5369003
Tokuno,1024,1408,1114,1448,0,9,17,5369003
Tokuno,1024,1408,1123,1448,0,9,17,5369003
Tokuno,1024,1408,1132,1448,0,9,17,5369003
Tokuno,1024,1408,1141,1448,0,9,17,5369003
Tokuno,1024,1408,1024,1465,0,9,17,5369003
Tokuno,1024,1408,1033,1465,0,9,17,5369003
Tokuno,1024,1408,1042,1465,0,9,17,5369003
Tokuno,1024,1408,1051,1465,0,9,17,5369003
Tokuno,1024,1408,1060,1465,0,9,17,5369003
Tokuno,1024,1408,1069,1465,0,9,17,5369003
Tokuno,1024,1408,1078,1465,0,9,17,5369003
Tokuno,1024,1408,1087,1465,0,9,17,5369003
Tokuno,1024,1408,1096,1465,0,9,17,5369003
Tokuno,1024,1408,1105,1465,0,9,17,5369003
Tokuno,1024,1408,1114,1465,0,9,17,5369003
Tokuno,1024,1408,1123,1465,0,9,17,5369003
Tokuno,1024,1408,1132,1465,0,9,17,5369003
Tokuno,1024,1408,1141,1465,0,9,17,5369003
Tokuno,1024,1408,1024,1482,0,9,17,5369003
Tokuno,1024,1408,1033,1482,0,9,17,5369003
Tokuno,1024,1408,1042,1482,0,9,17,5369003
Tokuno,1024,1408,1051,1482,0,9,17,5369003
Tokuno,1024,1408,1060,1482,0,9,17,5369003
Tokuno,1024,1408,1069,1482,0,9,17,5369003
Tokuno,1024,1408,1078,1482,0,9,17,5369003
Tokuno,1024,1408,1087,1482,0,9,17,5369003
Tokuno,1024,1408,1096,1482,0,9,17,5369003
Tokuno,1024,1408,1105,1482,0,9,17,5369003
Tokuno,1024,1408,1114,1482,0,9,17,5369003
Tokuno,1024,1408,1123,1482,0,9,17,5369003
Tokuno,1024,1408,1132,1482,0,9,17,5369003
Tokuno,1024,1408,1141,1482,0,9,17,5369003
Tokuno,1024,1408,1024,1499,0,9,17,5369003
Tokuno,1024,1408,1033,1499,0,9,17,5369003
Tokuno,1024,1408,1042,1499,0,9,17,5369003
Tokuno,1024,1408,1051,1499,0,9,17,5369003
Tokuno,1024,1408,1060,1499,0,9,17,5369003
Tokuno,1024,1408,1069,1499,0,9,17,5369003
Tokuno,1024,1408,1078,1499,0,9,17,5369003
Tokuno,1024,1408,1087,1499,0,9,17,5369003
Tokuno,1024,1408,1096,1499,0,9,17,5369003
Tokuno,1024,1408,1105,1499,0,9,17,5369003
Tokuno,1024,1408,1114,1499,0,9,17,5369003
Tokuno,1024,1408,1123,1499,0,9,17,5369003
Tokuno,1024,1408,1132,1499,0,9,17,5369003
Tokuno,1024,1408,1141,1499,0,9,17,5369003
Tokuno,1024,1408,1024,1516,0,9,17,5369003
Tokuno,1024,1408,1033,1516,0,9,17,5369003
Tokuno,1024,1408,1042,1516,0,9,17,5369003
Tokuno,1024,1408,1051,1516,0,9,17,5369003
Tokuno,1024,1408,1060,1516,0,9,17,5369003
Tokuno,1024,1408,1069,1516,0,9,17,5369003
Tokuno,1024,1408,1078,1516,0,9,17,5369003
Tokuno,1024,1408,1087,1516,0,9,17,5369003
Tokuno,1024,1408,1096,1516,0,9,17,5369003
Tokuno,1024,1408,1105,1516,0,9,17,5369003
Tokuno,1024,1408,1114,1516,0,9,17,5369003
Tokuno,1024,1408,1123,1516,0,9,17,5369003
Tokuno,1024,1408,1132,1516,0,9,17,5369003
Tokuno,1024,1408,1141,1516,0,9,17,5369003
Tokuno,1152,512,1221,512,29,9,17,5369003
Tokuno,1152,512,1230,512,29,9,17,5369003
Tokuno,1152,512,1220,516,29,9,17,5369003
Tokuno,1152,512,1219,517,28,9,17,5369003
Tokuno,1152,512,1184,539,24,9,17,5369003
Tokuno,1152,512,1193,539,26,9,17,5369003
Tokuno,1152,512,1180,540,23,9,17,5369003
Tokuno,1152,512,1179,542,23,9,17,5369003
Tokuno,1152,512,1264,566,27,9,17,5369003
Tokuno,1152,512,1179,592,19,9,17,5369003
Tokuno,1152,768,1205,782,12,9,17,5369003
Tokuno,1152,768,1251,786,5,9,17,5369003
Tokuno,1152,768,1157,794,29,9,17,5369003
Tokuno,1152,768,1152,796,29,9,17,5369003
Tokuno,1152,768,1214,828,26,9,17,5369003
Tokuno,1152,768,1209,831,28,9,17,5369003
Tokuno,1152,768,1212,864,30,9,17,5369003
Tokuno,1152,896,1182,991,34,9,17,5369003
Tokuno,1152,896,1180,997,34,9,17,5369003
Tokuno,1152,1408,1152,1448,0,9,17,5369003
Tokuno,1152,1408,1161,1448,0,9,17,5369003
Tokuno,1152,1408,1170,1448,0,9,17,5369003
Tokuno,1152,1408,1179,1448,0,9,17,5369003
Tokuno,1152,1408,1188,1448,0,9,17,5369003
Tokuno,1152,1408,1197,1448,0,9,17,5369003
Tokuno,1152,1408,1206,1448,0,9,17,5369003
Tokuno,1152,1408,1215,1448,0,9,17,5369003
Tokuno,1152,1408,1224,1448,0,9,17,5369003
Tokuno,1152,1408,1233,1448,0,9,17,5369003
Tokuno,1152,1408,1242,1448,0,9,17,5369003
Tokuno,1152,1408,1251,1448,0,9,17,5369003
Tokuno,1152,1408,1260,1448,0,9,17,5369003
Tokuno,1152,1408,1269,1448,0,9,17,5369003
Tokuno,1152,1408,1152,1465,0,9,17,5369003
Tokuno,1152,1408,1161,1465,0,9,17,5369003
Tokuno,1152,1408,1170,1465,0,9,17,5369003
Tokuno,1152,1408,1179,1465,0,9,17,5369003
Tokuno,1152,1408,1188,1465,0,9,17,5369003
Tokuno,1152,1408,1197,1465,0,9,17,5369003
Tokuno,1152,1408,1206,1465,0,9,17,5369003
Tokuno,1152,1408,1215,1465,0,9,17,5369003
Tokuno,1152,1408,1224,1465,0,9,17,5369003
Tokuno,1152,1408,1233,1465,0,9,17,5369003
Tokuno,1152,1408,1242,1465,0,9,17,5369003
Tokuno,1152,1408,1251,1465,0,9,17,5369003
Tokuno,1152,1408,1260,1465,0,9,17,5369003
Tokuno,1152,1408,1269,1465,0,9,17,5369003
Tokuno,1152,1408,1152,1482,0,9,17,5369003
Tokuno,1152,1408,1161,1482,0,9,17,5369003
Tokuno,1152,1408,1170,1482,0,9,17,5369003
Tokuno,1152,1408,1179,1482,0,9,17,5369003
Tokuno,1152,1408,1188,1482,0,9,17,5369003
Tokuno,1152,1408,1197,1482,0,9,17,5369003
Tokuno,1152,1408,1206,1482,0,9,17,5369003
Tokuno,1152,1408,1215,1482,0,9,17,5369003
Tokuno,1152,1408,1224,1482,0,9,17,5369003
Tokuno,1152,1408,1233,1482,0,9,17,5369003
Tokuno,1152,1408,1242,1482,0,9,17,5369003
Tokuno,1152,1408,1251,1482,0,9,17,5369003
Tokuno,1152,1408,1260,1482,0,9,17,5369003
Tokuno,1152,1408,1269,1482,0,9,17,5369003
Tokuno,1152,1408,1152,1499,0,9,17,5369003
Tokuno,1152,1408,1161,1499,0,9,17,5369003
Tokuno,1152,1408,1170,1499,0,9,17,5369003
Tokuno,1152,1408,1179,1499,0,9,17,5369003
Tokuno,1152,1408,1188,1499,0,9,17,5369003
Tokuno,1152,1408,1197,1499,0,9,17,5369003
Tokuno,1152,1408,1206,1499,0,9,17,5369003
Tokuno,1152,1408,1215,1499,0,9,17,5369003
Tokuno,1152,1408,1224,1499,0,9,17,5369003
Tokuno,1152,1408,1233,1499,0,9,17,5369003
Tokuno,1152,1408,1242,1499,0,9,17,5369003
Tokuno,1152,1408,1251,1499,0,9,17,5369003
Tokuno,1152,1408,1260,1499,0,9,17,5369003
Tokuno,1152,1408,1269,1499,0,9,17,5369003
Tokuno,1152,1408,1152,1516,0,9,17,5369003
Tokuno,1152,1408,1161,1516,0,9,17,5369003
Tokuno,1152,1408,1170,1516,0,9,17,5369003
Tokuno,1152,1408,1179,1516,0,9,17,5369003
Tokuno,1152,1408,1188,1516,0,9,17,5369003
Tokuno,1152,1408,1197,1516,0,9,17,5369003
Tokuno,1152,1408,1206,1516,0,9,17,5369003
Tokuno,1152,1408,1215,1516,0,9,17,5369003
Tokuno,1152,1408,1224,1516,0,9,17,5369003
Tokuno,1152,1408,1233,1516,0,9,17,5369003
Tokuno,1152,1408,1242,1516,0,9,17,5369003
Tokuno,1152,1408,1251,1516,0,9,17,5369003
Tokuno,1152,1408,1260,1516,0,9,17,5369003
Tokuno,1152,1408,1269,1516,0,9,17,5369003
Tokuno,1280,512,1295,541,29,9,17,5369003
Tokuno,1280,512,1303,558,31,9,17,5369003
Tokuno,1280,640,1326,686,27,9,17,5369003
Tokuno,1280,640,1325,687,28,9,17,5369003
Tokuno,1280,640,1324,688,29,9,17,5369003
Tokuno,1280,640,1322,689,29,9,17,5369003
Tokuno,1280,640,1352,721,20,9,17,5369003
Tokuno,1280,768,1319,781,11,9,17,5369003
Tokuno,1280,768,1308,800,11,9,17,5369003
Tokuno,1280,768,1303,801,10,9,17,5369003
Tokuno,1280,768,1302,806,10,9,17,5369003
Tokuno,1280,768,1339,832,16,9,17,5369003
Tokuno,1280,768,1336,835,15,9,17,5369003
Tokuno,1280,768,1335,836,16,9,17,5369003
Tokuno,1280,768,1322,838,14,9,17,5369003
Tokuno,1280,768,1321,840,14,9,17,5369003
Tokuno,1280,768,1331,846,15,9,17,5369003
Tokuno,1280,768,1330,855,15,9,17,5369003
Tokuno,1280,768,1329,857,15,9,17,5369003
Tokuno,1280,768,1299,873,6,9,17,5369003
Tokuno,1280,896,1280,921,20,9,17,5369003
Tokuno,1280,1408,1280,1448,0,9,17,5369003
Tokuno,1280,1408,1289,1448,0,9,17,5369003
Tokuno,1280,1408,1298,1448,0,9,17,5369003
Tokuno,1280,1408,1307,1448,0,9,17,5369003
Tokuno,1280,1408,1316,1448,0,9,17,5369003
Tokuno,1280,1408,1325,1448,0,9,17,5369003
Tokuno,1280,1408,1334,1448,0,9,17,5369003
Tokuno,1280,1408,1343,1448,0,9,17,5369003
Tokuno,1280,1408,1352,1448,0,9,17,5369003
Tokuno,1280,1408,1361,1448,0,9,17,5369003
Tokuno,1280,1408,1370,1448,0,9,17,5369003
Tokuno,1280,1408,1379,1448,0,9,17,5369003
Tokuno,1280,1408,1388,1448,0,9,17,5369003
Tokuno,1280,1408,1397,1448,0,9,17,5369003
Tokuno,1280,1408,1280,1465,0,9,17,5369003
Tokuno,1280,1408,1289,1465,0,9,17,5369003
Tokuno,1280,1408,1298,1465,0,9,17,5369003
Tokuno,1280,1408,1307,1465,0,9,17,5369003
Tokuno,1280,1408,1316,1465,0,9,17,5369003
Tokuno,1280,1408,1325,1465,0,9,17,5369003
Tokuno,1280,1408,1334,1465,0,9,17,5369003
Tokuno,1280,1408,1343,1465,0,9,17,5369003
Tokuno,1280,1408,1352,1465,0,9,17,5369003
Tokuno,1280,1408,1361,1465,0,9,17,5369003
Tokuno,1280,1408,1370,1465,0,9,17,5369003
Tokuno,1280,1408,1379,1465,0,9,17,5369003
Tokuno,1280,1408,1388,1465,0,9,17,5369003
Tokuno,1280,1408,1397,1465,0,9,17,5369003
Tokuno,1280,1408,1280,1482,0,9,17,5369003
Tokuno,1280,1408,1289,1482,0,9,17,5369003
Tokuno,1280,1408,1298,1482,0,9,17,5369003
Tokuno,1280,1408,1307,1482,0,9,17,5369003
Tokuno,1280,1408,1316,1482,0,9,17,5369003
Tokuno,1280,1408,1325,1482,0,9,17,5369003
Tokuno,1280,1408,1334,1482,0,9,17,5369003
Tokuno,1280,1408,1343,1482,0,9,17,5369003
Tokuno,1280,1408,1352,1482,0,9,17,5369003
Tokuno,1280,1408,1361,1482,0,9,17,5369003
Tokuno,1280,1408,1370,1482,0,9,17,5369003
Tokuno,1280,1408,1379,1482,0,9,17,5369003
Tokuno,1280,1408,1388,1482,0,9,17,5369003
Tokuno,1280,1408,1397,1482,0,9,17,5369003
Tokuno,1280,1408,1280,1499,0,9,17,5369003
Tokuno,1280,1408,1289,1499,0,9,17,5369003
Tokuno,1280,1408,1298,1499,0,9,17,5369003
Tokuno,1280,1408,1307,1499,0,9,17,5369003
Tokuno,1280,1408,1316,1499,0,9,17,5369003
Tokuno,1280,1408,1325,1499,0,9,17,5369003
Tokuno,1280,1408,1334,1499,0,9,17,5369003
Tokuno,1280,1408,1343,1499,0,9,17,5369003
Tokuno,1280,1408,1352,1499,0,9,17,5369003
Tokuno,1280,1408,1361,1499,0,9,17,5369003
Tokuno,1280,1408,1370,1499,0,9,17,5369003
Tokuno,1280,1408,1379,1499,0,9,17,5369003
Tokuno,1280,1408,1388,1499,0,9,17,5369003
Tokuno,1280,1408,1397,1499,0,9,17,5369003
Tokuno,1280,1408,1280,1516,0,9,17,5369003
Tokuno,1280,1408,1289,1516,0,9,17,5369003
Tokuno,1280,1408,1298,1516,0,9,17,5369003
Tokuno,1280,1408,1307,1516,0,9,17,5369003
Tokuno,1280,1408,1316,1516,0,9,17,5369003
Tokuno,1280,1408,1325,1516,0,9,17,5369003
Tokuno,1280,1408,1334,1516,0,9,17,5369003
Tokuno,1280,1408,1343,1516,0,9,17,5369003
Tokuno,1280,1408,1352,1516,0,9,17,5369003
Tokuno,1280,1408,1361,1516,0,9,17,5369003
Tokuno,1280,1408,1370,1516,0,9,17,5369003
Tokuno,1280,1408,1379,1516,0,9,17,5369003
Tokuno,1280,1408,1388,1516,0,9,17,5369003
Tokuno,1280,1408,1397,1516,0,9,17,5369003
Tokuno,1408,0,1448,0,0,9,17,5369003
Tokuno,1408,0,1457,0,0,9,17,5369003
Tokuno,1408,0,1466,0,0,9,17,5369003
Tokuno,1408,0,1475,0,0,9,17,5369003
Tokuno,1408,0,1484,0,0,9,17,5369003
Tokuno,1408,0,1493,0,0,9,17,5369003
Tokuno,1408,0,1502,0,0,9,17,5369003
Tokuno,1408,0,1511,0,0,9,17,5369003
Tokuno,1408,0,1520,0,0,9,17,5369003
Tokuno,1408,0,1448,17,0,9,17,5369003
Tokuno,1408,0,1457,17,0,9,17,5369003
Tokuno,1408,0,1466,17,0,9,17,5369003
Tokuno,1408,0,1475,17,0,9,17,5369003
Tokuno,1408,0,1484,17,0,9,17,5369003
Tokuno,1408,0,1493,17,0,9,17,5369003
Tokuno,1408,0,1502,17,0,9,17,5369003
Tokuno,1408,0,1511,17,0,9,17,5369003
Tokuno,1408,0,1520,17,0,9,17,5369003
Tokuno,1408,0,1448,34,0,9,17,5369003
Tokuno,1408,0,1457,34,0,9,17,5369003
Tokuno,1408,0,1466,34,0,9,17,5369003
Tokuno,1408,0,1475,34,0,9,17,5369003
Tokuno,1408,0,1484,34,0,9,17,5369003
Tokuno,1408,0,1493,34,0,9,17,5369003
Tokuno,1408,0,1502,34,0,9,17,5369003
Tokuno,1408,0,1511,34,0,9,17,5369003
Tokuno,1408,0,1520,34,0,9,17,5369003
Tokuno,1408,0,1448,51,0,9,17,5369003
Tokuno,1408,0,1457,51,0,9,17,5369003
Tokuno,1408,0,1466,51,0,9,17,5369003
Tokuno,1408,0,1475,51,0,9,17,5369003
Tokuno,1408,0,1484,51,0,9,17,5369003
Tokuno,1408,0,1493,51,0,9,17,5369003
Tokuno,1408,0,1502,51,0,9,17,5369003
Tokuno,1408,0,1511,51,0,9,17,5369003
Tokuno,1408,0,1520,51,0,9,17,5369003
Tokuno,1408,0,1448,68,0,9,17,5369003
Tokuno,1408,0,1457,68,0,9,17,5369003
Tokuno,1408,0,1466,68,0,9,17,5369003
Tokuno,1408,0,1475,68,0,9,17,5369003
Tokuno,1408,0,1484,68,0,9,17,5369003
Tokuno,1408,0,1493,68,0,9,17,5369003
Tokuno,1408,0,1502,68,0,9,17,5369003
Tokuno,1408,0,1511,68,0,9,17,5369003
Tokuno,1408,0,1520,68,0,9,17,5369003
Tokuno,1408,0,1448,85,0,9,17,5369003
Tokuno,1408,0,1457,85,0,9,17,5369003
Tokuno,1408,0,1466,85,0,9,17,5369003
Tokuno,1408,0,1475,85,0,9,17,5369003
Tokuno,1408,0,1484,85,0,9,17,5369003
Tokuno,1408,0,1493,85,0,9,17,5369003
Tokuno,1408,0,1502,85,0,9,17,5369003
Tokuno,1408,0,1511,85,0,9,17,5369003
Tokuno,1408,0,1520,85,0,9,17,5369003
Tokuno,1408,0,1448,102,0,9,17,5369003
Tokuno,1408,0,1457,102,0,9,17,5369003
Tokuno,1408,0,1466,102,0,9,17,5369003
Tokuno,1408,0,1475,102,0,9,17,5369003
Tokuno,1408,0,1484,102,0,9,17,5369003
Tokuno,1408,0,1493,102,0,9,17,5369003
Tokuno,1408,0,1502,102,0,9,17,5369003
Tokuno,1408,0,1511,102,0,9,17,5369003
Tokuno,1408,0,1520,102,0,9,17,5369003
Tokuno,1408,128,1448,128,0,9,17,5369003
Tokuno,1408,128,1457,128,0,9,17,5369003
Tokuno,1408,128,1466,128,0,9,17,5369003
Tokuno,1408,128,1475,128,0,9,17,5369003
Tokuno,1408,128,1484,128,0,9,17,5369003
Tokuno,1408,128,1493,128,0,9,17,5369003
Tokuno,1408,128,1502,128,0,9,17,5369003
Tokuno,1408,128,1511,128,0,9,17,5369003
Tokuno,1408,128,1520,128,0,9,17,5369003
Tokuno,1408,128,1448,145,0,9,17,5369003
Tokuno,1408,128,1457,145,0,9,17,5369003
Tokuno,1408,128,1466,145,0,9,17,5369003
Tokuno,1408,128,1475,145,0,9,17,5369003
Tokuno,1408,128,1484,145,0,9,17,5369003
Tokuno,1408,128,1493,145,0,9,17,5369003
Tokuno,1408,128,1502,145,0,9,17,5369003
Tokuno,1408,128,1511,145,0,9,17,5369003
Tokuno,1408,128,1520,145,0,9,17,5369003
Tokuno,1408,128,1448,162,0,9,17,5369003
Tokuno,1408,128,1457,162,0,9,17,5369003
Tokuno,1408,128,1466,162,0,9,17,5369003
Tokuno,1408,128,1475,162,0,9,17,5369003
Tokuno,1408,128,1484,162,0,9,17,5369003
Tokuno,1408,128,1493,162,0,9,17,5369003
Tokuno,1408,128,1502,162,0,9,17,5369003
Tokuno,1408,128,1511,162,0,9,17,5369003
Tokuno,1408,128,1520,162,0,9,17,5369003
Tokuno,1408,128,1448,179,0,9,17,5369003
Tokuno,1408,128,1457,179,0,9,17,5369003
Tokuno,1408,128,1466,179,0,9,17,5369003
Tokuno,1408,128,1475,179,0,9,17,5369003
Tokuno,1408,128,1484,179,0,9,17,5369003
Tokuno,1408,128,1493,179,0,9,17,5369003
Tokuno,1408,128,1502,179,0,9,17,5369003
Tokuno,1408,128,1511,179,0,9,17,5369003
Tokuno,1408,128,1520,179,0,9,17,5369003
Tokuno,1408,128,1448,196,0,9,17,5369003
Tokuno,1408,128,1457,196,0,9,17,5369003
Tokuno,1408,128,1466,196,0,9,17,5369003
Tokuno,1408,128,1475,196,0,9,17,5369003
Tokuno,1408,128,1484,196,0,9,17,5369003
Tokuno,1408,128,1493,196,0,9,17,5369003
Tokuno,1408,128,1502,196,0,9,17,5369003
Tokuno,1408,128,1511,196,0,9,17,5369003
Tokuno,1408,128,1520,196,0,9,17,5369003
Tokuno,1408,128,1448,213,0,9,17,5369003
Tokuno,1408,128,1457,213,0,9,17,5369003
Tokuno,1408,128,1466,213,0,9,17,5369003
Tokuno,1408,128,1475,213,0,9,17,5369003
Tokuno,1408,128,1484,213,0,9,17,5369003
Tokuno,1408,128,1493,213,0,9,17,5369003
Tokuno,1408,128,1502,213,0,9,17,5369003
Tokuno,1408,128,1511,213,0,9,17,5369003
Tokuno,1408,128,1520,213,0,9,17,5369003
Tokuno,1408,128,1448,230,0,9,17,5369003
Tokuno,1408,128,1457,230,0,9,17,5369003
Tokuno,1408,128,1466,230,0,9,17,5369003
Tokuno,1408,128,1475,230,0,9,17,5369003
Tokuno,1408,128,1484,230,0,9,17,5369003
Tokuno,1408,128,1493,230,0,9,17,5369003
Tokuno,1408,128,1502,230,0,9,17,5369003
Tokuno,1408,128,1511,230,0,9,17,5369003
Tokuno,1408,128,1520,230,0,9,17,5369003
Tokuno,1408,256,1448,256,0,9,17,5369003
Tokuno,1408,256,1457,256,0,9,17,5369003
Tokuno,1408,256,1466,256,0,9,17,5369003
Tokuno,1408,256,1475,256,0,9,17,5369003
Tokuno,1408,256,1484,256,0,9,17,5369003
Tokuno,1408,256,1493,256,0,9,17,5369003
Tokuno,1408,256,1502,256,0,9,17,5369003
Tokuno,1408,256,1511,256,0,9,17,5369003
Tokuno,1408,256,1520,256,0,9,17,5369003
Tokuno,1408,256,1448,273,0,9,17,5369003
Tokuno,1408,256,1457,273,0,9,17,5369003
Tokuno,1408,256,1466,273,0,9,17,5369003
Tokuno,1408,256,1475,273,0,9,17,5369003
Tokuno,1408,256,1484,273,0,9,17,5369003
Tokuno,1408,256,1493,273,0,9,17,5369003
Tokuno,1408,256,1502,273,0,9,17,5369003
Tokuno,1408,256,1511,273,0,9,17,5369003
Tokuno,1408,256,1520,273,0,9,17,5369003
Tokuno,1408,256,1448,290,0,9,17,5369003
Tokuno,1408,256,1457,290,0,9,17,5369003
Tokuno,1408,256,1466,290,0,9,17,5369003
Tokuno,1408,256,1475,290,0,9,17,5369003
Tokuno,1408,256,1484,290,0,9,17,5369003
Tokuno,1408,256,1493,290,0,9,17,5369003
Tokuno,1408,256,1502,290,0,9,17,5369003
Tokuno,1408,256,1511,290,0,9,17,5369003
Tokuno,1408,256,1520,290,0,9,17,5369003
Tokuno,1408,256,1448,307,0,9,17,5369003
Tokuno,1408,256,1457,307,0,9,17,5369003
Tokuno,1408,256,1466,307,0,9,17,5369003
Tokuno,1408,256,1475,307,0,9,17,5369003
Tokuno,1408,256,1484,307,0,9,17,5369003
Tokuno,1408,256,1493,307,0,9,17,5369003
Tokuno,1408,256,1502,307,0,9,17,5369003
Tokuno,1408,256,1511,307,0,9,17,5369003
Tokuno,1408,256,1520,307,0,9,17,5369003
Tokuno,1408,256,1448,324,0,9,17,5369003
Tokuno,1408,256,1457,324,0,9,17,5369003
Tokuno,1408,256,1466,324,0,9,17,5369003
Tokuno,1408,256,1475,324,0,9,17,5369003
Tokuno,1408,256,1484,324,0,9,17,5369003
Tokuno,1408,256,1493,324,0,9,17,5369003
Tokuno,1408,256,1502,324,0,9,17,5369003
Tokuno,1408,256,1511,324,0,9,17,5369003
Tokuno,1408,256,1520,324,0,9,17,5369003
Tokuno,1408,256,1448,341,0,9,17,5369003
Tokuno,1408,256,1457,341,0,9,17,5369003
Tokuno,1408,256,1466,341,0,9,17,5369003
Tokuno,1408,256,1475,341,0,9,17,5369003
Tokuno,1408,256,1484,341,0,9,17,5369003
Tokuno,1408,256,1493,341,0,9,17,5369003
Tokuno,1408,256,1502,341,0,9,17,5369003
Tokuno,1408,256,1511,341,0,9,17,5369003
Tokuno,1408,256,1520,341,0,9,17,5369003
Tokuno,1408,256,1448,358,0,9,17,5369003
Tokuno,1408,256,1457,358,0,9,17,5369003
Tokuno,1408,256,1466,358,0,9,17,5369003
Tokuno,1408,256,1475,358,0,9,17,5369003
Tokuno,1408,256,1484,358,0,9,17,5369003
Tokuno,1408,256,1493,358,0,9,17,5369003
Tokuno,1408,256,1502,358,0,9,17,5369003
Tokuno,1408,256,1511,358,0,9,17,5369003
Tokuno,1408,256,1520,358,0,9,17,5369003
Tokuno,1408,384,1448,384,0,9,17,5369003
Tokuno,1408,384,1457,384,0,9,17,5369003
Tokuno,1408,384,1466,384,0,9,17,5369003
Tokuno,1408,384,1475,384,0,9,17,5369003
Tokuno,1408,384,1484,384,0,9,17,5369003
Tokuno,1408,384,1493,384,0,9,17,5369003
Tokuno,1408,384,1502,384,0,9,17,5369003
Tokuno,1408,384,1511,384,0,9,17,5369003
Tokuno,1408,384,1520,384,0,9,17,5369003
Tokuno,1408,384,1448,401,0,9,17,5369003
Tokuno,1408,384,1457,401,0,9,17,5369003
Tokuno,1408,384,1466,401,0,9,17,5369003
Tokuno,1408,384,1475,401,0,9,17,5369003
Tokuno,1408,384,1484,401,0,9,17,5369003
Tokuno,1408,384,1493,401,0,9,17,5369003
Tokuno,1408,384,1502,401,0,9,17,5369003
Tokuno,1408,384,1511,401,0,9,17,5369003
Tokuno,1408,384,1520,401,0,9,17,5369003
Tokuno,1408,384,1448,418,0,9,17,5369003
Tokuno,1408,384,1457,418,0,9,17,5369003
Tokuno,1408,384,1466,418,0,9,17,5369003
Tokuno,1408,384,1475,418,0,9,17,5369003
Tokuno,1408,384,1484,418,0,9,17,5369003
Tokuno,1408,384,1493,418,0,9,17,5369003
Tokuno,1408,384,1502,418,0,9,17,5369003
Tokuno,1408,384,1511,418,0,9,17,5369003
Tokuno,1408,384,1520,418,0,9,17,5369003
Tokuno,1408,384,1448,435,0,9,17,5369003
Tokuno,1408,384,1457,435,0,9,17,5369003
Tokuno,1408,384,1466,435,0,9,17,5369003
Tokuno,1408,384,1475,435,0,9,17,5369003
Tokuno,1408,384,1484,435,0,9,17,5369003
Tokuno,1408,384,1493,435,0,9,17,5369003
Tokuno,1408,384,1502,435,0,9,17,5369003
Tokuno,1408,384,1511,435,0,9,17,5369003
Tokuno,1408,384,1520,435,0,9,17,5369003
Tokuno,1408,384,1448,452,0,9,17,5369003
Tokuno,1408,384,1457,452,0,9,17,5369003
Tokuno,1408,384,1466,452,0,9,17,5369003
Tokuno,1408,384,1475,452,0,9,17,5369003
Tokuno,1408,384,1484,452,0,9,17,5369003
Tokuno,1408,384,1493,452,0,9,17,5369003
Tokuno,1408,384,1502,452,0,9,17,5369003
Tokuno,1408,384,1511,452,0,9,17,5369003
Tokuno,1408,384,1520,452,0,9,17,5369003
Tokuno,1408,384,1448,469,0,9,17,5369003
Tokuno,1408,384,1457,469,0,9,17,5369003
Tokuno,1408,384,1466,469,0,9,17,5369003
Tokuno,1408,384,1475,469,0,9,17,5369003
Tokuno,1408,384,1484,469,0,9,17,5369003
Tokuno,1408,384,1493,469,0,9,17,5369003
Tokuno,1408,384,1502,469,0,9,17,5369003
Tokuno,1408,384,1511,469,0,9,17,5369003
Tokuno,1408,384,1520,469,0,9,17,5369003
Tokuno,1408,384,1448,486,0,9,17,5369003
Tokuno,1408,384,1457,486,0,9,17,5369003
Tokuno,1408,384,1466,486,0,9,17,5369003
Tokuno,1408,384,1475,486,0,9,17,5369003
Tokuno,1408,384,1484,486,0,9,17,5369003
Tokuno,1408,384,1493,486,0,9,17,5369003
Tokuno,1408,384,1502,486,0,9,17,5369003
Tokuno,1408,384,1511,486,0,9,17,5369003
Tokuno,1408,384,1520,486,0,9,17,5369003
Tokuno,1408,512,1448,512,0,9,17,5369003
Tokuno,1408,512,1457,512,0,9,17,5369003
Tokuno,1408,512,1466,512,0,9,17,5369003
Tokuno,1408,512,1475,512,0,9,17,5369003
Tokuno,1408,512,1484,512,0,9,17,5369003
Tokuno,1408,512,1493,512,0,9,17,5369003
Tokuno,1408,512,1502,512,0,9,17,5369003
Tokuno,1408,512,1511,512,0,9,17,5369003
Tokuno,1408,512,1520,512,0,9,17,5369003
Tokuno,1408,512,1448,529,0,9,17,5369003
Tokuno,1408,512,1457,529,0,9,17,5369003
Tokuno,1408,512,1466,529,0,9,17,5369003
Tokuno,1408,512,1475,529,0,9,17,5369003
Tokuno,1408,512,1484,529,0,9,17,5369003
Tokuno,1408,512,1493,529,0,9,17,5369003
Tokuno,1408,512,1502,529,0,9,17,5369003
Tokuno,1408,512,1511,529,0,9,17,5369003
Tokuno,1408,512,1520,529,0,9,17,5369003
Tokuno,1408,512,1448,546,0,9,17,5369003
Tokuno,1408,512,1457,546,0,9,17,5369003
Tokuno,1408,512,1466,546,0,9,17,5369003
Tokuno,1408,512,1475,546,0,9,17,5369003
Tokuno,1408,512,1484,546,0,9,17,5369003
Tokuno,1408,512,1493,546,0,9,17,5369003
Tokuno,1408,512,1502,546,0,9,17,5369003
Tokuno,1408,512,1511,546,0,9,17,5369003
Tokuno,1408,512,1520,546,0,9,17,5369003
Tokuno,1408,512,1448,563,0,9,17,5369003
Tokuno,1408,512,1457,563,0,9,17,5369003
Tokuno,1408,512,1466,563,0,9,17,5369003
Tokuno,1408,512,1475,563,0,9,17,5369003
Tokuno,1408,512,1484,563,0,9,17,5369003
Tokuno,1408,512,1493,563,0,9,17,5369003
Tokuno,1408,512,1502,563,0,9,17,5369003
Tokuno,1408,512,1511,563,0,9,17,5369003
Tokuno,1408,512,1520,563,0,9,17,5369003
Tokuno,1408,512,1448,580,0,9,17,5369003
Tokuno,1408,512,1457,580,0,9,17,5369003
Tokuno,1408,512,1466,580,0,9,17,5369003
Tokuno,1408,512,1475,580,0,9,17,5369003
Tokuno,1408,512,1484,580,0,9,17,5369003
Tokuno,1408,512,1493,580,0,9,17,5369003
Tokuno,1408,512,1502,580,0,9,17,5369003
Tokuno,1408,512,1511,580,0,9,17,5369003
Tokuno,1408,512,1520,580,0,9,17,5369003
Tokuno,1408,512,1448,597,0,9,17,5369003
Tokuno,1408,512,1457,597,0,9,17,5369003
Tokuno,1408,512,1466,597,0,9,17,5369003
Tokuno,1408,512,1475,597,0,9,17,5369003
Tokuno,1408,512,1484,597,0,9,17,5369003
Tokuno,1408,512,1493,597,0,9,17,5369003
Tokuno,1408,512,1502,597,0,9,17,5369003
Tokuno,1408,512,1511,597,0,9,17,5369003
Tokuno,1408,512,1520,597,0,9,17,5369003
Tokuno,1408,512,1448,614,0,9,17,5369003
Tokuno,1408,512,1457,614,0,9,17,5369003
Tokuno,1408,512,1466,614,0,9,17,5369003
Tokuno,1408,512,1475,614,0,9,17,5369003
Tokuno,1408,512,1484,614,0,9,17,5369003
Tokuno,1408,512,1493,614,0,9,17,5369003
Tokuno,1408,512,1502,614,0,9,17,5369003
Tokuno,1408,512,1511,614,0,9,17,5369003
Tokuno,1408,512,1520,614,0,9,17,5369003
Tokuno,1408,640,1448,640,0,9,17,5369003
Tokuno,1408,640,1457,640,0,9,17,5369003
Tokuno,1408,640,1466,640,0,9,17,5369003
Tokuno,1408,640,1475,640,0,9,17,5369003
Tokuno,1408,640,1484,640,0,9,17,5369003
Tokuno,1408,640,1493,640,0,9,17,5369003
Tokuno,1408,640,1502,640,0,9,17,5369003
Tokuno,1408,640,1511,640,0,9,17,5369003
Tokuno,1408,640,1520,640,0,9,17,5369003
Tokuno,1408,640,1448,657,0,9,17,5369003
Tokuno,1408,640,1457,657,0,9,17,5369003
Tokuno,1408,640,1466,657,0,9,17,5369003
Tokuno,1408,640,1475,657,0,9,17,5369003
Tokuno,1408,640,1484,657,0,9,17,5369003
Tokuno,1408,640,1493,657,0,9,17,5369003
Tokuno,1408,640,1502,657,0,9,17,5369003
Tokuno,1408,640,1511,657,0,9,17,5369003
Tokuno,1408,640,1520,657,0,9,17,5369003
Tokuno,1408,640,1448,674,0,9,17,5369003
Tokuno,1408,640,1457,674,0,9,17,5369003
Tokuno,1408,640,1466,674,0,9,17,5369003
Tokuno,1408,640,1475,674,0,9,17,5369003
Tokuno,1408,640,1484,674,0,9,17,5369003
Tokuno,1408,640,1493,674,0,9,17,5369003
Tokuno,1408,640,1502,674,0,9,17,5369003
Tokuno,1408,640,1511,674,0,9,17,5369003
Tokuno,1408,640,1520,674,0,9,17,5369003
Tokuno,1408,640,1448,691,0,9,17,5369003
Tokuno,1408,640,1457,691,0,9,17,5369003
Tokuno,1408,640,1466,691,0,9,17,5369003
Tokuno,1408,640,1475,691,0,9,17,5369003
Tokuno,1408,640,1484,691,0,9,17,5369003
Tokuno,1408,640,1493,691,0,9,17,5369003
Tokuno,1408,640,1502,691,0,9,17,5369003
Tokuno,1408,640,1511,691,0,9,17,5369003
Tokuno,1408,640,1520,691,0,9,17,5369003
Tokuno,1408,640,1448,708,0,9,17,5369003
Tokuno,1408,640,1457,708,0,9,17,5369003
Tokuno,1408,640,1466,708,0,9,17,5369003
Tokuno,1408,640,1475,708,0,9,17,5369003
Tokuno,1408,640,1484,708,0,9,17,5369003
Tokuno,1408,640,1493,708,0,9,17,5369003
Tokuno,1408,640,1502,708,0,9,17,5369003
Tokuno,1408,640,1511,708,0,9,17,5369003
Tokuno,1408,640,1520,708,0,9,17,5369003
Tokuno,1408,640,1448,725,0,9,17,5369003
Tokuno,1408,640,1457,725,0,9,17,5369003
Tokuno,1408,640,1466,725,0,9,17,5369003
Tokuno,1408,640,1475,725,0,9,17,5369003
Tokuno,1408,640,1484,725,0,9,17,5369003
Tokuno,1408,640,1493,725,0,9,17,5369003
Tokuno,1408,640,1502,725,0,9,17,5369003
Tokuno,1408,640,1511,725,0,9,17,5369003
Tokuno,1408,640,1520,725,0,9,17,5369003
Tokuno,1408,640,1448,742,0,9,17,5369003
Tokuno,1408,640,1457,742,0,9,17,5369003
Tokuno,1408,640,1466,742,0,9,17,5369003
Tokuno,1408,640,1475,742,0,9,17,5369003
Tokuno,1408,640,1484,742,0,9,17,5369003
Tokuno,1408,640,1493,742,0,9,17,5369003
Tokuno,1408,640,1502,742,0,9,17,5369003
Tokuno,1408,640,1511,742,0,9,17,5369003
Tokuno,1408,640,1520,742,0,9,17,5369003
Tokuno,1408,768,1448,768,0,9,17,5369003
Tokuno,1408,768,1457,768,0,9,17,5369003
Tokuno,1408,768,1466,768,0,9,17,5369003
Tokuno,1408,768,1475,768,0,9,17,5369003
Tokuno,1408,768,1484,768,0,9,17,5369003
Tokuno,1408,768,1493,768,0,9,17,5369003
Tokuno,1408,768,1502,768,0,9,17,5369003
Tokuno,1408,768,1511,768,0,9,17,5369003
Tokuno,1408,768,1520,768,0,9,17,5369003
Tokuno,1408,768,1448,785,0,9,17,5369003
Tokuno,1408,768,1457,785,0,9,17,5369003
Tokuno,1408,768,1466,785,0,9,17,5369003
Tokuno,1408,768,1475,785,0,9,17,5369003
Tokuno,1408,768,1484,785,0,9,17,5369003
Tokuno,1408,768,1493,785,0,9,17,5369003
Tokuno,1408,768,1502,785,0,9,17,5369003
Tokuno,1408,768,1511,785,0,9,17,5369003
Tokuno,1408,768,1520,785,0,9,17,5369003
Tokuno,1408,768,1448,802,0,9,17,5369003
Tokuno,1408,768,1457,802,0,9,17,5369003
Tokuno,1408,768,1466,802,0,9,17,5369003
Tokuno,1408,768,1475,802,0,9,17,5369003
Tokuno,1408,768,1484,802,0,9,17,5369003
Tokuno,1408,768,1493,802,0,9,17,5369003
Tokuno,1408,768,1502,802,0,9,17,5369003
Tokuno,1408,768,1511,802,0,9,17,5369003
Tokuno,1408,768,1520,802,0,9,17,5369003
Tokuno,1408,768,1448,819,0,9,17,5369003
Tokuno,1408,768,1457,819,0,9,17,5369003
Tokuno,1408,768,1466,819,0,9,17,5369003
Tokuno,1408,768,1475,819,0,9,17,5369003
Tokuno,1408,768,1484,819,0,9,17,5369003
Tokuno,1408,768,1493,819,0,9,17,5369003
Tokuno,1408,768,1502,819,0,9,17,5369003
Tokuno,1408,768,1511,819,0,9,17,5369003
Tokuno,1408,768,1520,819,0,9,17,5369003
Tokuno,1408,768,1448,836,0,9,17,5369003
Tokuno,1408,768,1457,836,0,9,17,5369003
Tokuno,1408,768,1466,836,0,9,17,5369003
Tokuno,1408,768,1475,836,0,9,17,5369003
Tokuno,1408,768,1484,836,0,9,17,5369003
Tokuno,1408,768,1493,836,0,9,17,5369003
Tokuno,1408,768,1502,836,0,9,17,5369003
Tokuno,1408,768,1511,836,0,9,17,5369003
Tokuno,1408,768,1520,836,0,9,17,5369003
Tokuno,1408,768,1448,853,0,9,17,5369003
Tokuno,1408,768,1457,853,0,9,17,5369003
Tokuno,1408,768,1466,853,0,9,17,5369003
Tokuno,1408,768,1475,853,0,9,17,5369003
Tokuno,1408,768,1484,853,0,9,17,5369003
Tokuno,1408,768,1493,853,0,9,17,5369003
Tokuno,1408,768,1502,853,0,9,17,5369003
Tokuno,1408,768,1511,853,0,9,17,5369003
Tokuno,1408,768,1520,853,0,9,17,5369003
Tokuno,1408,768,1448,870,0,9,17,5369003
Tokuno,1408,768,1457,870,0,9,17,5369003
Tokuno,1408,768,1466,870,0,9,17,5369003
Tokuno,1408,768,1475,870,0,9,17,5369003
Tokuno,1408,768,1484,870,0,9,17,5369003
Tokuno,1408,768,1493,870,0,9,17,5369003
Tokuno,1408,768,1502,870,0,9,17,5369003
Tokuno,1408,768,1511,870,0,9,17,5369003
Tokuno,1408,768,1520,870,0,9,17,5369003
Tokuno,1408,896,1448,896,0,9,17,5369003
Tokuno,1408,896,1457,896,0,9,17,5369003
Tokuno,1408,896,1466,896,0,9,17,5369003
Tokuno,1408,896,1475,896,0,9,17,5369003
Tokuno,1408,896,1484,896,0,9,17,5369003
Tokuno,1408,896,1493,896,0,9,17,5369003
Tokuno,1408,896,1502,896,0,9,17,5369003
Tokuno,1408,896,1511,896,0,9,17,5369003
Tokuno,1408,896,1520,896,0,9,17,5369003
Tokuno,1408,896,1448,913,0,9,17,5369003
Tokuno,1408,896,1457,913,0,9,17,5369003
Tokuno,1408,896,1466,913,0,9,17,5369003
Tokuno,1408,896,1475,913,0,9,17,5369003
Tokuno,1408,896,1484,913,0,9,17,5369003
Tokuno,1408,896,1493,913,0,9,17,5369003
Tokuno,1408,896,1502,913,0,9,17,5369003
Tokuno,1408,896,1511,913,0,9,17,5369003
Tokuno,1408,896,1520,913,0,9,17,5369003
Tokuno,1408,896,1448,930,0,9,17,5369003
Tokuno,1408,896,1457,930,0,9,17,5369003
Tokuno,1408,896,1466,930,0,9,17,5369003
Tokuno,1408,896,1475,930,0,9,17,5369003
Tokuno,1408,896,1484,930,0,9,17,5369003
Tokuno,1408,896,1493,930,0,9,17,5369003
Tokuno,1408,896,1502,930,0,9,17,5369003
Tokuno,1408,896,1511,930,0,9,17,5369003
Tokuno,1408,896,1520,930,0,9,17,5369003
Tokuno,1408,896,1448,947,0,9,17,5369003
Tokuno,1408,896,1457,947,0,9,17,5369003
Tokuno,1408,896,1466,947,0,9,17,5369003
Tokuno,1408,896,1475,947,0,9,17,5369003
Tokuno,1408,896,1484,947,0,9,17,5369003
Tokuno,1408,896,1493,947,0,9,17,5369003
Tokuno,1408,896,1502,947,0,9,17,5369003
Tokuno,1408,896,1511,947,0,9,17,5369003
Tokuno,1408,896,1520,947,0,9,17,5369003
Tokuno,1408,896,1448,964,0,9,17,5369003
Tokuno,1408,896,1457,964,0,9,17,5369003
Tokuno,1408,896,1466,964,0,9,17,5369003
Tokuno,1408,896,1475,964,0,9,17,5369003
Tokuno,1408,896,1484,964,0,9,17,5369003
Tokuno,1408,896,1493,964,0,9,17,5369003
Tokuno,1408,896,1502,964,0,9,17,5369003
Tokuno,1408,896,1511,964,0,9,17,5369003
Tokuno,1408,896,1520,964,0,9,17,5369003
Tokuno,1408,896,1448,981,0,9,17,5369003
Tokuno,1408,896,1457,981,0,9,17,5369003
Tokuno,1408,896,1466,981,0,9,17,5369003
Tokuno,1408,896,1475,981,0,9,17,5369003
Tokuno,1408,896,1484,981,0,9,17,5369003
Tokuno,1408,896,1493,981,0,9,17,5369003
Tokuno,1408,896,1502,981,0,9,17,5369003
Tokuno,1408,896,1511,981,0,9,17,5369003
Tokuno,1408,896,1520,981,0,9,17,5369003
Tokuno,1408,896,1448,998,0,9,17,5369003
Tokuno,1408,896,1457,998,0,9,17,5369003
Tokuno,1408,896,1466,998,0,9,17,5369003
Tokuno,1408,896,1475,998,0,9,17,5369003
Tokuno,1408,896,1484,998,0,9,17,5369003
Tokuno,1408,896,1493,998,0,9,17,5369003
Tokuno,1408,896,1502,998,0,9,17,5369003
Tokuno,1408,896,1511,998,0,9,17,5369003
Tokuno,1408,896,1520,998,0,9,17,5369003
Tokuno,1408,1024,1448,1024,0,9,17,5369003
Tokuno,1408,1024,1457,1024,0,9,17,5369003
Tokuno,1408,1024,1466,1024,0,9,17,5369003
Tokuno,1408,1024,1475,1024,0,9,17,5369003
Tokuno,1408,1024,1484,1024,0,9,17,5369003
Tokuno,1408,1024,1493,1024,0,9,17,5369003
Tokuno,1408,1024,1502,1024,0,9,17,5369003
Tokuno,1408,1024,1511,1024,0,9,17,5369003
Tokuno,1408,1024,1520,1024,0,9,17,5369003
Tokuno,1408,1024,1448,1041,0,9,17,5369003
Tokuno,1408,1024,1457,1041,0,9,17,5369003
Tokuno,1408,1024,1466,1041,0,9,17,5369003
Tokuno,1408,1024,1475,1041,0,9,17,5369003
Tokuno,1408,1024,1484,1041,0,9,17,5369003
Tokuno,1408,1024,1493,1041,0,9,17,5369003
Tokuno,1408,1024,1502,1041,0,9,17,5369003
Tokuno,1408,1024,1511,1041,0,9,17,5369003
Tokuno,1408,1024,1520,1041,0,9,17,5369003
Tokuno,1408,1024,1448,1058,0,9,17,5369003
Tokuno,1408,1024,1457,1058,0,9,17,5369003
Tokuno,1408,1024,1466,1058,0,9,17,5369003
Tokuno,1408,1024,1475,1058,0,9,17,5369003
Tokuno,1408,1024,1484,1058,0,9,17,5369003
Tokuno,1408,1024,1493,1058,0,9,17,5369003
Tokuno,1408,1024,1502,1058,0,9,17,5369003
Tokuno,1408,1024,1511,1058,0,9,17,5369003
Tokuno,1408,1024,1520,1058,0,9,17,5369003
Tokuno,1408,1024,1448,1075,0,9,17,5369003
Tokuno,1408,1024,1457,1075,0,9,17,5369003
Tokuno,1408,1024,1466,1075,0,9,17,5369003
Tokuno,1408,1024,1475,1075,0,9,17,5369003
Tokuno,1408,1024,1484,1075,0,9,17,5369003
Tokuno,1408,1024,1493,1075,0,9,17,5369003
Tokuno,1408,1024,1502,1075,0,9,17,5369003
Tokuno,1408,1024,1511,1075,0,9,17,5369003
Tokuno,1408,1024,1520,1075,0,9,17,5369003
Tokuno,1408,1024,1448,1092,0,9,17,5369003
Tokuno,1408,1024,1457,1092,0,9,17,5369003
Tokuno,1408,1024,1466,1092,0,9,17,5369003
Tokuno,1408,1024,1475,1092,0,9,17,5369003
Tokuno,1408,1024,1484,1092,0,9,17,5369003
Tokuno,1408,1024,1493,1092,0,9,17,5369003
Tokuno,1408,1024,1502,1092,0,9,17,5369003
Tokuno,1408,1024,1511,1092,0,9,17,5369003
Tokuno,1408,1024,1520,1092,0,9,17,5369003
Tokuno,1408,1024,1448,1109,0,9,17,5369003
Tokuno,1408,1024,1457,1109,0,9,17,5369003
Tokuno,1408,1024,1466,1109,0,9,17,5369003
Tokuno,1408,1024,1475,1109,0,9,17,5369003
Tokuno,1408,1024,1484,1109,0,9,17,5369003
Tokuno,1408,1024,1493,1109,0,9,17,5369003
Tokuno,1408,1024,1502,1109,0,9,17,5369003
Tokuno,1408,1024,1511,1109,0,9,17,5369003
Tokuno,1408,1024,1520,1109,0,9,17,5369003
Tokuno,1408,1024,1448,1126,0,9,17,5369003
Tokuno,1408,1024,1457,1126,0,9,17,5369003
Tokuno,1408,1024,1466,1126,0,9,17,5369003
Tokuno,1408,1024,1475,1126,0,9,17,5369003
Tokuno,1408,1024,1484,1126,0,9,17,5369003
Tokuno,1408,1024,1493,1126,0,9,17,5369003
Tokuno,1408,1024,1502,1126,0,9,17,5369003
Tokuno,1408,1024,1511,1126,0,9,17,5369003
Tokuno,1408,1024,1520,1126,0,9,17,5369003
Tokuno,1408,1152,1448,1152,0,9,17,5369003
Tokuno,1408,1152,1457,1152,0,9,17,5369003
Tokuno,1408,1152,1466,1152,0,9,17,5369003
Tokuno,1408,1152,1475,1152,0,9,17,5369003
Tokuno,1408,1152,1484,1152,0,9,17,5369003
Tokuno,1408,1152,1493,1152,0,9,17,5369003
Tokuno,1408,1152,1502,1152,0,9,17,5369003
Tokuno,1408,1152,1511,1152,0,9,17,5369003
Tokuno,1408,1152,1520,1152,0,9,17,5369003
Tokuno,1408,1152,1448,1169,0,9,17,5369003
Tokuno,1408,1152,1457,1169,0,9,17,5369003
Tokuno,1408,1152,1466,1169,0,9,17,5369003
Tokuno,1408,1152,1475,1169,0,9,17,5369003
Tokuno,1408,1152,1484,1169,0,9,17,5369003
Tokuno,1408,1152,1493,1169,0,9,17,5369003
Tokuno,1408,1152,1502,1169,0,9,17,5369003
Tokuno,1408,1152,1511,1169,0,9,17,5369003
Tokuno,1408,1152,1520,1169,0,9,17,5369003
Tokuno,1408,1152,1448,1186,0,9,17,5369003
Tokuno,1408,1152,1457,1186,0,9,17,5369003
Tokuno,1408,1152,1466,1186,0,9,17,5369003
Tokuno,1408,1152,1475,1186,0,9,17,5369003
Tokuno,1408,1152,1484,1186,0,9,17,5369003
Tokuno,1408,1152,1493,1186,0,9,17,5369003
Tokuno,1408,1152,1502,1186,0,9,17,5369003
Tokuno,1408,1152,1511,1186,0,9,17,5369003
Tokuno,1408,1152,1520,1186,0,9,17,5369003
Tokuno,1408,1152,1448,1203,0,9,17,5369003
Tokuno,1408,1152,1457,1203,0,9,17,5369003
Tokuno,1408,1152,1466,1203,0,9,17,5369003
Tokuno,1408,1152,1475,1203,0,9,17,5369003
Tokuno,1408,1152,1484,1203,0,9,17,5369003
Tokuno,1408,1152,1493,1203,0,9,17,5369003
Tokuno,1408,1152,1502,1203,0,9,17,5369003
Tokuno,1408,1152,1511,1203,0,9,17,5369003
Tokuno,1408,1152,1520,1203,0,9,17,5369003
Tokuno,1408,1152,1448,1220,0,9,17,5369003
Tokuno,1408,1152,1457,1220,0,9,17,5369003
Tokuno,1408,1152,1466,1220,0,9,17,5369003
Tokuno,1408,1152,1475,1220,0,9,17,5369003
Tokuno,1408,1152,1484,1220,0,9,17,5369003
Tokuno,1408,1152,1493,1220,0,9,17,5369003
Tokuno,1408,1152,1502,1220,0,9,17,5369003
Tokuno,1408,1152,1511,1220,0,9,17,5369003
Tokuno,1408,1152,1520,1220,0,9,17,5369003
Tokuno,1408,1152,1448,1237,0,9,17,5369003
Tokuno,1408,1152,1457,1237,0,9,17,5369003
Tokuno,1408,1152,1466,1237,0,9,17,5369003
Tokuno,1408,1152,1475,1237,0,9,17,5369003
Tokuno,1408,1152,1484,1237,0,9,17,5369003
Tokuno,1408,1152,1493,1237,0,9,17,5369003
Tokuno,1408,1152,1502,1237,0,9,17,5369003
Tokuno,1408,1152,1511,1237,0,9,17,5369003
Tokuno,1408,1152,1520,1237,0,9,17,5369003
Tokuno,1408,1152,1448,1254,0,9,17,5369003
Tokuno,1408,1152,1457,1254,0,9,17,5369003
Tokuno,1408,1152,1466,1254,0,9,17,5369003
Tokuno,1408,1152,1475,1254,0,9,17,5369003
Tokuno,1408,1152,1484,1254,0,9,17,5369003
Tokuno,1408,1152,1493,1254,0,9,17,5369003
Tokuno,1408,1152,1502,1254,0,9,17,5369003
Tokuno,1408,1152,1511,1254,0,9,17,5369003
Tokuno,1408,1152,1520,1254,0,9,17,5369003
Tokuno,1408,1280,1448,1280,0,9,17,5369003
Tokuno,1408,1280,1457,1280,0,9,17,5369003
Tokuno,1408,1280,1466,1280,0,9,17,5369003
Tokuno,1408,1280,1475,1280,0,9,17,5369003
Tokuno,1408,1280,1484,1280,0,9,17,5369003
Tokuno,1408,1280,1493,1280,0,9,17,5369003
Tokuno,1408,1280,1502,1280,0,9,17,5369003
Tokuno,1408,1280,1511,1280,0,9,17,5369003
Tokuno,1408,1280,1520,1280,0,9,17,5369003
Tokuno,1408,1280,1448,1297,0,9,17,5369003
Tokuno,1408,1280,1457,1297,0,9,17,5369003
Tokuno,1408,1280,1466,1297,0,9,17,5369003
Tokuno,1408,1280,1475,1297,0,9,17,5369003
Tokuno,1408,1280,1484,1297,0,9,17,5369003
Tokuno,1408,1280,1493,1297,0,9,17,5369003
Tokuno,1408,1280,1502,1297,0,9,17,5369003
Tokuno,1408,1280,1511,1297,0,9,17,5369003
Tokuno,1408,1280,1520,1297,0,9,17,5369003
Tokuno,1408,1280,1448,1314,0,9,17,5369003
Tokuno,1408,1280,1457,1314,0,9,17,5369003
Tokuno,1408,1280,1466,1314,0,9,17,5369003
Tokuno,1408,1280,1475,1314,0,9,17,5369003
Tokuno,1408,1280,1484,1314,0,9,17,5369003
Tokuno,1408,1280,1493,1314,0,9,17,5369003
Tokuno,1408,1280,1502,1314,0,9,17,5369003
Tokuno,1408,1280,1511,1314,0,9,17,5369003
Tokuno,1408,1280,1520,1314,0,9,17,5369003
Tokuno,1408,1280,1448,1331,0,9,17,5369003
Tokuno,1408,1280,1457,1331,0,9,17,5369003
Tokuno,1408,1280,1466,1331,0,9,17,5369003
Tokuno,1408,1280,1475,1331,0,9,17,5369003
Tokuno,1408,1280,1484,1331,0,9,17,5369003
Tokuno,1408,1280,1493,1331,0,9,17,5369003
Tokuno,1408,1280,1502,1331,0,9,17,5369003
Tokuno,1408,1280,1511,1331,0,9,17,5369003
Tokuno,1408,1280,1520,1331,0,9,17,5369003
Tokuno,1408,1280,1448,1348,0,9,17,5369003
Tokuno,1408,1280,1457,1348,0,9,17,5369003
Tokuno,1408,1280,1466,1348,0,9,17,5369003
Tokuno,1408,1280,1475,1348,0,9,17,5369003
Tokuno,1408,1280,1484,1348,0,9,17,5369003
Tokuno,1408,1280,1493,1348,0,9,17,5369003
Tokuno,1408,1280,1502,1348,0,9,17,5369003
Tokuno,1408,1280,1511,1348,0,9,17,5369003
Tokuno,1408,1280,1520,1348,0,9,17,5369003
Tokuno,1408,1280,1448,1365,0,9,17,5369003
Tokuno,1408,1280,1457,1365,0,9,17,5369003
Tokuno,1408,1280,1466,1365,0,9,17,5369003
Tokuno,1408,1280,1475,1365,0,9,17,5369003
Tokuno,1408,1280,1484,1365,0,9,17,5369003
Tokuno,1408,1280,1493,1365,0,9,17,5369003
Tokuno,1408,1280,1502,1365,0,9,17,5369003
Tokuno,1408,1280,1511,1365,0,9,17,5369003
Tokuno,1408,1280,1520,1365,0,9,17,5369003
Tokuno,1408,1280,1448,1382,0,9,17,5369003
Tokuno,1408,1280,1457,1382,0,9,17,5369003
Tokuno,1408,1280,1466,1382,0,9,17,5369003
Tokuno,1408,1280,1475,1382,0,9,17,5369003
Tokuno,1408,1280,1484,1382,0,9,17,5369003
Tokuno,1408,1280,1493,1382,0,9,17,5369003
Tokuno,1408,1280,1502,1382,0,9,17,5369003
Tokuno,1408,1280,1511,1382,0,9,17,5369003
Tokuno,1408,1280,1520,1382,0,9,17,5369003
Tokuno,1408,1408,1448,1408,0,9,17,5369003
Tokuno,1408,1408,1457,1408,0,9,17,5369003
Tokuno,1408,1408,1466,1408,0,9,17,5369003
Tokuno,1408,1408,1475,1408,0,9,17,5369003
Tokuno,1408,1408,1484,1408,0,9,17,5369003
Tokuno,1408,1408,1493,1408,0,9,17,5369003
Tokuno,1408,1408,1502,1408,0,9,17,5369003
Tokuno,1408,1408,1511,1408,0,9,17,5369003
Tokuno,1408,1408,1520,1408,0,9,17,5369003
Tokuno,1408,1408,1448,1425,0,9,17,5369003
Tokuno,1408,1408,1457,1425,0,9,17,5369003
Tokuno,1408,1408,1466,1425,0,9,17,5369003
Tokuno,1408,1408,1475,1425,0,9,17,5369003
Tokuno,1408,1408,1484,1425,0,9,17,5369003
Tokuno,1408,1408,1493,1425,0,9,17,5369003
Tokuno,1408,1408,1502,1425,0,9,17,5369003
Tokuno,1408,1408,1511,1425,0,9,17,5369003
Tokuno,1408,1408,1520,1425,0,9,17,5369003
Tokuno,1408,1408,1448,1442,0,9,17,5369003
Tokuno,1408,1408,1457,1442,0,9,17,5369003
Tokuno,1408,1408,1466,1442,0,9,17,5369003
Tokuno,1408,1408,1475,1442,0,9,17,5369003
Tokuno,1408,1408,1484,1442,0,9,17,5369003
Tokuno,1408,1408,1493,1442,0,9,17,5369003
Tokuno,1408,1408,1502,1442,0,9,17,5369003
Tokuno,1408,1408,1511,1442,0,9,17,5369003
Tokuno,1408,1408,1520,1442,0,9,17,5369003
Tokuno,1408,1408,1408,1448,0,9,17,5369003
Tokuno,1408,1408,1417,1448,0,9,17,5369003
Tokuno,1408,1408,1426,1448,0,9,17,5369003
Tokuno,1408,1408,1435,1448,0,9,17,5369003
Tokuno,1408,1408,1444,1448,0,9,17,5369003
Tokuno,1408,1408,1453,1459,0,9,17,5369003
Tokuno,1408,1408,1462,1459,0,9,17,5369003
Tokuno,1408,1408,1471,1459,0,9,17,5369003
Tokuno,1408,1408,1480,1459,0,9,17,5369003
Tokuno,1408,1408,1489,1459,0,9,17,5369003
Tokuno,1408,1408,1498,1459,0,9,17,5369003
Tokuno,1408,1408,1507,1459,0,9,17,5369003
Tokuno,1408,1408,1516,1459,0,9,17,5369003
Tokuno,1408,1408,1525,1459,0,9,17,5369003
Tokuno,1408,1408,1408,1465,0,9,17,5369003
Tokuno,1408,1408,1417,1465,0,9,17,5369003
Tokuno,1408,1408,1426,1465,0,9,17,5369003
Tokuno,1408,1408,1435,1465,0,9,17,5369003
Tokuno,1408,1408,1444,1465,0,9,17,5369003
Tokuno,1408,1408,1453,1476,0,9,17,5369003
Tokuno,1408,1408,1462,1476,0,9,17,5369003
Tokuno,1408,1408,1471,1476,0,9,17,5369003
Tokuno,1408,1408,1480,1476,0,9,17,5369003
Tokuno,1408,1408,1489,1476,0,9,17,5369003
Tokuno,1408,1408,1498,1476,0,9,17,5369003
Tokuno,1408,1408,1507,1476,0,9,17,5369003
Tokuno,1408,1408,1516,1476,0,9,17,5369003
Tokuno,1408,1408,1525,1476,0,9,17,5369003
Tokuno,1408,1408,1408,1482,0,9,17,5369003
Tokuno,1408,1408,1417,1482,0,9,17,5369003
Tokuno,1408,1408,1426,1482,0,9,17,5369003
Tokuno,1408,1408,1435,1482,0,9,17,5369003
Tokuno,1408,1408,1444,1482,0,9,17,5369003
Tokuno,1408,1408,1453,1493,0,9,17,5369003
Tokuno,1408,1408,1462,1493,0,9,17,5369003
Tokuno,1408,1408,1471,1493,0,9,17,5369003
Tokuno,1408,1408,1480,1493,0,9,17,5369003
Tokuno,1408,1408,1489,1493,0,9,17,5369003
Tokuno,1408,1408,1498,1493,0,9,17,5369003
Tokuno,1408,1408,1507,1493,0,9,17,5369003
Tokuno,1408,1408,1516,1493,0,9,17,5369003
Tokuno,1408,1408,1525,1493,0,9,17,5369003
Tokuno,1408,1408,1408,1499,0,9,17,5369003
Tokuno,1408,1408,1417,1499,0,9,17,5369003
Tokuno,1408,1408,1426,1499,0,9,17,5369003
Tokuno,1408,1408,1435,1499,0,9,17,5369003
Tokuno,1408,1408,1444,1499,0,9,17,5369003
Tokuno,1408,1408,1453,1510,0,9,17,5369003
Tokuno,1408,1408,1462,1510,0,9,17,5369003
Tokuno,1408,1408,1471,1510,0,9,17,5369003
Tokuno,1408,1408,1480,1510,0,9,17,5369003
Tokuno,1408,1408,1489,1510,0,9,17,5369003
Tokuno,1408,1408,1498,1510,0,9,17,5369003
Tokuno,1408,1408,1507,1510,0,9,17,5369003
Tokuno,1408,1408,1516,1510,0,9,17,5369003
Tokuno,1408,1408,1525,1510,0,9,17,5369003
Tokuno,1408,1408,1408,1516,0,9,17,5369003
Tokuno,1408,1408,1417,1516,0,9,17,5369003
Tokuno,1408,1408,1426,1516,0,9,17,5369003
Tokuno,1408,1408,1435,1516,0,9,17,5369003
Tokuno,1408,1408,1444,1516,0,9,17,5369003
