MapName,ChunkX,ChunkY,ZoneID,DominantTown
Trammel,0,0,1369003,Wilderness
Trammel,0,128,1369003,Wilderness
Trammel,0,256,1369003,Wilderness
Trammel,0,384,1369003,Wilderness
Trammel,0,512,1369003,Wilderness
Trammel,0,640,1369003,Wilderness
Trammel,0,768,1369003,Wilderness
Trammel,0,896,1369003,Wilderness
Trammel,0,1024,1369003,Wilderness
Trammel,0,1152,1369003,Wilderness
Trammel,0,1280,1369003,Wilderness
Trammel,0,1408,1369003,Wilderness
Trammel,0,1536,1369003,Wilderness
Trammel,0,1664,1369003,Wilderness
Trammel,0,1792,1369003,Wilderness
Trammel,0,1920,1369003,Wilderness
Trammel,0,2048,1369003,Wilderness
Trammel,0,2176,1369003,Wilderness
Trammel,0,2304,1369003,Wilderness
Trammel,0,2432,1369003,Wilderness
Trammel,0,2560,1369003,Wilderness
Trammel,0,2688,1369003,Wilderness
Trammel,0,2816,1369003,Wilderness
Trammel,0,2944,1369003,Wilderness
Trammel,0,3072,1369003,Wilderness
Trammel,0,3200,1369003,Wilderness
Trammel,0,3328,1369003,Wilderness
Trammel,0,3456,1369003,Wilderness
Trammel,0,3584,1369003,Wilderness
Trammel,0,3712,1369003,Wilderness
Trammel,0,3840,1369003,Wilderness
Trammel,0,3968,1369003,Wilderness
Trammel,128,0,1369003,Wilderness
Trammel,128,128,1369003,Wilderness
Trammel,128,256,1369003,Wilderness
Trammel,128,384,1369003,Wilderness
Trammel,128,512,1369003,Wilderness
Trammel,128,640,1216002,Yew
Trammel,128,768,1216002,Yew
Trammel,128,896,1369003,Wilderness
Trammel,128,1024,1369003,Wilderness
Trammel,128,1152,1369003,Wilderness
Trammel,128,1280,1369003,Wilderness
Trammel,128,1408,1369003,Wilderness
Trammel,128,1536,1369003,Wilderness
Trammel,128,1664,1369003,Wilderness
Trammel,128,1792,1369003,Wilderness
Trammel,128,1920,1369003,Wilderness
Trammel,128,2048,1369003,Wilderness
Trammel,128,2176,1369003,Wilderness
Trammel,128,2304,1369003,Wilderness
Trammel,128,2432,1369003,Wilderness
Trammel,128,2560,1369003,Wilderness
Trammel,128,2688,1369003,Wilderness
Trammel,128,2816,1369003,Wilderness
Trammel,128,2944,1369003,Wilderness
Trammel,128,3072,1369003,Wilderness
Trammel,128,3200,1369003,Wilderness
Trammel,128,3328,1369003,Wilderness
Trammel,128,3456,1369003,Wilderness
Trammel,128,3584,1369003,Wilderness
Trammel,128,3712,1369003,Wilderness
Trammel,128,3840,1369003,Wilderness
Trammel,128,3968,1369003,Wilderness
Trammel,256,0,1369003,Wilderness
Trammel,256,128,1369003,Wilderness
Trammel,256,256,1369003,Wilderness
Trammel,256,384,1369003,Wilderness
Trammel,256,512,1369003,Wilderness
Trammel,256,640,1216002,Yew
Trammel,256,768,1216002,Yew
Trammel,256,896,1216002,Yew
Trammel,256,1024,1216002,Yew
Trammel,256,1152,1216002,Yew
Trammel,256,1280,1216002,Yew
Trammel,256,1408,1216002,Yew
Trammel,256,1536,1216002,Yew
Trammel,256,1664,1369003,Wilderness
Trammel,256,1792,1369003,Wilderness
Trammel,256,1920,1369003,Wilderness
Trammel,256,2048,1369003,Wilderness
Trammel,256,2176,1369003,Wilderness
Trammel,256,2304,1369003,Wilderness
Trammel,256,2432,1369003,Wilderness
Trammel,256,2560,1369003,Wilderness
Trammel,256,2688,1369003,Wilderness
Trammel,256,2816,1369003,Wilderness
Trammel,256,2944,1369003,Wilderness
Trammel,256,3072,1369003,Wilderness
Trammel,256,3200,1369003,Wilderness
Trammel,256,3328,1369003,Wilderness
Trammel,256,3456,1369003,Wilderness
Trammel,256,3584,1369003,Wilderness
Trammel,256,3712,1369003,Wilderness
Trammel,256,3840,1369003,Wilderness
Trammel,256,3968,1369003,Wilderness
Trammel,384,0,1369003,Wilderness
Trammel,384,128,1369003,Wilderness
Trammel,384,256,1369003,Wilderness
Trammel,384,384,1369003,Wilderness
Trammel,384,512,1369003,Wilderness
Trammel,384,640,1216002,Yew
Trammel,384,768,1216002,Yew
Trammel,384,896,1216002,Yew
Trammel,384,1024,1216002,Yew
Trammel,384,1152,1216002,Yew
Trammel,384,1280,1216002,Yew
Trammel,384,1408,1216002,Yew
Trammel,384,1536,1216002,Yew
Trammel,384,1664,1369003,Wilderness
Trammel,384,1792,1369003,Wilderness
Trammel,384,1920,1369003,Wilderness
Trammel,384,2048,1369003,Wilderness
Trammel,384,2176,1369003,Wilderness
Trammel,384,2304,1369003,Wilderness
Trammel,384,2432,1369003,Wilderness
Trammel,384,2560,1369003,Wilderness
Trammel,384,2688,1369003,Wilderness
Trammel,384,2816,1369003,Wilderness
Trammel,384,2944,1369003,Wilderness
Trammel,384,3072,1369003,Wilderness
Trammel,384,3200,1369003,Wilderness
Trammel,384,3328,1369003,Wilderness
Trammel,384,3456,1369003,Wilderness
Trammel,384,3584,1369003,Wilderness
Trammel,384,3712,1369003,Wilderness
Trammel,384,3840,1369003,Wilderness
Trammel,384,3968,1369003,Wilderness
Trammel,512,0,1369003,Wilderness
Trammel,512,128,1369003,Wilderness
Trammel,512,256,1369003,Wilderness
Trammel,512,384,1369003,Wilderness
Trammel,512,512,1369003,Wilderness
Trammel,512,640,1216002,Yew
Trammel,512,768,1216002,Yew
Trammel,512,896,1216002,Yew
Trammel,512,1024,1216002,Yew
Trammel,512,1152,1216002,Yew
Trammel,512,1280,1216002,Yew
Trammel,512,1408,1216002,Yew
Trammel,512,1536,1216002,Yew
Trammel,512,1664,1369003,Wilderness
Trammel,512,1792,1369003,Wilderness
Trammel,512,1920,1369003,Wilderness
Trammel,512,2048,1212002,Skara Brae
Trammel,512,2176,1212002,Skara Brae
Trammel,512,2304,1212002,Skara Brae
Trammel,512,2432,1369003,Wilderness
Trammel,512,2560,1369003,Wilderness
Trammel,512,2688,1369003,Wilderness
Trammel,512,2816,1369003,Wilderness
Trammel,512,2944,1369003,Wilderness
Trammel,512,3072,1369003,Wilderness
Trammel,512,3200,1369003,Wilderness
Trammel,512,3328,1369003,Wilderness
Trammel,512,3456,1369003,Wilderness
Trammel,512,3584,1369003,Wilderness
Trammel,512,3712,1369003,Wilderness
Trammel,512,3840,1369003,Wilderness
Trammel,512,3968,1369003,Wilderness
Trammel,640,0,1369003,Wilderness
Trammel,640,128,1369003,Wilderness
Trammel,640,256,1369003,Wilderness
Trammel,640,384,1369003,Wilderness
Trammel,640,512,1369003,Wilderness
Trammel,640,640,1216002,Yew
Trammel,640,768,1216002,Yew
Trammel,640,896,1216002,Yew
Trammel,640,1024,1216002,Yew
Trammel,640,1152,1216002,Yew
Trammel,640,1280,1216002,Yew
Trammel,640,1408,1216002,Yew
Trammel,640,1536,1216002,Yew
Trammel,640,1664,1369003,Wilderness
Trammel,640,1792,1369003,Wilderness
Trammel,640,1920,1369003,Wilderness
Trammel,640,2048,1212002,Skara Brae
Trammel,640,2176,1212002,Skara Brae
Trammel,640,2304,1212002,Skara Brae
Trammel,640,2432,1369003,Wilderness
Trammel,640,2560,1369003,Wilderness
Trammel,640,2688,1369003,Wilderness
Trammel,640,2816,1369003,Wilderness
Trammel,640,2944,1369003,Wilderness
Trammel,640,3072,1369003,Wilderness
Trammel,640,3200,1369003,Wilderness
Trammel,640,3328,1369003,Wilderness
Trammel,640,3456,1369003,Wilderness
Trammel,640,3584,1369003,Wilderness
Trammel,640,3712,1361003,South Britannian Sea
Trammel,640,3840,1361003,South Britannian Sea
Trammel,640,3968,1361003,South Britannian Sea
Trammel,768,0,1369003,Wilderness
Trammel,768,128,1369003,Wilderness
Trammel,768,256,1369003,Wilderness
Trammel,768,384,1369003,Wilderness
Trammel,768,512,1369003,Wilderness
Trammel,768,640,1216002,Yew
Trammel,768,768,1216002,Yew
Trammel,768,896,1216002,Yew
Trammel,768,1024,1216002,Yew
Trammel,768,1152,1216002,Yew
Trammel,768,1280,1216002,Yew
Trammel,768,1408,1216002,Yew
Trammel,768,1536,1216002,Yew
Trammel,768,1664,1369003,Wilderness
Trammel,768,1792,1369003,Wilderness
Trammel,768,1920,1369003,Wilderness
Trammel,768,2048,1212002,Skara Brae
Trammel,768,2176,1212002,Skara Brae
Trammel,768,2304,1212002,Skara Brae
Trammel,768,2432,1369003,Wilderness
Trammel,768,2560,1369003,Wilderness
Trammel,768,2688,1369003,Wilderness
Trammel,768,2816,1369003,Wilderness
Trammel,768,2944,1369003,Wilderness
Trammel,768,3072,1369003,Wilderness
Trammel,768,3200,1369003,Wilderness
Trammel,768,3328,1369003,Wilderness
Trammel,768,3456,1369003,Wilderness
Trammel,768,3584,1369003,Wilderness
Trammel,768,3712,1361003,South Britannian Sea
Trammel,768,3840,1361003,South Britannian Sea
Trammel,768,3968,1361003,South Britannian Sea
Trammel,896,0,1369003,Wilderness
Trammel,896,128,1369003,Wilderness
Trammel,896,256,1369003,Wilderness
Trammel,896,384,1369003,Wilderness
Trammel,896,512,1369003,Wilderness
Trammel,896,640,1369003,Wilderness
Trammel,896,768,1369003,Wilderness
Trammel,896,896,1369003,Wilderness
Trammel,896,1024,1369003,Wilderness
Trammel,896,1152,1369003,Wilderness
Trammel,896,1280,1369003,Wilderness
Trammel,896,1408,1369003,Wilderness
Trammel,896,1536,1369003,Wilderness
Trammel,896,1664,1369003,Wilderness
Trammel,896,1792,1369003,Wilderness
Trammel,896,1920,1369003,Wilderness
Trammel,896,2048,1212002,Skara Brae
Trammel,896,2176,1212002,Skara Brae
Trammel,896,2304,1212002,Skara Brae
Trammel,896,2432,1369003,Wilderness
Trammel,896,2560,1369003,Wilderness
Trammel,896,2688,1369003,Wilderness
Trammel,896,2816,1369003,Wilderness
Trammel,896,2944,1369003,Wilderness
Trammel,896,3072,1369003,Wilderness
Trammel,896,3200,1369003,Wilderness
Trammel,896,3328,1369003,Wilderness
Trammel,896,3456,1369003,Wilderness
Trammel,896,3584,1369003,Wilderness
Trammel,896,3712,1361003,South Britannian Sea
Trammel,896,3840,1361003,South Britannian Sea
Trammel,896,3968,1361003,South Britannian Sea
Trammel,1024,0,1369003,Wilderness
Trammel,1024,128,1369003,Wilderness
Trammel,1024,256,1369003,Wilderness
Trammel,1024,384,1369003,Wilderness
Trammel,1024,512,1369003,Wilderness
Trammel,1024,640,1369003,Wilderness
Trammel,1024,768,1369003,Wilderness
Trammel,1024,896,1369003,Wilderness
Trammel,1024,1024,1369003,Wilderness
Trammel,1024,1152,1369003,Wilderness
Trammel,1024,1280,1369003,Wilderness
Trammel,1024,1408,1369003,Wilderness
Trammel,1024,1536,1369003,Wilderness
Trammel,1024,1664,1369003,Wilderness
Trammel,1024,1792,1369003,Wilderness
Trammel,1024,1920,1369003,Wilderness
Trammel,1024,2048,1369003,Wilderness
Trammel,1024,2176,1369003,Wilderness
Trammel,1024,2304,1369003,Wilderness
Trammel,1024,2432,1369003,Wilderness
Trammel,1024,2560,1369003,Wilderness
Trammel,1024,2688,1369003,Wilderness
Trammel,1024,2816,1369003,Wilderness
Trammel,1024,2944,1369003,Wilderness
Trammel,1024,3072,1369003,Wilderness
Trammel,1024,3200,1369003,Wilderness
Trammel,1024,3328,1369003,Wilderness
Trammel,1024,3456,1369003,Wilderness
Trammel,1024,3584,1205002,Jhelom
Trammel,1024,3712,1361003,South Britannian Sea
Trammel,1024,3840,1361003,South Britannian Sea
Trammel,1024,3968,1361003,South Britannian Sea
Trammel,1152,0,1369003,Wilderness
Trammel,1152,128,1369003,Wilderness
Trammel,1152,256,1369003,Wilderness
Trammel,1152,384,1369003,Wilderness
Trammel,1152,512,1369003,Wilderness
Trammel,1152,640,1369003,Wilderness
Trammel,1152,768,1369003,Wilderness
Trammel,1152,896,1369003,Wilderness
Trammel,1152,1024,1369003,Wilderness
Trammel,1152,1152,1369003,Wilderness
Trammel,1152,1280,1369003,Wilderness
Trammel,1152,1408,1101002,Britain
Trammel,1152,1536,1101002,Britain
Trammel,1152,1664,1101002,Britain
Trammel,1152,1792,1101002,Britain
Trammel,1152,1920,1369003,Wilderness
Trammel,1152,2048,1369003,Wilderness
Trammel,1152,2176,1369003,Wilderness
Trammel,1152,2304,1369003,Wilderness
Trammel,1152,2432,1369003,Wilderness
Trammel,1152,2560,1369003,Wilderness
Trammel,1152,2688,1369003,Wilderness
Trammel,1152,2816,1369003,Wilderness
Trammel,1152,2944,1369003,Wilderness
Trammel,1152,3072,1369003,Wilderness
Trammel,1152,3200,1369003,Wilderness
Trammel,1152,3328,1369003,Wilderness
Trammel,1152,3456,1205002,Jhelom
Trammel,1152,3584,1205002,Jhelom
Trammel,1152,3712,1205002,Jhelom
Trammel,1152,3840,1205002,Jhelom
Trammel,1152,3968,1205002,Jhelom
Trammel,1280,0,1369003,Wilderness
Trammel,1280,128,1369003,Wilderness
Trammel,1280,256,1369003,Wilderness
Trammel,1280,384,1369003,Wilderness
Trammel,1280,512,1369003,Wilderness
Trammel,1280,640,1369003,Wilderness
Trammel,1280,768,1369003,Wilderness
Trammel,1280,896,1369003,Wilderness
Trammel,1280,1152,1369003,Wilderness
Trammel,1280,1280,1369003,Wilderness
Trammel,1280,1408,1101002,Britain
Trammel,1280,1536,1101002,Britain
Trammel,1280,1664,1101002,Britain
Trammel,1280,1792,1101002,Britain
Trammel,1280,1920,1369003,Wilderness
Trammel,1280,2048,1369003,Wilderness
Trammel,1280,2176,1369003,Wilderness
Trammel,1280,2304,1369003,Wilderness
Trammel,1280,2432,1369003,Wilderness
Trammel,1280,2560,1369003,Wilderness
Trammel,1280,2688,1369003,Wilderness
Trammel,1280,2816,1369003,Wilderness
Trammel,1280,2944,1369003,Wilderness
Trammel,1280,3072,1369003,Wilderness
Trammel,1280,3200,1369003,Wilderness
Trammel,1280,3328,1369003,Wilderness
Trammel,1280,3456,1205002,Jhelom
Trammel,1280,3584,1205002,Jhelom
Trammel,1280,3712,1205002,Jhelom
Trammel,1280,3840,1205002,Jhelom
Trammel,1280,3968,1205002,Jhelom
Trammel,1408,0,1369003,Wilderness
Trammel,1408,128,1369003,Wilderness
Trammel,1408,256,1369003,Wilderness
Trammel,1408,384,1369003,Wilderness
Trammel,1408,512,1369003,Wilderness
Trammel,1408,640,1369003,Wilderness
Trammel,1408,768,1369003,Wilderness
Trammel,1408,896,1369003,Wilderness
Trammel,1408,1024,1369003,Wilderness
Trammel,1408,1152,1369003,Wilderness
Trammel,1408,1280,1369003,Wilderness
Trammel,1408,1408,1101002,Britain
Trammel,1408,1536,1101002,Britain
Trammel,1408,1664,1101002,Britain
Trammel,1408,1792,1369003,Wilderness
Trammel,1408,1920,1369003,Wilderness
Trammel,1408,2048,1369003,Wilderness
Trammel,1408,2176,1369003,Wilderness
Trammel,1408,2304,1369003,Wilderness
Trammel,1408,2432,1369003,Wilderness
Trammel,1408,2560,1369003,Wilderness
Trammel,1408,2688,1369003,Wilderness
Trammel,1408,2816,1369003,Wilderness
Trammel,1408,2944,1369003,Wilderness
Trammel,1408,3072,1369003,Wilderness
Trammel,1408,3200,1369003,Wilderness
Trammel,1408,3328,1369003,Wilderness
Trammel,1408,3456,1205002,Jhelom
Trammel,1408,3584,1205002,Jhelom
Trammel,1408,3712,1205002,Jhelom
Trammel,1408,3840,1205002,Jhelom
Trammel,1408,3968,1205002,Jhelom
Trammel,1536,0,1369003,Wilderness
Trammel,1536,128,1369003,Wilderness
Trammel,1536,256,1369003,Wilderness
Trammel,1536,384,1369003,Wilderness
Trammel,1536,512,1356003,Huntsman's Forest
Trammel,1536,640,1369003,Wilderness
Trammel,1536,768,1369003,Wilderness
Trammel,1536,896,1369003,Wilderness
Trammel,1536,1024,1369003,Wilderness
Trammel,1536,1152,1369003,Wilderness
Trammel,1536,1280,1369003,Wilderness
Trammel,1536,1408,1101002,Britain
Trammel,1536,1536,1101002,Britain
Trammel,1536,1664,1101002,Britain
Trammel,1536,1792,1369003,Wilderness
Trammel,1536,1920,1369003,Wilderness
Trammel,1536,2048,1369003,Wilderness
Trammel,1536,2176,1369003,Wilderness
Trammel,1536,2304,1369003,Wilderness
Trammel,1536,2432,1369003,Wilderness
Trammel,1536,2560,1369003,Wilderness
Trammel,1536,2688,1369003,Wilderness
Trammel,1536,2816,1369003,Wilderness
Trammel,1536,2944,1369003,Wilderness
Trammel,1536,3072,1369003,Wilderness
Trammel,1536,3200,1369003,Wilderness
Trammel,1536,3328,1369003,Wilderness
Trammel,1536,3456,1205002,Jhelom
Trammel,1536,3584,1205002,Jhelom
Trammel,1536,3712,1205002,Jhelom
Trammel,1536,3840,1205002,Jhelom
Trammel,1536,3968,1205002,Jhelom
Trammel,1664,0,1369003,Wilderness
Trammel,1664,128,1369003,Wilderness
Trammel,1664,256,1369003,Wilderness
Trammel,1664,384,1369003,Wilderness
Trammel,1664,512,1369003,Wilderness
Trammel,1664,640,1369003,Wilderness
Trammel,1664,768,1369003,Wilderness
Trammel,1664,896,1369003,Wilderness
Trammel,1664,1024,1369003,Wilderness
Trammel,1664,1152,1369003,Wilderness
Trammel,1664,1280,1369003,Wilderness
Trammel,1664,1408,1101002,Britain
Trammel,1664,1536,1101002,Britain
Trammel,1664,1664,1101002,Britain
Trammel,1664,1792,1369003,Wilderness
Trammel,1664,1920,1369003,Wilderness
Trammel,1664,2048,1369003,Wilderness
Trammel,1664,2176,1369003,Wilderness
Trammel,1664,2304,1369003,Wilderness
Trammel,1664,2432,1369003,Wilderness
Trammel,1664,2560,1369003,Wilderness
Trammel,1664,2688,1369003,Wilderness
Trammel,1664,2816,1369003,Wilderness
Trammel,1664,2944,1369003,Wilderness
Trammel,1664,3072,1369003,Wilderness
Trammel,1664,3200,1369003,Wilderness
Trammel,1664,3328,1369003,Wilderness
Trammel,1664,3456,1369003,Wilderness
Trammel,1664,3584,1369003,Wilderness
Trammel,1664,3712,1361003,South Britannian Sea
Trammel,1664,3840,1361003,South Britannian Sea
Trammel,1664,3968,1361003,South Britannian Sea
Trammel,1792,0,1369003,Wilderness
Trammel,1792,128,1369003,Wilderness
Trammel,1792,256,1369003,Wilderness
Trammel,1792,384,1369003,Wilderness
Trammel,1792,512,1369003,Wilderness
Trammel,1792,640,1369003,Wilderness
Trammel,1792,768,1369003,Wilderness
Trammel,1792,896,1369003,Wilderness
Trammel,1792,1024,1369003,Wilderness
Trammel,1792,1152,1369003,Wilderness
Trammel,1792,1280,1369003,Wilderness
Trammel,1792,1408,1369003,Wilderness
Trammel,1792,1536,1369003,Wilderness
Trammel,1792,1664,1369003,Wilderness
Trammel,1792,1792,1369003,Wilderness
Trammel,1792,1920,1369003,Wilderness
Trammel,1792,2048,1369003,Wilderness
Trammel,1792,2176,1369003,Wilderness
Trammel,1792,2304,1369003,Wilderness
Trammel,1792,2432,1369003,Wilderness
Trammel,1792,2560,1113002,Trinsic
Trammel,1792,2688,1113002,Trinsic
Trammel,1792,2816,1113002,Trinsic
Trammel,1792,2944,1113002,Trinsic
Trammel,1792,3072,1369003,Wilderness
Trammel,1792,3200,1369003,Wilderness
Trammel,1792,3328,1369003,Wilderness
Trammel,1792,3456,1369003,Wilderness
Trammel,1792,3584,1369003,Wilderness
Trammel,1792,3712,1361003,South Britannian Sea
Trammel,1792,3840,1361003,South Britannian Sea
Trammel,1792,3968,1361003,South Britannian Sea
Trammel,1920,0,1369003,Wilderness
Trammel,1920,128,1369003,Wilderness
Trammel,1920,384,1369003,Wilderness
Trammel,1920,512,1369003,Wilderness
Trammel,1920,640,1369003,Wilderness
Trammel,1920,768,1369003,Wilderness
Trammel,1920,896,1369003,Wilderness
Trammel,1920,1024,1369003,Wilderness
Trammel,1920,1152,1369003,Wilderness
Trammel,1920,1280,1369003,Wilderness
Trammel,1920,1408,1369003,Wilderness
Trammel,1920,1536,1369003,Wilderness
Trammel,1920,1664,1369003,Wilderness
Trammel,1920,1792,1369003,Wilderness
Trammel,1920,1920,1369003,Wilderness
Trammel,1920,2048,1369003,Wilderness
Trammel,1920,2176,1369003,Wilderness
Trammel,1920,2304,1369003,Wilderness
Trammel,1920,2432,1369003,Wilderness
Trammel,1920,2560,1113002,Trinsic
Trammel,1920,2688,1113002,Trinsic
Trammel,1920,2816,1113002,Trinsic
Trammel,1920,2944,1113002,Trinsic
Trammel,1920,3072,1369003,Wilderness
Trammel,1920,3200,1369003,Wilderness
Trammel,1920,3328,1369003,Wilderness
Trammel,1920,3456,1369003,Wilderness
Trammel,1920,3584,1369003,Wilderness
Trammel,1920,3712,1361003,South Britannian Sea
Trammel,1920,3840,1361003,South Britannian Sea
Trammel,1920,3968,1361003,South Britannian Sea
Trammel,2048,0,1369003,Wilderness
Trammel,2048,128,1369003,Wilderness
Trammel,2048,256,1369003,Wilderness
Trammel,2048,384,1369003,Wilderness
Trammel,2048,512,1369003,Wilderness
Trammel,2048,640,1369003,Wilderness
Trammel,2048,768,1369003,Wilderness
Trammel,2048,896,1369003,Wilderness
Trammel,2048,1024,1369003,Wilderness
Trammel,2048,1152,1303002,Cove
Trammel,2048,1280,1303002,Cove
Trammel,2048,1408,1369003,Wilderness
Trammel,2048,1536,1369003,Wilderness
Trammel,2048,1664,1369003,Wilderness
Trammel,2048,1792,1369003,Wilderness
Trammel,2048,1920,1369003,Wilderness
Trammel,2048,2048,1369003,Wilderness
Trammel,2048,2176,1369003,Wilderness
Trammel,2048,2304,1369003,Wilderness
Trammel,2048,2432,1369003,Wilderness
Trammel,2048,2560,1113002,Trinsic
Trammel,2048,2688,1113002,Trinsic
Trammel,2048,2816,1113002,Trinsic
Trammel,2048,2944,1113002,Trinsic
Trammel,2048,3072,1369003,Wilderness
Trammel,2048,3200,1369003,Wilderness
Trammel,2048,3328,1369003,Wilderness
Trammel,2048,3456,1369003,Wilderness
Trammel,2048,3584,1369003,Wilderness
Trammel,2048,3712,1369003,Wilderness
Trammel,2048,3840,1369003,Wilderness
Trammel,2048,3968,1369003,Wilderness
Trammel,2176,0,1369003,Wilderness
Trammel,2176,128,1369003,Wilderness
Trammel,2176,256,1369003,Wilderness
Trammel,2176,384,1369003,Wilderness
Trammel,2176,512,1369003,Wilderness
Trammel,2176,640,1369003,Wilderness
Trammel,2176,768,1369003,Wilderness
Trammel,2176,896,1369003,Wilderness
Trammel,2176,1024,1369003,Wilderness
Trammel,2176,1152,1303002,Cove
Trammel,2176,1280,1303002,Cove
Trammel,2176,1408,1369003,Wilderness
Trammel,2176,1536,1369003,Wilderness
Trammel,2176,1664,1369003,Wilderness
Trammel,2176,1792,1369003,Wilderness
Trammel,2176,1920,1369003,Wilderness
Trammel,2176,2048,1369003,Wilderness
Trammel,2176,2176,1369003,Wilderness
Trammel,2176,2304,1369003,Wilderness
Trammel,2176,2432,1369003,Wilderness
Trammel,2176,2560,1369003,Wilderness
Trammel,2176,2688,1369003,Wilderness
Trammel,2176,2816,1369003,Wilderness
Trammel,2176,2944,1369003,Wilderness
Trammel,2176,3072,1369003,Wilderness
Trammel,2176,3200,1369003,Wilderness
Trammel,2176,3328,1369003,Wilderness
Trammel,2176,3456,1369003,Wilderness
Trammel,2176,3584,1369003,Wilderness
Trammel,2176,3712,1369003,Wilderness
Trammel,2176,3840,1369003,Wilderness
Trammel,2176,3968,1369003,Wilderness
Trammel,2304,0,1369003,Wilderness
Trammel,2304,128,1369003,Wilderness
Trammel,2304,256,1369003,Wilderness
Trammel,2304,384,1369003,Wilderness
Trammel,2304,512,1369003,Wilderness
Trammel,2304,640,1369003,Wilderness
Trammel,2304,768,1369003,Wilderness
Trammel,2304,896,1369003,Wilderness
Trammel,2304,1024,1369003,Wilderness
Trammel,2304,1152,1303002,Cove
Trammel,2304,1280,1303002,Cove
Trammel,2304,1408,1369003,Wilderness
Trammel,2304,1536,1369003,Wilderness
Trammel,2304,1664,1369003,Wilderness
Trammel,2304,1792,1369003,Wilderness
Trammel,2304,1920,1369003,Wilderness
Trammel,2304,2048,1369003,Wilderness
Trammel,2304,2176,1369003,Wilderness
Trammel,2304,2304,1369003,Wilderness
Trammel,2304,2432,1369003,Wilderness
Trammel,2304,2560,1369003,Wilderness
Trammel,2304,2688,1369003,Wilderness
Trammel,2304,2816,1369003,Wilderness
Trammel,2304,2944,1369003,Wilderness
Trammel,2304,3072,1369003,Wilderness
Trammel,2304,3200,1369003,Wilderness
Trammel,2304,3328,1369003,Wilderness
Trammel,2304,3456,1369003,Wilderness
Trammel,2304,3584,1369003,Wilderness
Trammel,2304,3712,1369003,Wilderness
Trammel,2304,3840,1369003,Wilderness
Trammel,2304,3968,1369003,Wilderness
Trammel,2432,0,1369003,Wilderness
Trammel,2432,128,1369003,Wilderness
Trammel,2432,256,1369003,Wilderness
Trammel,2432,384,1107002,Minoc
Trammel,2432,512,1107002,Minoc
Trammel,2432,640,1107002,Minoc
Trammel,2432,768,1369003,Wilderness
Trammel,2432,1024,1369003,Wilderness
Trammel,2432,1152,1303002,Cove
Trammel,2432,1280,1303002,Cove
Trammel,2432,1408,1369003,Wilderness
Trammel,2432,1536,1369003,Wilderness
Trammel,2432,1664,1369003,Wilderness
Trammel,2432,1792,1369003,Wilderness
Trammel,2432,1920,1369003,Wilderness
Trammel,2432,2048,1369003,Wilderness
Trammel,2432,2176,1369003,Wilderness
Trammel,2432,2304,1369003,Wilderness
Trammel,2432,2432,1369003,Wilderness
Trammel,2432,2560,1369003,Wilderness
Trammel,2432,2688,1369003,Wilderness
Trammel,2432,2816,1369003,Wilderness
Trammel,2432,2944,1369003,Wilderness
Trammel,2432,3072,1369003,Wilderness
Trammel,2432,3200,1369003,Wilderness
Trammel,2432,3328,1369003,Wilderness
Trammel,2432,3456,1369003,Wilderness
Trammel,2432,3584,1369003,Wilderness
Trammel,2432,3712,1369003,Wilderness
Trammel,2432,3840,1369003,Wilderness
Trammel,2432,3968,1369003,Wilderness
Trammel,2560,0,1369003,Wilderness
Trammel,2560,128,1369003,Wilderness
Trammel,2560,256,1369003,Wilderness
Trammel,2560,384,1107002,Minoc
Trammel,2560,512,1107002,Minoc
Trammel,2560,640,1107002,Minoc
Trammel,2560,768,1369003,Wilderness
Trammel,2560,896,1369003,Wilderness
Trammel,2560,1024,1369003,Wilderness
Trammel,2560,1152,1369003,Wilderness
Trammel,2560,1280,1369003,Wilderness
Trammel,2560,1408,1369003,Wilderness
Trammel,2560,1536,1369003,Wilderness
Trammel,2560,1664,1369003,Wilderness
Trammel,2560,1792,1369003,Wilderness
Trammel,2560,1920,1369003,Wilderness
Trammel,2560,2048,1202002,Buccaneer's Den
Trammel,2560,2176,1202002,Buccaneer's Den
Trammel,2560,2304,1369003,Wilderness
Trammel,2560,2432,1369003,Wilderness
Trammel,2560,2560,1369003,Wilderness
Trammel,2560,2688,1369003,Wilderness
Trammel,2560,2816,1369003,Wilderness
Trammel,2560,2944,1369003,Wilderness
Trammel,2560,3072,1369003,Wilderness
Trammel,2560,3200,1369003,Wilderness
Trammel,2560,3328,1369003,Wilderness
Trammel,2560,3456,1369003,Wilderness
Trammel,2560,3584,1369003,Wilderness
Trammel,2560,3712,1369003,Wilderness
Trammel,2560,3840,1369003,Wilderness
Trammel,2560,3968,1369003,Wilderness
Trammel,2688,0,1369003,Wilderness
Trammel,2688,128,1369003,Wilderness
Trammel,2688,256,1369003,Wilderness
Trammel,2688,384,1369003,Wilderness
Trammel,2688,512,1114002,Vesper
Trammel,2688,640,1114002,Vesper
Trammel,2688,768,1114002,Vesper
Trammel,2688,896,1114002,Vesper
Trammel,2688,1024,1369003,Wilderness
Trammel,2688,1152,1369003,Wilderness
Trammel,2688,1280,1369003,Wilderness
Trammel,2688,1408,1369003,Wilderness
Trammel,2688,1536,1369003,Wilderness
Trammel,2688,1664,1369003,Wilderness
Trammel,2688,1792,1369003,Wilderness
Trammel,2688,1920,1369003,Wilderness
Trammel,2688,2048,1202002,Buccaneer's Den
Trammel,2688,2176,1202002,Buccaneer's Den
Trammel,2688,2304,1369003,Wilderness
Trammel,2688,2432,1369003,Wilderness
Trammel,2688,2560,1369003,Wilderness
Trammel,2688,2688,1369003,Wilderness
Trammel,2688,2816,1369003,Wilderness
Trammel,2688,2944,1369003,Wilderness
Trammel,2688,3072,1369003,Wilderness
Trammel,2688,3200,1369003,Wilderness
Trammel,2688,3328,1369003,Wilderness
Trammel,2688,3456,1369003,Wilderness
Trammel,2688,3584,1369003,Wilderness
Trammel,2688,3712,1369003,Wilderness
Trammel,2688,3840,1369003,Wilderness
Trammel,2688,3968,1369003,Wilderness
Trammel,2816,0,1369003,Wilderness
Trammel,2816,128,1369003,Wilderness
Trammel,2816,256,1369003,Wilderness
Trammel,2816,384,1369003,Wilderness
Trammel,2816,512,1114002,Vesper
Trammel,2816,640,1114002,Vesper
Trammel,2816,768,1114002,Vesper
Trammel,2816,896,1114002,Vesper
Trammel,2816,1024,1369003,Wilderness
Trammel,2816,1152,1369003,Wilderness
Trammel,2816,1280,1369003,Wilderness
Trammel,2816,1408,1369003,Wilderness
Trammel,2816,1536,1369003,Wilderness
Trammel,2816,1664,1369003,Wilderness
Trammel,2816,1792,1369003,Wilderness
Trammel,2816,1920,1369003,Wilderness
Trammel,2816,2048,1369003,Wilderness
Trammel,2816,2176,1369003,Wilderness
Trammel,2816,2304,1369003,Wilderness
Trammel,2816,2432,1369003,Wilderness
Trammel,2816,2560,1369003,Wilderness
Trammel,2816,2688,1369003,Wilderness
Trammel,2816,2816,1369003,Wilderness
Trammel,2816,2944,1369003,Wilderness
Trammel,2816,3072,1369003,Wilderness
Trammel,2816,3200,1369003,Wilderness
Trammel,2816,3328,1211002,Serpent's Hold
Trammel,2816,3456,1211002,Serpent's Hold
Trammel,2816,3584,1211002,Serpent's Hold
Trammel,2816,3712,1369003,Wilderness
Trammel,2816,3840,1369003,Wilderness
Trammel,2816,3968,1369003,Wilderness
Trammel,2944,0,1369003,Wilderness
Trammel,2944,128,1369003,Wilderness
Trammel,2944,256,1369003,Wilderness
Trammel,2944,384,1369003,Wilderness
Trammel,2944,512,1114002,Vesper
Trammel,2944,640,1114002,Vesper
Trammel,2944,768,1114002,Vesper
Trammel,2944,896,1114002,Vesper
Trammel,2944,1024,1369003,Wilderness
Trammel,2944,1152,1369003,Wilderness
Trammel,2944,1280,1369003,Wilderness
Trammel,2944,1408,1369003,Wilderness
Trammel,2944,1536,1369003,Wilderness
Trammel,2944,1664,1369003,Wilderness
Trammel,2944,1792,1369003,Wilderness
Trammel,2944,1920,1369003,Wilderness
Trammel,2944,2048,1369003,Wilderness
Trammel,2944,2176,1369003,Wilderness
Trammel,2944,2304,1369003,Wilderness
Trammel,2944,2432,1369003,Wilderness
Trammel,2944,2560,1369003,Wilderness
Trammel,2944,2688,1369003,Wilderness
Trammel,2944,2816,1369003,Wilderness
Trammel,2944,2944,1369003,Wilderness
Trammel,2944,3072,1369003,Wilderness
Trammel,2944,3200,1369003,Wilderness
Trammel,2944,3328,1211002,Serpent's Hold
Trammel,2944,3456,1211002,Serpent's Hold
Trammel,2944,3584,1211002,Serpent's Hold
Trammel,2944,3712,1369003,Wilderness
Trammel,2944,3840,1369003,Wilderness
Trammel,2944,3968,1369003,Wilderness
Trammel,3072,0,1369003,Wilderness
Trammel,3072,128,1369003,Wilderness
Trammel,3072,256,1369003,Wilderness
Trammel,3072,384,1369003,Wilderness
Trammel,3072,512,1369003,Wilderness
Trammel,3072,640,1369003,Wilderness
Trammel,3072,768,1369003,Wilderness
Trammel,3072,896,1369003,Wilderness
Trammel,3072,1024,1369003,Wilderness
Trammel,3072,1152,1369003,Wilderness
Trammel,3072,1280,1369003,Wilderness
Trammel,3072,1408,1369003,Wilderness
Trammel,3072,1536,1369003,Wilderness
Trammel,3072,1664,1369003,Wilderness
Trammel,3072,1792,1369003,Wilderness
Trammel,3072,1920,1369003,Wilderness
Trammel,3072,2048,1369003,Wilderness
Trammel,3072,2176,1369003,Wilderness
Trammel,3072,2304,1369003,Wilderness
Trammel,3072,2432,1369003,Wilderness
Trammel,3072,2560,1369003,Wilderness
Trammel,3072,2688,1369003,Wilderness
Trammel,3072,2816,1369003,Wilderness
Trammel,3072,2944,1369003,Wilderness
Trammel,3072,3072,1369003,Wilderness
Trammel,3072,3200,1369003,Wilderness
Trammel,3072,3328,1211002,Serpent's Hold
Trammel,3072,3456,1211002,Serpent's Hold
Trammel,3072,3584,1211002,Serpent's Hold
Trammel,3072,3712,1369003,Wilderness
Trammel,3072,3840,1369003,Wilderness
Trammel,3072,3968,1369003,Wilderness
Trammel,3200,0,1369003,Wilderness
Trammel,3200,128,1369003,Wilderness
Trammel,3200,256,1369003,Wilderness
Trammel,3200,384,1369003,Wilderness
Trammel,3200,512,1369003,Wilderness
Trammel,3200,640,1369003,Wilderness
Trammel,3200,768,1369003,Wilderness
Trammel,3200,896,1369003,Wilderness
Trammel,3200,1024,1369003,Wilderness
Trammel,3200,1152,1369003,Wilderness
Trammel,3200,1280,1369003,Wilderness
Trammel,3200,1408,1369003,Wilderness
Trammel,3200,1536,1369003,Wilderness
Trammel,3200,1664,1369003,Wilderness
Trammel,3200,1792,1369003,Wilderness
Trammel,3200,1920,1369003,Wilderness
Trammel,3200,2048,1369003,Wilderness
Trammel,3200,2176,1369003,Wilderness
Trammel,3200,2304,1369003,Wilderness
Trammel,3200,2432,1369003,Wilderness
Trammel,3200,2560,1369003,Wilderness
Trammel,3200,2688,1369003,Wilderness
Trammel,3200,2816,1369003,Wilderness
Trammel,3200,2944,1369003,Wilderness
Trammel,3200,3072,1369003,Wilderness
Trammel,3200,3200,1369003,Wilderness
Trammel,3200,3328,1369003,Wilderness
Trammel,3200,3456,1369003,Wilderness
Trammel,3200,3584,1369003,Wilderness
Trammel,3200,3712,1369003,Wilderness
Trammel,3200,3840,1369003,Wilderness
Trammel,3200,3968,1369003,Wilderness
Trammel,3328,0,1369003,Wilderness
Trammel,3328,128,1369003,Wilderness
Trammel,3328,256,1369003,Wilderness
Trammel,3328,384,1369003,Wilderness
Trammel,3328,512,1369003,Wilderness
Trammel,3328,640,1369003,Wilderness
Trammel,3328,768,1369003,Wilderness
Trammel,3328,896,1369003,Wilderness
Trammel,3328,1024,1369003,Wilderness
Trammel,3328,1152,1369003,Wilderness
Trammel,3328,1280,1369003,Wilderness
Trammel,3328,1408,1369003,Wilderness
Trammel,3328,1536,1369003,Wilderness
Trammel,3328,1664,1369003,Wilderness
Trammel,3328,1792,1369003,Wilderness
Trammel,3328,1920,1369003,Wilderness
Trammel,3328,2048,1369003,Wilderness
Trammel,3328,2176,1369003,Wilderness
Trammel,3328,2304,1210002,Haven
Trammel,3328,2432,1210002,Haven
Trammel,3328,2560,1210002,Haven
Trammel,3328,2688,1393003,Enhanced Tracking Skill
Trammel,3328,2816,1393003,Enhanced Tracking Skill
Trammel,3328,2944,1393003,Enhanced Tracking Skill
Trammel,3328,3072,1393003,Enhanced Tracking Skill
Trammel,3328,3200,1393003,Enhanced Tracking Skill
Trammel,3328,3328,1393003,Enhanced Tracking Skill
Trammel,3328,3456,1369003,Wilderness
Trammel,3328,3584,1369003,Wilderness
Trammel,3328,3712,1369003,Wilderness
Trammel,3328,3840,1369003,Wilderness
Trammel,3328,3968,1369003,Wilderness
Trammel,3456,0,1369003,Wilderness
Trammel,3456,128,1369003,Wilderness
Trammel,3456,256,1369003,Wilderness
Trammel,3456,384,1369003,Wilderness
Trammel,3456,512,1369003,Wilderness
Trammel,3456,640,1369003,Wilderness
Trammel,3456,768,1369003,Wilderness
Trammel,3456,896,1369003,Wilderness
Trammel,3456,1024,1209002,Nujel'm
Trammel,3456,1152,1209002,Nujel'm
Trammel,3456,1280,1209002,Nujel'm
Trammel,3456,1408,1369003,Wilderness
Trammel,3456,1536,1369003,Wilderness
Trammel,3456,1664,1369003,Wilderness
Trammel,3456,1792,1369003,Wilderness
Trammel,3456,1920,1369003,Wilderness
Trammel,3456,2048,1369003,Wilderness
Trammel,3456,2176,1369003,Wilderness
Trammel,3456,2304,1210002,Haven
Trammel,3456,2432,1210002,Haven
Trammel,3456,2560,1210002,Haven
Trammel,3456,2688,1210002,Haven
Trammel,3456,2816,1393003,Enhanced Tracking Skill
Trammel,3456,2944,1393003,Enhanced Tracking Skill
Trammel,3456,3072,1393003,Enhanced Tracking Skill
Trammel,3456,3200,1393003,Enhanced Tracking Skill
Trammel,3456,3328,1393003,Enhanced Tracking Skill
Trammel,3456,3456,1369003,Wilderness
Trammel,3456,3584,1369003,Wilderness
Trammel,3456,3712,1369003,Wilderness
Trammel,3456,3840,1369003,Wilderness
Trammel,3456,3968,1369003,Wilderness
Trammel,3584,0,1369003,Wilderness
Trammel,3584,128,1369003,Wilderness
Trammel,3584,256,1369003,Wilderness
Trammel,3584,384,1369003,Wilderness
Trammel,3584,512,1369003,Wilderness
Trammel,3584,640,1369003,Wilderness
Trammel,3584,768,1369003,Wilderness
Trammel,3584,896,1369003,Wilderness
Trammel,3584,1024,1209002,Nujel'm
Trammel,3584,1152,1209002,Nujel'm
Trammel,3584,1280,1209002,Nujel'm
Trammel,3584,1408,1369003,Wilderness
Trammel,3584,1536,1369003,Wilderness
Trammel,3584,1664,1369003,Wilderness
Trammel,3584,1792,1369003,Wilderness
Trammel,3584,1920,1369003,Wilderness
Trammel,3584,2048,1206002,Magincia
Trammel,3584,2176,1206002,Magincia
Trammel,3584,2304,1210002,Haven
Trammel,3584,2432,1210002,Haven
Trammel,3584,2560,1210002,Haven
Trammel,3584,2688,1393003,Enhanced Tracking Skill
Trammel,3584,2816,1393003,Enhanced Tracking Skill
Trammel,3584,2944,1393003,Enhanced Tracking Skill
Trammel,3584,3072,1393003,Enhanced Tracking Skill
Trammel,3584,3200,1393003,Enhanced Tracking Skill
Trammel,3584,3328,1393003,Enhanced Tracking Skill
Trammel,3584,3456,1369003,Wilderness
Trammel,3584,3584,1369003,Wilderness
Trammel,3584,3712,1369003,Wilderness
Trammel,3584,3840,1369003,Wilderness
Trammel,3584,3968,1369003,Wilderness
Trammel,3712,0,1369003,Wilderness
Trammel,3712,128,1369003,Wilderness
Trammel,3712,256,1369003,Wilderness
Trammel,3712,384,1369003,Wilderness
Trammel,3712,512,1369003,Wilderness
Trammel,3712,640,1369003,Wilderness
Trammel,3712,768,1369003,Wilderness
Trammel,3712,896,1369003,Wilderness
Trammel,3712,1024,1209002,Nujel'm
Trammel,3712,1152,1209002,Nujel'm
Trammel,3712,1280,1209002,Nujel'm
Trammel,3712,1408,1369003,Wilderness
Trammel,3712,1536,1369003,Wilderness
Trammel,3712,1664,1369003,Wilderness
Trammel,3712,1792,1369003,Wilderness
Trammel,3712,1920,1369003,Wilderness
Trammel,3712,2048,1206002,Magincia
Trammel,3712,2176,1206002,Magincia
Trammel,3712,2304,1210002,Haven
Trammel,3712,2432,1210002,Haven
Trammel,3712,2560,1210002,Haven
Trammel,3712,2688,1210002,Haven
Trammel,3712,2816,1393003,Enhanced Tracking Skill
Trammel,3712,2944,1393003,Enhanced Tracking Skill
Trammel,3712,3072,1393003,Enhanced Tracking Skill
Trammel,3712,3200,1393003,Enhanced Tracking Skill
Trammel,3712,3328,1393003,Enhanced Tracking Skill
Trammel,3712,3456,1369003,Wilderness
Trammel,3712,3584,1369003,Wilderness
Trammel,3712,3712,1369003,Wilderness
Trammel,3712,3840,1369003,Wilderness
Trammel,3712,3968,1369003,Wilderness
Trammel,3840,0,1369003,Wilderness
Trammel,3840,128,1369003,Wilderness
Trammel,3840,256,1369003,Wilderness
Trammel,3840,384,1369003,Wilderness
Trammel,3840,512,1369003,Wilderness
Trammel,3840,640,1369003,Wilderness
Trammel,3840,768,1369003,Wilderness
Trammel,3840,896,1369003,Wilderness
Trammel,3840,1024,1369003,Wilderness
Trammel,3840,1152,1369003,Wilderness
Trammel,3840,1280,1369003,Wilderness
Trammel,3840,1408,1369003,Wilderness
Trammel,3840,1536,1369003,Wilderness
Trammel,3840,1664,1369003,Wilderness
Trammel,3840,1792,1369003,Wilderness
Trammel,3840,1920,1369003,Wilderness
Trammel,3840,2048,1369003,Wilderness
Trammel,3840,2176,1369003,Wilderness
Trammel,3840,2304,1369003,Wilderness
Trammel,3840,2432,1369003,Wilderness
Trammel,3840,2560,1369003,Wilderness
Trammel,3840,2688,1369003,Wilderness
Trammel,3840,2816,1369003,Wilderness
Trammel,3840,2944,1369003,Wilderness
Trammel,3840,3072,1369003,Wilderness
Trammel,3840,3200,1369003,Wilderness
Trammel,3840,3328,1369003,Wilderness
Trammel,3840,3456,1369003,Wilderness
Trammel,3840,3584,1369003,Wilderness
Trammel,3840,3712,1369003,Wilderness
Trammel,3840,3840,1369003,Wilderness
Trammel,3840,3968,1369003,Wilderness
Trammel,3968,0,1369003,Wilderness
Trammel,3968,128,1369003,Wilderness
Trammel,3968,512,1369003,Wilderness
Trammel,3968,640,1369003,Wilderness
Trammel,3968,768,1369003,Wilderness
Trammel,3968,896,1369003,Wilderness
Trammel,3968,1024,1369003,Wilderness
Trammel,3968,1152,1369003,Wilderness
Trammel,3968,1280,1369003,Wilderness
Trammel,3968,1408,1369003,Wilderness
Trammel,3968,1536,1369003,Wilderness
Trammel,3968,1664,1369003,Wilderness
Trammel,3968,1792,1369003,Wilderness
Trammel,3968,1920,1369003,Wilderness
Trammel,3968,2048,1369003,Wilderness
Trammel,3968,2176,1369003,Wilderness
Trammel,3968,2304,1369003,Wilderness
Trammel,3968,2432,1369003,Wilderness
Trammel,3968,2560,1369003,Wilderness
Trammel,3968,2688,1369003,Wilderness
Trammel,3968,2816,1369003,Wilderness
Trammel,3968,2944,1369003,Wilderness
Trammel,3968,3072,1369003,Wilderness
Trammel,3968,3200,1369003,Wilderness
Trammel,3968,3328,1369003,Wilderness
Trammel,3968,3456,1369003,Wilderness
Trammel,3968,3584,1369003,Wilderness
Trammel,3968,3712,1369003,Wilderness
Trammel,3968,3840,1369003,Wilderness
Trammel,3968,3968,1369003,Wilderness
Trammel,4096,0,1369003,Wilderness
Trammel,4096,128,1369003,Wilderness
Trammel,4096,256,1369003,Wilderness
Trammel,4096,384,1369003,Wilderness
Trammel,4096,512,1369003,Wilderness
Trammel,4096,640,1369003,Wilderness
Trammel,4096,768,1369003,Wilderness
Trammel,4096,896,1369003,Wilderness
Trammel,4096,1024,1369003,Wilderness
Trammel,4096,1152,1369003,Wilderness
Trammel,4096,1280,1369003,Wilderness
Trammel,4096,1408,1369003,Wilderness
Trammel,4096,1536,1369003,Wilderness
Trammel,4096,1664,1369003,Wilderness
Trammel,4096,1792,1369003,Wilderness
Trammel,4096,1920,1369003,Wilderness
Trammel,4096,2048,1369003,Wilderness
Trammel,4096,2176,1369003,Wilderness
Trammel,4096,2304,1369003,Wilderness
Trammel,4096,2432,1369003,Wilderness
Trammel,4096,2560,1369003,Wilderness
Trammel,4096,2688,1369003,Wilderness
Trammel,4096,2816,1369003,Wilderness
Trammel,4096,2944,1369003,Wilderness
Trammel,4096,3072,1369003,Wilderness
Trammel,4096,3200,1369003,Wilderness
Trammel,4096,3328,1369003,Wilderness
Trammel,4096,3456,1369003,Wilderness
Trammel,4096,3584,1369003,Wilderness
Trammel,4096,3712,1369003,Wilderness
Trammel,4096,3840,1369003,Wilderness
Trammel,4096,3968,1369003,Wilderness
Trammel,4224,0,1369003,Wilderness
Trammel,4224,128,1369003,Wilderness
Trammel,4224,256,1369003,Wilderness
Trammel,4224,384,1369003,Wilderness
Trammel,4224,512,1369003,Wilderness
Trammel,4224,640,1369003,Wilderness
Trammel,4224,768,1369003,Wilderness
Trammel,4224,896,1108002,Moonglow
Trammel,4224,1024,1369003,Wilderness
Trammel,4224,1152,1369003,Wilderness
Trammel,4224,1280,1369003,Wilderness
Trammel,4224,1408,1369003,Wilderness
Trammel,4224,1536,1369003,Wilderness
Trammel,4224,1664,1369003,Wilderness
Trammel,4224,1792,1369003,Wilderness
Trammel,4224,1920,1369003,Wilderness
Trammel,4224,2048,1369003,Wilderness
Trammel,4224,2176,1369003,Wilderness
Trammel,4224,2304,1369003,Wilderness
Trammel,4224,2432,1369003,Wilderness
Trammel,4224,2560,1369003,Wilderness
Trammel,4224,2688,1369003,Wilderness
Trammel,4224,2816,1369003,Wilderness
Trammel,4224,2944,1369003,Wilderness
Trammel,4224,3072,1369003,Wilderness
Trammel,4224,3200,1369003,Wilderness
Trammel,4224,3328,1369003,Wilderness
Trammel,4224,3456,1369003,Wilderness
Trammel,4224,3584,1369003,Wilderness
Trammel,4224,3712,1369003,Wilderness
Trammel,4224,3840,1369003,Wilderness
Trammel,4224,3968,1369003,Wilderness
Trammel,4352,0,1369003,Wilderness
Trammel,4352,128,1369003,Wilderness
Trammel,4352,256,1369003,Wilderness
Trammel,4352,384,1369003,Wilderness
Trammel,4352,512,1369003,Wilderness
Trammel,4352,640,1369003,Wilderness
Trammel,4352,768,1369003,Wilderness
Trammel,4352,896,1369003,Wilderness
Trammel,4352,1024,1108002,Moonglow
Trammel,4352,1152,1108002,Moonglow
Trammel,4352,1280,1108002,Moonglow
Trammel,4352,1408,1108002,Moonglow
Trammel,4352,1536,1369003,Wilderness
Trammel,4352,1664,1369003,Wilderness
Trammel,4352,1792,1369003,Wilderness
Trammel,4352,1920,1369003,Wilderness
Trammel,4352,2048,1369003,Wilderness
Trammel,4352,2176,1369003,Wilderness
Trammel,4352,2304,1369003,Wilderness
Trammel,4352,2432,1369003,Wilderness
Trammel,4352,2560,1369003,Wilderness
Trammel,4352,2688,1369003,Wilderness
Trammel,4352,2816,1369003,Wilderness
Trammel,4352,2944,1369003,Wilderness
Trammel,4352,3072,1369003,Wilderness
Trammel,4352,3200,1369003,Wilderness
Trammel,4352,3328,1369003,Wilderness
Trammel,4352,3456,1369003,Wilderness
Trammel,4352,3584,1369003,Wilderness
Trammel,4352,3712,1369003,Wilderness
Trammel,4352,3840,1369003,Wilderness
Trammel,4352,3968,1369003,Wilderness
Trammel,4480,0,1369003,Wilderness
Trammel,4480,128,1369003,Wilderness
Trammel,4480,256,1369003,Wilderness
Trammel,4480,384,1369003,Wilderness
Trammel,4480,512,1369003,Wilderness
Trammel,4480,640,1369003,Wilderness
Trammel,4480,768,1369003,Wilderness
Trammel,4480,896,1108002,Moonglow
Trammel,4480,1024,1108002,Moonglow
Trammel,4480,1152,1108002,Moonglow
Trammel,4480,1280,1108002,Moonglow
Trammel,4480,1408,1369003,Wilderness
Trammel,4480,1536,1369003,Wilderness
Trammel,4480,1664,1369003,Wilderness
Trammel,4480,1792,1369003,Wilderness
Trammel,4480,1920,1369003,Wilderness
Trammel,4480,2048,1369003,Wilderness
Trammel,4480,2176,1369003,Wilderness
Trammel,4480,2304,1391003,Sea Market
Trammel,4480,2432,1369003,Wilderness
Trammel,4480,2560,1369003,Wilderness
Trammel,4480,2688,1369003,Wilderness
Trammel,4480,2816,1369003,Wilderness
Trammel,4480,2944,1369003,Wilderness
Trammel,4480,3072,1369003,Wilderness
Trammel,4480,3200,1369003,Wilderness
Trammel,4480,3328,1369003,Wilderness
Trammel,4480,3456,1369003,Wilderness
Trammel,4480,3584,1369003,Wilderness
Trammel,4480,3712,1369003,Wilderness
Trammel,4480,3840,1369003,Wilderness
Trammel,4480,3968,1369003,Wilderness
Trammel,4608,0,1369003,Wilderness
Trammel,4608,128,1369003,Wilderness
Trammel,4608,256,1369003,Wilderness
Trammel,4608,384,1369003,Wilderness
Trammel,4608,512,1369003,Wilderness
Trammel,4608,640,1369003,Wilderness
Trammel,4608,768,1369003,Wilderness
Trammel,4608,896,1369003,Wilderness
Trammel,4608,1024,1108002,Moonglow
Trammel,4608,1152,1108002,Moonglow
Trammel,4608,1280,1108002,Moonglow
Trammel,4608,1408,1369003,Wilderness
Trammel,4608,1536,1369003,Wilderness
Trammel,4608,1664,1369003,Wilderness
Trammel,4608,1792,1369003,Wilderness
Trammel,4608,1920,1369003,Wilderness
Trammel,4608,2048,1369003,Wilderness
Trammel,4608,2176,1369003,Wilderness
Trammel,4608,2304,1369003,Wilderness
Trammel,4608,2432,1369003,Wilderness
Trammel,4608,2560,1369003,Wilderness
Trammel,4608,2688,1369003,Wilderness
Trammel,4608,2816,1369003,Wilderness
Trammel,4608,2944,1369003,Wilderness
Trammel,4608,3072,1369003,Wilderness
Trammel,4608,3200,1369003,Wilderness
Trammel,4608,3328,1369003,Wilderness
Trammel,4608,3456,1369003,Wilderness
Trammel,4608,3584,1369003,Wilderness
Trammel,4608,3712,1369003,Wilderness
Trammel,4608,3840,1369003,Wilderness
Trammel,4608,3968,1369003,Wilderness
Trammel,4736,0,1369003,Wilderness
Trammel,4736,128,1369003,Wilderness
Trammel,4736,256,1369003,Wilderness
Trammel,4736,384,1369003,Wilderness
Trammel,4736,512,1369003,Wilderness
Trammel,4736,640,1369003,Wilderness
Trammel,4736,768,1369003,Wilderness
Trammel,4736,896,1369003,Wilderness
Trammel,4736,1024,1369003,Wilderness
Trammel,4736,1152,1369003,Wilderness
Trammel,4736,1280,1369003,Wilderness
Trammel,4736,1408,1369003,Wilderness
Trammel,4736,1536,1369003,Wilderness
Trammel,4736,1664,1369003,Wilderness
Trammel,4736,1792,1369003,Wilderness
Trammel,4736,1920,1369003,Wilderness
Trammel,4736,2048,1369003,Wilderness
Trammel,4736,2176,1369003,Wilderness
Trammel,4736,2304,1369003,Wilderness
Trammel,4736,2432,1369003,Wilderness
Trammel,4736,2560,1369003,Wilderness
Trammel,4736,2688,1369003,Wilderness
Trammel,4736,2816,1369003,Wilderness
Trammel,4736,2944,1369003,Wilderness
Trammel,4736,3072,1369003,Wilderness
Trammel,4736,3200,1369003,Wilderness
Trammel,4736,3328,1369003,Wilderness
Trammel,4736,3456,1369003,Wilderness
Trammel,4736,3584,1369003,Wilderness
Trammel,4736,3712,1369003,Wilderness
Trammel,4736,3840,1369003,Wilderness
Trammel,4736,3968,1369003,Wilderness
Trammel,4864,0,1369003,Wilderness
Trammel,4864,128,1369003,Wilderness
Trammel,4864,256,1369003,Wilderness
Trammel,4864,384,1369003,Wilderness
Trammel,4864,512,1369003,Wilderness
Trammel,4864,640,1369003,Wilderness
Trammel,4864,768,1369003,Wilderness
Trammel,4864,896,1369003,Wilderness
Trammel,4864,1024,1369003,Wilderness
Trammel,4864,1152,1369003,Wilderness
Trammel,4864,1280,1369003,Wilderness
Trammel,4864,1408,1369003,Wilderness
Trammel,4864,1536,1369003,Wilderness
Trammel,4864,1664,1369003,Wilderness
Trammel,4864,1792,1369003,Wilderness
Trammel,4864,1920,1369003,Wilderness
Trammel,4864,2048,1369003,Wilderness
Trammel,4864,2176,1369003,Wilderness
Trammel,4864,2304,1369003,Wilderness
Trammel,4864,2432,1369003,Wilderness
Trammel,4864,2560,1369003,Wilderness
Trammel,4864,2688,1369003,Wilderness
Trammel,4864,2816,1369003,Wilderness
Trammel,4864,2944,1369003,Wilderness
Trammel,4864,3072,1369003,Wilderness
Trammel,4864,3200,1369003,Wilderness
Trammel,4864,3328,1369003,Wilderness
Trammel,4864,3456,1369003,Wilderness
Trammel,4864,3584,1369003,Wilderness
Trammel,4864,3712,1369003,Wilderness
Trammel,4864,3840,1369003,Wilderness
Trammel,4864,3968,1369003,Wilderness
Trammel,4992,0,1369003,Wilderness
Trammel,4992,128,1369003,Wilderness
Trammel,4992,256,1369003,Wilderness
Trammel,4992,384,1369003,Wilderness
Trammel,4992,512,1369003,Wilderness
Trammel,4992,640,1369003,Wilderness
Trammel,4992,768,1369003,Wilderness
Trammel,4992,896,1369003,Wilderness
Trammel,4992,1024,1369003,Wilderness
Trammel,4992,1152,1369003,Wilderness
Trammel,4992,1280,1369003,Wilderness
Trammel,4992,1408,1369003,Wilderness
Trammel,4992,1536,1369003,Wilderness
Trammel,4992,1664,1369003,Wilderness
Trammel,4992,1792,1369003,Wilderness
Trammel,4992,1920,1369003,Wilderness
Trammel,4992,2048,1369003,Wilderness
Trammel,4992,2176,1369003,Wilderness
Trammel,4992,2304,1369003,Wilderness
Trammel,4992,2432,1369003,Wilderness
Trammel,4992,2560,1369003,Wilderness
Trammel,4992,2688,1369003,Wilderness
Trammel,4992,2816,1369003,Wilderness
Trammel,4992,2944,1369003,Wilderness
Trammel,4992,3072,1369003,Wilderness
Trammel,4992,3200,1369003,Wilderness
Trammel,4992,3328,1369003,Wilderness
Trammel,4992,3456,1369003,Wilderness
Trammel,4992,3584,1369003,Wilderness
Trammel,4992,3712,1369003,Wilderness
Trammel,4992,3840,1369003,Wilderness
Trammel,4992,3968,1369003,Wilderness
Felucca,0,0,2369003,Wilderness (F)
Felucca,0,128,2369003,Wilderness (F)
Felucca,0,256,2369003,Wilderness (F)
Felucca,0,384,2369003,Wilderness (F)
Felucca,0,512,2369003,Wilderness (F)
Felucca,0,640,2369003,Wilderness (F)
Felucca,0,768,2369003,Wilderness (F)
Felucca,0,896,2369003,Wilderness (F)
Felucca,0,1024,2369003,Wilderness (F)
Felucca,0,1152,2369003,Wilderness (F)
Felucca,0,1280,2369003,Wilderness (F)
Felucca,0,1408,2369003,Wilderness (F)
Felucca,0,1536,2369003,Wilderness (F)
Felucca,0,1664,2369003,Wilderness (F)
Felucca,0,1792,2369003,Wilderness (F)
Felucca,0,1920,2369003,Wilderness (F)
Felucca,0,2048,2369003,Wilderness (F)
Felucca,0,2176,2369003,Wilderness (F)
Felucca,0,2304,2369003,Wilderness (F)
Felucca,0,2432,2369003,Wilderness (F)
Felucca,0,2560,2369003,Wilderness (F)
Felucca,0,2688,2369003,Wilderness (F)
Felucca,0,2816,2369003,Wilderness (F)
Felucca,0,2944,2369003,Wilderness (F)
Felucca,0,3072,2369003,Wilderness (F)
Felucca,0,3200,2369003,Wilderness (F)
Felucca,0,3328,2369003,Wilderness (F)
Felucca,0,3456,2369003,Wilderness (F)
Felucca,0,3584,2369003,Wilderness (F)
Felucca,0,3712,2369003,Wilderness (F)
Felucca,0,3840,2369003,Wilderness (F)
Felucca,0,3968,2369003,Wilderness (F)
Felucca,128,0,2369003,Wilderness (F)
Felucca,128,128,2369003,Wilderness (F)
Felucca,128,256,2369003,Wilderness (F)
Felucca,128,384,2369003,Wilderness (F)
Felucca,128,512,2369003,Wilderness (F)
Felucca,128,640,2216002,Yew (F)
Felucca,128,768,2216002,Yew (F)
Felucca,128,896,2369003,Wilderness (F)
Felucca,128,1024,2369003,Wilderness (F)
Felucca,128,1152,2369003,Wilderness (F)
Felucca,128,1280,2369003,Wilderness (F)
Felucca,128,1408,2369003,Wilderness (F)
Felucca,128,1536,2369003,Wilderness (F)
Felucca,128,1664,2369003,Wilderness (F)
Felucca,128,1792,2369003,Wilderness (F)
Felucca,128,1920,2369003,Wilderness (F)
Felucca,128,2048,2369003,Wilderness (F)
Felucca,128,2176,2369003,Wilderness (F)
Felucca,128,2304,2369003,Wilderness (F)
Felucca,128,2432,2369003,Wilderness (F)
Felucca,128,2560,2369003,Wilderness (F)
Felucca,128,2688,2369003,Wilderness (F)
Felucca,128,2816,2369003,Wilderness (F)
Felucca,128,2944,2369003,Wilderness (F)
Felucca,128,3072,2369003,Wilderness (F)
Felucca,128,3200,2369003,Wilderness (F)
Felucca,128,3328,2369003,Wilderness (F)
Felucca,128,3456,2369003,Wilderness (F)
Felucca,128,3584,2369003,Wilderness (F)
Felucca,128,3712,2369003,Wilderness (F)
Felucca,128,3840,2369003,Wilderness (F)
Felucca,128,3968,2369003,Wilderness (F)
Felucca,256,0,2369003,Wilderness (F)
Felucca,256,128,2369003,Wilderness (F)
Felucca,256,256,2369003,Wilderness (F)
Felucca,256,384,2369003,Wilderness (F)
Felucca,256,512,2369003,Wilderness (F)
Felucca,256,640,2216002,Yew (F)
Felucca,256,768,2216002,Yew (F)
Felucca,256,896,2216002,Yew (F)
Felucca,256,1024,2216002,Yew (F)
Felucca,256,1152,2216002,Yew (F)
Felucca,256,1280,2216002,Yew (F)
Felucca,256,1408,2216002,Yew (F)
Felucca,256,1536,2216002,Yew (F)
Felucca,256,1664,2369003,Wilderness (F)
Felucca,256,1792,2369003,Wilderness (F)
Felucca,256,1920,2369003,Wilderness (F)
Felucca,256,2048,2369003,Wilderness (F)
Felucca,256,2176,2369003,Wilderness (F)
Felucca,256,2304,2369003,Wilderness (F)
Felucca,256,2432,2369003,Wilderness (F)
Felucca,256,2560,2369003,Wilderness (F)
Felucca,256,2688,2369003,Wilderness (F)
Felucca,256,2816,2369003,Wilderness (F)
Felucca,256,2944,2369003,Wilderness (F)
Felucca,256,3072,2369003,Wilderness (F)
Felucca,256,3200,2369003,Wilderness (F)
Felucca,256,3328,2369003,Wilderness (F)
Felucca,256,3456,2369003,Wilderness (F)
Felucca,256,3584,2369003,Wilderness (F)
Felucca,256,3712,2369003,Wilderness (F)
Felucca,256,3840,2369003,Wilderness (F)
Felucca,256,3968,2369003,Wilderness (F)
Felucca,384,0,2369003,Wilderness (F)
Felucca,384,128,2369003,Wilderness (F)
Felucca,384,256,2369003,Wilderness (F)
Felucca,384,384,2369003,Wilderness (F)
Felucca,384,512,2369003,Wilderness (F)
Felucca,384,640,2216002,Yew (F)
Felucca,384,768,2216002,Yew (F)
Felucca,384,896,2216002,Yew (F)
Felucca,384,1024,2216002,Yew (F)
Felucca,384,1152,2216002,Yew (F)
Felucca,384,1280,2216002,Yew (F)
Felucca,384,1408,2216002,Yew (F)
Felucca,384,1536,2216002,Yew (F)
Felucca,384,1664,2369003,Wilderness (F)
Felucca,384,1792,2369003,Wilderness (F)
Felucca,384,1920,2369003,Wilderness (F)
Felucca,384,2048,2369003,Wilderness (F)
Felucca,384,2176,2369003,Wilderness (F)
Felucca,384,2304,2369003,Wilderness (F)
Felucca,384,2432,2369003,Wilderness (F)
Felucca,384,2560,2369003,Wilderness (F)
Felucca,384,2688,2369003,Wilderness (F)
Felucca,384,2816,2369003,Wilderness (F)
Felucca,384,2944,2369003,Wilderness (F)
Felucca,384,3072,2369003,Wilderness (F)
Felucca,384,3200,2369003,Wilderness (F)
Felucca,384,3328,2369003,Wilderness (F)
Felucca,384,3456,2369003,Wilderness (F)
Felucca,384,3584,2369003,Wilderness (F)
Felucca,384,3712,2369003,Wilderness (F)
Felucca,384,3840,2369003,Wilderness (F)
Felucca,384,3968,2369003,Wilderness (F)
Felucca,512,0,2369003,Wilderness (F)
Felucca,512,128,2369003,Wilderness (F)
Felucca,512,256,2369003,Wilderness (F)
Felucca,512,384,2369003,Wilderness (F)
Felucca,512,512,2369003,Wilderness (F)
Felucca,512,640,2216002,Yew (F)
Felucca,512,768,2216002,Yew (F)
Felucca,512,896,2216002,Yew (F)
Felucca,512,1024,2216002,Yew (F)
Felucca,512,1152,2216002,Yew (F)
Felucca,512,1280,2216002,Yew (F)
Felucca,512,1408,2216002,Yew (F)
Felucca,512,1536,2216002,Yew (F)
Felucca,512,1664,2369003,Wilderness (F)
Felucca,512,1792,2369003,Wilderness (F)
Felucca,512,1920,2369003,Wilderness (F)
Felucca,512,2048,2212002,Skara Brae (F)
Felucca,512,2176,2212002,Skara Brae (F)
Felucca,512,2304,2212002,Skara Brae (F)
Felucca,512,2432,2369003,Wilderness (F)
Felucca,512,2560,2369003,Wilderness (F)
Felucca,512,2688,2369003,Wilderness (F)
Felucca,512,2816,2369003,Wilderness (F)
Felucca,512,2944,2369003,Wilderness (F)
Felucca,512,3072,2369003,Wilderness (F)
Felucca,512,3200,2369003,Wilderness (F)
Felucca,512,3328,2369003,Wilderness (F)
Felucca,512,3456,2369003,Wilderness (F)
Felucca,512,3584,2369003,Wilderness (F)
Felucca,512,3712,2369003,Wilderness (F)
Felucca,512,3840,2369003,Wilderness (F)
Felucca,512,3968,2369003,Wilderness (F)
Felucca,640,0,2369003,Wilderness (F)
Felucca,640,128,2369003,Wilderness (F)
Felucca,640,256,2369003,Wilderness (F)
Felucca,640,384,2369003,Wilderness (F)
Felucca,640,512,2369003,Wilderness (F)
Felucca,640,640,2216002,Yew (F)
Felucca,640,768,2216002,Yew (F)
Felucca,640,896,2216002,Yew (F)
Felucca,640,1024,2216002,Yew (F)
Felucca,640,1152,2216002,Yew (F)
Felucca,640,1280,2216002,Yew (F)
Felucca,640,1408,2216002,Yew (F)
Felucca,640,1536,2216002,Yew (F)
Felucca,640,1664,2369003,Wilderness (F)
Felucca,640,1792,2369003,Wilderness (F)
Felucca,640,1920,2369003,Wilderness (F)
Felucca,640,2048,2212002,Skara Brae (F)
Felucca,640,2176,2212002,Skara Brae (F)
Felucca,640,2304,2212002,Skara Brae (F)
Felucca,640,2432,2369003,Wilderness (F)
Felucca,640,2560,2369003,Wilderness (F)
Felucca,640,2688,2369003,Wilderness (F)
Felucca,640,2816,2369003,Wilderness (F)
Felucca,640,2944,2369003,Wilderness (F)
Felucca,640,3072,2369003,Wilderness (F)
Felucca,640,3200,2369003,Wilderness (F)
Felucca,640,3328,2369003,Wilderness (F)
Felucca,640,3456,2369003,Wilderness (F)
Felucca,640,3584,2369003,Wilderness (F)
Felucca,640,3712,2361003,South Britannian Sea (F)
Felucca,640,3840,2361003,South Britannian Sea (F)
Felucca,640,3968,2361003,South Britannian Sea (F)
Felucca,768,0,2369003,Wilderness (F)
Felucca,768,128,2369003,Wilderness (F)
Felucca,768,256,2369003,Wilderness (F)
Felucca,768,384,2369003,Wilderness (F)
Felucca,768,512,2369003,Wilderness (F)
Felucca,768,640,2216002,Yew (F)
Felucca,768,768,2216002,Yew (F)
Felucca,768,896,2216002,Yew (F)
Felucca,768,1024,2216002,Yew (F)
Felucca,768,1152,2216002,Yew (F)
Felucca,768,1280,2216002,Yew (F)
Felucca,768,1408,2216002,Yew (F)
Felucca,768,1536,2216002,Yew (F)
Felucca,768,1664,2369003,Wilderness (F)
Felucca,768,1792,2369003,Wilderness (F)
Felucca,768,1920,2369003,Wilderness (F)
Felucca,768,2048,2212002,Skara Brae (F)
Felucca,768,2176,2212002,Skara Brae (F)
Felucca,768,2304,2212002,Skara Brae (F)
Felucca,768,2432,2369003,Wilderness (F)
Felucca,768,2560,2369003,Wilderness (F)
Felucca,768,2688,2369003,Wilderness (F)
Felucca,768,2816,2369003,Wilderness (F)
Felucca,768,2944,2369003,Wilderness (F)
Felucca,768,3072,2369003,Wilderness (F)
Felucca,768,3200,2369003,Wilderness (F)
Felucca,768,3328,2369003,Wilderness (F)
Felucca,768,3456,2369003,Wilderness (F)
Felucca,768,3584,2369003,Wilderness (F)
Felucca,768,3712,2361003,South Britannian Sea (F)
Felucca,768,3840,2361003,South Britannian Sea (F)
Felucca,768,3968,2361003,South Britannian Sea (F)
Felucca,896,0,2369003,Wilderness (F)
Felucca,896,128,2369003,Wilderness (F)
Felucca,896,256,2369003,Wilderness (F)
Felucca,896,384,2369003,Wilderness (F)
Felucca,896,512,2369003,Wilderness (F)
Felucca,896,640,2356003,Shadowlords (F)
Felucca,896,768,2369003,Wilderness (F)
Felucca,896,896,2369003,Wilderness (F)
Felucca,896,1024,2369003,Wilderness (F)
Felucca,896,1152,2369003,Wilderness (F)
Felucca,896,1280,2369003,Wilderness (F)
Felucca,896,1408,2369003,Wilderness (F)
Felucca,896,1536,2369003,Wilderness (F)
Felucca,896,1664,2369003,Wilderness (F)
Felucca,896,1792,2369003,Wilderness (F)
Felucca,896,1920,2369003,Wilderness (F)
Felucca,896,2048,2212002,Skara Brae (F)
Felucca,896,2176,2212002,Skara Brae (F)
Felucca,896,2304,2212002,Skara Brae (F)
Felucca,896,2432,2369003,Wilderness (F)
Felucca,896,2560,2369003,Wilderness (F)
Felucca,896,2688,2369003,Wilderness (F)
Felucca,896,2816,2369003,Wilderness (F)
Felucca,896,2944,2369003,Wilderness (F)
Felucca,896,3072,2369003,Wilderness (F)
Felucca,896,3200,2369003,Wilderness (F)
Felucca,896,3328,2369003,Wilderness (F)
Felucca,896,3456,2369003,Wilderness (F)
Felucca,896,3584,2369003,Wilderness (F)
Felucca,896,3712,2361003,South Britannian Sea (F)
Felucca,896,3840,2361003,South Britannian Sea (F)
Felucca,896,3968,2361003,South Britannian Sea (F)
Felucca,1024,0,2369003,Wilderness (F)
Felucca,1024,128,2369003,Wilderness (F)
Felucca,1024,256,2369003,Wilderness (F)
Felucca,1024,384,2369003,Wilderness (F)
Felucca,1024,512,2369003,Wilderness (F)
Felucca,1024,640,2369003,Wilderness (F)
Felucca,1024,768,2369003,Wilderness (F)
Felucca,1024,896,2369003,Wilderness (F)
Felucca,1024,1024,2369003,Wilderness (F)
Felucca,1024,1152,2369003,Wilderness (F)
Felucca,1024,1280,2369003,Wilderness (F)
Felucca,1024,1408,2369003,Wilderness (F)
Felucca,1024,1536,2369003,Wilderness (F)
Felucca,1024,1664,2369003,Wilderness (F)
Felucca,1024,1792,2369003,Wilderness (F)
Felucca,1024,1920,2369003,Wilderness (F)
Felucca,1024,2048,2369003,Wilderness (F)
Felucca,1024,2176,2369003,Wilderness (F)
Felucca,1024,2304,2369003,Wilderness (F)
Felucca,1024,2432,2369003,Wilderness (F)
Felucca,1024,2560,2369003,Wilderness (F)
Felucca,1024,2688,2369003,Wilderness (F)
Felucca,1024,2816,2369003,Wilderness (F)
Felucca,1024,2944,2369003,Wilderness (F)
Felucca,1024,3072,2369003,Wilderness (F)
Felucca,1024,3200,2369003,Wilderness (F)
Felucca,1024,3328,2369003,Wilderness (F)
Felucca,1024,3456,2369003,Wilderness (F)
Felucca,1024,3584,2205002,Jhelom (F)
Felucca,1024,3712,2361003,South Britannian Sea (F)
Felucca,1024,3840,2361003,South Britannian Sea (F)
Felucca,1024,3968,2361003,South Britannian Sea (F)
Felucca,1152,0,2369003,Wilderness (F)
Felucca,1152,128,2369003,Wilderness (F)
Felucca,1152,256,2369003,Wilderness (F)
Felucca,1152,384,2369003,Wilderness (F)
Felucca,1152,512,2369003,Wilderness (F)
Felucca,1152,640,2369003,Wilderness (F)
Felucca,1152,768,2369003,Wilderness (F)
Felucca,1152,896,2369003,Wilderness (F)
Felucca,1152,1024,2369003,Wilderness (F)
Felucca,1152,1152,2369003,Wilderness (F)
Felucca,1152,1280,2369003,Wilderness (F)
Felucca,1152,1408,2101002,Britain (F)
Felucca,1152,1536,2101002,Britain (F)
Felucca,1152,1664,2101002,Britain (F)
Felucca,1152,1792,2101002,Britain (F)
Felucca,1152,1920,2369003,Wilderness (F)
Felucca,1152,2048,2369003,Wilderness (F)
Felucca,1152,2176,2369003,Wilderness (F)
Felucca,1152,2304,2369003,Wilderness (F)
Felucca,1152,2432,2369003,Wilderness (F)
Felucca,1152,2560,2369003,Wilderness (F)
Felucca,1152,2688,2369003,Wilderness (F)
Felucca,1152,2816,2369003,Wilderness (F)
Felucca,1152,2944,2369003,Wilderness (F)
Felucca,1152,3072,2369003,Wilderness (F)
Felucca,1152,3200,2369003,Wilderness (F)
Felucca,1152,3328,2369003,Wilderness (F)
Felucca,1152,3456,2205002,Jhelom (F)
Felucca,1152,3584,2205002,Jhelom (F)
Felucca,1152,3712,2205002,Jhelom (F)
Felucca,1152,3840,2205002,Jhelom (F)
Felucca,1152,3968,2205002,Jhelom (F)
Felucca,1280,0,2369003,Wilderness (F)
Felucca,1280,128,2369003,Wilderness (F)
Felucca,1280,256,2369003,Wilderness (F)
Felucca,1280,384,2369003,Wilderness (F)
Felucca,1280,512,2369003,Wilderness (F)
Felucca,1280,640,2369003,Wilderness (F)
Felucca,1280,768,2369003,Wilderness (F)
Felucca,1280,896,2369003,Wilderness (F)
Felucca,1280,1152,2369003,Wilderness (F)
Felucca,1280,1280,2369003,Wilderness (F)
Felucca,1280,1408,2101002,Britain (F)
Felucca,1280,1536,2101002,Britain (F)
Felucca,1280,1664,2101002,Britain (F)
Felucca,1280,1792,2101002,Britain (F)
Felucca,1280,1920,2369003,Wilderness (F)
Felucca,1280,2048,2369003,Wilderness (F)
Felucca,1280,2176,2369003,Wilderness (F)
Felucca,1280,2304,2369003,Wilderness (F)
Felucca,1280,2432,2369003,Wilderness (F)
Felucca,1280,2560,2369003,Wilderness (F)
Felucca,1280,2688,2369003,Wilderness (F)
Felucca,1280,2816,2369003,Wilderness (F)
Felucca,1280,2944,2369003,Wilderness (F)
Felucca,1280,3072,2369003,Wilderness (F)
Felucca,1280,3200,2369003,Wilderness (F)
Felucca,1280,3328,2369003,Wilderness (F)
Felucca,1280,3456,2205002,Jhelom (F)
Felucca,1280,3584,2205002,Jhelom (F)
Felucca,1280,3712,2205002,Jhelom (F)
Felucca,1280,3840,2205002,Jhelom (F)
Felucca,1280,3968,2205002,Jhelom (F)
Felucca,1408,0,2369003,Wilderness (F)
Felucca,1408,128,2369003,Wilderness (F)
Felucca,1408,256,2369003,Wilderness (F)
Felucca,1408,384,2369003,Wilderness (F)
Felucca,1408,512,2369003,Wilderness (F)
Felucca,1408,640,2369003,Wilderness (F)
Felucca,1408,768,2369003,Wilderness (F)
Felucca,1408,896,2369003,Wilderness (F)
Felucca,1408,1024,2369003,Wilderness (F)
Felucca,1408,1152,2369003,Wilderness (F)
Felucca,1408,1280,2369003,Wilderness (F)
Felucca,1408,1408,2101002,Britain (F)
Felucca,1408,1536,2101002,Britain (F)
Felucca,1408,1664,2101002,Britain (F)
Felucca,1408,1792,2369003,Wilderness (F)
Felucca,1408,1920,2369003,Wilderness (F)
Felucca,1408,2048,2369003,Wilderness (F)
Felucca,1408,2176,2369003,Wilderness (F)
Felucca,1408,2304,2369003,Wilderness (F)
Felucca,1408,2432,2369003,Wilderness (F)
Felucca,1408,2560,2369003,Wilderness (F)
Felucca,1408,2688,2369003,Wilderness (F)
Felucca,1408,2816,2369003,Wilderness (F)
Felucca,1408,2944,2369003,Wilderness (F)
Felucca,1408,3072,2369003,Wilderness (F)
Felucca,1408,3200,2369003,Wilderness (F)
Felucca,1408,3328,2369003,Wilderness (F)
Felucca,1408,3456,2205002,Jhelom (F)
Felucca,1408,3584,2205002,Jhelom (F)
Felucca,1408,3712,2205002,Jhelom (F)
Felucca,1408,3840,2205002,Jhelom (F)
Felucca,1408,3968,2205002,Jhelom (F)
Felucca,1536,0,2369003,Wilderness (F)
Felucca,1536,128,2369003,Wilderness (F)
Felucca,1536,256,2369003,Wilderness (F)
Felucca,1536,384,2369003,Wilderness (F)
Felucca,1536,512,2356003,Huntsman's Forest (F)
Felucca,1536,640,2369003,Wilderness (F)
Felucca,1536,768,2369003,Wilderness (F)
Felucca,1536,896,2369003,Wilderness (F)
Felucca,1536,1024,2369003,Wilderness (F)
Felucca,1536,1152,2369003,Wilderness (F)
Felucca,1536,1280,2369003,Wilderness (F)
Felucca,1536,1408,2101002,Britain (F)
Felucca,1536,1536,2101002,Britain (F)
Felucca,1536,1664,2101002,Britain (F)
Felucca,1536,1792,2369003,Wilderness (F)
Felucca,1536,1920,2369003,Wilderness (F)
Felucca,1536,2048,2369003,Wilderness (F)
Felucca,1536,2176,2369003,Wilderness (F)
Felucca,1536,2304,2369003,Wilderness (F)
Felucca,1536,2432,2369003,Wilderness (F)
Felucca,1536,2560,2369003,Wilderness (F)
Felucca,1536,2688,2369003,Wilderness (F)
Felucca,1536,2816,2369003,Wilderness (F)
Felucca,1536,2944,2369003,Wilderness (F)
Felucca,1536,3072,2369003,Wilderness (F)
Felucca,1536,3200,2369003,Wilderness (F)
Felucca,1536,3328,2369003,Wilderness (F)
Felucca,1536,3456,2205002,Jhelom (F)
Felucca,1536,3584,2205002,Jhelom (F)
Felucca,1536,3712,2205002,Jhelom (F)
Felucca,1536,3840,2205002,Jhelom (F)
Felucca,1536,3968,2205002,Jhelom (F)
Felucca,1664,0,2369003,Wilderness (F)
Felucca,1664,128,2369003,Wilderness (F)
Felucca,1664,256,2369003,Wilderness (F)
Felucca,1664,384,2369003,Wilderness (F)
Felucca,1664,512,2369003,Wilderness (F)
Felucca,1664,640,2369003,Wilderness (F)
Felucca,1664,768,2369003,Wilderness (F)
Felucca,1664,896,2369003,Wilderness (F)
Felucca,1664,1024,2369003,Wilderness (F)
Felucca,1664,1152,2369003,Wilderness (F)
Felucca,1664,1280,2369003,Wilderness (F)
Felucca,1664,1408,2101002,Britain (F)
Felucca,1664,1536,2101002,Britain (F)
Felucca,1664,1664,2101002,Britain (F)
Felucca,1664,1792,2369003,Wilderness (F)
Felucca,1664,1920,2369003,Wilderness (F)
Felucca,1664,2048,2369003,Wilderness (F)
Felucca,1664,2176,2369003,Wilderness (F)
Felucca,1664,2304,2369003,Wilderness (F)
Felucca,1664,2432,2369003,Wilderness (F)
Felucca,1664,2560,2369003,Wilderness (F)
Felucca,1664,2688,2369003,Wilderness (F)
Felucca,1664,2816,2369003,Wilderness (F)
Felucca,1664,2944,2369003,Wilderness (F)
Felucca,1664,3072,2369003,Wilderness (F)
Felucca,1664,3200,2369003,Wilderness (F)
Felucca,1664,3328,2369003,Wilderness (F)
Felucca,1664,3456,2369003,Wilderness (F)
Felucca,1664,3584,2369003,Wilderness (F)
Felucca,1664,3712,2361003,South Britannian Sea (F)
Felucca,1664,3840,2361003,South Britannian Sea (F)
Felucca,1664,3968,2361003,South Britannian Sea (F)
Felucca,1792,0,2369003,Wilderness (F)
Felucca,1792,128,2369003,Wilderness (F)
Felucca,1792,256,2369003,Wilderness (F)
Felucca,1792,384,2369003,Wilderness (F)
Felucca,1792,512,2369003,Wilderness (F)
Felucca,1792,640,2369003,Wilderness (F)
Felucca,1792,768,2369003,Wilderness (F)
Felucca,1792,896,2369003,Wilderness (F)
Felucca,1792,1024,2369003,Wilderness (F)
Felucca,1792,1152,2369003,Wilderness (F)
Felucca,1792,1280,2369003,Wilderness (F)
Felucca,1792,1408,2369003,Wilderness (F)
Felucca,1792,1536,2369003,Wilderness (F)
Felucca,1792,1664,2369003,Wilderness (F)
Felucca,1792,1792,2369003,Wilderness (F)
Felucca,1792,1920,2369003,Wilderness (F)
Felucca,1792,2048,2369003,Wilderness (F)
Felucca,1792,2176,2369003,Wilderness (F)
Felucca,1792,2304,2369003,Wilderness (F)
Felucca,1792,2432,2369003,Wilderness (F)
Felucca,1792,2560,2113002,Trinsic (F)
Felucca,1792,2688,2113002,Trinsic (F)
Felucca,1792,2816,2113002,Trinsic (F)
Felucca,1792,2944,2113002,Trinsic (F)
Felucca,1792,3072,2369003,Wilderness (F)
Felucca,1792,3200,2369003,Wilderness (F)
Felucca,1792,3328,2369003,Wilderness (F)
Felucca,1792,3456,2369003,Wilderness (F)
Felucca,1792,3584,2369003,Wilderness (F)
Felucca,1792,3712,2361003,South Britannian Sea (F)
Felucca,1792,3840,2361003,South Britannian Sea (F)
Felucca,1792,3968,2361003,South Britannian Sea (F)
Felucca,1920,0,2369003,Wilderness (F)
Felucca,1920,128,2369003,Wilderness (F)
Felucca,1920,384,2369003,Wilderness (F)
Felucca,1920,512,2369003,Wilderness (F)
Felucca,1920,640,2369003,Wilderness (F)
Felucca,1920,768,2369003,Wilderness (F)
Felucca,1920,896,2369003,Wilderness (F)
Felucca,1920,1024,2369003,Wilderness (F)
Felucca,1920,1152,2369003,Wilderness (F)
Felucca,1920,1280,2369003,Wilderness (F)
Felucca,1920,1408,2369003,Wilderness (F)
Felucca,1920,1536,2369003,Wilderness (F)
Felucca,1920,1664,2369003,Wilderness (F)
Felucca,1920,1792,2369003,Wilderness (F)
Felucca,1920,1920,2369003,Wilderness (F)
Felucca,1920,2048,2369003,Wilderness (F)
Felucca,1920,2176,2369003,Wilderness (F)
Felucca,1920,2304,2369003,Wilderness (F)
Felucca,1920,2432,2369003,Wilderness (F)
Felucca,1920,2560,2113002,Trinsic (F)
Felucca,1920,2688,2113002,Trinsic (F)
Felucca,1920,2816,2113002,Trinsic (F)
Felucca,1920,2944,2113002,Trinsic (F)
Felucca,1920,3072,2369003,Wilderness (F)
Felucca,1920,3200,2369003,Wilderness (F)
Felucca,1920,3328,2369003,Wilderness (F)
Felucca,1920,3456,2369003,Wilderness (F)
Felucca,1920,3584,2369003,Wilderness (F)
Felucca,1920,3712,2361003,South Britannian Sea (F)
Felucca,1920,3840,2361003,South Britannian Sea (F)
Felucca,1920,3968,2361003,South Britannian Sea (F)
Felucca,2048,0,2369003,Wilderness (F)
Felucca,2048,128,2369003,Wilderness (F)
Felucca,2048,256,2369003,Wilderness (F)
Felucca,2048,384,2369003,Wilderness (F)
Felucca,2048,512,2369003,Wilderness (F)
Felucca,2048,640,2369003,Wilderness (F)
Felucca,2048,768,2369003,Wilderness (F)
Felucca,2048,896,2369003,Wilderness (F)
Felucca,2048,1024,2369003,Wilderness (F)
Felucca,2048,1152,2303002,Cove (F)
Felucca,2048,1280,2303002,Cove (F)
Felucca,2048,1408,2369003,Wilderness (F)
Felucca,2048,1536,2369003,Wilderness (F)
Felucca,2048,1664,2369003,Wilderness (F)
Felucca,2048,1792,2369003,Wilderness (F)
Felucca,2048,1920,2369003,Wilderness (F)
Felucca,2048,2048,2369003,Wilderness (F)
Felucca,2048,2176,2369003,Wilderness (F)
Felucca,2048,2304,2369003,Wilderness (F)
Felucca,2048,2432,2369003,Wilderness (F)
Felucca,2048,2560,2113002,Trinsic (F)
Felucca,2048,2688,2113002,Trinsic (F)
Felucca,2048,2816,2113002,Trinsic (F)
Felucca,2048,2944,2113002,Trinsic (F)
Felucca,2048,3072,2369003,Wilderness (F)
Felucca,2048,3200,2369003,Wilderness (F)
Felucca,2048,3328,2369003,Wilderness (F)
Felucca,2048,3456,2369003,Wilderness (F)
Felucca,2048,3584,2369003,Wilderness (F)
Felucca,2048,3712,2369003,Wilderness (F)
Felucca,2048,3840,2369003,Wilderness (F)
Felucca,2048,3968,2369003,Wilderness (F)
Felucca,2176,0,2369003,Wilderness (F)
Felucca,2176,128,2369003,Wilderness (F)
Felucca,2176,256,2369003,Wilderness (F)
Felucca,2176,384,2369003,Wilderness (F)
Felucca,2176,512,2369003,Wilderness (F)
Felucca,2176,640,2369003,Wilderness (F)
Felucca,2176,768,2369003,Wilderness (F)
Felucca,2176,896,2369003,Wilderness (F)
Felucca,2176,1024,2369003,Wilderness (F)
Felucca,2176,1152,2303002,Cove (F)
Felucca,2176,1280,2303002,Cove (F)
Felucca,2176,1408,2369003,Wilderness (F)
Felucca,2176,1536,2369003,Wilderness (F)
Felucca,2176,1664,2369003,Wilderness (F)
Felucca,2176,1792,2369003,Wilderness (F)
Felucca,2176,1920,2369003,Wilderness (F)
Felucca,2176,2048,2369003,Wilderness (F)
Felucca,2176,2176,2369003,Wilderness (F)
Felucca,2176,2304,2369003,Wilderness (F)
Felucca,2176,2432,2369003,Wilderness (F)
Felucca,2176,2560,2369003,Wilderness (F)
Felucca,2176,2688,2369003,Wilderness (F)
Felucca,2176,2816,2369003,Wilderness (F)
Felucca,2176,2944,2369003,Wilderness (F)
Felucca,2176,3072,2369003,Wilderness (F)
Felucca,2176,3200,2369003,Wilderness (F)
Felucca,2176,3328,2369003,Wilderness (F)
Felucca,2176,3456,2369003,Wilderness (F)
Felucca,2176,3584,2369003,Wilderness (F)
Felucca,2176,3712,2369003,Wilderness (F)
Felucca,2176,3840,2369003,Wilderness (F)
Felucca,2176,3968,2369003,Wilderness (F)
Felucca,2304,0,2369003,Wilderness (F)
Felucca,2304,128,2369003,Wilderness (F)
Felucca,2304,256,2369003,Wilderness (F)
Felucca,2304,384,2369003,Wilderness (F)
Felucca,2304,512,2369003,Wilderness (F)
Felucca,2304,640,2369003,Wilderness (F)
Felucca,2304,768,2369003,Wilderness (F)
Felucca,2304,896,2369003,Wilderness (F)
Felucca,2304,1024,2369003,Wilderness (F)
Felucca,2304,1152,2303002,Cove (F)
Felucca,2304,1280,2303002,Cove (F)
Felucca,2304,1408,2369003,Wilderness (F)
Felucca,2304,1536,2369003,Wilderness (F)
Felucca,2304,1664,2369003,Wilderness (F)
Felucca,2304,1792,2369003,Wilderness (F)
Felucca,2304,1920,2369003,Wilderness (F)
Felucca,2304,2048,2369003,Wilderness (F)
Felucca,2304,2176,2369003,Wilderness (F)
Felucca,2304,2304,2369003,Wilderness (F)
Felucca,2304,2432,2369003,Wilderness (F)
Felucca,2304,2560,2369003,Wilderness (F)
Felucca,2304,2688,2369003,Wilderness (F)
Felucca,2304,2816,2369003,Wilderness (F)
Felucca,2304,2944,2369003,Wilderness (F)
Felucca,2304,3072,2369003,Wilderness (F)
Felucca,2304,3200,2369003,Wilderness (F)
Felucca,2304,3328,2369003,Wilderness (F)
Felucca,2304,3456,2369003,Wilderness (F)
Felucca,2304,3584,2369003,Wilderness (F)
Felucca,2304,3712,2369003,Wilderness (F)
Felucca,2304,3840,2369003,Wilderness (F)
Felucca,2304,3968,2369003,Wilderness (F)
Felucca,2432,0,2369003,Wilderness (F)
Felucca,2432,128,2369003,Wilderness (F)
Felucca,2432,256,2369003,Wilderness (F)
Felucca,2432,384,2107002,Minoc (F)
Felucca,2432,512,2107002,Minoc (F)
Felucca,2432,640,2107002,Minoc (F)
Felucca,2432,768,2369003,Wilderness (F)
Felucca,2432,1024,2369003,Wilderness (F)
Felucca,2432,1152,2303002,Cove (F)
Felucca,2432,1280,2303002,Cove (F)
Felucca,2432,1408,2369003,Wilderness (F)
Felucca,2432,1536,2369003,Wilderness (F)
Felucca,2432,1664,2369003,Wilderness (F)
Felucca,2432,1792,2369003,Wilderness (F)
Felucca,2432,1920,2369003,Wilderness (F)
Felucca,2432,2048,2369003,Wilderness (F)
Felucca,2432,2176,2369003,Wilderness (F)
Felucca,2432,2304,2369003,Wilderness (F)
Felucca,2432,2432,2369003,Wilderness (F)
Felucca,2432,2560,2369003,Wilderness (F)
Felucca,2432,2688,2369003,Wilderness (F)
Felucca,2432,2816,2369003,Wilderness (F)
Felucca,2432,2944,2369003,Wilderness (F)
Felucca,2432,3072,2369003,Wilderness (F)
Felucca,2432,3200,2369003,Wilderness (F)
Felucca,2432,3328,2369003,Wilderness (F)
Felucca,2432,3456,2369003,Wilderness (F)
Felucca,2432,3584,2369003,Wilderness (F)
Felucca,2432,3712,2369003,Wilderness (F)
Felucca,2432,3840,2369003,Wilderness (F)
Felucca,2432,3968,2369003,Wilderness (F)
Felucca,2560,0,2369003,Wilderness (F)
Felucca,2560,128,2369003,Wilderness (F)
Felucca,2560,256,2369003,Wilderness (F)
Felucca,2560,384,2107002,Minoc (F)
Felucca,2560,512,2107002,Minoc (F)
Felucca,2560,640,2107002,Minoc (F)
Felucca,2560,768,2369003,Wilderness (F)
Felucca,2560,896,2369003,Wilderness (F)
Felucca,2560,1024,2369003,Wilderness (F)
Felucca,2560,1152,2369003,Wilderness (F)
Felucca,2560,1280,2369003,Wilderness (F)
Felucca,2560,1408,2369003,Wilderness (F)
Felucca,2560,1536,2369003,Wilderness (F)
Felucca,2560,1664,2369003,Wilderness (F)
Felucca,2560,1792,2369003,Wilderness (F)
Felucca,2560,1920,2369003,Wilderness (F)
Felucca,2560,2048,2202002,Buccaneer's Den (F)
Felucca,2560,2176,2202002,Buccaneer's Den (F)
Felucca,2560,2304,2369003,Wilderness (F)
Felucca,2560,2432,2369003,Wilderness (F)
Felucca,2560,2560,2369003,Wilderness (F)
Felucca,2560,2688,2369003,Wilderness (F)
Felucca,2560,2816,2369003,Wilderness (F)
Felucca,2560,2944,2369003,Wilderness (F)
Felucca,2560,3072,2369003,Wilderness (F)
Felucca,2560,3200,2369003,Wilderness (F)
Felucca,2560,3328,2369003,Wilderness (F)
Felucca,2560,3456,2369003,Wilderness (F)
Felucca,2560,3584,2369003,Wilderness (F)
Felucca,2560,3712,2369003,Wilderness (F)
Felucca,2560,3840,2369003,Wilderness (F)
Felucca,2560,3968,2369003,Wilderness (F)
Felucca,2688,0,2369003,Wilderness (F)
Felucca,2688,128,2369003,Wilderness (F)
Felucca,2688,256,2369003,Wilderness (F)
Felucca,2688,384,2369003,Wilderness (F)
Felucca,2688,512,2114002,Vesper (F)
Felucca,2688,640,2114002,Vesper (F)
Felucca,2688,768,2114002,Vesper (F)
Felucca,2688,896,2114002,Vesper (F)
Felucca,2688,1024,2369003,Wilderness (F)
Felucca,2688,1152,2369003,Wilderness (F)
Felucca,2688,1280,2369003,Wilderness (F)
Felucca,2688,1408,2369003,Wilderness (F)
Felucca,2688,1536,2369003,Wilderness (F)
Felucca,2688,1664,2369003,Wilderness (F)
Felucca,2688,1792,2369003,Wilderness (F)
Felucca,2688,1920,2369003,Wilderness (F)
Felucca,2688,2048,2202002,Buccaneer's Den (F)
Felucca,2688,2176,2202002,Buccaneer's Den (F)
Felucca,2688,2304,2369003,Wilderness (F)
Felucca,2688,2432,2369003,Wilderness (F)
Felucca,2688,2560,2369003,Wilderness (F)
Felucca,2688,2688,2369003,Wilderness (F)
Felucca,2688,2816,2369003,Wilderness (F)
Felucca,2688,2944,2369003,Wilderness (F)
Felucca,2688,3072,2369003,Wilderness (F)
Felucca,2688,3200,2369003,Wilderness (F)
Felucca,2688,3328,2369003,Wilderness (F)
Felucca,2688,3456,2369003,Wilderness (F)
Felucca,2688,3584,2369003,Wilderness (F)
Felucca,2688,3712,2369003,Wilderness (F)
Felucca,2688,3840,2369003,Wilderness (F)
Felucca,2688,3968,2369003,Wilderness (F)
Felucca,2816,0,2369003,Wilderness (F)
Felucca,2816,128,2369003,Wilderness (F)
Felucca,2816,256,2369003,Wilderness (F)
Felucca,2816,384,2369003,Wilderness (F)
Felucca,2816,512,2114002,Vesper (F)
Felucca,2816,640,2114002,Vesper (F)
Felucca,2816,768,2114002,Vesper (F)
Felucca,2816,896,2114002,Vesper (F)
Felucca,2816,1024,2369003,Wilderness (F)
Felucca,2816,1152,2369003,Wilderness (F)
Felucca,2816,1280,2369003,Wilderness (F)
Felucca,2816,1408,2369003,Wilderness (F)
Felucca,2816,1536,2369003,Wilderness (F)
Felucca,2816,1664,2369003,Wilderness (F)
Felucca,2816,1792,2369003,Wilderness (F)
Felucca,2816,1920,2369003,Wilderness (F)
Felucca,2816,2048,2369003,Wilderness (F)
Felucca,2816,2176,2369003,Wilderness (F)
Felucca,2816,2304,2369003,Wilderness (F)
Felucca,2816,2432,2369003,Wilderness (F)
Felucca,2816,2560,2369003,Wilderness (F)
Felucca,2816,2688,2369003,Wilderness (F)
Felucca,2816,2816,2369003,Wilderness (F)
Felucca,2816,2944,2369003,Wilderness (F)
Felucca,2816,3072,2369003,Wilderness (F)
Felucca,2816,3200,2369003,Wilderness (F)
Felucca,2816,3328,2211002,Serpent's Hold (F)
Felucca,2816,3456,2211002,Serpent's Hold (F)
Felucca,2816,3584,2211002,Serpent's Hold (F)
Felucca,2816,3712,2369003,Wilderness (F)
Felucca,2816,3840,2369003,Wilderness (F)
Felucca,2816,3968,2369003,Wilderness (F)
Felucca,2944,0,2369003,Wilderness (F)
Felucca,2944,128,2369003,Wilderness (F)
Felucca,2944,256,2369003,Wilderness (F)
Felucca,2944,384,2369003,Wilderness (F)
Felucca,2944,512,2114002,Vesper (F)
Felucca,2944,640,2114002,Vesper (F)
Felucca,2944,768,2114002,Vesper (F)
Felucca,2944,896,2114002,Vesper (F)
Felucca,2944,1024,2369003,Wilderness (F)
Felucca,2944,1152,2369003,Wilderness (F)
Felucca,2944,1280,2369003,Wilderness (F)
Felucca,2944,1408,2369003,Wilderness (F)
Felucca,2944,1536,2369003,Wilderness (F)
Felucca,2944,1664,2369003,Wilderness (F)
Felucca,2944,1792,2369003,Wilderness (F)
Felucca,2944,1920,2369003,Wilderness (F)
Felucca,2944,2048,2369003,Wilderness (F)
Felucca,2944,2176,2369003,Wilderness (F)
Felucca,2944,2304,2369003,Wilderness (F)
Felucca,2944,2432,2369003,Wilderness (F)
Felucca,2944,2560,2369003,Wilderness (F)
Felucca,2944,2688,2369003,Wilderness (F)
Felucca,2944,2816,2369003,Wilderness (F)
Felucca,2944,2944,2369003,Wilderness (F)
Felucca,2944,3072,2369003,Wilderness (F)
Felucca,2944,3200,2369003,Wilderness (F)
Felucca,2944,3328,2211002,Serpent's Hold (F)
Felucca,2944,3456,2211002,Serpent's Hold (F)
Felucca,2944,3584,2211002,Serpent's Hold (F)
Felucca,2944,3712,2369003,Wilderness (F)
Felucca,2944,3840,2369003,Wilderness (F)
Felucca,2944,3968,2369003,Wilderness (F)
Felucca,3072,0,2369003,Wilderness (F)
Felucca,3072,128,2369003,Wilderness (F)
Felucca,3072,256,2369003,Wilderness (F)
Felucca,3072,384,2369003,Wilderness (F)
Felucca,3072,512,2369003,Wilderness (F)
Felucca,3072,640,2369003,Wilderness (F)
Felucca,3072,768,2369003,Wilderness (F)
Felucca,3072,896,2369003,Wilderness (F)
Felucca,3072,1024,2369003,Wilderness (F)
Felucca,3072,1152,2369003,Wilderness (F)
Felucca,3072,1280,2369003,Wilderness (F)
Felucca,3072,1408,2369003,Wilderness (F)
Felucca,3072,1536,2369003,Wilderness (F)
Felucca,3072,1664,2369003,Wilderness (F)
Felucca,3072,1792,2369003,Wilderness (F)
Felucca,3072,1920,2369003,Wilderness (F)
Felucca,3072,2048,2369003,Wilderness (F)
Felucca,3072,2176,2369003,Wilderness (F)
Felucca,3072,2304,2369003,Wilderness (F)
Felucca,3072,2432,2369003,Wilderness (F)
Felucca,3072,2560,2369003,Wilderness (F)
Felucca,3072,2688,2369003,Wilderness (F)
Felucca,3072,2816,2369003,Wilderness (F)
Felucca,3072,2944,2369003,Wilderness (F)
Felucca,3072,3072,2369003,Wilderness (F)
Felucca,3072,3200,2369003,Wilderness (F)
Felucca,3072,3328,2211002,Serpent's Hold (F)
Felucca,3072,3456,2211002,Serpent's Hold (F)
Felucca,3072,3584,2211002,Serpent's Hold (F)
Felucca,3072,3712,2369003,Wilderness (F)
Felucca,3072,3840,2369003,Wilderness (F)
Felucca,3072,3968,2369003,Wilderness (F)
Felucca,3200,0,2369003,Wilderness (F)
Felucca,3200,128,2369003,Wilderness (F)
Felucca,3200,256,2369003,Wilderness (F)
Felucca,3200,384,2369003,Wilderness (F)
Felucca,3200,512,2369003,Wilderness (F)
Felucca,3200,640,2369003,Wilderness (F)
Felucca,3200,768,2369003,Wilderness (F)
Felucca,3200,896,2369003,Wilderness (F)
Felucca,3200,1024,2369003,Wilderness (F)
Felucca,3200,1152,2369003,Wilderness (F)
Felucca,3200,1280,2369003,Wilderness (F)
Felucca,3200,1408,2369003,Wilderness (F)
Felucca,3200,1536,2369003,Wilderness (F)
Felucca,3200,1664,2369003,Wilderness (F)
Felucca,3200,1792,2369003,Wilderness (F)
Felucca,3200,1920,2369003,Wilderness (F)
Felucca,3200,2048,2369003,Wilderness (F)
Felucca,3200,2176,2369003,Wilderness (F)
Felucca,3200,2304,2369003,Wilderness (F)
Felucca,3200,2432,2369003,Wilderness (F)
Felucca,3200,2560,2369003,Wilderness (F)
Felucca,3200,2688,2369003,Wilderness (F)
Felucca,3200,2816,2369003,Wilderness (F)
Felucca,3200,2944,2369003,Wilderness (F)
Felucca,3200,3072,2369003,Wilderness (F)
Felucca,3200,3200,2369003,Wilderness (F)
Felucca,3200,3328,2369003,Wilderness (F)
Felucca,3200,3456,2369003,Wilderness (F)
Felucca,3200,3584,2369003,Wilderness (F)
Felucca,3200,3712,2369003,Wilderness (F)
Felucca,3200,3840,2369003,Wilderness (F)
Felucca,3200,3968,2369003,Wilderness (F)
Felucca,3328,0,2369003,Wilderness (F)
Felucca,3328,128,2369003,Wilderness (F)
Felucca,3328,256,2369003,Wilderness (F)
Felucca,3328,384,2369003,Wilderness (F)
Felucca,3328,512,2369003,Wilderness (F)
Felucca,3328,640,2369003,Wilderness (F)
Felucca,3328,768,2369003,Wilderness (F)
Felucca,3328,896,2369003,Wilderness (F)
Felucca,3328,1024,2369003,Wilderness (F)
Felucca,3328,1152,2369003,Wilderness (F)
Felucca,3328,1280,2369003,Wilderness (F)
Felucca,3328,1408,2369003,Wilderness (F)
Felucca,3328,1536,2369003,Wilderness (F)
Felucca,3328,1664,2369003,Wilderness (F)
Felucca,3328,1792,2369003,Wilderness (F)
Felucca,3328,1920,2369003,Wilderness (F)
Felucca,3328,2048,2369003,Wilderness (F)
Felucca,3328,2176,2369003,Wilderness (F)
Felucca,3328,2304,2369003,Wilderness (F)
Felucca,3328,2432,2369003,Wilderness (F)
Felucca,3328,2560,2369003,Wilderness (F)
Felucca,3328,2688,2369003,Wilderness (F)
Felucca,3328,2816,2369003,Wilderness (F)
Felucca,3328,2944,2369003,Wilderness (F)
Felucca,3328,3072,2369003,Wilderness (F)
Felucca,3328,3200,2369003,Wilderness (F)
Felucca,3328,3328,2369003,Wilderness (F)
Felucca,3328,3456,2369003,Wilderness (F)
Felucca,3328,3584,2369003,Wilderness (F)
Felucca,3328,3712,2369003,Wilderness (F)
Felucca,3328,3840,2369003,Wilderness (F)
Felucca,3328,3968,2369003,Wilderness (F)
Felucca,3456,0,2369003,Wilderness (F)
Felucca,3456,128,2369003,Wilderness (F)
Felucca,3456,256,2369003,Wilderness (F)
Felucca,3456,384,2369003,Wilderness (F)
Felucca,3456,512,2369003,Wilderness (F)
Felucca,3456,640,2369003,Wilderness (F)
Felucca,3456,768,2369003,Wilderness (F)
Felucca,3456,896,2369003,Wilderness (F)
Felucca,3456,1024,2209002,Nujel'm (F)
Felucca,3456,1152,2209002,Nujel'm (F)
Felucca,3456,1280,2209002,Nujel'm (F)
Felucca,3456,1408,2369003,Wilderness (F)
Felucca,3456,1536,2369003,Wilderness (F)
Felucca,3456,1664,2369003,Wilderness (F)
Felucca,3456,1792,2369003,Wilderness (F)
Felucca,3456,1920,2369003,Wilderness (F)
Felucca,3456,2048,2369003,Wilderness (F)
Felucca,3456,2176,2369003,Wilderness (F)
Felucca,3456,2304,2369003,Wilderness (F)
Felucca,3456,2432,2210002,Ocllo (F)
Felucca,3456,2560,2210002,Ocllo (F)
Felucca,3456,2688,2369003,Wilderness (F)
Felucca,3456,2816,2369003,Wilderness (F)
Felucca,3456,2944,2369003,Wilderness (F)
Felucca,3456,3072,2369003,Wilderness (F)
Felucca,3456,3200,2369003,Wilderness (F)
Felucca,3456,3328,2369003,Wilderness (F)
Felucca,3456,3456,2369003,Wilderness (F)
Felucca,3456,3584,2369003,Wilderness (F)
Felucca,3456,3712,2369003,Wilderness (F)
Felucca,3456,3840,2369003,Wilderness (F)
Felucca,3456,3968,2369003,Wilderness (F)
Felucca,3584,0,2369003,Wilderness (F)
Felucca,3584,128,2369003,Wilderness (F)
Felucca,3584,256,2369003,Wilderness (F)
Felucca,3584,384,2369003,Wilderness (F)
Felucca,3584,512,2369003,Wilderness (F)
Felucca,3584,640,2369003,Wilderness (F)
Felucca,3584,768,2369003,Wilderness (F)
Felucca,3584,896,2369003,Wilderness (F)
Felucca,3584,1024,2209002,Nujel'm (F)
Felucca,3584,1152,2209002,Nujel'm (F)
Felucca,3584,1280,2209002,Nujel'm (F)
Felucca,3584,1408,2369003,Wilderness (F)
Felucca,3584,1536,2369003,Wilderness (F)
Felucca,3584,1664,2369003,Wilderness (F)
Felucca,3584,1792,2369003,Wilderness (F)
Felucca,3584,1920,2369003,Wilderness (F)
Felucca,3584,2048,2206002,Magincia (F)
Felucca,3584,2176,2206002,Magincia (F)
Felucca,3584,2304,2369003,Wilderness (F)
Felucca,3584,2432,2210002,Ocllo (F)
Felucca,3584,2560,2210002,Ocllo (F)
Felucca,3584,2688,2369003,Wilderness (F)
Felucca,3584,2816,2369003,Wilderness (F)
Felucca,3584,2944,2369003,Wilderness (F)
Felucca,3584,3072,2369003,Wilderness (F)
Felucca,3584,3200,2369003,Wilderness (F)
Felucca,3584,3328,2369003,Wilderness (F)
Felucca,3584,3456,2369003,Wilderness (F)
Felucca,3584,3584,2369003,Wilderness (F)
Felucca,3584,3712,2369003,Wilderness (F)
Felucca,3584,3840,2369003,Wilderness (F)
Felucca,3584,3968,2369003,Wilderness (F)
Felucca,3712,0,2369003,Wilderness (F)
Felucca,3712,128,2369003,Wilderness (F)
Felucca,3712,256,2369003,Wilderness (F)
Felucca,3712,384,2369003,Wilderness (F)
Felucca,3712,512,2369003,Wilderness (F)
Felucca,3712,640,2369003,Wilderness (F)
Felucca,3712,768,2369003,Wilderness (F)
Felucca,3712,896,2369003,Wilderness (F)
Felucca,3712,1024,2209002,Nujel'm (F)
Felucca,3712,1152,2209002,Nujel'm (F)
Felucca,3712,1280,2209002,Nujel'm (F)
Felucca,3712,1408,2369003,Wilderness (F)
Felucca,3712,1536,2369003,Wilderness (F)
Felucca,3712,1664,2369003,Wilderness (F)
Felucca,3712,1792,2369003,Wilderness (F)
Felucca,3712,1920,2369003,Wilderness (F)
Felucca,3712,2048,2206002,Magincia (F)
Felucca,3712,2176,2206002,Magincia (F)
Felucca,3712,2304,2369003,Wilderness (F)
Felucca,3712,2432,2210002,Ocllo (F)
Felucca,3712,2560,2210002,Ocllo (F)
Felucca,3712,2688,2210002,Ocllo (F)
Felucca,3712,2816,2369003,Wilderness (F)
Felucca,3712,2944,2369003,Wilderness (F)
Felucca,3712,3072,2369003,Wilderness (F)
Felucca,3712,3200,2369003,Wilderness (F)
Felucca,3712,3328,2369003,Wilderness (F)
Felucca,3712,3456,2369003,Wilderness (F)
Felucca,3712,3584,2369003,Wilderness (F)
Felucca,3712,3712,2369003,Wilderness (F)
Felucca,3712,3840,2369003,Wilderness (F)
Felucca,3712,3968,2369003,Wilderness (F)
Felucca,3840,0,2369003,Wilderness (F)
Felucca,3840,128,2369003,Wilderness (F)
Felucca,3840,256,2369003,Wilderness (F)
Felucca,3840,384,2369003,Wilderness (F)
Felucca,3840,512,2369003,Wilderness (F)
Felucca,3840,640,2369003,Wilderness (F)
Felucca,3840,768,2369003,Wilderness (F)
Felucca,3840,896,2369003,Wilderness (F)
Felucca,3840,1024,2369003,Wilderness (F)
Felucca,3840,1152,2369003,Wilderness (F)
Felucca,3840,1280,2369003,Wilderness (F)
Felucca,3840,1408,2369003,Wilderness (F)
Felucca,3840,1536,2369003,Wilderness (F)
Felucca,3840,1664,2369003,Wilderness (F)
Felucca,3840,1792,2369003,Wilderness (F)
Felucca,3840,1920,2369003,Wilderness (F)
Felucca,3840,2048,2369003,Wilderness (F)
Felucca,3840,2176,2369003,Wilderness (F)
Felucca,3840,2304,2369003,Wilderness (F)
Felucca,3840,2432,2369003,Wilderness (F)
Felucca,3840,2560,2369003,Wilderness (F)
Felucca,3840,2688,2369003,Wilderness (F)
Felucca,3840,2816,2369003,Wilderness (F)
Felucca,3840,2944,2369003,Wilderness (F)
Felucca,3840,3072,2369003,Wilderness (F)
Felucca,3840,3200,2369003,Wilderness (F)
Felucca,3840,3328,2369003,Wilderness (F)
Felucca,3840,3456,2369003,Wilderness (F)
Felucca,3840,3584,2369003,Wilderness (F)
Felucca,3840,3712,2369003,Wilderness (F)
Felucca,3840,3840,2369003,Wilderness (F)
Felucca,3840,3968,2369003,Wilderness (F)
Felucca,3968,0,2369003,Wilderness (F)
Felucca,3968,128,2369003,Wilderness (F)
Felucca,3968,512,2369003,Wilderness (F)
Felucca,3968,640,2369003,Wilderness (F)
Felucca,3968,768,2369003,Wilderness (F)
Felucca,3968,896,2369003,Wilderness (F)
Felucca,3968,1024,2369003,Wilderness (F)
Felucca,3968,1152,2369003,Wilderness (F)
Felucca,3968,1280,2369003,Wilderness (F)
Felucca,3968,1408,2369003,Wilderness (F)
Felucca,3968,1536,2369003,Wilderness (F)
Felucca,3968,1664,2369003,Wilderness (F)
Felucca,3968,1792,2369003,Wilderness (F)
Felucca,3968,1920,2369003,Wilderness (F)
Felucca,3968,2048,2369003,Wilderness (F)
Felucca,3968,2176,2369003,Wilderness (F)
Felucca,3968,2304,2369003,Wilderness (F)
Felucca,3968,2432,2369003,Wilderness (F)
Felucca,3968,2560,2369003,Wilderness (F)
Felucca,3968,2688,2369003,Wilderness (F)
Felucca,3968,2816,2369003,Wilderness (F)
Felucca,3968,2944,2369003,Wilderness (F)
Felucca,3968,3072,2369003,Wilderness (F)
Felucca,3968,3200,2369003,Wilderness (F)
Felucca,3968,3328,2369003,Wilderness (F)
Felucca,3968,3456,2369003,Wilderness (F)
Felucca,3968,3584,2369003,Wilderness (F)
Felucca,3968,3712,2369003,Wilderness (F)
Felucca,3968,3840,2369003,Wilderness (F)
Felucca,3968,3968,2369003,Wilderness (F)
Felucca,4096,0,2369003,Wilderness (F)
Felucca,4096,128,2369003,Wilderness (F)
Felucca,4096,256,2369003,Wilderness (F)
Felucca,4096,384,2369003,Wilderness (F)
Felucca,4096,512,2369003,Wilderness (F)
Felucca,4096,640,2369003,Wilderness (F)
Felucca,4096,768,2369003,Wilderness (F)
Felucca,4096,896,2369003,Wilderness (F)
Felucca,4096,1024,2369003,Wilderness (F)
Felucca,4096,1152,2369003,Wilderness (F)
Felucca,4096,1280,2369003,Wilderness (F)
Felucca,4096,1408,2369003,Wilderness (F)
Felucca,4096,1536,2369003,Wilderness (F)
Felucca,4096,1664,2369003,Wilderness (F)
Felucca,4096,1792,2369003,Wilderness (F)
Felucca,4096,1920,2369003,Wilderness (F)
Felucca,4096,2048,2369003,Wilderness (F)
Felucca,4096,2176,2369003,Wilderness (F)
Felucca,4096,2304,2369003,Wilderness (F)
Felucca,4096,2432,2369003,Wilderness (F)
Felucca,4096,2560,2369003,Wilderness (F)
Felucca,4096,2688,2369003,Wilderness (F)
Felucca,4096,2816,2369003,Wilderness (F)
Felucca,4096,2944,2369003,Wilderness (F)
Felucca,4096,3072,2369003,Wilderness (F)
Felucca,4096,3200,2369003,Wilderness (F)
Felucca,4096,3328,2369003,Wilderness (F)
Felucca,4096,3456,2369003,Wilderness (F)
Felucca,4096,3584,2369003,Wilderness (F)
Felucca,4096,3712,2369003,Wilderness (F)
Felucca,4096,3840,2369003,Wilderness (F)
Felucca,4096,3968,2369003,Wilderness (F)
Felucca,4224,0,2369003,Wilderness (F)
Felucca,4224,128,2369003,Wilderness (F)
Felucca,4224,256,2369003,Wilderness (F)
Felucca,4224,384,2369003,Wilderness (F)
Felucca,4224,512,2369003,Wilderness (F)
Felucca,4224,640,2369003,Wilderness (F)
Felucca,4224,768,2369003,Wilderness (F)
Felucca,4224,896,2108002,Moonglow (F)
Felucca,4224,1024,2369003,Wilderness (F)
Felucca,4224,1152,2369003,Wilderness (F)
Felucca,4224,1280,2369003,Wilderness (F)
Felucca,4224,1408,2369003,Wilderness (F)
Felucca,4224,1536,2369003,Wilderness (F)
Felucca,4224,1664,2369003,Wilderness (F)
Felucca,4224,1792,2369003,Wilderness (F)
Felucca,4224,1920,2369003,Wilderness (F)
Felucca,4224,2048,2369003,Wilderness (F)
Felucca,4224,2176,2369003,Wilderness (F)
Felucca,4224,2304,2369003,Wilderness (F)
Felucca,4224,2432,2369003,Wilderness (F)
Felucca,4224,2560,2369003,Wilderness (F)
Felucca,4224,2688,2369003,Wilderness (F)
Felucca,4224,2816,2369003,Wilderness (F)
Felucca,4224,2944,2369003,Wilderness (F)
Felucca,4224,3072,2369003,Wilderness (F)
Felucca,4224,3200,2369003,Wilderness (F)
Felucca,4224,3328,2369003,Wilderness (F)
Felucca,4224,3456,2369003,Wilderness (F)
Felucca,4224,3584,2369003,Wilderness (F)
Felucca,4224,3712,2369003,Wilderness (F)
Felucca,4224,3840,2369003,Wilderness (F)
Felucca,4224,3968,2369003,Wilderness (F)
Felucca,4352,0,2369003,Wilderness (F)
Felucca,4352,128,2369003,Wilderness (F)
Felucca,4352,256,2369003,Wilderness (F)
Felucca,4352,384,2369003,Wilderness (F)
Felucca,4352,512,2369003,Wilderness (F)
Felucca,4352,640,2369003,Wilderness (F)
Felucca,4352,768,2369003,Wilderness (F)
Felucca,4352,896,2369003,Wilderness (F)
Felucca,4352,1024,2108002,Moonglow (F)
Felucca,4352,1152,2108002,Moonglow (F)
Felucca,4352,1280,2108002,Moonglow (F)
Felucca,4352,1408,2108002,Moonglow (F)
Felucca,4352,1536,2369003,Wilderness (F)
Felucca,4352,1664,2369003,Wilderness (F)
Felucca,4352,1792,2369003,Wilderness (F)
Felucca,4352,1920,2369003,Wilderness (F)
Felucca,4352,2048,2369003,Wilderness (F)
Felucca,4352,2176,2369003,Wilderness (F)
Felucca,4352,2304,2369003,Wilderness (F)
Felucca,4352,2432,2369003,Wilderness (F)
Felucca,4352,2560,2369003,Wilderness (F)
Felucca,4352,2688,2369003,Wilderness (F)
Felucca,4352,2816,2369003,Wilderness (F)
Felucca,4352,2944,2369003,Wilderness (F)
Felucca,4352,3072,2369003,Wilderness (F)
Felucca,4352,3200,2369003,Wilderness (F)
Felucca,4352,3328,2369003,Wilderness (F)
Felucca,4352,3456,2369003,Wilderness (F)
Felucca,4352,3584,2369003,Wilderness (F)
Felucca,4352,3712,2369003,Wilderness (F)
Felucca,4352,3840,2369003,Wilderness (F)
Felucca,4352,3968,2369003,Wilderness (F)
Felucca,4480,0,2369003,Wilderness (F)
Felucca,4480,128,2369003,Wilderness (F)
Felucca,4480,256,2369003,Wilderness (F)
Felucca,4480,384,2369003,Wilderness (F)
Felucca,4480,512,2369003,Wilderness (F)
Felucca,4480,640,2369003,Wilderness (F)
Felucca,4480,768,2369003,Wilderness (F)
Felucca,4480,896,2108002,Moonglow (F)
Felucca,4480,1024,2108002,Moonglow (F)
Felucca,4480,1152,2108002,Moonglow (F)
Felucca,4480,1280,2108002,Moonglow (F)
Felucca,4480,1408,2369003,Wilderness (F)
Felucca,4480,1536,2369003,Wilderness (F)
Felucca,4480,1664,2369003,Wilderness (F)
Felucca,4480,1792,2369003,Wilderness (F)
Felucca,4480,1920,2369003,Wilderness (F)
Felucca,4480,2048,2369003,Wilderness (F)
Felucca,4480,2176,2369003,Wilderness (F)
Felucca,4480,2304,2391003,Sea Market (F)
Felucca,4480,2432,2369003,Wilderness (F)
Felucca,4480,2560,2369003,Wilderness (F)
Felucca,4480,2688,2369003,Wilderness (F)
Felucca,4480,2816,2369003,Wilderness (F)
Felucca,4480,2944,2369003,Wilderness (F)
Felucca,4480,3072,2369003,Wilderness (F)
Felucca,4480,3200,2369003,Wilderness (F)
Felucca,4480,3328,2369003,Wilderness (F)
Felucca,4480,3456,2369003,Wilderness (F)
Felucca,4480,3584,2369003,Wilderness (F)
Felucca,4480,3712,2369003,Wilderness (F)
Felucca,4480,3840,2369003,Wilderness (F)
Felucca,4480,3968,2369003,Wilderness (F)
Felucca,4608,0,2369003,Wilderness (F)
Felucca,4608,128,2369003,Wilderness (F)
Felucca,4608,256,2369003,Wilderness (F)
Felucca,4608,384,2369003,Wilderness (F)
Felucca,4608,512,2369003,Wilderness (F)
Felucca,4608,640,2369003,Wilderness (F)
Felucca,4608,768,2369003,Wilderness (F)
Felucca,4608,896,2369003,Wilderness (F)
Felucca,4608,1024,2108002,Moonglow (F)
Felucca,4608,1152,2108002,Moonglow (F)
Felucca,4608,1280,2108002,Moonglow (F)
Felucca,4608,1408,2369003,Wilderness (F)
Felucca,4608,1536,2369003,Wilderness (F)
Felucca,4608,1664,2369003,Wilderness (F)
Felucca,4608,1792,2369003,Wilderness (F)
Felucca,4608,1920,2369003,Wilderness (F)
Felucca,4608,2048,2369003,Wilderness (F)
Felucca,4608,2176,2369003,Wilderness (F)
Felucca,4608,2304,2369003,Wilderness (F)
Felucca,4608,2432,2369003,Wilderness (F)
Felucca,4608,2560,2369003,Wilderness (F)
Felucca,4608,2688,2369003,Wilderness (F)
Felucca,4608,2816,2369003,Wilderness (F)
Felucca,4608,2944,2369003,Wilderness (F)
Felucca,4608,3072,2369003,Wilderness (F)
Felucca,4608,3200,2369003,Wilderness (F)
Felucca,4608,3328,2369003,Wilderness (F)
Felucca,4608,3456,2369003,Wilderness (F)
Felucca,4608,3584,2369003,Wilderness (F)
Felucca,4608,3712,2369003,Wilderness (F)
Felucca,4608,3840,2369003,Wilderness (F)
Felucca,4608,3968,2369003,Wilderness (F)
Felucca,4736,0,2369003,Wilderness (F)
Felucca,4736,128,2369003,Wilderness (F)
Felucca,4736,256,2369003,Wilderness (F)
Felucca,4736,384,2369003,Wilderness (F)
Felucca,4736,512,2369003,Wilderness (F)
Felucca,4736,640,2369003,Wilderness (F)
Felucca,4736,768,2369003,Wilderness (F)
Felucca,4736,896,2369003,Wilderness (F)
Felucca,4736,1024,2369003,Wilderness (F)
Felucca,4736,1152,2369003,Wilderness (F)
Felucca,4736,1280,2369003,Wilderness (F)
Felucca,4736,1408,2369003,Wilderness (F)
Felucca,4736,1536,2369003,Wilderness (F)
Felucca,4736,1664,2369003,Wilderness (F)
Felucca,4736,1792,2369003,Wilderness (F)
Felucca,4736,1920,2369003,Wilderness (F)
Felucca,4736,2048,2369003,Wilderness (F)
Felucca,4736,2176,2369003,Wilderness (F)
Felucca,4736,2304,2369003,Wilderness (F)
Felucca,4736,2432,2369003,Wilderness (F)
Felucca,4736,2560,2369003,Wilderness (F)
Felucca,4736,2688,2369003,Wilderness (F)
Felucca,4736,2816,2369003,Wilderness (F)
Felucca,4736,2944,2369003,Wilderness (F)
Felucca,4736,3072,2369003,Wilderness (F)
Felucca,4736,3200,2369003,Wilderness (F)
Felucca,4736,3328,2369003,Wilderness (F)
Felucca,4736,3456,2369003,Wilderness (F)
Felucca,4736,3584,2369003,Wilderness (F)
Felucca,4736,3712,2369003,Wilderness (F)
Felucca,4736,3840,2369003,Wilderness (F)
Felucca,4736,3968,2369003,Wilderness (F)
Felucca,4864,0,2369003,Wilderness (F)
Felucca,4864,128,2369003,Wilderness (F)
Felucca,4864,256,2369003,Wilderness (F)
Felucca,4864,384,2369003,Wilderness (F)
Felucca,4864,512,2369003,Wilderness (F)
Felucca,4864,640,2369003,Wilderness (F)
Felucca,4864,768,2369003,Wilderness (F)
Felucca,4864,896,2369003,Wilderness (F)
Felucca,4864,1024,2369003,Wilderness (F)
Felucca,4864,1152,2369003,Wilderness (F)
Felucca,4864,1280,2369003,Wilderness (F)
Felucca,4864,1408,2369003,Wilderness (F)
Felucca,4864,1536,2369003,Wilderness (F)
Felucca,4864,1664,2369003,Wilderness (F)
Felucca,4864,1792,2369003,Wilderness (F)
Felucca,4864,1920,2369003,Wilderness (F)
Felucca,4864,2048,2369003,Wilderness (F)
Felucca,4864,2176,2369003,Wilderness (F)
Felucca,4864,2304,2369003,Wilderness (F)
Felucca,4864,2432,2369003,Wilderness (F)
Felucca,4864,2560,2369003,Wilderness (F)
Felucca,4864,2688,2369003,Wilderness (F)
Felucca,4864,2816,2369003,Wilderness (F)
Felucca,4864,2944,2369003,Wilderness (F)
Felucca,4864,3072,2369003,Wilderness (F)
Felucca,4864,3200,2369003,Wilderness (F)
Felucca,4864,3328,2369003,Wilderness (F)
Felucca,4864,3456,2369003,Wilderness (F)
Felucca,4864,3584,2369003,Wilderness (F)
Felucca,4864,3712,2369003,Wilderness (F)
Felucca,4864,3840,2369003,Wilderness (F)
Felucca,4864,3968,2369003,Wilderness (F)
Felucca,4992,0,2369003,Wilderness (F)
Felucca,4992,128,2369003,Wilderness (F)
Felucca,4992,256,2369003,Wilderness (F)
Felucca,4992,384,2369003,Wilderness (F)
Felucca,4992,512,2369003,Wilderness (F)
Felucca,4992,640,2369003,Wilderness (F)
Felucca,4992,768,2369003,Wilderness (F)
Felucca,4992,896,2369003,Wilderness (F)
Felucca,4992,1024,2369003,Wilderness (F)
Felucca,4992,1152,2369003,Wilderness (F)
Felucca,4992,1280,2369003,Wilderness (F)
Felucca,4992,1408,2369003,Wilderness (F)
Felucca,4992,1536,2369003,Wilderness (F)
Felucca,4992,1664,2369003,Wilderness (F)
Felucca,4992,1792,2369003,Wilderness (F)
Felucca,4992,1920,2369003,Wilderness (F)
Felucca,4992,2048,2369003,Wilderness (F)
Felucca,4992,2176,2369003,Wilderness (F)
Felucca,4992,2304,2369003,Wilderness (F)
Felucca,4992,2432,2369003,Wilderness (F)
Felucca,4992,2560,2369003,Wilderness (F)
Felucca,4992,2688,2369003,Wilderness (F)
Felucca,4992,2816,2369003,Wilderness (F)
Felucca,4992,2944,2369003,Wilderness (F)
Felucca,4992,3072,2369003,Wilderness (F)
Felucca,4992,3200,2369003,Wilderness (F)
Felucca,4992,3328,2369003,Wilderness (F)
Felucca,4992,3456,2369003,Wilderness (F)
Felucca,4992,3584,2369003,Wilderness (F)
Felucca,4992,3712,2369003,Wilderness (F)
Felucca,4992,3840,2369003,Wilderness (F)
Felucca,4992,3968,2369003,Wilderness (F)
Malas,0,0,4375003,Yomotsu Mines
Malas,0,128,4369003,Wilderness
Malas,0,256,4359003,Fan Dancer's Dojo
Malas,0,384,4359003,Fan Dancer's Dojo
Malas,0,512,4359003,Fan Dancer's Dojo
Malas,0,640,4359003,Fan Dancer's Dojo
Malas,0,768,4369003,Wilderness
Malas,0,896,4369003,Wilderness
Malas,0,1024,4369003,Wilderness
Malas,0,1152,4369003,Wilderness
Malas,0,1280,4369003,Wilderness
Malas,0,1408,4369003,Wilderness
Malas,0,1536,4369003,Wilderness
Malas,0,1664,4369003,Wilderness
Malas,0,1792,4369003,Wilderness
Malas,0,1920,4369003,Wilderness
Malas,128,0,4369003,Wilderness
Malas,128,128,4369003,Wilderness
Malas,128,256,4359003,Fan Dancer's Dojo
Malas,128,384,4359003,Fan Dancer's Dojo
Malas,128,512,4359003,Fan Dancer's Dojo
Malas,128,640,4359003,Fan Dancer's Dojo
Malas,128,768,4369003,Wilderness
Malas,128,896,4369003,Wilderness
Malas,128,1024,4369003,Wilderness
Malas,128,1152,4369003,Wilderness
Malas,128,1280,4369003,Wilderness
Malas,128,1408,4369003,Wilderness
Malas,128,1664,4369003,Wilderness
Malas,128,1792,4369003,Wilderness
Malas,128,1920,4376003,TheCitadel
Malas,256,512,4369003,Wilderness
Malas,256,640,4363003,Samurai start location
Malas,256,768,4369003,Wilderness
Malas,256,896,4369003,Wilderness
Malas,256,1024,4369003,Wilderness
Malas,256,1152,4369003,Wilderness
Malas,256,1280,4369003,Wilderness
Malas,256,1408,4369003,Wilderness
Malas,256,1536,4369003,Wilderness
Malas,256,1664,4369003,Wilderness
Malas,384,512,4369003,Wilderness
Malas,384,640,4369003,Wilderness
Malas,384,768,4369003,Wilderness
Malas,384,1152,4369003,Wilderness
Malas,384,1280,4369003,Wilderness
Malas,384,1408,4369003,Wilderness
Malas,384,1536,4369003,Wilderness
Malas,384,1664,4369003,Wilderness
Malas,512,0,4369003,Wilderness
Malas,512,128,4369003,Wilderness
Malas,512,256,4369003,Wilderness
Malas,512,384,4369003,Wilderness
Malas,512,512,4369003,Wilderness
Malas,512,640,4369003,Wilderness
Malas,512,768,4369003,Wilderness
Malas,512,896,4369003,Wilderness
Malas,512,1024,4369003,Wilderness
Malas,512,1152,4369003,Wilderness
Malas,512,1280,4369003,Wilderness
Malas,512,1408,4369003,Wilderness
Malas,512,1536,4369003,Wilderness
Malas,512,1664,4369003,Wilderness
Malas,512,1792,4369003,Wilderness
Malas,512,1920,4369003,Wilderness
Malas,640,0,4369003,Wilderness
Malas,640,128,4369003,Wilderness
Malas,640,256,4369003,Wilderness
Malas,640,384,4369003,Wilderness
Malas,640,512,4369003,Wilderness
Malas,640,640,4369003,Wilderness
Malas,640,768,4369003,Wilderness
Malas,640,896,4369003,Wilderness
Malas,640,1024,4369003,Wilderness
Malas,640,1152,4369003,Wilderness
Malas,640,1280,4369003,Wilderness
Malas,640,1408,4369003,Wilderness
Malas,640,1536,4369003,Wilderness
Malas,640,1664,4369003,Wilderness
Malas,640,1792,4369003,Wilderness
Malas,640,1920,4369003,Wilderness
Malas,768,0,4369003,Wilderness
Malas,768,128,4369003,Wilderness
Malas,768,256,4369003,Wilderness
Malas,768,384,4369003,Wilderness
Malas,768,512,4369003,Wilderness
Malas,768,640,4369003,Wilderness
Malas,768,768,4369003,Wilderness
Malas,768,896,4369003,Wilderness
Malas,768,1024,4369003,Wilderness
Malas,768,1152,4369003,Wilderness
Malas,768,1280,4369003,Wilderness
Malas,768,1408,4369003,Wilderness
Malas,768,1536,4369003,Wilderness
Malas,768,1664,4369003,Wilderness
Malas,768,1792,4369003,Wilderness
Malas,768,1920,4369003,Wilderness
Malas,896,0,4369003,Wilderness
Malas,896,128,4369003,Wilderness
Malas,896,256,4369003,Wilderness
Malas,896,384,4369003,Wilderness
Malas,896,512,4101002,Luna
Malas,896,640,4369003,Wilderness
Malas,896,768,4369003,Wilderness
Malas,896,896,4369003,Wilderness
Malas,896,1024,4369003,Wilderness
Malas,896,1152,4369003,Wilderness
Malas,896,1280,4369003,Wilderness
Malas,896,1408,4369003,Wilderness
Malas,896,1536,4369003,Wilderness
Malas,896,1664,4369003,Wilderness
Malas,896,1792,4369003,Wilderness
Malas,896,1920,4369003,Wilderness
Malas,1024,0,4369003,Wilderness
Malas,1024,128,4369003,Wilderness
Malas,1024,256,4369003,Wilderness
Malas,1024,384,4369003,Wilderness
Malas,1024,512,4101002,Luna
Malas,1024,640,4369003,Wilderness
Malas,1024,768,4369003,Wilderness
Malas,1024,896,4369003,Wilderness
Malas,1024,1024,4369003,Wilderness
Malas,1024,1152,4369003,Wilderness
Malas,1024,1280,4369003,Wilderness
Malas,1024,1408,4369003,Wilderness
Malas,1024,1536,4369003,Wilderness
Malas,1024,1664,4369003,Wilderness
Malas,1024,1792,4369003,Wilderness
Malas,1024,1920,4369003,Wilderness
Malas,1152,0,4369003,Wilderness
Malas,1152,128,4369003,Wilderness
Malas,1152,256,4369003,Wilderness
Malas,1152,384,4369003,Wilderness
Malas,1152,512,4369003,Wilderness
Malas,1152,640,4369003,Wilderness
Malas,1152,768,4369003,Wilderness
Malas,1152,896,4369003,Wilderness
Malas,1152,1024,4369003,Wilderness
Malas,1152,1152,4369003,Wilderness
Malas,1152,1280,4369003,Wilderness
Malas,1152,1408,4369003,Wilderness
Malas,1152,1536,4369003,Wilderness
Malas,1152,1664,4369003,Wilderness
Malas,1152,1792,4369003,Wilderness
Malas,1152,1920,4369003,Wilderness
Malas,1280,0,4369003,Wilderness
Malas,1280,128,4369003,Wilderness
Malas,1280,256,4369003,Wilderness
Malas,1280,384,4369003,Wilderness
Malas,1280,512,4369003,Wilderness
Malas,1280,640,4369003,Wilderness
Malas,1280,768,4369003,Wilderness
Malas,1280,896,4369003,Wilderness
Malas,1280,1024,4369003,Wilderness
Malas,1280,1152,4374003,Orc Fortress
Malas,1280,1280,4369003,Wilderness
Malas,1280,1408,4369003,Wilderness
Malas,1280,1536,4369003,Wilderness
Malas,1280,1664,4369003,Wilderness
Malas,1280,1792,4369003,Wilderness
Malas,1280,1920,4369003,Wilderness
Malas,1408,0,4369003,Wilderness
Malas,1408,128,4369003,Wilderness
Malas,1408,256,4369003,Wilderness
Malas,1408,384,4369003,Wilderness
Malas,1408,512,4369003,Wilderness
Malas,1408,640,4369003,Wilderness
Malas,1408,768,4369003,Wilderness
Malas,1408,896,4369003,Wilderness
Malas,1408,1024,4369003,Wilderness
Malas,1408,1152,4369003,Wilderness
Malas,1408,1280,4369003,Wilderness
Malas,1408,1408,4369003,Wilderness
Malas,1408,1536,4369003,Gravewater Lake
Malas,1408,1664,4369003,Gravewater Lake
Malas,1408,1792,4369003,Wilderness
Malas,1408,1920,4369003,Wilderness
Malas,1536,0,4369003,Wilderness
Malas,1536,128,4369003,Wilderness
Malas,1536,256,4369003,Wilderness
Malas,1536,384,4369003,Wilderness
Malas,1536,512,4369003,Wilderness
Malas,1536,640,4369003,Wilderness
Malas,1536,768,4369003,Wilderness
Malas,1536,896,4390003,Isle of the Divide
Malas,1536,1024,4369003,Wilderness
Malas,1536,1152,4369003,Wilderness
Malas,1536,1280,4369003,Wilderness
Malas,1536,1408,4369003,Wilderness
Malas,1536,1536,4369003,Gravewater Lake
Malas,1536,1664,4369003,Gravewater Lake
Malas,1536,1792,4369003,Wilderness
Malas,1536,1920,4369003,Wilderness
Malas,1664,0,4369003,Wilderness
Malas,1664,128,4369003,Wilderness
Malas,1664,256,4369003,Wilderness
Malas,1664,384,4369003,Wilderness
Malas,1664,512,4369003,Wilderness
Malas,1664,640,4369003,Wilderness
Malas,1664,768,4369003,Wilderness
Malas,1664,896,4390003,Isle of the Divide
Malas,1664,1024,4369003,Wilderness
Malas,1664,1152,4369003,Wilderness
Malas,1664,1280,4369003,Wilderness
Malas,1664,1408,4369003,Wilderness
Malas,1664,1536,4369003,Gravewater Lake
Malas,1664,1664,4369003,Gravewater Lake
Malas,1664,1792,4369003,Wilderness
Malas,1664,1920,4369003,Wilderness
Malas,1792,0,4369003,Wilderness
Malas,1792,128,4369003,Wilderness
Malas,1792,256,4369003,Wilderness
Malas,1792,384,4369003,Wilderness
Malas,1792,512,4369003,Wilderness
Malas,1792,640,4369003,Wilderness
Malas,1792,768,4369003,Wilderness
Malas,1792,896,4369003,Wilderness
Malas,1792,1024,4369003,Wilderness
Malas,1792,1152,4369003,Wilderness
Malas,1792,1280,4369003,Wilderness
Malas,1792,1408,4369003,Wilderness
Malas,1792,1536,4369003,Gravewater Lake
Malas,1792,1664,4369003,Gravewater Lake
Malas,1792,1792,4369003,Wilderness
Malas,1792,1920,4369003,Wilderness
Malas,1920,0,4369003,Wilderness
Malas,1920,128,4388003,Protected Island
Malas,1920,256,4388003,Protected Island
Malas,1920,384,4369003,Wilderness
Malas,1920,512,4369003,Wilderness
Malas,1920,640,4369003,Wilderness
Malas,1920,768,4369003,Wilderness
Malas,1920,896,4369003,Wilderness
Malas,1920,1024,4369003,Wilderness
Malas,1920,1152,4369003,Wilderness
Malas,1920,1280,4373003,Umbra
Malas,1920,1408,4369003,Wilderness
Malas,1920,1536,4369003,Wilderness
Malas,1920,1664,4369003,Wilderness
Malas,1920,1792,4369003,Wilderness
Malas,1920,1920,4369003,Wilderness
Malas,2048,0,4369003,Wilderness
Malas,2048,128,4388003,Protected Island
Malas,2048,256,4388003,Protected Island
Malas,2048,384,4369003,Wilderness
Malas,2048,512,4369003,Wilderness
Malas,2048,640,4369003,Wilderness
Malas,2048,768,4369003,Wilderness
Malas,2048,896,4369003,Wilderness
Malas,2048,1024,4369003,Wilderness
Malas,2048,1152,4369003,Wilderness
Malas,2048,1280,4369003,Wilderness
Malas,2048,1408,4369003,Wilderness
Malas,2048,1536,4369003,Wilderness
Malas,2048,1664,4369003,Wilderness
Malas,2048,1792,4369003,Wilderness
Malas,2048,1920,4369003,Wilderness
Malas,2176,0,4369003,Wilderness
Malas,2176,128,4388003,Protected Island
Malas,2176,256,4388003,Protected Island
Malas,2176,384,4369003,Wilderness
Malas,2176,512,4369003,Wilderness
Malas,2176,640,4369003,Wilderness
Malas,2176,768,4369003,Wilderness
Malas,2176,896,4369003,Wilderness
Malas,2176,1024,4369003,Wilderness
Malas,2176,1152,4369003,Wilderness
Malas,2176,1280,4369003,Wilderness
Malas,2176,1408,4369003,Wilderness
Malas,2176,1536,4369003,Wilderness
Malas,2176,1664,4369003,Wilderness
Malas,2176,1792,4369003,Wilderness
Malas,2176,1920,4369003,Wilderness
Malas,2304,0,4369003,Wilderness
Malas,2304,128,4388003,Protected Island
Malas,2304,256,4388003,Protected Island
Malas,2304,384,4369003,Wilderness
Malas,2304,512,4369003,Wilderness
Malas,2304,640,4369003,Wilderness
Malas,2304,768,4369003,Wilderness
Malas,2304,896,4369003,Wilderness
Malas,2304,1024,4369003,Wilderness
Malas,2304,1152,4369003,Wilderness
Malas,2304,1280,4369003,Wilderness
Malas,2304,1408,4369003,Wilderness
Malas,2304,1536,4369003,Wilderness
Malas,2304,1664,4369003,Wilderness
Malas,2304,1792,4369003,Wilderness
Malas,2304,1920,4369003,Wilderness
Malas,2432,0,4369003,Wilderness
Malas,2432,128,4369003,Wilderness
Malas,2432,256,4369003,Wilderness
Malas,2432,384,4369003,Wilderness
Malas,2432,512,4369003,Wilderness
Malas,2432,640,4369003,Wilderness
Malas,2432,768,4369003,Wilderness
Malas,2432,896,4369003,Wilderness
Malas,2432,1024,4369003,Wilderness
Malas,2432,1152,4369003,Wilderness
Malas,2432,1280,4369003,Wilderness
Malas,2432,1408,4369003,Wilderness
Malas,2432,1536,4369003,Wilderness
Malas,2432,1664,4369003,Wilderness
Malas,2432,1792,4369003,Wilderness
Malas,2432,1920,4369003,Wilderness
Tokuno,0,0,5369003,Wilderness
Tokuno,0,128,5369003,Wilderness
Tokuno,0,256,5369003,Wilderness
Tokuno,0,384,5369003,Wilderness
Tokuno,0,512,5369003,Wilderness
Tokuno,0,640,5369003,Wilderness
Tokuno,0,768,5369003,Wilderness
Tokuno,0,896,5369003,Wilderness
Tokuno,0,1024,5369003,Wilderness
Tokuno,0,1152,5369003,Wilderness
Tokuno,0,1280,5369003,Wilderness
Tokuno,0,1408,5369003,Wilderness
Tokuno,128,0,5369003,Wilderness
Tokuno,128,128,5369003,Wilderness
Tokuno,128,256,5369003,Wilderness
Tokuno,128,384,5369003,Wilderness
Tokuno,128,512,5369003,Wilderness
Tokuno,128,640,5369003,Wilderness
Tokuno,128,768,5369003,Wilderness
Tokuno,128,896,5369003,Wilderness
Tokuno,128,1024,5369003,Wilderness
Tokuno,128,1152,5369003,Wilderness
Tokuno,128,1280,5369003,Wilderness
Tokuno,128,1408,5369003,Wilderness
Tokuno,256,0,5369003,Wilderness
Tokuno,256,128,5369003,Wilderness
Tokuno,256,256,5369003,Wilderness
Tokuno,256,384,5380003,Bushido Dojo
Tokuno,256,512,5369003,Wilderness
Tokuno,256,640,5369003,Wilderness
Tokuno,256,768,5369003,Wilderness
Tokuno,256,896,5369003,Wilderness
Tokuno,256,1024,5369003,Wilderness
Tokuno,256,1152,5369003,Wilderness
Tokuno,256,1280,5369003,Wilderness
Tokuno,256,1408,5369003,Wilderness
Tokuno,384,0,5369003,Wilderness
Tokuno,384,128,5369003,Wilderness
Tokuno,384,256,5369003,Wilderness
Tokuno,384,384,5369003,Wilderness
Tokuno,384,512,5369003,Wilderness
Tokuno,384,640,5369003,Wilderness
Tokuno,384,768,5369003,Wilderness
Tokuno,384,896,5369003,Wilderness
Tokuno,384,1024,5369003,Wilderness
Tokuno,384,1152,5369003,Wilderness
Tokuno,384,1280,5369003,Wilderness
Tokuno,384,1408,5369003,Wilderness
Tokuno,512,0,5369003,Wilderness
Tokuno,512,128,5369003,Wilderness
Tokuno,512,256,5369003,Wilderness
Tokuno,512,384,5369003,Wilderness
Tokuno,512,512,5369003,Wilderness
Tokuno,512,640,5369003,Wilderness
Tokuno,512,768,5369003,Wilderness
Tokuno,512,896,5369003,Wilderness
Tokuno,512,1024,5369003,Wilderness
Tokuno,512,1152,5369003,Wilderness
Tokuno,512,1280,5369003,Wilderness
Tokuno,512,1408,5369003,Wilderness
Tokuno,640,0,5369003,Wilderness
Tokuno,640,128,5369003,Wilderness
Tokuno,640,256,5369003,Wilderness
Tokuno,640,384,5369003,Wilderness
Tokuno,640,512,5369003,Wilderness
Tokuno,640,640,5369003,Wilderness
Tokuno,640,768,5369003,Wilderness
Tokuno,640,896,5369003,Wilderness
Tokuno,640,1024,5369003,Wilderness
Tokuno,640,1152,5101002,Zento
Tokuno,640,1280,5101002,Zento
Tokuno,640,1408,5369003,Wilderness
Tokuno,768,0,5369003,Wilderness
Tokuno,768,128,5369003,Wilderness
Tokuno,768,256,5369003,Wilderness
Tokuno,768,384,5369003,Wilderness
Tokuno,768,512,5369003,Wilderness
Tokuno,768,640,5369003,Wilderness
Tokuno,768,768,5369003,Wilderness
Tokuno,768,896,5369003,Wilderness
Tokuno,768,1024,5369003,Wilderness
Tokuno,768,1152,5101002,Zento
Tokuno,768,1280,5101002,Zento
Tokuno,768,1408,5369003,Wilderness
Tokuno,896,0,5369003,Wilderness
Tokuno,896,128,5369003,Wilderness
Tokuno,896,256,5369003,Wilderness
Tokuno,896,384,5369003,Wilderness
Tokuno,896,512,5369003,Wilderness
Tokuno,896,640,5369003,Wilderness
Tokuno,896,768,5369003,Wilderness
Tokuno,896,896,5369003,Wilderness
Tokuno,896,1024,5369003,Wilderness
Tokuno,896,1152,5369003,Wilderness
Tokuno,896,1280,5369003,Wilderness
Tokuno,896,1408,5369003,Wilderness
Tokuno,1024,0,5369003,Wilderness
Tokuno,1024,128,5369003,Wilderness
Tokuno,1024,256,5369003,Wilderness
Tokuno,1024,384,5369003,Wilderness
Tokuno,1024,512,5369003,Wilderness
Tokuno,1024,640,5369003,Wilderness
Tokuno,1024,768,5369003,Wilderness
Tokuno,1024,896,5369003,Wilderness
Tokuno,1024,1024,5369003,Wilderness
Tokuno,1024,1152,5369003,Wilderness
Tokuno,1024,1280,5369003,Wilderness
Tokuno,1024,1408,5369003,Wilderness
Tokuno,1152,0,5369003,Wilderness
Tokuno,1152,128,5369003,Wilderness
Tokuno,1152,256,5369003,Wilderness
Tokuno,1152,384,5369003,Wilderness
Tokuno,1152,512,5369003,Wilderness
Tokuno,1152,640,5369003,Wilderness
Tokuno,1152,768,5369003,Wilderness
Tokuno,1152,896,5369003,Wilderness
Tokuno,1152,1024,5369003,Wilderness
Tokuno,1152,1152,5369003,Wilderness
Tokuno,1152,1280,5369003,Wilderness
Tokuno,1152,1408,5369003,Wilderness
Tokuno,1280,0,5369003,Wilderness
Tokuno,1280,128,5369003,Wilderness
Tokuno,1280,256,5369003,Wilderness
Tokuno,1280,384,5369003,Wilderness
Tokuno,1280,512,5369003,Wilderness
Tokuno,1280,640,5369003,Wilderness
Tokuno,1280,768,5369003,Wilderness
Tokuno,1280,896,5369003,Wilderness
Tokuno,1280,1024,5369003,Wilderness
Tokuno,1280,1152,5369003,Wilderness
Tokuno,1280,1280,5369003,Wilderness
Tokuno,1280,1408,5369003,Wilderness
Tokuno,1408,0,5369003,Wilderness
Tokuno,1408,128,5369003,Wilderness
Tokuno,1408,256,5369003,Wilderness
Tokuno,1408,384,5369003,Wilderness
Tokuno,1408,512,5369003,Wilderness
Tokuno,1408,640,5369003,Wilderness
Tokuno,1408,768,5369003,Wilderness
Tokuno,1408,896,5369003,Wilderness
Tokuno,1408,1024,5369003,Wilderness
Tokuno,1408,1152,5369003,Wilderness
Tokuno,1408,1280,5369003,Wilderness
Tokuno,1408,1408,5369003,Wilderness
