MapName,X,Y,Z,Width,Height,ZoneID
Felucca,119,1469,1,9,25,0
Felucca,247,1005,-1,9,9,2108002
Felucca,239,1015,-2,9,9,2108002
Felucca,221,1332,0,11,9,2108003
Felucca,193,1338,0,11,9,2108003
Felucca,213,1341,0,11,12,2108003
Felucca,233,1347,0,11,9,2108003
Felucca,205,1356,0,11,48,2108003
Felucca,137,1362,0,11,9,2108003
Felucca,193,1368,0,12,11,2108003
Felucca,217,1368,0,11,36,2108003
Felucca,134,1377,0,10,9,2108003
Felucca,149,1386,0,11,9,2108003
Felucca,245,1392,0,11,9,2108003
Felucca,213,1413,0,11,9,0
Felucca,221,1431,0,11,9,0
Felucca,181,1437,0,11,9,0
Felucca,153,1454,-1,11,28,0
Felucca,140,1456,1,10,35,0
Felucca,131,1459,-4,9,29,0
Felucca,165,1467,0,9,12,0
Felucca,177,1470,0,11,9,0
Felucca,197,1470,0,11,9,0
Felucca,209,1473,0,11,9,0
Felucca,165,1479,0,11,12,0
Felucca,155,1482,0,10,12,0
Felucca,193,1485,0,11,9,0
Felucca,134,1491,0,14,9,0
Felucca,169,1500,0,11,12,0
Felucca,369,1281,0,11,9,2108003
Felucca,357,1296,0,11,9,2108003
Felucca,373,1302,0,11,21,2108003
Felucca,345,1311,0,11,9,2108003
Felucca,353,1323,0,11,9,2108003
Felucca,369,1323,0,15,12,2108003
Felucca,315,1335,0,9,9,2108003
Felucca,265,1350,0,11,9,2108003
Felucca,369,1350,0,9,9,2108003
Felucca,277,1362,0,11,9,2108003
Felucca,269,1479,0,11,9,0
Felucca,349,1542,0,11,9,0
Felucca,333,1560,0,10,9,0
Felucca,354,1563,0,10,12,0
Felucca,389,1284,0,11,9,0
Felucca,397,1302,0,11,9,0
Felucca,413,1302,0,11,12,0
Felucca,385,1308,0,11,27,0
Felucca,417,1323,0,11,12,0
Felucca,385,1335,0,11,9,0
Felucca,417,1341,0,11,9,0
Felucca,398,1350,0,10,9,0
Felucca,453,1356,0,10,9,0
Felucca,469,1365,0,11,9,0
Felucca,489,1365,0,11,9,0
Felucca,417,1368,0,10,9,0
Felucca,435,1374,0,9,9,0
Felucca,501,1425,0,9,9,0
Felucca,497,1440,0,11,9,0
Felucca,461,1584,0,11,9,0
Felucca,410,1587,0,10,9,0
Felucca,393,1596,0,11,12,0
Felucca,449,1596,0,11,9,0
Felucca,453,1608,0,11,9,0
Felucca,445,1623,0,11,9,0
Felucca,501,1623,0,11,12,0
Felucca,445,1632,0,11,9,0
Felucca,461,1632,0,11,9,0
Felucca,499,1641,0,9,9,0
Felucca,393,1644,0,11,9,0
Felucca,441,1653,0,11,9,0
Felucca,477,1674,0,11,12,0
Felucca,489,1677,0,11,9,0
Felucca,465,1680,0,11,9,0
Felucca,402,1683,0,10,9,0
Felucca,489,1686,0,10,9,0
Felucca,454,2085,-1,9,9,0
Felucca,561,1281,0,11,9,2108003
Felucca,581,1281,0,11,9,2108003
Felucca,573,1290,0,11,9,2108003
Felucca,613,1296,0,11,18,2108003
Felucca,542,1326,0,9,9,2108003
Felucca,601,1326,0,11,9,2108003
Felucca,557,1335,0,15,9,2108003
Felucca,597,1341,0,11,9,2108003
Felucca,621,1341,0,11,9,2108003
Felucca,565,1344,0,11,9,2108003
Felucca,589,1371,0,11,9,2108003
Felucca,575,1377,0,9,9,2108003
Felucca,613,1392,0,9,9,2108003
Felucca,521,1413,0,11,9,0
Felucca,573,1416,0,11,9,0
Felucca,529,1428,0,11,9,0
Felucca,525,1437,0,11,9,0
Felucca,587,1449,0,9,9,0
Felucca,605,1449,0,11,9,0
Felucca,601,1458,0,9,12,0
Felucca,613,1458,0,11,15,0
Felucca,573,1468,0,11,11,0
Felucca,549,1473,0,11,9,0
Felucca,593,1476,0,11,9,0
Felucca,613,1476,0,9,21,0
Felucca,625,1503,0,11,9,0
Felucca,513,1569,0,11,12,0
Felucca,541,1614,0,14,9,0
Felucca,517,1632,0,15,9,0
Felucca,518,1641,0,9,12,0
Felucca,545,1641,0,11,9,0
Felucca,597,1680,0,11,9,0
Felucca,617,1680,0,11,9,0
Felucca,565,1683,0,10,9,0
Felucca,574,1692,0,10,9,0
Felucca,601,1698,0,11,12,0
Felucca,601,1731,0,10,9,0
Felucca,593,1749,0,11,9,0
Felucca,753,555,1,11,30,2108003
Felucca,743,563,-2,9,19,2108003
Felucca,734,580,1,9,20,2108003
Felucca,743,582,0,9,17,2108003
Felucca,757,585,0,11,9,2108003
Felucca,725,589,1,9,23,2108003
Felucca,752,597,0,12,9,2108003
Felucca,716,606,1,9,30,2108003
Felucca,753,606,0,15,9,2108003
Felucca,737,609,0,13,24,2108003
Felucca,725,612,0,11,9,2108003
Felucca,757,615,0,11,9,2108003
Felucca,683,630,0,11,10,2108003
Felucca,685,640,0,21,9,2108002
Felucca,707,642,0,9,30,2108002
Felucca,745,642,0,11,24,2108002
Felucca,717,645,0,14,15,2108002
Felucca,733,645,0,11,9,2108002
Felucca,695,649,0,12,9,2108002
Felucca,733,654,0,12,15,2108002
Felucca,756,657,0,12,15,2108002
Felucca,697,658,0,10,11,2108002
Felucca,717,660,0,10,9,2108002
Felucca,691,669,0,9,18,2108002
Felucca,717,669,0,11,9,2108002
Felucca,733,669,0,11,10,2108002
Felucca,701,672,0,10,9,2108002
Felucca,753,675,0,10,9,2108002
Felucca,711,678,0,9,9,2108002
Felucca,729,679,0,11,12,2108002
Felucca,681,682,-2,10,13,2108002
Felucca,701,684,0,10,24,2108002
Felucca,718,687,0,9,18,2108002
Felucca,742,687,0,10,12,2108002
Felucca,753,687,0,11,12,2108002
Felucca,691,690,0,9,12,2108002
Felucca,753,699,0,15,9,2108002
Felucca,683,704,-1,9,19,2108002
Felucca,717,705,0,11,33,2108002
Felucca,729,705,0,11,19,2108002
Felucca,670,708,1,13,16,2108002
Felucca,693,708,0,15,15,2108002
Felucca,741,708,0,10,21,2108002
Felucca,708,712,0,9,14,2108002
Felucca,661,720,0,9,12,2108002
Felucca,640,722,0,9,10,2108002
Felucca,650,722,0,10,11,2108002
Felucca,697,723,0,11,30,2108002
Felucca,753,723,0,11,15,2108002
Felucca,677,724,0,11,10,2108002
Felucca,688,730,0,9,11,2108002
Felucca,649,733,0,11,13,2108002
Felucca,665,735,0,11,15,2108002
Felucca,679,735,0,9,24,2108002
Felucca,728,735,0,12,9,2108002
Felucca,741,735,0,12,9,2108002
Felucca,709,741,0,11,9,2108002
Felucca,721,744,0,11,24,2108002
Felucca,741,744,0,15,9,2108002
Felucca,709,750,0,11,18,2108002
Felucca,689,753,0,10,15,2108002
Felucca,733,753,0,11,15,2108002
Felucca,745,753,0,16,9,2108002
Felucca,661,756,0,11,12,2108002
Felucca,665,768,0,11,9,2108002
Felucca,694,768,0,10,9,2108002
Felucca,729,768,0,15,12,2108002
Felucca,677,771,0,11,12,2108002
Felucca,705,771,0,15,21,2108002
Felucca,753,774,0,11,9,2108002
Felucca,665,777,0,11,29,2108002
Felucca,688,777,0,11,18,2108002
Felucca,721,780,0,11,12,2108002
Felucca,733,780,0,11,15,2108002
Felucca,677,783,0,11,9,2108002
Felucca,757,783,0,11,21,2108002
Felucca,677,792,0,9,16,2108002
Felucca,699,792,0,13,12,2108002
Felucca,721,792,0,11,33,2108002
Felucca,687,795,0,11,12,2108002
Felucca,747,795,0,9,18,2108002
Felucca,698,804,0,10,14,2108002
Felucca,757,804,0,11,12,2108002
Felucca,674,808,0,10,9,2108002
Felucca,685,813,0,11,9,2108002
Felucca,741,813,0,15,12,2108002
Felucca,757,816,0,11,9,2108002
Felucca,674,817,0,11,17,2108002
Felucca,709,821,0,11,18,2108002
Felucca,685,822,0,11,9,2108002
Felucca,721,825,0,11,12,2108002
Felucca,733,825,0,11,12,2108002
Felucca,745,825,0,11,10,2108002
Felucca,757,825,0,11,18,2108002
Felucca,685,831,0,17,9,2108002
Felucca,657,834,0,9,9,2108002
Felucca,673,834,0,12,15,2108002
Felucca,730,837,0,10,15,2108002
Felucca,741,837,0,10,9,2108002
Felucca,709,839,0,15,13,2108002
Felucca,757,843,0,11,9,2108002
Felucca,661,845,0,9,9,2108002
Felucca,677,849,0,11,18,2108002
Felucca,689,852,0,11,9,2108002
Felucca,713,852,0,19,18,2108002
Felucca,733,852,0,11,18,2108002
Felucca,749,852,0,11,12,2108002
Felucca,701,855,0,11,9,2108002
Felucca,657,858,0,11,9,2108002
Felucca,693,864,0,11,9,2108002
Felucca,753,864,0,11,10,2108002
Felucca,704,865,0,9,11,2108002
Felucca,657,867,0,9,9,2108002
Felucca,674,867,0,10,15,2108002
Felucca,693,873,0,11,23,2108002
Felucca,657,876,0,10,18,2108002
Felucca,708,876,0,10,9,2108002
Felucca,667,882,0,9,10,2108002
Felucca,677,882,0,11,14,2108002
Felucca,756,882,0,12,9,2108002
Felucca,709,885,0,9,9,2108002
Felucca,661,896,0,23,22,2108002
Felucca,689,896,0,15,26,2108002
Felucca,713,896,0,20,10,2108002
Felucca,745,896,0,11,16,2108002
Felucca,757,900,0,11,12,2108002
Felucca,713,909,0,11,9,2108002
Felucca,725,909,0,11,9,2108002
Felucca,753,912,0,11,17,2108002
Felucca,709,918,0,11,21,2108002
Felucca,721,918,0,11,18,2108002
Felucca,733,918,0,10,9,2108002
Felucca,699,928,0,10,14,2108002
Felucca,738,928,0,9,14,2108002
Felucca,753,930,0,11,9,2108002
Felucca,709,939,0,19,12,2108002
Felucca,753,939,0,11,9,2108002
Felucca,729,941,0,9,16,2108002
Felucca,699,945,0,10,15,2108002
Felucca,747,948,0,9,18,2108002
Felucca,756,949,0,9,14,2108002
Felucca,709,951,0,11,18,2108002
Felucca,720,955,0,9,12,2108002
Felucca,699,960,0,9,15,2108002
Felucca,749,966,0,15,9,2108002
Felucca,731,972,0,9,9,2108002
Felucca,747,975,0,17,12,2108002
Felucca,721,984,0,15,12,2108002
Felucca,749,987,0,15,12,2108002
Felucca,737,990,0,11,9,2108002
Felucca,699,991,0,9,33,2108002
Felucca,725,996,0,12,18,2108002
Felucca,741,1002,0,11,15,2108002
Felucca,725,1014,0,11,10,2108002
Felucca,753,1014,0,15,10,2108002
Felucca,699,1024,0,13,14,2108002
Felucca,723,1026,0,9,27,2108002
Felucca,709,1038,0,11,12,2108002
Felucca,741,1050,0,11,9,2108002
Felucca,701,1059,0,11,21,2108002
Felucca,713,1068,0,11,21,2108002
Felucca,721,1089,0,11,14,2108002
Felucca,757,1089,0,11,9,2108002
Felucca,745,1101,0,11,18,2108002
Felucca,702,1119,0,9,9,2108002
Felucca,705,1140,0,23,12,2108002
Felucca,713,1152,0,27,9,2108002
Felucca,721,1161,0,27,18,2108002
Felucca,709,1176,0,11,9,2108002
Felucca,757,1176,0,11,9,2108002
Felucca,741,1179,0,11,9,2108002
Felucca,725,1182,0,11,9,2108002
Felucca,737,1188,0,11,9,2108002
Felucca,721,1191,0,11,9,2108002
Felucca,755,1212,0,9,9,2108002
Felucca,701,1218,0,11,9,2108002
Felucca,718,1221,0,10,9,2108002
Felucca,677,1248,0,11,9,2108002
Felucca,693,1248,0,11,9,2108002
Felucca,741,1251,0,15,9,2108002
Felucca,701,1263,0,11,9,2108002
Felucca,645,1269,0,11,9,2108002
Felucca,649,1281,0,11,9,2108003
Felucca,745,1281,0,11,9,2108003
Felucca,727,1287,0,9,21,2108003
Felucca,689,1290,0,11,15,2108003
Felucca,641,1305,0,11,9,2108003
Felucca,653,1308,0,15,22,2108003
Felucca,640,1314,0,9,10,2108003
Felucca,697,1323,0,11,11,2108003
Felucca,640,1325,0,11,40,2108003
Felucca,669,1326,0,11,38,2108003
Felucca,652,1330,0,17,20,2108003
Felucca,733,1341,0,11,9,2108003
Felucca,757,1341,0,11,9,2108003
Felucca,697,1347,0,10,9,2108003
Felucca,685,1350,0,11,9,2108003
Felucca,749,1350,0,11,9,2108003
Felucca,651,1351,0,12,23,2108003
Felucca,663,1364,0,13,10,2108003
Felucca,706,1368,0,10,11,2108003
Felucca,717,1368,0,11,12,2108003
Felucca,641,1377,0,11,9,2108003
Felucca,729,1377,0,15,9,2108003
Felucca,741,1389,0,10,15,2108003
Felucca,673,1392,0,9,9,2108003
Felucca,713,1392,0,11,9,2108003
Felucca,739,1416,0,9,9,0
Felucca,673,1419,0,11,9,0
Felucca,641,1428,0,11,9,0
Felucca,729,1431,0,11,9,0
Felucca,677,1443,0,11,9,0
Felucca,721,1449,0,15,9,0
Felucca,701,1455,0,9,9,0
Felucca,693,1476,0,11,12,0
Felucca,653,1494,0,11,9,0
Felucca,701,1500,0,11,9,0
Felucca,654,1503,0,10,12,0
Felucca,757,1503,0,11,9,0
Felucca,685,1509,0,11,9,0
Felucca,729,1509,0,9,11,0
Felucca,701,1527,0,11,9,0
Felucca,717,1527,0,11,9,0
Felucca,693,1542,0,11,9,0
Felucca,721,1545,0,11,9,0
Felucca,647,1701,0,9,9,0
Felucca,737,1701,0,11,9,0
Felucca,645,1716,0,11,9,0
Felucca,729,1719,0,11,9,0
Felucca,719,1792,2,13,17,0
Felucca,733,1797,0,11,21,0
Felucca,745,1797,0,11,18,0
Felucca,759,1800,0,9,27,0
Felucca,713,1809,0,11,9,0
Felucca,690,1812,0,9,9,0
Felucca,665,1815,0,11,9,0
Felucca,647,1816,4,9,26,0
Felucca,677,1818,0,11,9,0
Felucca,741,1830,0,11,9,0
Felucca,757,1830,0,11,11,0
Felucca,714,1842,0,10,18,0
Felucca,757,1842,0,11,17,0
Felucca,754,1859,0,10,29,0
Felucca,745,1869,0,9,33,0
Felucca,707,1874,2,9,17,0
Felucca,733,1875,0,10,27,0
Felucca,717,1881,0,11,30,0
Felucca,754,1888,0,14,11,0
Felucca,706,1891,-1,11,17,0
Felucca,733,1902,0,11,9,0
Felucca,757,1905,0,11,12,0
Felucca,714,1920,-1,10,18,2105003
Felucca,741,1935,0,11,9,2105003
Felucca,715,1938,0,9,9,2105003
Felucca,724,1941,0,12,9,2105003
Felucca,723,1950,0,9,9,2105003
Felucca,757,1956,0,11,27,2105003
Felucca,725,1967,0,11,10,2105003
Felucca,723,1977,-1,9,11,2105003
Felucca,757,1985,0,11,16,2105003
Felucca,723,1989,0,13,10,2105003
Felucca,733,2124,1,11,11,2105002
Felucca,754,2238,0,10,11,2105002
Felucca,757,2349,0,11,9,2105002
Felucca,838,325,0,9,26,0
Felucca,829,343,2,9,17,0
Felucca,845,351,0,9,9,0
Felucca,820,354,-2,9,28,0
Felucca,837,366,0,11,9,0
Felucca,825,384,0,11,10,0
Felucca,836,385,0,9,53,0
Felucca,845,402,0,9,42,0
Felucca,827,423,0,9,12,0
Felucca,817,426,2,9,18,0
Felucca,854,426,0,9,24,0
Felucca,808,431,-2,9,10,0
Felucca,863,434,0,9,25,0
Felucca,798,436,-3,10,35,0
Felucca,788,440,-2,10,22,0
Felucca,808,441,0,9,15,0
Felucca,779,448,-2,9,24,0
Felucca,813,456,0,15,9,0
Felucca,865,459,0,13,9,0
Felucca,788,462,0,10,21,0
Felucca,869,468,0,10,18,0
Felucca,873,486,0,11,9,0
Felucca,873,498,0,10,9,0
Felucca,829,512,0,11,10,2108003
Felucca,861,512,0,15,10,2108003
Felucca,817,513,0,11,15,2108003
Felucca,845,513,0,15,12,2108003
Felucca,799,519,-1,9,21,2108003
Felucca,876,521,0,9,13,2108003
Felucca,861,522,0,15,9,2108003
Felucca,829,525,0,13,9,2108003
Felucca,857,531,0,11,14,2108003
Felucca,885,532,0,9,17,2108003
Felucca,833,534,0,11,15,2108003
Felucca,845,534,0,11,21,2108003
Felucca,873,534,0,12,15,2108003
Felucca,801,540,0,11,9,2108003
Felucca,822,543,0,10,18,2108003
Felucca,785,547,0,11,11,2108003
Felucca,797,549,0,11,9,2108003
Felucca,809,549,0,11,9,2108003
Felucca,867,549,0,9,9,2108003
Felucca,774,551,1,10,13,2108003
Felucca,885,556,0,11,20,2108003
Felucca,797,558,0,15,12,2108003
Felucca,837,558,0,11,18,2108003
Felucca,817,561,0,11,12,2108003
Felucca,769,564,0,11,12,2108003
Felucca,869,564,0,10,18,2108003
Felucca,805,570,0,12,9,2108003
Felucca,828,570,0,9,18,2108003
Felucca,857,570,0,11,51,2108003
Felucca,787,573,0,9,9,2108003
Felucca,769,576,0,15,12,2108003
Felucca,797,579,0,9,9,2108003
Felucca,809,579,0,15,13,2108003
Felucca,837,579,0,11,15,2108003
Felucca,873,582,0,11,12,2108003
Felucca,885,582,0,11,12,2108003
Felucca,768,588,0,12,9,2108003
Felucca,824,588,0,12,15,2108003
Felucca,841,594,0,11,12,2108003
Felucca,793,597,0,11,9,2108003
Felucca,869,597,0,11,30,2108003
Felucca,777,600,0,15,9,2108003
Felucca,813,600,0,11,9,2108003
Felucca,881,603,0,15,9,2108003
Felucca,801,606,0,11,12,2108003
Felucca,825,606,0,11,15,2108003
Felucca,841,606,0,15,18,2108003
Felucca,777,609,0,11,9,2108003
Felucca,789,615,0,12,9,2108003
Felucca,825,621,0,11,9,2108003
Felucca,769,624,0,9,10,2108003
Felucca,782,624,0,10,9,2108003
Felucca,793,624,0,10,9,2108003
Felucca,853,624,0,11,11,2108003
Felucca,803,627,0,9,12,2108003
Felucca,865,627,0,19,13,2108003
Felucca,829,630,0,11,9,2108003
Felucca,768,640,0,16,11,2108003
Felucca,837,640,0,11,14,2108003
Felucca,861,640,0,11,11,2108003
Felucca,784,645,0,12,9,2108003
Felucca,809,645,0,15,9,2108003
Felucca,797,648,0,11,9,2108003
Felucca,873,648,0,11,9,2108003
Felucca,885,648,0,11,12,2108003
Felucca,848,651,0,16,12,2108003
Felucca,864,652,0,9,11,2108003
Felucca,777,654,0,11,9,2108003
Felucca,797,657,0,11,12,2108003
Felucca,813,657,0,15,12,2108003
Felucca,828,660,0,12,12,2108003
Felucca,873,660,0,15,12,2108003
Felucca,853,663,0,11,9,2108003
Felucca,769,666,0,11,18,2108003
Felucca,797,669,0,19,54,2108003
Felucca,817,669,0,11,42,2108003
Felucca,841,669,0,11,12,2108003
Felucca,864,669,0,9,12,2108003
Felucca,780,672,0,12,9,2108003
Felucca,877,675,0,11,15,2108003
Felucca,829,678,0,12,9,2108003
Felucca,853,678,0,11,9,2108003
Felucca,780,681,0,17,27,2108003
Felucca,865,681,0,11,15,2108003
Felucca,769,684,0,11,9,2108003
Felucca,841,684,0,12,9,2108003
Felucca,829,690,0,11,9,2108003
Felucca,853,690,0,12,9,2108003
Felucca,769,696,0,11,9,2108003
Felucca,865,696,0,15,12,2108003
Felucca,829,699,0,15,9,2108003
Felucca,853,699,0,11,12,2108003
Felucca,768,705,0,10,9,2108003
Felucca,881,705,0,11,12,2108003
Felucca,785,708,0,12,21,2108003
Felucca,841,708,0,12,18,2108003
Felucca,865,708,0,15,9,2108003
Felucca,816,711,0,12,9,2108003
Felucca,828,717,0,12,9,2108003
Felucca,857,717,0,9,12,2108003
Felucca,881,717,0,11,9,2108003
Felucca,769,720,0,11,12,2108003
Felucca,797,723,0,19,15,2108003
Felucca,817,726,0,9,9,2108003
Felucca,833,726,0,11,10,2108003
Felucca,873,726,0,15,18,2108003
Felucca,781,729,0,11,13,2108003
Felucca,768,732,0,12,9,2108003
Felucca,845,732,0,11,9,2108003
Felucca,857,732,0,11,12,2108003
Felucca,817,735,0,11,9,2108003
Felucca,792,741,0,12,24,2108003
Felucca,829,741,0,11,15,2108003
Felucca,780,744,0,12,10,2108003
Felucca,809,744,0,15,9,2108003
Felucca,841,744,0,11,9,2108003
Felucca,869,751,0,11,14,2108003
Felucca,841,753,0,11,15,2108003
Felucca,881,753,0,15,15,2108003
Felucca,781,756,0,11,10,2108003
Felucca,825,756,0,10,9,2108003
Felucca,810,759,0,14,9,2108003
Felucca,781,768,0,35,9,2108003
Felucca,841,768,0,19,12,2108003
Felucca,861,768,0,11,15,2108003
Felucca,873,768,0,19,9,2108003
Felucca,768,771,0,12,9,2108003
Felucca,821,774,0,11,56,2108003
Felucca,785,777,0,11,12,2108003
Felucca,801,777,0,11,12,2108003
Felucca,873,777,0,9,21,2108003
Felucca,773,780,0,11,12,2108003
Felucca,834,780,0,10,27,2108003
Felucca,812,781,0,9,53,2108003
Felucca,845,786,0,11,15,2108003
Felucca,785,789,0,11,9,2108003
Felucca,801,789,0,11,39,2108003
Felucca,768,792,0,12,9,2108003
Felucca,857,795,0,11,9,2108003
Felucca,873,798,0,11,18,2108003
Felucca,773,801,0,11,26,2108003
Felucca,785,801,0,16,21,2108003
Felucca,853,804,0,11,15,2108003
Felucca,833,807,0,11,18,2108003
Felucca,884,810,0,12,21,2108003
Felucca,853,819,0,19,12,2108003
Felucca,873,819,0,11,9,2108003
Felucca,834,825,0,14,14,2108003
Felucca,777,827,0,11,25,2108003
Felucca,797,828,0,15,9,2108003
Felucca,849,831,0,19,15,2108003
Felucca,885,831,0,11,9,2108003
Felucca,817,834,0,11,9,2108003
Felucca,768,837,0,9,9,2108003
Felucca,793,837,0,11,15,2108003
Felucca,805,840,0,11,9,2108003
Felucca,869,840,0,11,18,2108003
Felucca,830,846,0,10,12,2108003
Felucca,857,846,0,11,12,2108003
Felucca,811,850,0,9,14,2108003
Felucca,781,852,0,15,9,2108003
Felucca,841,852,0,15,9,2108003
Felucca,820,853,0,9,11,2108003
Felucca,857,858,0,15,9,2108003
Felucca,846,861,0,10,35,2108003
Felucca,769,863,0,11,19,2108003
Felucca,877,863,0,11,13,2108003
Felucca,801,864,0,11,12,2108003
Felucca,780,867,0,12,12,2108003
Felucca,813,867,0,15,9,2108003
Felucca,859,867,0,9,9,2108003
Felucca,868,868,0,9,14,2108003
Felucca,829,875,0,11,21,2108003
Felucca,877,876,0,11,18,2108003
Felucca,785,879,0,11,15,2108003
Felucca,798,879,0,14,17,2108003
Felucca,813,879,0,15,9,2108003
Felucca,774,882,0,10,14,2108003
Felucca,865,887,0,11,9,2108003
Felucca,813,896,0,11,22,2108003
Felucca,824,896,0,12,10,2108003
Felucca,857,896,0,11,13,2108003
Felucca,881,896,0,11,13,2108003
Felucca,789,897,0,11,9,2108003
Felucca,801,897,0,11,24,2108003
Felucca,837,897,0,11,63,2108003
Felucca,783,906,0,9,9,2108003
Felucca,792,907,0,9,14,2108003
Felucca,849,909,0,15,36,2108003
Felucca,877,909,0,11,12,2108003
Felucca,824,912,0,13,45,2108003
Felucca,769,915,0,19,11,2108003
Felucca,865,915,0,12,9,2108003
Felucca,812,918,0,12,29,2108003
Felucca,788,921,0,12,9,2108003
Felucca,801,921,0,10,11,2108003
Felucca,881,921,0,11,18,2108003
Felucca,864,924,0,16,15,2108003
Felucca,769,927,0,11,9,2108003
Felucca,797,933,0,12,9,2108003
Felucca,768,937,0,9,11,2108003
Felucca,793,945,0,11,18,2108003
Felucca,857,945,0,11,12,2108003
Felucca,804,947,0,13,13,2108003
Felucca,777,948,0,11,18,2108003
Felucca,873,948,0,11,9,2108003
Felucca,865,957,0,15,12,2108003
Felucca,817,960,0,11,9,2108003
Felucca,845,960,0,11,9,2108003
Felucca,789,963,0,11,9,2108003
Felucca,801,963,0,11,9,2108003
Felucca,829,963,0,12,12,2108003
Felucca,856,966,0,9,18,2108003
Felucca,885,966,0,11,9,2108003
Felucca,842,969,0,14,11,2108003
Felucca,773,972,0,10,15,2108003
Felucca,785,972,0,23,11,2108003
Felucca,822,975,0,10,21,2108003
Felucca,873,975,0,11,14,2108003
Felucca,809,978,0,13,9,2108003
Felucca,885,978,0,11,9,2108003
Felucca,833,984,0,11,21,2108003
Felucca,853,984,0,11,9,2108003
Felucca,793,986,0,12,12,2108003
Felucca,769,990,0,11,9,2108003
Felucca,781,993,0,11,24,2108003
Felucca,869,993,0,11,9,2108003
Felucca,885,993,0,10,9,2108003
Felucca,817,997,0,16,19,2108003
Felucca,793,998,0,15,19,2108003
Felucca,853,999,0,11,9,2108003
Felucca,865,1002,0,11,18,2108003
Felucca,769,1005,0,12,9,2108003
Felucca,877,1005,0,11,12,2108003
Felucca,833,1008,0,11,15,2108003
Felucca,853,1008,0,11,9,2108003
Felucca,808,1011,0,9,9,2108003
Felucca,819,1035,0,9,57,2108003
Felucca,809,1038,0,9,50,2108003
Felucca,829,1041,0,11,45,2108003
Felucca,849,1050,0,11,9,2108003
Felucca,797,1064,0,12,10,2108003
Felucca,773,1074,0,9,9,2108003
Felucca,785,1074,0,11,9,2108003
Felucca,849,1092,0,11,9,2108003
Felucca,809,1095,0,11,9,2108003
Felucca,865,1095,0,11,15,2108003
Felucca,885,1113,0,11,9,2108003
Felucca,781,1122,0,10,9,2108003
Felucca,877,1122,0,11,9,2108003
Felucca,805,1131,0,9,9,2108003
Felucca,837,1143,0,11,9,2108003
Felucca,869,1143,0,11,9,2108003
Felucca,869,1152,0,11,9,2108003
Felucca,837,1161,0,11,17,2108003
Felucca,849,1161,0,11,20,2108003
Felucca,817,1167,0,13,45,2108003
Felucca,781,1179,0,11,11,2108003
Felucca,805,1179,0,12,18,2108003
Felucca,854,1181,0,14,9,2108003
Felucca,830,1186,0,9,26,2108003
Felucca,839,1192,0,10,20,2108003
Felucca,849,1196,0,11,13,2108003
Felucca,789,1197,0,11,9,2108003
Felucca,777,1206,0,11,12,2108003
Felucca,881,1221,0,11,9,2108003
Felucca,841,1227,0,11,9,2108003
Felucca,791,1236,0,9,9,2108003
Felucca,869,1242,0,11,12,2108003
Felucca,798,1245,0,10,9,2108003
Felucca,837,1254,0,11,9,2108003
Felucca,773,1263,0,11,9,2108003
Felucca,829,1266,0,11,9,2108003
Felucca,837,1281,0,9,9,2108003
Felucca,826,1290,0,10,9,2108003
Felucca,813,1293,0,11,9,2108003
Felucca,786,1296,0,10,9,2108003
Felucca,805,1305,0,11,9,2108003
Felucca,789,1317,0,10,36,2108003
Felucca,777,1320,0,11,9,2108003
Felucca,801,1320,0,11,30,2108003
Felucca,817,1323,0,11,9,2108003
Felucca,814,1347,0,10,9,2108003
Felucca,833,1350,0,9,9,2108003
Felucca,829,1365,0,11,9,2108003
Felucca,806,1368,0,10,9,2108003
Felucca,781,1371,0,11,12,2108003
Felucca,789,1389,0,15,9,2108003
Felucca,841,1389,0,11,9,2108003
Felucca,785,1410,0,11,9,0
Felucca,789,1419,0,11,9,0
Felucca,805,1419,0,9,9,0
Felucca,845,1428,0,11,9,0
Felucca,793,1434,0,11,57,0
Felucca,805,1434,0,11,19,0
Felucca,817,1443,0,11,45,0
Felucca,841,1449,0,11,9,0
Felucca,861,1452,0,11,9,0
Felucca,804,1453,0,13,35,0
Felucca,781,1455,0,12,35,0
Felucca,873,1458,0,9,9,0
Felucca,769,1461,0,12,18,0
Felucca,849,1482,0,15,9,0
Felucca,873,1488,0,11,9,0
Felucca,781,1491,0,11,9,0
Felucca,829,1500,0,11,9,0
Felucca,861,1509,0,11,9,0
Felucca,813,1521,0,9,9,0
Felucca,837,1551,0,9,12,0
Felucca,885,1557,0,11,9,0
Felucca,785,1578,0,11,9,0
Felucca,805,1608,0,11,9,0
Felucca,813,1620,0,11,9,0
Felucca,841,1626,0,11,9,0
Felucca,877,1626,0,11,9,0
Felucca,829,1647,0,11,9,0
Felucca,817,1653,0,11,9,0
Felucca,805,1671,0,11,9,0
Felucca,813,1686,0,11,9,0
Felucca,837,1704,0,19,18,0
Felucca,857,1713,0,11,9,0
Felucca,789,1719,0,11,12,0
Felucca,861,1740,0,11,12,0
Felucca,791,1743,0,9,9,0
Felucca,833,1749,0,11,9,0
Felucca,845,1749,0,11,9,0
Felucca,822,1761,0,10,9,0
Felucca,874,1761,0,10,9,0
Felucca,799,1764,0,9,9,0
Felucca,877,1773,0,15,9,0
Felucca,781,1794,0,11,12,0
Felucca,837,1794,0,11,9,0
Felucca,782,1806,0,13,45,0
Felucca,795,1806,0,9,11,0
Felucca,821,1806,0,11,9,0
Felucca,769,1811,0,13,22,0
Felucca,833,1815,0,11,9,0
Felucca,805,1821,0,11,9,0
Felucca,873,1821,0,11,12,0
Felucca,885,1821,0,11,31,0
Felucca,825,1824,0,11,12,0
Felucca,770,1833,0,12,66,0
Felucca,829,1836,0,11,9,0
Felucca,869,1836,0,11,18,0
Felucca,807,1842,0,9,9,0
Felucca,857,1848,0,12,63,0
Felucca,782,1851,0,14,24,0
Felucca,885,1852,0,11,62,0
Felucca,876,1855,0,9,9,0
Felucca,799,1857,0,9,39,0
Felucca,841,1863,0,11,14,0
Felucca,870,1864,0,15,41,0
Felucca,815,1869,0,13,27,0
Felucca,829,1869,0,12,36,0
Felucca,786,1876,0,13,21,0
Felucca,843,1877,0,9,43,0
Felucca,771,1899,0,13,18,0
Felucca,833,1905,0,10,9,0
Felucca,817,1908,0,11,9,0
Felucca,768,1920,0,12,9,2105003
Felucca,837,1920,0,20,20,2105003
Felucca,858,1920,0,10,18,2105003
Felucca,769,1932,0,11,38,2105003
Felucca,873,1932,0,11,9,2105003
Felucca,825,1935,0,12,12,2105003
Felucca,789,1938,0,11,9,2105003
Felucca,837,1940,0,23,22,2105003
Felucca,781,1950,0,11,36,2105003
Felucca,813,1953,0,15,14,2105003
Felucca,828,1954,0,9,9,2105003
Felucca,793,1956,0,11,22,2105003
Felucca,877,1956,0,11,9,2105003
Felucca,804,1960,0,9,43,2105003
Felucca,837,1962,0,15,9,2105003
Felucca,828,1963,0,9,49,2105003
Felucca,813,1967,0,15,18,2105003
Felucca,839,1971,0,9,12,2105003
Felucca,873,1974,0,15,9,2105003
Felucca,795,1979,0,9,24,2105003
Felucca,768,1980,0,13,10,2105003
Felucca,878,1984,0,10,43,2105003
Felucca,813,1985,0,15,18,2105003
Felucca,781,1986,0,14,18,2105003
Felucca,869,1986,0,9,9,2105003
Felucca,768,1990,0,13,13,2105003
Felucca,837,1995,0,14,18,2105003
Felucca,861,1995,0,11,9,2105003
Felucca,853,2004,0,11,17,2105003
Felucca,866,2004,0,12,18,2105003
Felucca,843,2064,0,13,18,2105002
Felucca,856,2067,0,9,9,2105002
Felucca,866,2074,0,9,11,2105002
Felucca,875,2078,0,9,10,2105002
Felucca,886,2078,-2,10,10,2105002
Felucca,839,2082,-2,13,18,2105002
Felucca,857,2094,0,11,12,2105002
Felucca,809,2114,0,19,10,2105002
Felucca,881,2115,0,11,9,2105002
Felucca,807,2124,0,9,28,2105002
Felucca,825,2127,0,15,9,2105002
Felucca,797,2136,0,10,9,2105002
Felucca,785,2151,0,11,11,2105002
Felucca,841,2160,0,9,16,2105002
Felucca,786,2165,0,10,11,2105002
Felucca,817,2176,0,11,15,2105002
Felucca,885,2181,0,10,36,2105002
Felucca,849,2184,0,11,9,2105002
Felucca,857,2208,0,11,9,2105002
Felucca,881,2217,0,15,9,2105002
Felucca,838,2220,3,10,9,2105002
Felucca,849,2226,0,10,14,2105002
Felucca,869,2226,0,11,14,2105002
Felucca,829,2227,7,9,13,2105002
Felucca,885,2229,0,11,10,2105002
Felucca,869,2246,0,13,25,2105002
Felucca,884,2246,0,11,10,2105002
Felucca,844,2247,0,16,57,2105002
Felucca,860,2253,0,9,24,2105002
Felucca,885,2277,0,11,9,2105002
Felucca,881,2292,0,12,12,2105002
Felucca,871,2294,8,9,10,2105002
Felucca,793,2304,0,31,9,2105002
Felucca,849,2304,0,12,22,2105002
Felucca,873,2304,0,15,12,2105002
Felucca,824,2306,0,16,12,2105002
Felucca,778,2318,2,11,10,2105002
Felucca,838,2319,0,11,9,2105002
Felucca,873,2319,0,11,9,2105002
Felucca,879,2328,0,9,17,2105002
Felucca,825,2329,0,9,15,2105002
Felucca,797,2334,3,10,9,2105002
Felucca,834,2334,0,17,10,2105002
Felucca,851,2335,0,13,14,2105002
Felucca,885,2346,0,11,15,2105002
Felucca,861,2349,0,9,16,2105002
Felucca,851,2352,0,9,36,2105002
Felucca,797,2358,0,11,13,2105002
Felucca,832,2361,0,19,30,2105002
Felucca,879,2361,0,9,14,2105002
Felucca,860,2365,0,11,17,2105002
Felucca,809,2368,0,23,16,2105002
Felucca,800,2371,0,9,13,2105002
Felucca,802,2384,0,10,11,2105002
Felucca,817,2384,0,9,19,2105002
Felucca,877,2394,0,10,14,2105002
Felucca,833,2407,0,11,16,2105002
Felucca,868,2419,7,9,13,2105002
Felucca,836,2423,0,16,9,2105002
Felucca,840,2432,0,10,9,2105003
Felucca,872,2432,0,24,12,2105003
Felucca,871,2444,4,13,17,2105003
Felucca,886,2470,0,9,9,2105003
Felucca,887,2491,1,9,10,2105003
Felucca,959,267,2,9,69,0
Felucca,950,277,2,9,35,0
Felucca,969,277,0,14,29,0
Felucca,941,286,2,9,12,0
Felucca,983,292,0,9,17,0
Felucca,992,302,0,9,13,0
Felucca,947,312,-1,9,45,0
Felucca,1001,312,0,9,15,0
Felucca,936,320,1,10,43,0
Felucca,927,326,3,9,17,0
Felucca,998,327,0,16,9,0
Felucca,1014,328,0,10,15,0
Felucca,916,331,1,11,20,0
Felucca,904,333,0,12,9,0
Felucca,989,333,0,9,10,0
Felucca,1001,336,0,13,12,0
Felucca,927,343,0,9,18,0
Felucca,969,348,0,11,9,0
Felucca,931,363,0,13,19,0
Felucca,977,366,0,11,9,0
Felucca,989,372,0,11,9,0
Felucca,930,384,0,10,24,0
Felucca,996,384,0,28,11,0
Felucca,945,387,0,11,9,0
Felucca,965,387,0,11,9,0
Felucca,965,396,0,11,23,0
Felucca,949,399,0,11,12,0
Felucca,921,401,2,9,46,0
Felucca,930,408,0,10,9,0
Felucca,912,412,-2,9,16,0
Felucca,930,435,0,10,9,0
Felucca,973,441,0,9,30,0
Felucca,926,447,0,10,9,0
Felucca,982,447,0,9,30,0
Felucca,991,450,0,29,25,0
Felucca,929,456,0,11,21,0
Felucca,921,477,-1,11,12,0
Felucca,985,477,0,14,9,0
Felucca,993,486,0,11,9,0
Felucca,917,501,0,11,9,0
Felucca,1013,501,0,11,9,0
Felucca,912,512,-1,12,10,0
Felucca,949,512,0,11,10,0
Felucca,981,512,0,11,58,0
Felucca,1013,512,0,11,10,0
Felucca,937,519,0,12,9,0
Felucca,997,519,0,10,9,0
Felucca,911,522,0,9,12,0
Felucca,921,522,0,15,9,0
Felucca,951,522,0,13,9,0
Felucca,969,522,0,11,18,0
Felucca,1007,522,0,9,12,0
Felucca,941,528,0,9,9,0
Felucca,921,531,0,11,12,0
Felucca,993,531,0,11,42,0
Felucca,897,534,0,11,12,0
Felucca,1013,534,0,11,9,0
Felucca,932,535,0,9,11,0
Felucca,908,537,0,13,12,0
Felucca,941,537,0,9,9,0
Felucca,954,537,0,10,27,0
Felucca,1004,541,0,9,11,0
Felucca,965,543,0,11,9,0
Felucca,933,546,0,9,10,0
Felucca,903,549,0,9,9,0
Felucca,921,552,0,12,15,0
Felucca,964,552,0,17,9,0
Felucca,1005,552,0,11,9,0
Felucca,945,553,0,9,11,0
Felucca,898,558,0,10,9,0
Felucca,908,559,0,9,14,0
Felucca,965,561,0,15,20,0
Felucca,1005,561,0,11,21,0
Felucca,933,564,0,11,26,0
Felucca,945,564,0,11,12,0
Felucca,899,567,0,9,11,0
Felucca,921,567,0,11,9,0
Felucca,949,576,0,11,9,0
Felucca,921,579,0,11,12,0
Felucca,985,579,0,11,9,0
Felucca,960,581,0,12,10,0
Felucca,973,582,0,11,12,0
Felucca,997,582,0,15,12,0
Felucca,905,588,0,16,9,0
Felucca,1012,588,0,9,9,0
Felucca,921,591,0,11,12,0
Felucca,985,594,0,15,9,0
Felucca,1001,594,0,11,20,0
Felucca,949,596,0,11,13,0
Felucca,1013,597,0,11,27,0
Felucca,933,600,0,15,24,0
Felucca,990,603,0,10,12,0
Felucca,896,606,0,12,15,0
Felucca,961,606,0,11,24,0
Felucca,973,609,0,11,11,0
Felucca,949,614,0,11,13,0
Felucca,989,615,0,11,18,0
Felucca,913,618,0,11,12,0
Felucca,972,620,0,9,19,0
Felucca,901,621,0,11,9,0
Felucca,1008,624,0,12,9,0
Felucca,924,627,0,12,12,0
Felucca,952,628,0,9,12,0
Felucca,909,630,0,11,10,0
Felucca,941,630,0,10,10,0
Felucca,897,640,0,15,11,0
Felucca,913,640,0,15,10,0
Felucca,940,640,0,24,11,0
Felucca,965,640,0,11,10,0
Felucca,1005,640,0,15,9,0
Felucca,977,642,0,10,18,0
Felucca,989,642,0,10,9,0
Felucca,1001,649,0,11,23,0
Felucca,897,651,0,11,16,0
Felucca,937,651,0,10,33,0
Felucca,949,651,0,11,9,0
Felucca,987,651,0,9,16,0
Felucca,925,656,0,11,19,0
Felucca,909,657,0,11,15,0
Felucca,968,658,0,9,14,0
Felucca,977,660,0,10,9,0
Felucca,896,667,0,12,23,0
Felucca,988,667,0,12,14,0
Felucca,955,669,0,9,9,0
Felucca,1005,672,0,10,20,0
Felucca,917,675,0,15,15,0
Felucca,965,675,0,15,9,0
Felucca,981,681,0,9,33,0
Felucca,945,685,0,11,11,0
Felucca,990,687,0,10,9,0
Felucca,896,690,0,12,15,0
Felucca,921,690,0,15,15,0
Felucca,990,696,0,18,9,0
Felucca,909,702,0,11,9,0
Felucca,970,702,0,11,12,0
Felucca,929,705,0,14,15,0
Felucca,920,709,0,9,14,0
Felucca,896,711,0,9,12,0
Felucca,906,711,0,14,9,0
Felucca,977,714,0,11,9,0
Felucca,906,720,0,14,12,0
Felucca,929,720,0,21,15,0
Felucca,1002,720,0,10,9,0
Felucca,999,729,0,9,15,0
Felucca,901,732,0,11,9,0
Felucca,937,735,0,12,9,0
Felucca,977,736,0,21,11,0
Felucca,909,741,0,11,12,0
Felucca,933,744,0,11,15,0
Felucca,945,747,0,11,9,0
Felucca,978,747,0,14,12,0
Felucca,1001,747,0,14,9,0
Felucca,921,750,0,12,12,0
Felucca,945,756,0,14,9,0
Felucca,905,759,0,11,9,0
Felucca,977,759,0,15,9,0
Felucca,897,768,0,11,12,0
Felucca,941,768,0,11,9,0
Felucca,969,768,0,23,9,0
Felucca,921,769,0,11,20,0
Felucca,957,771,0,11,15,0
Felucca,933,777,0,15,12,0
Felucca,968,778,0,9,11,0
Felucca,901,780,0,11,9,0
Felucca,989,780,0,11,33,0
Felucca,912,787,0,9,14,0
Felucca,941,789,0,11,12,0
Felucca,953,789,0,11,9,0
Felucca,966,789,0,14,9,0
Felucca,897,792,0,11,9,0
Felucca,980,792,0,9,9,0
Felucca,929,795,0,11,11,0
Felucca,953,798,0,11,11,0
Felucca,909,801,0,11,54,0
Felucca,979,801,0,9,18,0
Felucca,898,807,0,11,12,0
Felucca,965,807,0,13,10,0
Felucca,945,809,0,9,79,0
Felucca,954,813,0,11,12,0
Felucca,989,816,0,11,18,0
Felucca,925,817,0,11,32,0
Felucca,969,821,0,11,28,0
Felucca,898,824,0,11,10,0
Felucca,983,834,0,9,12,0
Felucca,896,837,0,13,9,0
Felucca,936,839,0,9,37,0
Felucca,954,840,0,14,17,0
Felucca,993,840,0,11,9,0
Felucca,1005,840,0,11,9,0
Felucca,896,846,0,13,12,0
Felucca,974,849,0,14,21,0
Felucca,1001,851,0,11,12,0
Felucca,921,852,0,15,15,0
Felucca,989,852,0,11,9,0
Felucca,909,855,0,11,36,0
Felucca,954,857,0,10,16,0
Felucca,965,858,0,9,15,0
Felucca,1005,863,0,11,10,0
Felucca,897,867,0,11,22,0
Felucca,993,867,0,11,9,0
Felucca,981,870,0,9,24,0
Felucca,1004,873,0,16,9,0
Felucca,921,876,0,9,12,0
Felucca,990,876,0,14,9,0
Felucca,930,879,0,10,15,0
Felucca,955,879,0,9,12,0
Felucca,965,879,0,15,9,0
Felucca,1013,882,0,11,14,0
Felucca,929,896,0,11,22,0
Felucca,963,896,0,20,10,0
Felucca,985,897,0,14,9,0
Felucca,1005,897,0,15,12,0
Felucca,896,900,0,12,9,0
Felucca,917,903,0,12,15,0
Felucca,945,903,0,11,24,0
Felucca,977,906,0,15,12,0
Felucca,908,907,0,9,17,0
Felucca,897,909,0,11,18,0
Felucca,997,909,0,11,15,0
Felucca,1014,915,0,10,9,0
Felucca,928,918,0,16,9,0
Felucca,981,918,0,16,12,0
Felucca,913,924,0,11,9,0
Felucca,957,924,0,15,15,0
Felucca,925,927,0,11,9,0
Felucca,945,927,0,12,9,0
Felucca,1008,927,0,12,12,0
Felucca,973,930,0,11,9,0
Felucca,989,930,0,11,13,0
Felucca,897,933,0,11,9,0
Felucca,921,936,0,15,12,0
Felucca,941,936,0,11,18,0
Felucca,953,939,0,11,9,0
Felucca,965,939,0,15,15,0
Felucca,905,942,0,11,20,0
Felucca,985,943,0,11,9,0
Felucca,1009,944,0,11,13,0
Felucca,917,948,0,18,9,0
Felucca,965,954,0,11,35,0
Felucca,989,954,0,11,33,0
Felucca,953,957,0,11,26,0
Felucca,976,957,0,12,35,0
Felucca,1005,957,0,11,18,0
Felucca,917,958,0,15,11,0
Felucca,897,962,0,14,10,0
Felucca,933,963,0,11,33,0
Felucca,917,969,0,15,12,0
Felucca,944,970,0,9,35,0
Felucca,897,972,0,15,9,0
Felucca,1010,975,0,10,18,0
Felucca,905,981,0,15,10,0
Felucca,954,983,0,11,22,0
Felucca,989,987,0,11,9,0
Felucca,965,989,0,11,22,0
Felucca,909,991,0,15,14,0
Felucca,1009,993,0,15,9,0
Felucca,976,998,0,12,26,0
Felucca,897,1002,0,11,12,0
Felucca,933,1002,0,11,9,0
Felucca,953,1005,0,11,15,0
Felucca,909,1008,0,15,9,0
Felucca,1001,1008,0,11,9,0
Felucca,944,1009,0,9,14,0
Felucca,925,1011,0,11,12,0
Felucca,965,1011,0,11,9,0
Felucca,989,1011,0,11,10,0
Felucca,1013,1011,0,11,9,0
Felucca,917,1026,0,11,9,0
Felucca,1013,1026,0,11,9,0
Felucca,989,1029,0,11,12,0
Felucca,933,1035,0,11,9,0
Felucca,969,1038,0,11,9,0
Felucca,917,1044,0,11,12,0
Felucca,969,1059,0,11,9,0
Felucca,901,1077,0,15,9,0
Felucca,973,1080,0,11,9,0
Felucca,949,1083,0,11,45,0
Felucca,917,1086,0,11,9,0
Felucca,985,1089,0,11,9,0
Felucca,897,1092,0,11,9,0
Felucca,929,1098,0,9,27,0
Felucca,938,1098,0,11,19,0
Felucca,939,1117,0,10,17,0
Felucca,913,1119,0,11,9,0
Felucca,965,1122,0,11,9,0
Felucca,995,1134,0,9,9,0
Felucca,938,1140,0,10,9,0
Felucca,953,1140,0,9,9,0
Felucca,903,1173,0,9,15,0
Felucca,958,1173,0,10,9,0
Felucca,989,1173,0,9,9,0
Felucca,897,1200,0,11,9,0
Felucca,929,1209,0,11,9,0
Felucca,957,1209,0,11,54,0
Felucca,969,1212,0,11,48,0
Felucca,985,1212,0,11,36,0
Felucca,909,1215,0,11,12,0
Felucca,1001,1215,0,11,9,0
Felucca,945,1218,0,12,42,0
Felucca,1013,1227,0,11,9,0
Felucca,933,1230,0,11,9,0
Felucca,901,1233,0,11,9,0
Felucca,897,1242,0,10,10,0
Felucca,997,1242,0,11,9,0
Felucca,933,1281,0,11,9,0
Felucca,909,1284,0,11,9,0
Felucca,965,1284,0,11,9,0
Felucca,973,1293,0,11,9,0
Felucca,984,1299,0,12,26,0
Felucca,973,1305,0,11,21,0
Felucca,996,1308,0,12,18,0
Felucca,957,1320,0,11,9,0
Felucca,985,1325,0,11,10,0
Felucca,1003,1326,0,9,9,0
Felucca,962,1332,0,10,9,0
Felucca,977,1344,0,11,12,0
Felucca,1009,1359,0,11,12,0
Felucca,982,1362,0,10,9,0
Felucca,909,1524,0,10,9,0
Felucca,909,1557,0,11,9,0
Felucca,925,1563,0,11,9,0
Felucca,945,1602,0,11,9,0
Felucca,909,1605,0,11,9,0
Felucca,961,1623,0,11,9,0
Felucca,1005,1647,0,11,9,0
Felucca,929,1653,0,11,11,0
Felucca,925,1664,0,26,19,0
Felucca,952,1664,0,12,18,0
Felucca,973,1665,0,11,9,0
Felucca,989,1668,0,11,9,0
Felucca,981,1677,0,11,9,0
Felucca,967,1680,0,9,9,0
Felucca,951,1682,0,9,13,0
Felucca,961,1689,0,11,9,0
Felucca,1005,1692,0,11,9,0
Felucca,973,1695,0,11,9,0
Felucca,981,1704,0,11,9,0
Felucca,897,1707,0,15,9,0
Felucca,985,1719,0,11,9,0
Felucca,957,1725,0,11,9,0
Felucca,985,1728,0,11,9,0
Felucca,1013,1728,0,11,9,0
Felucca,977,1737,0,11,9,0
Felucca,989,1743,0,11,9,0
Felucca,909,1752,0,11,9,0
Felucca,913,1761,0,11,9,0
Felucca,997,1761,0,11,9,0
Felucca,1013,1761,0,11,9,0
Felucca,953,1770,0,11,9,0
Felucca,992,1770,0,10,9,0
Felucca,993,1792,0,11,9,0
Felucca,905,1797,0,11,15,0
Felucca,977,1797,0,9,12,0
Felucca,949,1806,0,9,9,0
Felucca,965,1806,0,12,9,0
Felucca,1007,1806,0,9,9,0
Felucca,905,1812,0,11,9,0
Felucca,954,1818,0,10,9,0
Felucca,897,1821,0,11,72,0
Felucca,1009,1821,0,15,9,0
Felucca,909,1839,0,11,9,0
Felucca,921,1842,0,11,9,0
Felucca,998,1845,0,10,9,0
Felucca,909,1848,0,11,14,0
Felucca,977,1855,0,14,14,0
Felucca,908,1862,0,12,58,0
Felucca,1009,1866,0,11,9,0
Felucca,985,1873,0,9,47,0
Felucca,1007,1878,0,9,9,0
Felucca,1007,1887,0,9,33,0
Felucca,921,1890,0,11,11,0
Felucca,976,1892,0,9,28,0
Felucca,896,1893,0,12,12,0
Felucca,945,1896,0,11,9,0
Felucca,961,1902,0,11,18,0
Felucca,931,1903,0,13,17,0
Felucca,920,1905,0,11,15,0
Felucca,896,1906,0,12,10,0
Felucca,950,1911,0,11,9,0
Felucca,897,1920,0,10,12,2105003
Felucca,914,1920,0,85,12,2105003
Felucca,905,1932,0,23,21,2105003
Felucca,933,1932,0,15,9,2105003
Felucca,956,1932,0,20,9,2105003
Felucca,921,1956,0,10,9,2105003
Felucca,973,1965,0,11,9,2105003
Felucca,989,1965,0,11,9,2105003
Felucca,973,1974,0,11,9,2105003
Felucca,993,1977,0,12,9,2105003
Felucca,921,1980,0,11,9,2105003
Felucca,933,1989,0,11,9,2105003
Felucca,917,1992,0,11,9,2105003
Felucca,899,1998,0,9,21,2105003
Felucca,941,2004,0,11,12,2105003
Felucca,991,2004,0,10,12,2105003
Felucca,909,2016,0,11,15,2105003
Felucca,896,2019,0,10,17,2105003
Felucca,921,2019,0,11,15,2105003
Felucca,943,2028,0,9,9,2105003
Felucca,906,2031,0,9,12,2105003
Felucca,989,2037,0,10,9,2105003
Felucca,1012,2048,0,12,9,2105003
Felucca,941,2058,0,9,9,2105003
Felucca,897,2061,0,11,30,2105003
Felucca,981,2061,0,9,9,2105003
Felucca,909,2064,0,11,27,2105003
Felucca,990,2067,0,9,9,2105003
Felucca,1011,2068,0,9,11,2105003
Felucca,920,2076,0,9,12,2105003
Felucca,989,2076,1,11,12,2105003
Felucca,1006,2079,0,10,9,2105003
Felucca,901,2091,0,15,9,2105003
Felucca,925,2091,0,9,9,2105003
Felucca,997,2103,0,11,20,2105003
Felucca,1015,2103,0,9,9,2105003
Felucca,917,2107,7,19,17,2105003
Felucca,987,2118,0,9,18,2105003
Felucca,973,2121,0,11,9,2105003
Felucca,926,2124,0,9,30,2105003
Felucca,937,2134,5,9,11,2105003
Felucca,989,2136,0,11,12,2105003
Felucca,935,2145,6,14,9,2105003
Felucca,977,2145,0,12,14,2105003
Felucca,905,2151,0,11,9,2105003
Felucca,999,2153,0,9,16,2105003
Felucca,959,2159,0,12,17,2105003
Felucca,990,2162,0,9,9,2105003
Felucca,940,2166,0,19,10,2105003
Felucca,971,2166,0,19,10,2105003
Felucca,919,2176,0,11,14,2105003
Felucca,981,2176,0,11,10,2105003
Felucca,897,2178,0,15,10,2105003
Felucca,993,2178,0,12,9,2105003
Felucca,965,2181,0,11,9,2105003
Felucca,907,2198,0,9,13,2105003
Felucca,961,2202,0,11,9,2105003
Felucca,986,2205,0,10,9,2105003
Felucca,965,2217,0,11,9,2105003
Felucca,907,2223,0,9,9,2105003
Felucca,989,2229,0,11,9,2105003
Felucca,909,2232,0,11,15,2105003
Felucca,1001,2238,0,11,9,2105003
Felucca,900,2243,0,9,16,2105003
Felucca,941,2247,0,15,9,2105003
Felucca,977,2247,0,11,9,2105003
Felucca,957,2250,0,11,9,2105003
Felucca,917,2256,0,11,9,2105003
Felucca,897,2259,0,9,9,2105003
Felucca,967,2262,1,9,9,2105003
Felucca,921,2268,0,11,9,2105003
Felucca,961,2280,6,15,24,2105003
Felucca,905,2283,0,11,21,2105003
Felucca,977,2286,0,11,18,2105003
Felucca,896,2287,0,9,17,2105003
Felucca,926,2289,8,15,15,2105003
Felucca,948,2289,8,13,13,2105003
Felucca,989,2289,0,11,15,2105003
Felucca,1001,2289,0,11,15,2105003
Felucca,916,2293,7,10,11,2105003
Felucca,901,2304,0,67,9,2105003
Felucca,979,2304,0,37,9,2105003
Felucca,917,2313,0,26,57,2105003
Felucca,977,2319,0,11,9,2105003
Felucca,943,2320,0,9,24,2105003
Felucca,901,2325,0,11,9,2105003
Felucca,985,2343,0,11,9,2105003
Felucca,944,2344,0,13,29,2105003
Felucca,905,2346,0,11,36,2105003
Felucca,973,2349,8,9,9,2105003
Felucca,896,2352,0,9,9,2105003
Felucca,1013,2355,0,11,9,2105003
Felucca,966,2358,8,10,42,2105003
Felucca,896,2367,0,9,9,2105003
Felucca,957,2367,8,9,15,2105003
Felucca,981,2379,0,11,9,2105003
Felucca,903,2382,0,9,9,2105003
Felucca,905,2391,0,11,11,2105003
Felucca,983,2391,5,9,17,2105003
Felucca,1015,2397,0,9,9,2105003
Felucca,917,2400,0,11,24,2105003
Felucca,961,2400,1,14,24,2105003
Felucca,937,2406,0,11,9,2105003
Felucca,1005,2406,0,11,21,2105003
Felucca,984,2408,0,21,10,2105003
Felucca,949,2412,0,11,20,2105003
Felucca,929,2418,0,11,14,2105003
Felucca,897,2432,0,27,28,2105003
Felucca,928,2432,0,13,10,2105003
Felucca,924,2442,0,12,9,2105003
Felucca,993,2451,0,11,9,2105003
Felucca,941,2454,0,11,9,2105003
Felucca,929,2463,0,11,9,2105003
Felucca,898,2471,6,10,22,2105003
Felucca,908,2475,0,12,9,2105003
Felucca,1013,2478,0,11,9,2105003
Felucca,937,2480,0,11,13,2105003
Felucca,985,2481,0,11,12,2105003
Felucca,1001,2493,0,11,15,2105003
Felucca,1013,2493,0,11,9,2105003
Felucca,981,2499,0,11,9,2105003
Felucca,1012,2504,0,9,56,2105003
Felucca,897,2514,0,11,13,2105003
Felucca,1001,2517,11,10,10,2105003
Felucca,909,2523,0,15,16,2105003
Felucca,931,2526,0,9,9,2105003
Felucca,1001,2527,1,9,33,2105003
Felucca,915,2540,0,10,20,2105003
Felucca,925,2542,3,11,18,2105003
Felucca,949,2544,0,11,9,2105003
Felucca,989,2544,3,12,16,2105003
Felucca,923,2560,0,9,11,0
Felucca,1009,2560,0,15,11,0
Felucca,969,2565,0,11,9,0
Felucca,997,2565,0,11,9,0
Felucca,981,2577,0,11,12,0
Felucca,949,2583,0,15,9,0
Felucca,995,2583,0,9,9,0
Felucca,957,2592,0,13,9,0
Felucca,993,2598,0,11,9,0
Felucca,937,2601,0,11,9,0
Felucca,943,2610,0,9,9,0
Felucca,969,2622,0,11,9,0
Felucca,997,2628,0,11,33,0
Felucca,1009,2652,0,15,10,0
Felucca,969,2655,0,11,12,0
Felucca,993,2673,0,11,9,0
Felucca,989,2688,0,11,9,0
Felucca,1113,145,3,13,38,0
Felucca,1126,146,1,9,11,0
Felucca,1141,152,1,11,16,0
Felucca,1120,183,1,10,10,0
Felucca,1123,193,1,11,20,0
Felucca,1134,210,1,10,21,0
Felucca,1024,341,1,9,22,0
Felucca,1033,350,1,9,14,0
Felucca,1042,352,1,12,17,0
Felucca,1054,356,1,9,16,0
Felucca,1064,361,1,9,9,0
Felucca,1027,366,6,9,9,0
Felucca,1045,369,3,9,11,0
Felucca,1029,384,3,13,14,0
Felucca,1024,457,1,9,23,0
Felucca,1033,472,1,9,14,0
Felucca,1037,492,1,12,9,0
Felucca,1082,492,1,10,11,0
Felucca,1118,494,1,9,18,0
Felucca,1062,495,0,9,9,0
Felucca,1108,495,0,9,12,0
Felucca,1071,496,1,11,11,0
Felucca,1127,503,1,9,9,0
Felucca,1118,512,1,17,9,0
Felucca,1057,519,6,11,9,0
Felucca,1109,520,6,9,11,0
Felucca,1118,521,1,17,14,0
Felucca,1034,524,6,10,10,0
Felucca,1126,536,1,11,25,0
Felucca,1077,543,16,11,9,0
Felucca,1033,552,3,11,9,0
Felucca,1101,561,6,11,9,0
Felucca,1133,561,1,12,29,0
Felucca,1033,570,1,11,9,0
Felucca,1061,588,16,11,9,0
Felucca,1141,590,1,11,10,0
Felucca,1109,597,16,11,9,0
Felucca,1129,600,6,11,9,0
Felucca,1117,606,16,10,12,0
Felucca,1095,609,24,9,27,0
Felucca,1133,612,6,9,9,0
Felucca,1078,613,22,9,27,0
Felucca,1053,618,16,11,22,0
Felucca,1064,619,16,9,21,0
Felucca,1038,627,6,10,11,0
Felucca,1133,630,5,10,9,0
Felucca,1058,640,16,29,17,0
Felucca,1065,657,20,10,9,0
Felucca,1138,675,5,9,9,0
Felucca,1125,678,1,11,9,0
Felucca,1053,681,6,11,12,0
Felucca,1085,717,6,11,12,0
Felucca,1101,720,1,11,9,0
Felucca,1121,720,1,10,9,0
Felucca,1093,738,1,11,9,0
Felucca,1054,739,1,10,14,0
Felucca,1141,741,1,11,9,0
Felucca,1101,753,1,11,9,0
Felucca,1125,753,1,11,9,0
Felucca,1107,768,0,9,9,0
Felucca,1069,774,0,11,9,0
Felucca,1053,777,0,11,9,0
Felucca,1125,783,5,11,9,0
Felucca,1073,792,0,11,12,0
Felucca,1141,801,5,11,9,0
Felucca,1065,805,5,15,14,0
Felucca,1094,813,0,10,15,0
Felucca,1117,822,5,10,9,0
Felucca,1025,861,0,11,12,0
Felucca,1073,861,5,11,21,0
Felucca,1049,867,0,11,9,0
Felucca,1105,870,0,9,9,0
Felucca,1049,900,0,11,9,0
Felucca,1081,900,4,11,9,0
Felucca,1074,909,4,10,12,0
Felucca,1025,912,0,11,9,0
Felucca,1053,912,3,11,9,0
Felucca,1041,915,3,11,9,0
Felucca,1054,921,3,10,9,0
Felucca,1099,939,0,9,9,0
Felucca,1057,942,3,11,15,0
Felucca,1081,945,0,11,9,0
Felucca,1113,946,0,9,11,0
Felucca,1122,954,0,26,9,0
Felucca,1061,957,0,11,9,0
Felucca,1089,957,5,11,9,0
Felucca,1033,963,0,11,9,0
Felucca,1037,972,0,15,9,0
Felucca,1047,984,0,9,18,0
Felucca,1133,984,6,9,9,0
Felucca,1093,990,0,15,9,0
Felucca,1057,993,0,11,12,0
Felucca,1137,1014,5,11,9,0
Felucca,1138,1026,0,10,12,0
Felucca,1037,1029,0,11,11,0
Felucca,1121,1035,0,11,9,0
Felucca,1140,1041,0,12,15,0
Felucca,1117,1044,5,11,9,0
Felucca,1129,1044,5,9,27,0
Felucca,1061,1047,0,11,9,0
Felucca,1025,1050,0,11,9,0
Felucca,1073,1065,0,11,15,0
Felucca,1062,1080,0,13,15,0
Felucca,1105,1086,5,11,9,0
Felucca,1133,1089,5,11,9,0
Felucca,1070,1098,5,10,9,0
Felucca,1113,1110,5,11,21,0
Felucca,1065,1116,5,9,9,0
Felucca,1029,1122,0,11,9,0
Felucca,1033,1131,0,11,9,0
Felucca,1109,1140,0,11,9,0
Felucca,1049,1142,0,11,10,0
Felucca,1049,1152,0,11,9,0
Felucca,1117,1155,0,11,9,0
Felucca,1045,1161,0,11,9,0
Felucca,1085,1164,5,11,9,0
Felucca,1050,1179,0,10,9,0
Felucca,1057,1191,0,9,15,0
Felucca,1089,1194,0,13,12,0
Felucca,1045,1204,3,9,14,0
Felucca,1058,1206,3,10,15,0
Felucca,1033,1218,0,11,9,0
Felucca,1081,1218,0,9,9,0
Felucca,1073,1227,0,10,11,0
Felucca,1029,1236,0,11,9,0
Felucca,1065,1239,0,9,10,0
Felucca,1057,1251,3,9,12,0
Felucca,1049,1263,0,10,10,0
Felucca,1049,1286,0,10,25,2101003
Felucca,1029,1305,0,11,12,2101003
Felucca,1033,1317,0,10,9,2101003
Felucca,1049,1332,0,9,9,2101003
Felucca,1033,1338,0,15,9,2101003
Felucca,1057,1347,0,14,11,2101003
Felucca,1029,1353,0,11,12,2101003
Felucca,1057,1358,0,15,11,2101003
Felucca,1053,1369,0,11,32,2101003
Felucca,1042,1374,0,10,17,2101003
Felucca,1065,1389,0,11,18,2101003
Felucca,1077,1395,0,11,12,2101003
Felucca,1029,1398,0,10,9,2101003
Felucca,1041,1398,0,11,10,2101003
Felucca,1049,1422,0,11,9,2101003
Felucca,1053,1458,0,11,9,2101003
Felucca,1029,1683,0,11,9,0
Felucca,1045,1695,0,9,9,0
Felucca,1025,1707,0,11,9,0
Felucca,1041,1728,0,11,9,0
Felucca,1042,1743,0,10,12,0
Felucca,1029,1797,0,11,9,0
Felucca,1025,1884,0,11,9,0
Felucca,1053,1920,0,11,9,0
Felucca,1065,1923,0,11,9,0
Felucca,1081,1944,0,10,9,0
Felucca,1101,1950,0,10,9,0
Felucca,1061,1953,0,15,9,0
Felucca,1085,1962,0,11,9,0
Felucca,1061,1980,0,11,51,0
Felucca,1041,1983,0,11,19,0
Felucca,1077,1986,0,11,15,0
Felucca,1052,1989,0,9,26,0
Felucca,1041,2002,0,11,17,0
Felucca,1052,2015,0,9,10,0
Felucca,1049,2028,0,11,12,0
Felucca,1085,2031,0,10,12,0
Felucca,1077,2049,0,11,9,0
Felucca,1033,2058,0,11,15,0
Felucca,1082,2064,0,10,9,0
Felucca,1105,2091,0,9,9,0
Felucca,1065,2100,0,11,26,0
Felucca,1081,2118,5,11,12,0
Felucca,1101,2124,5,11,9,0
Felucca,1081,2130,5,11,9,0
Felucca,1130,2145,5,10,9,0
Felucca,1029,2148,0,11,9,0
Felucca,1140,2254,3,12,9,0
Felucca,1041,2313,5,11,9,0
Felucca,1065,2313,5,11,9,0
Felucca,1105,2322,0,11,9,0
Felucca,1116,2328,0,9,9,0
Felucca,1053,2331,5,11,18,0
Felucca,1101,2337,0,10,9,0
Felucca,1105,2346,0,11,12,0
Felucca,1121,2364,0,11,9,0
Felucca,1049,2367,0,11,9,0
Felucca,1117,2373,0,11,9,0
Felucca,1029,2379,0,15,9,0
Felucca,1061,2394,0,11,12,0
Felucca,1077,2394,0,11,9,0
Felucca,1085,2412,5,11,9,0
Felucca,1101,2415,5,11,9,0
Felucca,1045,2442,0,15,9,0
Felucca,1121,2446,10,11,10,0
Felucca,1058,2460,0,10,9,0
Felucca,1143,2460,5,9,9,0
Felucca,1037,2466,5,12,14,0
Felucca,1050,2469,5,14,47,0
Felucca,1024,2471,0,11,16,0
Felucca,1101,2478,0,11,9,0
Felucca,1041,2480,4,9,25,0
Felucca,1032,2487,0,9,32,0
Felucca,1065,2487,0,15,12,0
Felucca,1081,2493,0,11,29,0
Felucca,1113,2493,0,11,30,0
Felucca,1093,2496,0,11,26,0
Felucca,1126,2496,1,10,18,0
Felucca,1064,2499,0,17,20,0
Felucca,1137,2505,0,15,19,0
Felucca,1041,2506,0,9,10,0
Felucca,1104,2507,0,9,16,0
Felucca,1024,2523,0,9,10,0
Felucca,1024,2594,0,9,9,0
Felucca,1025,2603,0,11,13,0
Felucca,1037,2609,0,9,13,0
Felucca,1049,2627,0,9,13,0
Felucca,1037,2652,5,11,9,0
Felucca,1131,2657,0,9,10,0
Felucca,1119,2664,0,9,9,0
Felucca,1058,2673,0,10,15,0
Felucca,1095,2696,0,9,10,0
Felucca,1109,2700,5,11,9,0
Felucca,1137,2703,0,11,9,0
Felucca,1065,2705,0,9,10,0
Felucca,1087,2706,0,13,9,0
Felucca,1074,2708,0,11,10,0
Felucca,1117,2718,5,11,19,0
Felucca,1069,2721,0,11,9,0
Felucca,1129,2721,0,10,30,0
Felucca,1141,2721,0,10,37,0
Felucca,1115,2737,0,14,9,0
Felucca,1033,2739,0,11,9,0
Felucca,1120,2746,0,9,9,0
Felucca,1129,2751,0,11,35,0
Felucca,1120,2768,2,9,21,0
Felucca,1141,2771,0,11,12,0
Felucca,1111,2781,2,9,35,0
Felucca,1132,2786,0,12,13,0
Felucca,1100,2792,-1,9,20,0
Felucca,1142,2799,0,10,12,0
Felucca,1127,2807,0,13,9,0
Felucca,1104,2816,0,18,18,0
Felucca,1125,2816,0,17,13,0
Felucca,1122,2830,0,9,13,0
Felucca,1132,2833,0,11,10,0
Felucca,1103,2834,0,19,19,0
Felucca,1143,2839,0,9,24,0
Felucca,1122,2843,0,14,10,0
Felucca,1111,2853,0,18,12,0
Felucca,1131,2853,0,12,25,0
Felucca,1120,2865,0,11,14,0
Felucca,1143,2865,0,9,10,0
Felucca,1141,2878,0,11,12,0
Felucca,1142,2890,0,10,29,0
Felucca,1135,2919,-2,9,10,0
Felucca,1125,2928,-1,10,16,0
Felucca,1135,2929,0,17,14,0
Felucca,1113,2934,2,12,10,0
Felucca,1111,2944,0,12,20,0
Felucca,1131,2944,0,17,11,0
Felucca,1130,2956,0,10,9,0
Felucca,1108,2965,0,13,36,0
Felucca,1122,2967,0,13,9,0
Felucca,1089,2969,-2,13,11,0
Felucca,1136,2969,0,9,15,0
Felucca,1123,2976,0,13,24,0
Felucca,1085,2980,0,14,9,0
Felucca,1136,2984,0,16,14,0
Felucca,1099,2988,0,9,16,0
Felucca,1090,2992,0,9,10,0
Felucca,1121,3000,0,10,11,0
Felucca,1108,3001,0,13,13,0
Felucca,1096,3004,0,12,15,0
Felucca,1098,3020,0,9,10,0
Felucca,1100,3030,0,11,12,0
Felucca,1080,3086,-2,11,19,0
Felucca,1097,3100,0,9,9,0
Felucca,1050,3102,-1,9,25,0
Felucca,1108,3102,0,11,10,0
Felucca,1059,3106,0,9,16,0
Felucca,1119,3109,0,9,18,0
Felucca,1055,3131,0,9,11,0
Felucca,1107,3132,0,9,11,0
Felucca,1044,3144,0,10,25,0
Felucca,1054,3146,0,9,9,0
Felucca,1096,3151,0,12,16,0
Felucca,1035,3160,-1,9,20,0
Felucca,1064,3162,0,14,9,0
Felucca,1080,3181,0,11,12,0
Felucca,1107,3184,0,9,16,0
Felucca,1034,3200,0,14,12,2109003
Felucca,1108,3200,0,9,10,2109003
Felucca,1093,3209,0,15,10,2109003
Felucca,1136,3397,0,9,9,2109002
Felucca,1118,3462,0,14,10,2109002
Felucca,1078,3486,0,9,9,2109002
Felucca,1106,3542,-2,12,16,2109002
Felucca,1138,3553,0,10,12,2109002
Felucca,1128,3557,0,10,10,2109002
Felucca,1104,3558,-1,9,9,2109002
Felucca,1115,3558,0,13,9,2109002
Felucca,1180,128,1,16,16,0
Felucca,1189,150,1,9,9,0
Felucca,1240,152,0,11,13,0
Felucca,1177,156,1,11,9,0
Felucca,1251,156,1,9,15,0
Felucca,1152,159,1,9,9,0
Felucca,1165,161,-2,11,10,0
Felucca,1218,161,-2,10,10,0
Felucca,1193,166,1,9,14,0
Felucca,1260,166,1,9,11,0
Felucca,1202,167,1,16,10,0
Felucca,1173,174,1,11,9,0
Felucca,1241,186,6,11,9,0
Felucca,1221,210,6,15,9,0
Felucca,1193,213,22,9,9,0
Felucca,1157,246,1,15,10,0
Felucca,1155,256,1,20,13,0
Felucca,1197,256,1,11,14,0
Felucca,1175,261,1,9,12,0
Felucca,1213,282,1,9,9,0
Felucca,1167,284,1,9,30,0
Felucca,1238,289,1,30,17,0
Felucca,1158,291,1,9,12,0
Felucca,1176,302,1,9,22,0
Felucca,1237,315,16,11,9,0
Felucca,1185,318,1,13,14,0
Felucca,1198,327,1,9,19,0
Felucca,1264,329,19,9,49,0
Felucca,1207,334,1,13,25,0
Felucca,1239,339,16,9,9,0
Felucca,1220,343,1,9,9,0
Felucca,1229,351,1,11,21,0
Felucca,1220,358,1,9,9,0
Felucca,1240,364,1,10,20,0
Felucca,1253,364,16,11,14,0
Felucca,1227,384,-2,22,9,0
Felucca,1252,384,14,11,9,0
Felucca,1223,393,-2,10,53,0
Felucca,1233,399,1,11,49,0
Felucca,1214,427,-1,9,19,0
Felucca,1209,451,1,9,10,0
Felucca,1271,455,23,9,9,0
Felucca,1225,457,24,12,11,0
Felucca,1246,460,29,10,13,0
Felucca,1260,460,29,9,10,0
Felucca,1213,467,22,9,11,0
Felucca,1194,474,1,10,12,0
Felucca,1212,478,30,9,9,0
Felucca,1208,490,29,9,9,0
Felucca,1184,492,1,11,20,0
Felucca,1200,499,28,9,12,0
Felucca,1178,512,0,11,60,0
Felucca,1268,516,29,11,29,0
Felucca,1209,534,30,9,12,0
Felucca,1189,536,1,9,10,0
Felucca,1209,555,30,10,12,0
Felucca,1189,557,1,10,10,0
Felucca,1180,572,1,15,14,0
Felucca,1210,574,30,10,11,0
Felucca,1229,592,30,11,10,0
Felucca,1244,593,30,10,15,0
Felucca,1264,593,30,12,10,0
Felucca,1152,594,1,9,18,0
Felucca,1208,594,30,10,10,0
Felucca,1186,598,1,9,21,0
Felucca,1177,612,1,9,15,0
Felucca,1247,619,2,9,21,0
Felucca,1197,621,8,9,9,0
Felucca,1257,622,1,9,18,0
Felucca,1266,624,1,9,16,0
Felucca,1169,627,1,11,9,0
Felucca,1233,627,2,9,13,0
Felucca,1221,640,6,11,11,0
Felucca,1261,640,1,19,9,0
Felucca,1268,649,1,12,16,0
Felucca,1209,650,6,11,14,0
Felucca,1185,651,15,9,10,0
Felucca,1199,654,6,10,21,0
Felucca,1171,672,21,12,9,0
Felucca,1190,675,9,11,45,0
Felucca,1181,683,6,9,37,0
Felucca,1166,693,6,15,19,0
Felucca,1201,701,1,9,22,0
Felucca,1241,703,1,10,18,0
Felucca,1154,705,6,10,9,0
Felucca,1210,707,1,10,33,0
Felucca,1221,707,1,20,21,0
Felucca,1173,720,1,11,9,0
Felucca,1197,726,1,13,12,0
Felucca,1220,728,1,9,10,0
Felucca,1205,740,1,12,28,0
Felucca,1218,740,1,10,10,0
Felucca,1271,745,2,9,23,0
Felucca,1259,747,1,12,21,0
Felucca,1217,750,1,9,18,0
Felucca,1226,754,1,9,14,0
Felucca,1235,757,1,9,11,0
Felucca,1193,759,1,12,9,0
Felucca,1265,768,0,15,9,0
Felucca,1249,774,3,11,9,0
Felucca,1241,795,0,11,9,0
Felucca,1153,831,9,11,9,0
Felucca,1171,840,4,9,9,0
Felucca,1227,902,-1,9,13,0
Felucca,1192,903,-2,12,9,0
Felucca,1183,912,1,9,15,0
Felucca,1205,913,0,9,11,0
Felucca,1171,926,-2,9,10,0
Felucca,1207,930,5,9,12,0
Felucca,1162,931,1,9,11,0
Felucca,1198,933,5,9,9,0
Felucca,1234,939,0,9,9,0
Felucca,1155,942,0,9,21,0
Felucca,1221,969,0,11,12,0
Felucca,1207,978,0,9,9,0
Felucca,1175,986,0,9,13,0
Felucca,1165,989,5,10,13,0
Felucca,1201,990,3,15,9,0
Felucca,1203,1024,0,9,15,0
Felucca,1197,1044,0,9,16,0
Felucca,1153,1056,0,11,12,0
Felucca,1193,1060,0,9,10,0
Felucca,1189,1071,0,9,10,0
Felucca,1169,1080,4,11,9,0
Felucca,1182,1081,0,11,11,0
Felucca,1181,1095,0,9,9,0
Felucca,1173,1107,0,12,9,0
Felucca,1169,1119,0,9,14,0
Felucca,1153,1140,0,10,9,0
Felucca,1259,1256,0,10,24,0
Felucca,1250,1265,0,9,15,0
Felucca,1261,1280,0,19,10,2101003
Felucca,1235,1287,1,9,9,2101003
Felucca,1270,1293,0,10,15,2101003
Felucca,1243,1299,0,9,9,2101003
Felucca,1261,1301,0,9,13,2101003
Felucca,1221,1317,0,11,9,2101003
Felucca,1217,1326,0,11,31,2101003
Felucca,1229,1329,0,11,36,2101003
Felucca,1269,1332,0,11,9,2101003
Felucca,1189,1335,0,11,9,2101003
Felucca,1257,1347,0,11,9,2101003
Felucca,1173,1353,0,11,9,2101003
Felucca,1269,1356,0,11,15,2101003
Felucca,1169,1368,0,11,9,2101003
Felucca,1205,1371,0,11,9,2101003
Felucca,1269,1375,0,11,11,2101003
Felucca,1185,1377,0,15,15,2101003
Felucca,1229,1377,0,11,9,2101003
Felucca,1203,1383,0,9,10,2101003
Felucca,1193,1392,0,10,9,2101003
Felucca,1245,1392,0,11,9,2101003
Felucca,1213,1398,0,11,9,2101003
Felucca,1185,1413,0,11,9,2101002
Felucca,1245,1416,0,11,12,2101002
Felucca,1186,1425,0,10,9,2101002
Felucca,1261,1431,0,11,9,2101002
Felucca,1261,1443,0,11,9,2101002
Felucca,1185,1452,0,11,9,2101002
Felucca,1253,1467,0,11,9,2101002
Felucca,1269,1467,0,11,33,2101002
Felucca,1185,1470,0,11,12,2101002
Felucca,1225,1485,0,11,21,2101002
Felucca,1237,1488,0,11,12,2101002
Felucca,1175,1494,0,9,12,2101002
Felucca,1265,1506,0,15,9,2101002
Felucca,1193,1920,0,31,9,0
Felucca,1225,1920,0,11,9,0
Felucca,1237,1920,0,23,9,0
Felucca,1261,1920,0,15,9,0
Felucca,1203,1929,0,17,9,0
Felucca,1221,1929,0,11,9,0
Felucca,1257,1935,0,11,9,0
Felucca,1213,1938,0,11,9,0
Felucca,1223,1956,0,9,9,0
Felucca,1223,1965,0,13,28,0
Felucca,1237,1977,0,15,21,0
Felucca,1253,1992,0,11,9,0
Felucca,1229,1998,0,11,9,0
Felucca,1245,2001,0,11,9,0
Felucca,1261,2001,0,11,9,0
Felucca,1202,2010,1,10,9,0
Felucca,1221,2022,0,11,12,0
Felucca,1173,2031,0,11,9,0
Felucca,1245,2031,0,11,9,0
Felucca,1155,2034,0,9,12,0
Felucca,1217,2052,0,11,9,0
Felucca,1189,2058,0,9,21,0
Felucca,1269,2058,2,11,11,0
Felucca,1205,2073,5,10,10,0
Felucca,1217,2082,5,11,9,0
Felucca,1169,2091,5,11,9,0
Felucca,1157,2103,0,11,9,0
Felucca,1225,2109,0,11,9,0
Felucca,1269,2112,0,11,9,0
Felucca,1201,2124,0,11,11,0
Felucca,1221,2136,0,11,9,0
Felucca,1169,2139,0,11,12,0
Felucca,1181,2139,0,10,12,0
Felucca,1207,2141,0,13,16,0
Felucca,1229,2148,0,11,11,0
Felucca,1257,2148,0,11,9,0
Felucca,1261,2202,5,11,9,0
Felucca,1257,2265,0,9,21,0
Felucca,1229,2307,0,11,9,0
Felucca,1245,2307,0,11,9,0
Felucca,1233,2316,0,11,9,0
Felucca,1186,2322,0,10,30,0
Felucca,1249,2346,5,11,9,0
Felucca,1177,2349,5,9,9,0
Felucca,1269,2349,5,11,9,0
Felucca,1177,2367,5,11,9,0
Felucca,1221,2370,5,11,12,0
Felucca,1237,2382,10,11,9,0
Felucca,1257,2388,10,11,9,0
Felucca,1245,2391,10,11,32,0
Felucca,1153,2397,0,15,19,0
Felucca,1257,2400,10,11,12,0
Felucca,1217,2403,5,11,9,0
Felucca,1169,2412,0,11,20,0
Felucca,1225,2415,5,11,9,0
Felucca,1269,2415,10,11,9,0
Felucca,1156,2416,0,13,11,0
Felucca,1193,2439,5,11,9,0
Felucca,1225,2457,5,11,9,0
Felucca,1237,2457,5,11,9,0
Felucca,1189,2465,0,11,10,0
Felucca,1241,2472,5,11,18,0
Felucca,1165,2475,0,11,9,0
Felucca,1253,2475,7,10,9,0
Felucca,1221,2478,5,11,9,0
Felucca,1201,2481,0,11,12,0
Felucca,1225,2487,5,9,12,0
Felucca,1173,2490,0,11,9,0
Felucca,1234,2490,5,9,15,0
Felucca,1205,2493,0,11,9,0
Felucca,1205,2508,0,11,9,0
Felucca,1185,2514,0,11,9,0
Felucca,1217,2521,3,11,11,0
Felucca,1153,2523,0,11,12,0
Felucca,1257,2523,5,11,9,0
Felucca,1164,2530,0,12,17,0
Felucca,1176,2535,0,10,18,0
Felucca,1217,2535,5,10,9,0
Felucca,1186,2544,5,10,16,0
Felucca,1197,2547,5,11,13,0
Felucca,1214,2547,5,10,13,0
Felucca,1261,2549,5,11,11,0
Felucca,1225,2550,5,14,10,0
Felucca,1241,2550,5,11,10,0
Felucca,1252,2551,5,9,9,0
Felucca,1203,2560,0,29,9,0
Felucca,1269,2564,0,11,12,0
Felucca,1220,2569,0,11,9,0
Felucca,1257,2571,0,12,9,0
Felucca,1237,2574,0,11,9,0
Felucca,1172,2636,1,14,10,0
Felucca,1163,2640,0,9,12,0
Felucca,1154,2642,0,9,10,0
Felucca,1189,2644,0,12,14,0
Felucca,1266,2646,0,10,11,0
Felucca,1201,2657,0,11,11,0
Felucca,1268,2658,0,12,10,0
Felucca,1205,2668,0,13,20,0
Felucca,1157,2673,5,11,12,0
Felucca,1177,2673,5,11,9,0
Felucca,1213,2688,0,10,12,0
Felucca,1267,2688,0,9,9,0
Felucca,1223,2693,0,9,10,0
Felucca,1165,2694,5,11,9,0
Felucca,1258,2694,0,9,9,0
Felucca,1249,2700,0,9,9,0
Felucca,1181,2703,5,11,9,0
Felucca,1193,2709,0,11,9,0
Felucca,1165,2712,0,13,26,0
Felucca,1209,2724,0,11,9,0
Felucca,1152,2725,0,13,13,0
Felucca,1253,2733,5,11,9,0
Felucca,1173,2738,0,12,9,0
Felucca,1269,2742,0,11,9,0
Felucca,1233,2745,0,11,11,0
Felucca,1179,2748,0,9,18,0
Felucca,1269,2751,0,9,10,0
Felucca,1254,2754,0,10,9,0
Felucca,1188,2764,0,9,11,0
Felucca,1197,2773,0,9,16,0
Felucca,1207,2784,0,9,16,0
Felucca,1157,2791,0,9,10,0
Felucca,1216,2797,0,9,19,0
Felucca,1152,2816,0,16,14,0
Felucca,1200,2816,-1,16,9,0
Felucca,1217,2816,0,17,9,0
Felucca,1215,2825,0,21,9,0
Felucca,1152,2830,0,9,10,0
Felucca,1162,2834,0,9,24,0
Felucca,1153,2840,0,9,19,0
Felucca,1162,2858,0,17,13,0
Felucca,1152,2859,0,10,12,0
Felucca,1153,2871,0,9,15,0
Felucca,1173,2872,0,14,13,0
Felucca,1162,2879,0,9,13,0
Felucca,1194,2879,0,9,23,0
Felucca,1184,2885,0,10,22,0
Felucca,1152,2886,0,10,46,0
Felucca,1162,2900,0,11,27,0
Felucca,1173,2900,0,10,9,0
Felucca,1185,2907,0,12,16,0
Felucca,1174,2913,0,11,12,0
Felucca,1187,2923,0,10,9,0
Felucca,1163,2927,0,12,12,0
Felucca,1204,2928,0,12,16,0
Felucca,1177,2930,0,10,12,0
Felucca,1218,2930,0,14,14,0
Felucca,1234,2931,0,9,13,0
Felucca,1152,2932,0,11,10,0
Felucca,1154,2944,0,11,11,0
Felucca,1166,2944,0,22,10,0
Felucca,1189,2944,0,11,9,0
Felucca,1203,2944,0,12,16,0
Felucca,1240,2944,0,12,14,0
Felucca,1253,2944,0,9,20,0
Felucca,1217,2951,0,12,9,0
Felucca,1194,2953,0,9,18,0
Felucca,1164,2955,0,9,13,0
Felucca,1229,2956,0,11,11,0
Felucca,1203,2960,0,9,16,0
Felucca,1217,2960,0,12,18,0
Felucca,1240,2960,0,11,35,0
Felucca,1174,2964,0,10,24,0
Felucca,1251,2964,0,10,9,0
Felucca,1159,2968,0,13,22,0
Felucca,1191,2971,0,9,17,0
Felucca,1252,2988,0,10,19,0
Felucca,1200,3445,0,9,11,2109002
Felucca,1175,3478,0,12,13,2109002
Felucca,1181,3491,0,10,9,2109002
Felucca,1167,3546,0,9,13,2109002
Felucca,1200,3575,0,10,9,2109002
Felucca,1203,3595,0,10,11,2109002
Felucca,1399,211,1,9,11,0
Felucca,1323,223,1,18,17,0
Felucca,1378,229,1,9,20,0
Felucca,1398,229,9,10,11,0
Felucca,1366,239,-1,9,17,0
Felucca,1316,240,1,12,16,0
Felucca,1349,240,1,17,15,0
Felucca,1313,256,1,11,20,0
Felucca,1375,256,15,9,14,0
Felucca,1366,261,8,9,9,0
Felucca,1304,272,1,9,16,0
Felucca,1294,276,0,10,21,0
Felucca,1284,279,0,9,18,0
Felucca,1397,282,5,11,30,0
Felucca,1383,288,6,9,39,0
Felucca,1373,291,6,10,45,0
Felucca,1364,310,7,9,18,0
Felucca,1350,323,6,10,23,0
Felucca,1317,324,22,9,9,0
Felucca,1361,328,5,12,19,0
Felucca,1281,330,22,9,39,0
Felucca,1337,330,6,13,31,0
Felucca,1293,339,22,11,18,0
Felucca,1321,339,6,10,27,0
Felucca,1350,346,1,11,10,0
Felucca,1325,366,1,14,18,0
Felucca,1331,384,1,12,21,0
Felucca,1356,384,1,17,25,0
Felucca,1344,385,1,12,29,0
Felucca,1374,391,1,9,19,0
Felucca,1383,393,1,12,26,0
Felucca,1285,396,6,11,9,0
Felucca,1321,401,16,10,10,0
Felucca,1331,405,8,10,30,0
Felucca,1310,411,16,19,9,0
Felucca,1341,414,6,9,41,0
Felucca,1396,422,3,12,9,0
Felucca,1285,429,6,11,9,0
Felucca,1330,435,8,11,21,0
Felucca,1350,451,1,9,11,0
Felucca,1289,457,27,10,9,0
Felucca,1298,466,30,17,9,0
Felucca,1336,471,25,9,13,0
Felucca,1362,486,1,9,13,0
Felucca,1345,495,30,12,13,0
Felucca,1366,499,1,13,13,0
Felucca,1370,512,2,14,31,0
Felucca,1328,513,30,9,11,0
Felucca,1334,525,30,11,10,0
Felucca,1359,525,9,9,17,0
Felucca,1350,538,4,9,12,0
Felucca,1359,542,1,11,11,0
Felucca,1310,554,30,9,12,0
Felucca,1303,566,28,12,12,0
Felucca,1280,591,30,9,10,0
Felucca,1324,595,3,9,14,0
Felucca,1333,604,1,9,12,0
Felucca,1335,616,6,12,9,0
Felucca,1310,619,6,13,10,0
Felucca,1333,625,6,13,13,0
Felucca,1280,640,1,12,34,0
Felucca,1325,640,1,9,17,0
Felucca,1313,651,6,12,13,0
Felucca,1301,662,6,12,16,0
Felucca,1292,664,5,9,13,0
Felucca,1313,664,1,12,14,0
Felucca,1301,713,1,9,28,0
Felucca,1360,738,1,9,10,0
Felucca,1298,741,9,10,14,0
Felucca,1399,745,1,9,14,0
Felucca,1380,746,1,19,13,0
Felucca,1292,755,7,10,12,0
Felucca,1362,759,1,10,9,0
Felucca,1383,759,4,9,9,0
Felucca,1280,768,0,9,24,0
Felucca,1357,768,-1,27,9,0
Felucca,1363,777,0,9,27,0
Felucca,1354,799,0,9,14,0
Felucca,1394,804,0,14,9,0
Felucca,1331,806,-1,21,13,0
Felucca,1324,819,-1,12,9,0
Felucca,1377,822,0,10,10,0
Felucca,1316,828,1,12,9,0
Felucca,1361,831,0,15,11,0
Felucca,1307,837,-1,13,9,0
Felucca,1353,842,0,9,9,0
Felucca,1301,846,-1,11,9,0
Felucca,1345,852,0,10,10,0
Felucca,1337,862,0,9,19,0
Felucca,1313,873,0,11,11,0
Felucca,1291,879,0,9,9,0
Felucca,1329,881,0,13,10,0
Felucca,1302,896,0,10,21,0
Felucca,1329,903,0,10,10,0
Felucca,1329,918,0,9,17,0
Felucca,1310,924,0,10,9,0
Felucca,1313,933,0,11,12,0
Felucca,1325,936,0,10,20,0
Felucca,1317,956,0,10,36,0
Felucca,1308,977,0,9,25,0
Felucca,1299,982,0,9,15,0
Felucca,1329,1045,0,17,15,0
Felucca,1324,1060,-2,12,32,0
Felucca,1399,1096,0,9,11,0
Felucca,1390,1100,0,9,15,0
Felucca,1397,1140,0,11,11,0
Felucca,1343,1228,0,9,14,0
Felucca,1332,1233,0,11,15,0
Felucca,1323,1242,0,9,12,0
Felucca,1385,1244,0,9,10,0
Felucca,1314,1247,0,9,10,0
Felucca,1304,1253,0,10,13,0
Felucca,1329,1254,0,11,9,0
Felucca,1292,1259,0,12,16,0
Felucca,1393,1266,0,11,9,0
Felucca,1345,1269,0,11,9,0
Felucca,1373,1281,0,11,12,2101003
Felucca,1280,1284,0,9,12,2101003
Felucca,1346,1287,0,10,12,2101003
Felucca,1309,1302,0,11,9,2101003
Felucca,1369,1305,0,11,9,2101003
Felucca,1333,1308,0,11,9,2101003
Felucca,1377,1316,0,11,13,2101003
Felucca,1289,1317,0,11,9,2101003
Felucca,1333,1323,0,11,20,2101003
Felucca,1394,1329,0,10,9,2101003
Felucca,1313,1332,0,15,12,2101003
Felucca,1369,1341,0,11,9,2101003
Felucca,1328,1343,0,12,16,2101003
Felucca,1317,1344,0,11,9,2101003
Felucca,1390,1347,0,10,24,2101003
Felucca,1369,1350,0,11,12,2101003
Felucca,1293,1356,0,11,9,2101003
Felucca,1321,1362,0,11,9,2101003
Felucca,1313,1371,0,11,9,2101003
Felucca,1286,1374,0,10,9,2101003
Felucca,1314,1380,0,9,9,2101003
Felucca,1281,1383,0,15,9,2101003
Felucca,1301,1395,0,11,13,2101003
Felucca,1341,1395,0,15,12,2101003
Felucca,1305,1408,0,19,11,2101002
Felucca,1389,1408,0,11,14,2101002
Felucca,1281,1413,0,9,12,2101002
Felucca,1361,1414,7,9,25,2101002
Felucca,1343,1417,2,9,24,2101002
Felucca,1301,1419,0,11,9,2101002
Felucca,1333,1428,5,10,13,2101002
Felucca,1385,1431,10,11,10,2101002
Felucca,1297,1440,0,11,9,2101002
Felucca,1324,1457,2,9,18,2101002
Felucca,1281,1461,0,11,12,2101002
Felucca,1281,1476,0,11,12,2101002
Felucca,1317,1500,0,11,9,2101002
Felucca,1289,1506,0,11,9,2101002
Felucca,1379,1920,0,9,9,2101003
Felucca,1313,1923,0,11,9,2101003
Felucca,1357,1929,0,11,12,2101003
Felucca,1377,1929,0,11,9,2101003
Felucca,1368,1936,0,9,14,2101003
Felucca,1385,1938,0,11,9,2101003
Felucca,1351,1941,0,9,12,2101003
Felucca,1289,1944,0,15,12,2101003
Felucca,1360,1950,0,11,9,2101003
Felucca,1389,1950,0,11,27,2101003
Felucca,1305,1953,0,15,27,2101003
Felucca,1293,1956,0,12,9,2101003
Felucca,1321,1956,0,11,12,2101003
Felucca,1333,1956,0,11,15,2101003
Felucca,1333,1974,0,11,9,2101003
Felucca,1343,1983,0,9,9,2101003
Felucca,1301,1992,0,11,9,2101003
Felucca,1321,1992,0,9,11,2101003
Felucca,1343,1992,0,9,12,2101003
Felucca,1391,2001,0,9,10,2101003
Felucca,1289,2004,0,11,9,2101003
Felucca,1301,2010,0,15,9,2101003
Felucca,1349,2010,0,11,9,2101003
Felucca,1309,2019,0,11,9,2101003
Felucca,1349,2025,0,10,9,2101003
Felucca,1345,2034,0,11,9,2101003
Felucca,1369,2061,0,11,9,0
Felucca,1286,2064,0,10,9,0
Felucca,1333,2064,0,11,15,0
Felucca,1377,2070,5,9,12,0
Felucca,1294,2076,0,10,9,0
Felucca,1333,2088,3,11,9,0
Felucca,1365,2088,0,11,9,0
Felucca,1313,2094,0,11,9,0
Felucca,1345,2103,0,11,9,0
Felucca,1291,2106,0,9,9,0
Felucca,1345,2118,0,15,12,0
Felucca,1309,2124,0,9,9,0
Felucca,1325,2142,0,10,12,0
Felucca,1297,2148,0,11,18,0
Felucca,1308,2154,5,12,21,0
Felucca,1345,2166,0,11,9,0
Felucca,1397,2184,0,11,9,0
Felucca,1297,2190,5,10,9,0
Felucca,1391,2196,2,9,9,0
Felucca,1325,2199,0,11,33,0
Felucca,1337,2199,0,11,27,0
Felucca,1281,2211,5,11,9,0
Felucca,1315,2217,5,10,57,0
Felucca,1349,2220,0,11,20,0
Felucca,1305,2223,5,10,39,0
Felucca,1337,2226,0,12,9,0
Felucca,1325,2232,5,11,15,0
Felucca,1377,2232,0,11,9,0
Felucca,1349,2240,0,14,40,0
Felucca,1325,2247,5,11,27,0
Felucca,1381,2247,0,10,9,0
Felucca,1285,2259,0,11,9,0
Felucca,1363,2259,5,9,9,0
Felucca,1336,2261,0,13,16,0
Felucca,1373,2271,0,11,9,0
Felucca,1365,2280,5,11,9,0
Felucca,1309,2286,5,11,9,0
Felucca,1357,2295,0,11,9,0
Felucca,1390,2304,-1,10,9,0
Felucca,1293,2319,5,11,9,0
Felucca,1369,2319,0,12,9,0
Felucca,1305,2325,5,11,12,0
Felucca,1317,2325,0,11,11,0
Felucca,1337,2331,0,11,9,0
Felucca,1297,2337,0,11,21,0
Felucca,1334,2341,0,10,14,0
Felucca,1308,2352,0,24,9,0
Felucca,1349,2367,5,11,9,0
Felucca,1349,2379,5,11,15,0
Felucca,1399,2379,0,9,11,0
Felucca,1361,2388,5,11,9,0
Felucca,1399,2392,-1,9,10,0
Felucca,1285,2394,5,11,9,0
Felucca,1337,2397,0,11,9,0
Felucca,1365,2397,0,11,18,0
Felucca,1325,2400,0,11,9,0
Felucca,1305,2403,0,11,9,0
Felucca,1282,2412,10,10,12,0
Felucca,1297,2412,5,11,12,0
Felucca,1391,2415,0,9,9,0
Felucca,1329,2421,0,11,9,0
Felucca,1357,2421,0,11,9,0
Felucca,1289,2442,5,11,9,0
Felucca,1315,2445,5,9,9,0
Felucca,1378,2448,0,10,9,0
Felucca,1310,2454,5,10,9,0
Felucca,1337,2457,0,11,9,0
Felucca,1321,2460,5,11,12,0
Felucca,1281,2466,9,11,9,0
Felucca,1373,2481,0,9,9,0
Felucca,1345,2484,0,11,9,0
Felucca,1289,2490,5,15,18,0
Felucca,1369,2496,0,11,9,0
Felucca,1341,2499,0,15,15,0
Felucca,1301,2511,2,11,9,0
Felucca,1377,2511,0,10,28,0
Felucca,1285,2520,5,11,15,0
Felucca,1369,2539,5,10,20,0
Felucca,1385,2539,0,11,14,0
Felucca,1321,2544,0,15,16,0
Felucca,1396,2546,0,10,14,0
Felucca,1309,2547,0,11,13,0
Felucca,1280,2550,1,12,10,0
Felucca,1294,2550,0,14,10,0
Felucca,1337,2550,0,15,10,0
Felucca,1280,2560,0,23,11,0
Felucca,1305,2560,0,38,11,0
Felucca,1353,2560,0,11,11,0
Felucca,1367,2560,5,25,11,0
Felucca,1314,2571,0,26,9,0
Felucca,1393,2577,0,11,9,0
Felucca,1329,2580,0,19,15,0
Felucca,1348,2584,0,12,20,0
Felucca,1399,2586,0,9,12,0
Felucca,1363,2589,0,9,20,0
Felucca,1334,2595,0,14,9,0
Felucca,1373,2601,0,11,15,0
Felucca,1375,2616,0,9,13,0
Felucca,1393,2622,0,11,9,0
Felucca,1376,2629,0,16,10,0
Felucca,1397,2640,0,11,9,0
Felucca,1280,2644,0,9,11,0
Felucca,1289,2647,0,9,14,0
Felucca,1298,2650,0,9,23,0
Felucca,1308,2671,0,9,14,0
Felucca,1309,2688,5,13,15,0
Felucca,1317,2703,0,9,9,0
Felucca,1318,2713,0,10,13,0
Felucca,1311,2728,0,13,10,0
Felucca,1369,2736,0,9,12,0
Felucca,1314,2738,0,11,13,0
Felucca,1373,2748,0,9,10,0
Felucca,1281,2751,0,9,11,0
Felucca,1337,2757,0,11,9,0
Felucca,1365,2760,0,9,15,0
Felucca,1337,2781,0,11,11,0
Felucca,1367,2787,0,9,9,0
Felucca,1381,2791,0,9,10,0
Felucca,1365,2796,5,11,9,0
Felucca,1338,2798,0,10,18,0
Felucca,1397,2798,0,9,18,0
Felucca,1332,2816,2,13,30,0
Felucca,1345,2828,0,9,18,0
Felucca,1397,2832,0,11,9,0
Felucca,1319,2842,2,9,11,0
Felucca,1350,2846,0,10,11,0
Felucca,1309,2849,-1,10,14,0
Felucca,1384,2849,0,9,9,0
Felucca,1299,2853,0,9,11,0
Felucca,1370,2853,0,14,10,0
Felucca,1346,2862,0,9,10,0
Felucca,1303,2864,0,9,9,0
Felucca,1370,2866,0,11,9,0
Felucca,1339,2872,0,10,10,0
Felucca,1371,2881,0,9,9,0
Felucca,1336,2882,0,13,13,0
Felucca,1349,2893,0,9,26,0
Felucca,1351,2919,0,9,9,0
Felucca,1354,2928,0,13,16,0
Felucca,1367,2953,0,9,9,0
Felucca,1324,2962,0,9,12,0
Felucca,1334,3000,0,10,13,0
Felucca,1335,3013,0,14,24,0
Felucca,1334,3037,-2,12,11,0
Felucca,1328,3048,0,9,13,0
Felucca,1366,3048,0,9,12,0
Felucca,1370,3089,0,9,24,0
Felucca,1379,3093,0,11,13,0
Felucca,1326,3107,1,10,16,0
Felucca,1317,3120,2,9,17,0
Felucca,1306,3129,2,9,11,0
Felucca,1295,3136,1,9,10,0
Felucca,1370,3143,0,11,9,0
Felucca,1288,3146,-2,12,9,0
Felucca,1327,3150,0,9,10,0
Felucca,1359,3152,0,14,10,0
Felucca,1287,3155,0,10,9,0
Felucca,1328,3160,0,9,11,0
Felucca,1290,3164,0,10,10,0
Felucca,1368,3173,0,10,13,0
Felucca,1452,168,1,9,48,0
Felucca,1469,172,14,15,32,0
Felucca,1495,183,6,9,11,0
Felucca,1484,184,16,9,17,0
Felucca,1438,188,-1,9,22,0
Felucca,1426,193,0,12,22,0
Felucca,1519,211,1,11,14,0
Felucca,1497,221,16,12,10,0
Felucca,1408,225,10,10,15,0
Felucca,1509,230,16,9,10,0
Felucca,1521,246,5,11,9,0
Felucca,1417,256,1,9,14,0
Felucca,1460,256,1,20,10,0
Felucca,1409,270,1,10,29,0
Felucca,1501,273,1,11,9,0
Felucca,1521,279,1,15,10,0
Felucca,1419,384,6,11,26,0
Felucca,1417,410,8,9,9,0
Felucca,1410,419,7,9,10,0
Felucca,1525,643,16,9,10,0
Felucca,1526,653,16,10,10,0
Felucca,1509,654,12,10,16,0
Felucca,1519,663,6,9,29,0
Felucca,1496,676,-1,10,29,0
Felucca,1487,684,-1,9,21,0
Felucca,1477,696,0,9,48,0
Felucca,1511,696,15,9,9,0
Felucca,1463,697,1,14,18,0
Felucca,1525,699,16,11,12,0
Felucca,1486,720,6,10,27,0
Felucca,1521,726,22,15,9,0
Felucca,1455,730,3,22,17,0
Felucca,1509,732,16,11,12,0
Felucca,1444,735,0,11,24,0
Felucca,1429,736,0,15,17,0
Felucca,1420,737,3,9,16,0
Felucca,1410,741,3,10,21,0
Felucca,1501,744,16,11,12,0
Felucca,1473,750,6,11,9,0
Felucca,1455,756,6,9,9,0
Felucca,1517,759,8,11,9,0
Felucca,1425,789,0,11,11,0
Felucca,1414,790,0,10,13,0
Felucca,1447,792,0,9,9,0
Felucca,1473,795,0,9,9,0
Felucca,1460,798,0,12,10,0
Felucca,1473,807,0,11,21,0
Felucca,1463,808,0,10,10,0
Felucca,1509,813,0,11,9,0
Felucca,1464,818,0,9,58,0
Felucca,1485,822,0,11,12,0
Felucca,1473,837,0,11,9,0
Felucca,1522,843,0,10,9,0
Felucca,1455,848,0,9,10,0
Felucca,1453,858,0,11,14,0
Felucca,1473,864,0,11,12,0
Felucca,1474,876,0,18,10,0
Felucca,1497,876,0,11,12,0
Felucca,1482,886,0,9,10,0
Felucca,1439,896,0,11,18,0
Felucca,1485,896,0,15,46,0
Felucca,1513,924,0,11,9,0
Felucca,1509,942,0,11,9,0
Felucca,1489,945,0,11,12,0
Felucca,1480,950,0,9,13,0
Felucca,1517,954,0,11,9,0
Felucca,1471,962,0,9,45,0
Felucca,1481,963,0,11,9,0
Felucca,1481,984,0,11,12,0
Felucca,1480,996,0,16,28,0
Felucca,1517,999,0,11,9,0
Felucca,1480,1024,0,9,35,0
Felucca,1491,1024,0,17,11,0
Felucca,1509,1029,0,11,9,0
Felucca,1489,1035,0,11,9,0
Felucca,1521,1041,0,15,9,0
Felucca,1471,1049,0,9,9,0
Felucca,1462,1057,0,9,20,0
Felucca,1471,1058,0,9,16,0
Felucca,1452,1072,0,10,14,0
Felucca,1485,1077,0,11,9,0
Felucca,1438,1078,0,14,14,0
Felucca,1501,1080,0,11,9,0
Felucca,1428,1082,0,10,10,0
Felucca,1410,1083,0,18,18,0
Felucca,1525,1086,0,11,9,0
Felucca,1469,1089,0,11,9,0
Felucca,1505,1089,0,11,9,0
Felucca,1497,1098,0,11,9,0
Felucca,1521,1104,0,15,16,0
Felucca,1445,1110,0,11,9,0
Felucca,1505,1110,0,16,14,0
Felucca,1493,1116,0,12,11,0
Felucca,1481,1125,0,12,12,0
Felucca,1469,1134,0,12,18,0
Felucca,1409,1140,0,11,12,0
Felucca,1420,1143,0,12,9,0
Felucca,1416,1152,0,23,9,0
Felucca,1413,1251,0,11,12,0
Felucca,1447,1251,0,10,9,0
Felucca,1433,1252,0,14,11,0
Felucca,1482,1256,0,14,10,0
Felucca,1443,1263,0,9,9,0
Felucca,1465,1266,0,11,9,0
Felucca,1509,1266,0,11,9,0
Felucca,1465,1281,0,11,9,2101003
Felucca,1518,1293,0,9,12,2101003
Felucca,1497,1305,0,11,9,2101003
Felucca,1417,1308,0,11,9,2101003
Felucca,1513,1308,0,11,9,2101003
Felucca,1437,1314,0,11,15,2101003
Felucca,1449,1317,0,11,15,2101003
Felucca,1481,1317,0,11,9,2101003
Felucca,1517,1323,0,11,9,2101003
Felucca,1501,1341,0,11,12,2101003
Felucca,1493,1353,0,10,10,2101003
Felucca,1449,1356,0,11,9,2101003
Felucca,1461,1364,0,11,10,2101003
Felucca,1478,1377,0,13,12,2101003
Felucca,1457,1380,0,11,9,2101003
Felucca,1429,1386,0,11,18,2101003
Felucca,1473,1389,0,9,17,2101003
Felucca,1465,1408,0,9,14,2101002
Felucca,1453,1413,0,11,9,2101002
Felucca,1457,1428,0,9,18,2101002
Felucca,1445,1452,0,9,9,2101002
Felucca,1438,1470,0,11,9,2101002
Felucca,1490,1864,1,9,38,2101002
Felucca,1500,1867,0,9,23,2101002
Felucca,1480,1868,2,10,34,2101002
Felucca,1509,1874,0,9,22,2101002
Felucca,1430,1875,0,10,9,2101002
Felucca,1471,1877,1,9,16,2101002
Felucca,1518,1880,0,18,9,2101002
Felucca,1453,1884,-1,17,12,2101002
Felucca,1425,1890,0,11,9,2101002
Felucca,1499,1890,0,10,11,2101002
Felucca,1445,1902,0,10,12,2101002
Felucca,1485,1908,0,15,9,2101002
Felucca,1517,1920,0,11,12,2101003
Felucca,1493,1923,0,11,9,2101003
Felucca,1429,1926,0,11,9,2101003
Felucca,1409,1932,0,11,9,2101003
Felucca,1521,1932,0,15,21,2101003
Felucca,1433,1947,0,11,9,2101003
Felucca,1493,1953,0,11,12,2101003
Felucca,1521,1953,0,15,12,2101003
Felucca,1409,1956,0,11,12,2101003
Felucca,1437,1956,0,11,9,2101003
Felucca,1525,1965,0,11,11,2101003
Felucca,1409,1971,0,15,9,2101003
Felucca,1461,1971,0,11,9,2101003
Felucca,1523,1976,0,13,40,2101003
Felucca,1509,1977,0,11,9,2101003
Felucca,1417,1980,0,11,9,2101003
Felucca,1437,1986,0,11,9,2101003
Felucca,1449,1986,0,11,9,2101003
Felucca,1481,1986,0,11,9,2101003
Felucca,1497,1986,0,11,9,2101003
Felucca,1513,1986,0,10,12,2101003
Felucca,1441,1995,0,9,13,2101003
Felucca,1501,1995,0,11,9,2101003
Felucca,1441,2013,0,11,9,2101003
Felucca,1477,2016,0,11,9,2101003
Felucca,1525,2016,0,11,12,2101003
Felucca,1501,2022,0,11,9,2101003
Felucca,1473,2025,0,11,12,2101003
Felucca,1409,2031,0,11,9,2101003
Felucca,1489,2031,0,11,9,2101003
Felucca,1489,2058,0,11,9,0
Felucca,1469,2061,0,11,9,0
Felucca,1483,2070,0,9,9,0
Felucca,1493,2079,0,11,9,0
Felucca,1417,2085,5,11,12,0
Felucca,1417,2111,5,11,9,0
Felucca,1525,2112,0,11,9,0
Felucca,1433,2127,0,11,9,0
Felucca,1457,2133,0,11,9,0
Felucca,1417,2148,1,11,9,0
Felucca,1477,2178,0,11,9,0
Felucca,1465,2187,0,11,9,0
Felucca,1449,2190,0,11,18,0
Felucca,1457,2208,0,10,24,0
Felucca,1413,2214,0,11,9,0
Felucca,1445,2217,0,12,9,0
Felucca,1425,2229,0,11,9,0
Felucca,1429,2253,5,15,9,0
Felucca,1450,2253,5,10,9,0
Felucca,1419,2256,0,9,9,0
Felucca,1523,2256,5,9,9,0
Felucca,1485,2262,5,11,9,0
Felucca,1505,2265,5,11,9,0
Felucca,1517,2268,5,11,9,0
Felucca,1497,2274,5,11,9,0
Felucca,1525,2283,0,11,9,0
Felucca,1422,2286,0,10,9,0
Felucca,1475,2289,0,9,9,0
Felucca,1469,2304,5,11,9,2308003
Felucca,1497,2310,5,11,22,2308003
Felucca,1429,2313,0,11,9,2308003
Felucca,1445,2325,2,11,27,2308003
Felucca,1477,2325,5,11,12,2308003
Felucca,1413,2331,0,10,9,2308003
Felucca,1433,2334,0,12,12,2308003
Felucca,1513,2334,10,11,9,2308003
Felucca,1485,2355,5,11,9,2308003
Felucca,1489,2364,5,11,9,2308003
Felucca,1525,2364,5,11,9,2308003
Felucca,1429,2367,0,11,9,2308003
Felucca,1445,2376,0,11,9,2308003
Felucca,1497,2382,0,11,9,2308003
Felucca,1453,2385,3,11,9,2308003
Felucca,1510,2385,5,10,9,2308003
Felucca,1497,2391,0,11,9,2308003
Felucca,1493,2400,0,11,9,2308003
Felucca,1475,2403,0,9,21,2308003
Felucca,1509,2403,5,11,9,2308003
Felucca,1449,2406,0,10,9,2308003
Felucca,1466,2417,2,9,10,2308003
Felucca,1437,2418,0,11,9,2308003
Felucca,1497,2418,0,11,12,2308003
Felucca,1459,2432,0,9,25,2308003
Felucca,1501,2448,0,11,24,2308003
Felucca,1433,2451,0,26,9,2308003
Felucca,1465,2466,0,11,9,2308003
Felucca,1513,2469,0,15,9,2308003
Felucca,1429,2478,5,11,9,2308003
Felucca,1491,2478,0,9,9,2308003
Felucca,1465,2481,5,11,12,2308003
Felucca,1525,2485,5,11,11,2308003
Felucca,1413,2508,0,11,11,2308003
Felucca,1478,2511,5,10,18,2308003
Felucca,1457,2513,5,9,13,2308003
Felucca,1429,2514,0,11,9,2308003
Felucca,1410,2519,0,10,16,2308003
Felucca,1517,2520,10,11,18,2308003
Felucca,1421,2523,0,15,20,2308003
Felucca,1489,2532,10,11,9,2308003
Felucca,1457,2538,5,11,9,2308003
Felucca,1517,2538,10,19,22,2308003
Felucca,1431,2547,0,9,13,2308003
Felucca,1465,2547,5,15,13,2308003
Felucca,1497,2547,10,11,13,2308003
Felucca,1508,2551,10,9,9,2308003
Felucca,1408,2560,0,43,10,2308003
Felucca,1469,2560,5,11,11,2308003
Felucca,1501,2560,10,11,11,2308003
Felucca,1409,2570,0,11,10,2308003
Felucca,1439,2579,2,9,13,2308003
Felucca,1525,2583,7,11,9,2308003
Felucca,1433,2595,5,11,18,2308003
Felucca,1493,2595,10,11,18,2308003
Felucca,1457,2601,10,11,9,2308003
Felucca,1511,2607,10,9,9,2308003
Felucca,1445,2610,10,11,9,2308003
Felucca,1465,2610,10,11,12,2308003
Felucca,1485,2631,10,11,9,2308003
Felucca,1445,2634,5,11,19,2308003
Felucca,1489,2640,10,10,9,2308003
Felucca,1409,2643,1,11,13,2308003
Felucca,1459,2643,5,9,9,2308003
Felucca,1495,2649,5,9,15,2308003
Felucca,1417,2656,0,11,11,2308003
Felucca,1426,2667,0,10,10,2308003
Felucca,1437,2670,0,11,12,2308003
Felucca,1489,2673,0,11,9,2308003
Felucca,1449,2676,0,10,12,2308003
Felucca,1452,2688,0,10,9,0
Felucca,1463,2688,0,9,14,0
Felucca,1509,2697,5,10,15,0
Felucca,1473,2700,0,11,9,0
Felucca,1519,2704,5,9,11,0
Felucca,1497,2706,0,11,9,0
Felucca,1493,2722,0,11,12,0
Felucca,1517,2724,0,11,12,0
Felucca,1501,2734,0,11,37,0
Felucca,1517,2745,0,11,43,0
Felucca,1521,2788,0,9,28,0
Felucca,1506,2816,0,11,12,0
Felucca,1502,2828,0,10,12,0
Felucca,1512,2833,0,11,9,0
Felucca,1506,2842,0,10,17,0
Felucca,1416,2905,0,10,11,0
Felucca,1519,2915,0,9,16,0
Felucca,1519,2933,0,10,10,0
Felucca,1427,2934,0,9,10,0
Felucca,1518,2952,0,10,13,0
Felucca,1517,2965,0,10,14,0
Felucca,1450,2976,0,9,12,0
Felucca,1519,2979,0,9,26,0
Felucca,1517,3005,0,12,9,0
Felucca,1519,3014,0,14,12,0
Felucca,1410,3018,0,9,10,0
Felucca,1517,3026,0,9,12,0
Felucca,1508,3027,0,9,9,0
Felucca,1408,3028,0,9,9,0
Felucca,1438,3028,0,9,13,0
Felucca,1472,3048,0,10,17,0
Felucca,1462,3051,0,10,10,0
Felucca,1441,3075,0,9,9,0
Felucca,1495,3091,0,10,11,0
Felucca,1492,3102,0,10,11,0
Felucca,1422,3116,0,11,13,0
Felucca,1417,3132,0,15,9,0
Felucca,1516,3141,0,10,9,0
Felucca,1477,3153,0,10,9,0
Felucca,1490,3163,0,9,9,0
Felucca,1485,3172,0,13,12,0
Felucca,1431,3176,1,10,9,0
Felucca,1510,3181,0,12,9,0
Felucca,1512,3190,0,14,9,0
Felucca,1465,3200,0,12,10,2109003
Felucca,1445,3223,0,9,9,2109003
Felucca,1515,3248,0,13,11,2109003
Felucca,1627,242,2,10,14,0
Felucca,1611,256,1,10,51,0
Felucca,1636,268,9,11,16,0
Felucca,1621,272,6,10,19,0
Felucca,1647,272,6,9,15,0
Felucca,1623,451,1,9,19,0
Felucca,1655,470,-1,9,19,0
Felucca,1628,471,5,10,24,0
Felucca,1592,477,-1,9,15,0
Felucca,1569,484,1,23,9,0
Felucca,1638,484,1,17,11,0
Felucca,1617,489,16,9,9,0
Felucca,1560,493,1,9,12,0
Felucca,1647,495,6,9,9,0
Felucca,1581,496,9,11,16,0
Felucca,1563,512,1,14,24,0
Felucca,1593,513,22,11,9,0
Felucca,1633,519,24,11,12,0
Felucca,1585,522,16,13,34,0
Felucca,1564,536,1,10,40,0
Felucca,1576,536,13,9,28,0
Felucca,1637,537,22,11,9,0
Felucca,1648,545,12,16,29,0
Felucca,1537,551,1,9,12,0
Felucca,1636,552,14,12,10,0
Felucca,1554,556,1,10,9,0
Felucca,1627,558,14,9,27,0
Felucca,1618,564,14,9,21,0
Felucca,1574,572,6,11,31,0
Felucca,1585,578,6,10,22,0
Felucca,1641,582,16,11,9,0
Felucca,1601,585,6,11,9,0
Felucca,1585,600,1,12,40,0
Felucca,1572,603,1,13,14,0
Felucca,1536,611,1,10,29,0
Felucca,1629,615,22,11,9,0
Felucca,1575,617,1,10,9,0
Felucca,1617,618,16,10,9,0
Felucca,1599,621,8,9,9,0
Felucca,1546,622,1,9,18,0
Felucca,1552,653,16,13,17,0
Felucca,1567,655,16,23,39,0
Felucca,1590,664,20,14,14,0
Felucca,1536,668,6,16,19,0
Felucca,1552,673,6,9,17,0
Felucca,1633,678,6,11,16,0
Felucca,1597,681,22,11,15,0
Felucca,1621,689,6,12,79,0
Felucca,1573,694,22,11,14,0
Felucca,1612,698,14,9,55,0
Felucca,1557,702,16,11,9,0
Felucca,1584,706,21,9,14,0
Felucca,1603,707,11,9,43,0
Felucca,1555,717,22,9,9,0
Felucca,1585,720,16,9,9,0
Felucca,1594,725,13,9,19,0
Felucca,1637,728,6,9,40,0
Felucca,1647,730,6,10,38,0
Felucca,1569,759,6,11,9,0
Felucca,1581,759,6,10,9,0
Felucca,1593,759,6,11,9,0
Felucca,1569,768,0,27,9,0
Felucca,1597,768,0,19,9,0
Felucca,1617,768,0,47,9,0
Felucca,1581,777,0,15,12,0
Felucca,1629,780,0,11,15,0
Felucca,1653,786,0,11,9,0
Felucca,1537,798,0,11,12,0
Felucca,1601,801,0,11,9,0
Felucca,1577,804,0,11,9,0
Felucca,1617,825,0,11,16,0
Felucca,1581,828,0,11,9,0
Felucca,1633,828,0,11,16,0
Felucca,1645,828,0,11,17,0
Felucca,1593,834,0,11,20,0
Felucca,1605,834,0,11,13,0
Felucca,1581,843,0,12,23,0
Felucca,1537,852,0,11,9,0
Felucca,1573,866,0,10,9,0
Felucca,1569,875,0,10,21,0
Felucca,1561,896,0,14,31,0
Felucca,1541,918,0,11,9,0
Felucca,1561,927,0,16,12,0
Felucca,1569,939,0,10,24,0
Felucca,1537,951,0,11,9,0
Felucca,1573,963,0,11,30,0
Felucca,1537,975,0,11,9,0
Felucca,1584,977,0,9,37,0
Felucca,1549,990,0,9,9,0
Felucca,1559,990,0,9,9,0
Felucca,1593,998,0,9,26,0
Felucca,1541,1002,0,11,9,0
Felucca,1581,1014,0,12,9,0
Felucca,1593,1024,0,16,14,0
Felucca,1553,1029,0,11,9,0
Felucca,1569,1038,0,11,9,0
Felucca,1601,1038,0,14,15,0
Felucca,1617,1047,0,9,21,0
Felucca,1626,1055,0,9,19,0
Felucca,1569,1056,0,11,9,0
Felucca,1637,1065,0,13,9,0
Felucca,1573,1068,0,11,9,0
Felucca,1553,1071,0,11,15,0
Felucca,1625,1074,0,11,9,0
Felucca,1645,1074,0,13,31,0
Felucca,1581,1080,0,9,9,0
Felucca,1605,1089,0,11,9,0
Felucca,1570,1095,0,10,20,0
Felucca,1593,1095,0,12,21,0
Felucca,1545,1098,0,15,19,0
Felucca,1581,1098,0,11,12,0
Felucca,1605,1098,0,11,20,0
Felucca,1633,1098,0,12,15,0
Felucca,1617,1101,0,15,15,0
Felucca,1536,1102,0,9,18,0
Felucca,1560,1103,0,10,14,0
Felucca,1651,1204,0,9,16,0
Felucca,1641,1215,0,10,24,0
Felucca,1652,1220,0,12,16,0
Felucca,1614,1227,0,18,18,0
Felucca,1632,1232,0,9,13,0
Felucca,1651,1236,0,9,9,0
Felucca,1604,1237,0,10,14,0
Felucca,1595,1241,0,9,13,0
Felucca,1577,1242,0,15,11,0
Felucca,1614,1245,0,10,9,0
Felucca,1544,1247,0,18,10,0
Felucca,1563,1247,0,14,10,0
Felucca,1549,1263,0,15,9,0
Felucca,1617,1266,0,10,9,0
Felucca,1565,1290,0,11,9,2101003
Felucca,1549,1293,0,11,12,2101003
Felucca,1537,1302,0,11,9,2101003
Felucca,1617,1308,0,15,12,2101003
Felucca,1634,1320,0,10,9,2101003
Felucca,1625,1322,0,9,10,2101003
Felucca,1561,1323,0,11,14,2101003
Felucca,1573,1323,0,15,14,2101003
Felucca,1593,1326,0,11,9,2101003
Felucca,1641,1329,0,11,9,2101003
Felucca,1653,1332,0,11,9,2101003
Felucca,1613,1338,0,11,9,2101003
Felucca,1588,1343,0,12,17,2101003
Felucca,1595,1360,0,9,28,2101003
Felucca,1641,1362,0,11,12,2101003
Felucca,1613,1380,0,11,15,2101003
Felucca,1597,1388,0,11,10,2101003
Felucca,1651,1389,0,9,9,2101003
Felucca,1595,1408,0,13,17,2101002
Felucca,1609,1422,0,11,12,2101002
Felucca,1587,1425,0,9,18,2101002
Felucca,1633,1455,0,11,15,2101002
Felucca,1627,1476,15,10,9,2101002
Felucca,1606,1489,34,10,9,2101002
Felucca,1537,1878,0,14,12,2101002
Felucca,1558,1878,-1,10,9,2101002
Felucca,1582,1896,0,10,9,2101002
Felucca,1573,1899,0,9,12,2101002
Felucca,1541,1908,0,11,9,2101002
Felucca,1537,1932,0,11,15,2101003
Felucca,1553,1974,0,11,9,2101003
Felucca,1536,1995,0,11,9,2101003
Felucca,1561,2048,0,10,11,0
Felucca,1617,2060,1,9,16,0
Felucca,1608,2076,-2,15,21,0
Felucca,1555,2083,0,10,11,0
Felucca,1617,2097,0,10,26,0
Felucca,1607,2099,0,10,12,0
Felucca,1601,2111,1,12,10,0
Felucca,1591,2118,-2,10,11,0
Felucca,1569,2122,0,11,11,0
Felucca,1622,2123,0,10,22,0
Felucca,1589,2129,0,11,10,0
Felucca,1541,2139,5,11,9,0
Felucca,1566,2142,5,10,21,0
Felucca,1626,2145,0,11,15,0
Felucca,1645,2150,-1,19,13,0
Felucca,1576,2155,5,9,11,0
Felucca,1597,2160,5,15,9,0
Felucca,1597,2176,5,15,11,0
Felucca,1610,2190,5,10,9,0
Felucca,1573,2193,0,11,9,0
Felucca,1641,2193,0,13,9,0
Felucca,1565,2202,5,11,9,0
Felucca,1649,2202,0,9,9,0
Felucca,1609,2208,0,11,18,0
Felucca,1621,2214,0,11,9,0
Felucca,1637,2214,0,11,15,0
Felucca,1569,2217,5,11,24,0
Felucca,1649,2232,0,11,9,0
Felucca,1653,2250,5,11,9,0
Felucca,1565,2256,0,11,12,0
Felucca,1593,2256,0,9,9,0
Felucca,1637,2256,5,9,15,0
Felucca,1625,2262,5,11,9,0
Felucca,1589,2265,0,9,9,0
Felucca,1641,2277,0,11,15,0
Felucca,1621,2280,3,11,9,0
Felucca,1593,2292,0,10,9,0
Felucca,1549,2295,5,11,9,0
Felucca,1557,2319,5,11,9,2308003
Felucca,1537,2337,10,11,9,2308003
Felucca,1585,2340,5,11,12,2308003
Felucca,1617,2340,0,11,9,2308003
Felucca,1553,2346,5,11,21,2308003
Felucca,1628,2346,0,9,9,2308003
Felucca,1541,2352,5,11,9,2308003
Felucca,1593,2352,5,11,12,2308003
Felucca,1609,2355,0,11,9,2308003
Felucca,1593,2364,5,11,9,2308003
Felucca,1649,2367,5,11,9,2308003
Felucca,1549,2370,5,9,12,2308003
Felucca,1581,2376,5,11,9,2308003
Felucca,1585,2385,5,10,9,2308003
Felucca,1545,2391,10,9,9,2308003
Felucca,1605,2403,5,11,13,2308003
Felucca,1541,2415,5,11,9,2308003
Felucca,1645,2415,5,10,12,2308003
Felucca,1553,2421,5,11,9,2308003
Felucca,1597,2432,5,11,10,2308002
Felucca,1585,2433,5,11,9,2308002
Felucca,1645,2433,5,11,9,2308002
Felucca,1562,2454,5,13,9,2308002
Felucca,1605,2454,0,11,9,2308002
Felucca,1575,2457,5,13,15,2308002
Felucca,1589,2457,5,11,13,2308002
Felucca,1609,2469,0,11,9,2308002
Felucca,1594,2470,-3,10,9,2308002
Felucca,1581,2472,0,13,12,2308002
Felucca,1541,2484,5,11,15,2308002
Felucca,1577,2484,0,11,12,2308002
Felucca,1621,2487,0,11,9,2308002
Felucca,1565,2490,0,11,13,2308002
Felucca,1553,2493,5,11,15,2308002
Felucca,1655,2493,10,9,11,2308002
Felucca,1641,2494,5,9,26,2308002
Felucca,1625,2496,0,11,9,2308002
Felucca,1577,2499,0,11,9,2308002
Felucca,1567,2503,0,9,11,2308002
Felucca,1650,2504,5,13,9,2308002
Felucca,1577,2508,0,11,9,2308002
Felucca,1613,2508,0,11,12,2308002
Felucca,1625,2508,0,10,9,2308002
Felucca,1569,2526,5,11,9,2308002
Felucca,1537,2529,10,15,9,2308002
Felucca,1565,2535,5,13,12,2308002
Felucca,1537,2538,10,11,15,2308002
Felucca,1597,2538,5,11,9,2308002
Felucca,1581,2547,10,10,12,2308002
Felucca,1647,2571,5,9,9,2308003
Felucca,1581,2574,5,15,9,2308003
Felucca,1565,2577,10,9,18,2308003
Felucca,1629,2586,0,11,15,2308003
Felucca,1641,2586,5,11,12,2308003
Felucca,1601,2592,0,11,9,2308003
Felucca,1553,2604,10,9,9,2308003
Felucca,1637,2604,5,11,12,2308003
Felucca,1605,2607,0,11,12,2308003
Felucca,1537,2631,5,11,9,2308003
Felucca,1563,2633,5,9,25,2308003
Felucca,1573,2634,0,11,9,2308003
Felucca,1605,2634,5,11,9,2308003
Felucca,1621,2634,0,11,9,2308003
Felucca,1553,2637,5,10,21,2308003
Felucca,1538,2649,0,10,9,2308003
Felucca,1613,2649,0,11,9,2308003
Felucca,1561,2658,0,11,9,2308003
Felucca,1589,2658,0,11,9,2308003
Felucca,1633,2658,5,11,21,2308003
Felucca,1574,2661,0,10,9,2308003
Felucca,1653,2664,10,11,21,2308003
Felucca,1621,2667,5,12,9,2308003
Felucca,1585,2673,0,11,15,2308003
Felucca,1641,2679,10,10,9,2308003
Felucca,1553,2688,0,15,9,0
Felucca,1593,2694,0,11,9,0
Felucca,1629,2700,5,9,9,0
Felucca,1609,2709,5,11,9,0
Felucca,1558,2715,0,10,9,0
Felucca,1617,2718,10,11,9,0
Felucca,1569,2730,0,11,12,0
Felucca,1537,2733,5,11,9,0
Felucca,1629,2736,5,9,9,0
Felucca,1597,2739,10,11,9,0
Felucca,1537,2742,5,11,9,0
Felucca,1569,2742,0,11,9,0
Felucca,1561,2757,0,11,9,0
Felucca,1613,2757,5,15,9,0
Felucca,1549,2760,0,11,12,0
Felucca,1633,2760,5,11,14,0
Felucca,1589,2763,0,11,12,0
Felucca,1645,2766,5,9,12,0
Felucca,1577,2769,0,11,15,0
Felucca,1633,2774,5,10,13,0
Felucca,1561,2775,0,11,21,0
Felucca,1649,2781,2,9,9,0
Felucca,1574,2787,0,10,9,0
Felucca,1617,2790,0,11,12,0
Felucca,1573,2802,0,9,9,0
Felucca,1582,2805,0,10,9,0
Felucca,1641,2817,0,11,9,0
Felucca,1605,2823,0,11,18,0
Felucca,1617,2835,0,10,9,0
Felucca,1540,2837,0,10,10,0
Felucca,1569,2838,0,11,13,0
Felucca,1637,2838,0,11,9,0
Felucca,1649,2838,0,11,30,0
Felucca,1605,2850,0,11,12,0
Felucca,1637,2877,0,11,9,0
Felucca,1622,2880,0,9,9,0
Felucca,1593,2892,0,10,15,0
Felucca,1553,2909,0,12,18,0
Felucca,1565,2917,3,10,10,0
Felucca,1562,2928,0,9,12,0
Felucca,1603,2945,0,9,12,0
Felucca,1634,2947,0,10,11,0
Felucca,1608,2957,0,10,10,0
Felucca,1583,2967,0,11,10,0
Felucca,1586,2977,0,14,17,0
Felucca,1609,2977,0,9,13,0
Felucca,1636,2982,0,9,15,0
Felucca,1562,2989,0,10,11,0
Felucca,1557,3008,0,11,11,0
Felucca,1628,3017,0,9,14,0
Felucca,1575,3033,0,9,12,0
Felucca,1587,3034,0,9,17,0
Felucca,1627,3060,0,10,9,0
Felucca,1568,3091,0,9,16,0
Felucca,1577,3104,1,15,16,0
Felucca,1584,3121,0,10,12,0
Felucca,1581,3137,0,9,9,0
Felucca,1611,3145,0,9,11,0
Felucca,1636,3151,0,9,9,0
Felucca,1585,3155,0,9,11,0
Felucca,1562,3158,0,9,10,0
Felucca,1627,3160,0,15,12,0
Felucca,1618,3161,0,9,12,0
Felucca,1571,3163,0,11,10,0
Felucca,1610,3173,0,9,9,0
Felucca,1630,3174,0,13,10,0
Felucca,1607,3183,0,10,9,0
Felucca,1630,3184,0,17,9,0
Felucca,1647,3188,0,10,10,0
Felucca,1588,3201,0,14,10,2109003
Felucca,1544,3214,0,9,13,2109003
Felucca,1610,3228,0,11,9,2109003
Felucca,1654,3228,0,10,11,2109003
Felucca,1556,3229,0,12,9,2109003
Felucca,1573,3235,0,11,9,2109003
Felucca,1619,3239,0,11,17,2109003
Felucca,1559,3242,0,9,10,2109003
Felucca,1645,3252,0,10,10,2109003
Felucca,1636,3258,0,9,23,2109003
Felucca,1580,3263,0,9,17,2109003
Felucca,1655,3337,0,9,41,2109002
Felucca,1573,3338,0,10,9,2109002
Felucca,1605,3338,3,10,14,2109002
Felucca,1629,3353,3,10,9,2109002
Felucca,1579,3355,0,10,10,2109002
Felucca,1646,3355,3,9,11,2109002
Felucca,1584,3368,0,11,9,2109002
Felucca,1616,3375,0,9,9,2109002
Felucca,1644,3377,0,10,9,2109002
Felucca,1589,3382,0,9,9,2109002
Felucca,1650,3386,0,10,9,2109002
Felucca,1590,3391,0,10,12,2109002
Felucca,1601,3415,0,9,10,2109002
Felucca,1580,3433,-1,9,10,2109002
Felucca,1604,3434,0,9,10,2109002
Felucca,1602,3461,0,9,11,2109002
Felucca,1620,3509,-2,10,53,2109002
Felucca,1610,3513,-1,10,18,2109002
Felucca,1630,3513,0,9,53,2109002
Felucca,1639,3522,0,9,47,2109002
Felucca,1594,3528,-2,9,13,2109002
Felucca,1610,3531,0,10,28,2109002
Felucca,1648,3533,0,9,37,2109002
Felucca,1600,3541,0,10,9,2109002
Felucca,1700,189,0,9,12,0
Felucca,1690,202,3,9,16,0
Felucca,1715,216,6,9,15,0
Felucca,1703,220,16,9,14,0
Felucca,1766,225,6,9,15,0
Felucca,1776,225,1,16,15,0
Felucca,1730,226,1,13,11,0
Felucca,1749,226,14,9,28,0
Felucca,1694,231,1,9,9,0
Felucca,1670,234,1,14,9,0
Felucca,1705,243,16,11,9,0
Felucca,1758,243,19,9,9,0
Felucca,1664,256,16,12,9,0
Felucca,1745,256,18,15,11,0
Felucca,1729,261,21,11,9,0
Felucca,1664,268,6,10,16,0
Felucca,1778,273,6,11,17,0
Felucca,1721,281,6,10,9,0
Felucca,1731,286,6,9,13,0
Felucca,1775,292,8,9,23,0
Felucca,1766,294,6,9,23,0
Felucca,1741,297,6,9,9,0
Felucca,1750,301,6,16,11,0
Felucca,1783,343,2,9,10,0
Felucca,1779,353,1,10,31,0
Felucca,1751,384,0,17,48,0
Felucca,1768,384,5,23,18,0
Felucca,1712,419,1,11,49,0
Felucca,1703,430,1,9,14,0
Felucca,1745,432,0,13,30,0
Felucca,1758,441,6,10,12,0
Felucca,1736,448,3,9,14,0
Felucca,1723,449,1,13,16,0
Felucca,1697,457,-1,15,14,0
Felucca,1686,458,1,11,16,0
Felucca,1666,459,-1,9,15,0
Felucca,1753,462,6,11,9,0
Felucca,1676,468,13,9,9,0
Felucca,1714,468,6,10,9,0
Felucca,1749,471,6,11,12,0
Felucca,1664,474,1,10,9,0
Felucca,1769,477,6,11,9,0
Felucca,1677,486,16,11,9,0
Felucca,1713,495,6,9,17,0
Felucca,1723,495,6,9,17,0
Felucca,1695,498,7,9,14,0
Felucca,1704,500,6,9,12,0
Felucca,1685,501,21,9,11,0
Felucca,1732,502,6,9,9,0
Felucca,1694,512,12,42,25,0
Felucca,1736,512,6,12,13,0
Felucca,1777,528,6,11,54,0
Felucca,1757,531,6,11,9,0
Felucca,1679,535,9,9,27,0
Felucca,1705,537,6,19,9,0
Felucca,1749,540,6,11,9,0
Felucca,1762,540,6,15,20,0
Felucca,1668,542,14,11,34,0
Felucca,1753,549,6,9,11,0
Felucca,1708,553,14,13,80,0
Felucca,1738,558,6,15,10,0
Felucca,1754,560,6,15,25,0
Felucca,1697,564,14,9,9,0
Felucca,1721,564,16,9,24,0
Felucca,1730,573,16,9,23,0
Felucca,1739,574,16,12,27,0
Felucca,1681,582,6,11,9,0
Felucca,1769,582,6,9,29,0
Felucca,1779,582,6,13,19,0
Felucca,1758,585,6,11,55,0
Felucca,1693,588,6,9,52,0
Felucca,1721,588,22,9,39,0
Felucca,1730,596,21,9,25,0
Felucca,1665,597,16,11,9,0
Felucca,1739,601,16,14,20,0
Felucca,1778,601,6,14,39,0
Felucca,1684,604,6,9,36,0
Felucca,1670,606,16,12,18,0
Felucca,1769,612,6,9,28,0
Felucca,1749,621,16,9,19,0
Felucca,1684,640,6,19,20,0
Felucca,1757,640,10,29,26,0
Felucca,1671,642,14,9,9,0
Felucca,1706,642,15,10,11,0
Felucca,1669,651,6,15,12,0
Felucca,1748,653,11,9,10,0
Felucca,1665,663,6,23,9,0
Felucca,1738,663,14,10,12,0
Felucca,1765,666,6,27,18,0
Felucca,1665,672,6,23,27,0
Felucca,1769,684,6,13,18,0
Felucca,1782,684,3,10,15,0
Felucca,1713,693,6,11,9,0
Felucca,1668,699,15,12,13,0
Felucca,1782,699,6,10,26,0
Felucca,1697,702,16,9,9,0
Felucca,1773,705,6,9,36,0
Felucca,1753,720,6,11,9,0
Felucca,1782,725,6,10,13,0
Felucca,1764,727,6,9,19,0
Felucca,1724,732,7,10,36,0
Felucca,1734,735,6,10,33,0
Felucca,1745,735,6,11,33,0
Felucca,1713,736,8,11,32,0
Felucca,1664,737,6,26,25,0
Felucca,1695,737,11,18,20,0
Felucca,1783,748,6,9,20,0
Felucca,1774,753,6,9,15,0
Felucca,1691,757,6,22,11,0
Felucca,1664,768,0,23,9,0
Felucca,1697,768,0,16,10,0
Felucca,1728,768,0,10,10,0
Felucca,1741,768,0,11,9,0
Felucca,1764,768,0,14,15,0
Felucca,1688,771,0,9,11,0
Felucca,1697,778,0,16,13,0
Felucca,1716,780,0,9,9,0
Felucca,1755,780,0,9,15,0
Felucca,1737,794,0,13,13,0
Felucca,1751,795,0,10,15,0
Felucca,1762,795,0,9,15,0
Felucca,1681,808,0,11,20,0
Felucca,1721,810,0,11,9,0
Felucca,1753,810,0,12,9,0
Felucca,1693,822,0,11,9,0
Felucca,1673,828,0,11,30,0
Felucca,1729,828,0,11,9,0
Felucca,1664,835,0,9,20,0
Felucca,1685,840,0,12,28,0
Felucca,1698,859,0,10,37,0
Felucca,1709,879,0,11,17,0
Felucca,1695,896,0,23,13,0
Felucca,1719,896,0,9,32,0
Felucca,1706,909,0,13,9,0
Felucca,1729,912,0,11,106,0
Felucca,1740,941,0,9,83,0
Felucca,1749,963,0,9,14,0
Felucca,1717,983,0,12,22,0
Felucca,1749,992,0,9,32,0
Felucca,1720,1005,0,9,10,0
Felucca,1758,1007,0,9,17,0
Felucca,1732,1024,0,44,12,0
Felucca,1743,1036,0,20,9,0
Felucca,1764,1036,0,12,116,0
Felucca,1747,1045,0,14,10,0
Felucca,1752,1055,0,12,10,0
Felucca,1754,1065,0,10,24,0
Felucca,1761,1152,0,15,22,0
Felucca,1752,1172,0,9,46,0
Felucca,1737,1176,0,15,18,0
Felucca,1728,1186,0,9,17,0
Felucca,1718,1188,0,10,21,0
Felucca,1709,1189,0,9,13,0
Felucca,1761,1198,0,9,22,0
Felucca,1705,1202,0,12,13,0
Felucca,1687,1207,0,17,17,0
Felucca,1664,1208,0,23,22,0
Felucca,1717,1209,0,11,9,0
Felucca,1770,1214,0,9,25,0
Felucca,1761,1220,0,9,10,0
Felucca,1687,1224,0,9,12,0
Felucca,1779,1224,0,9,22,0
Felucca,1761,1230,0,9,9,0
Felucca,1759,1242,0,9,9,0
Felucca,1777,1246,0,11,14,0
Felucca,1737,1254,0,11,9,0
Felucca,1753,1260,0,11,9,0
Felucca,1781,1260,0,9,12,0
Felucca,1725,1263,0,11,12,0
Felucca,1741,1269,0,15,9,0
Felucca,1671,1284,0,9,9,2101003
Felucca,1729,1290,0,11,9,2101003
Felucca,1681,1293,0,11,9,2101003
Felucca,1701,1293,0,11,12,2101003
Felucca,1765,1296,0,11,9,2101003
Felucca,1673,1302,0,11,9,2101003
Felucca,1713,1302,0,11,16,2101003
Felucca,1745,1305,0,11,9,2101003
Felucca,1725,1308,0,11,21,2101003
Felucca,1761,1311,0,9,9,2101003
Felucca,1673,1317,0,11,9,2101003
Felucca,1701,1317,0,12,9,2101003
Felucca,1736,1322,0,12,13,2101003
Felucca,1713,1324,0,11,11,2101003
Felucca,1750,1335,0,10,12,2101003
Felucca,1741,1344,0,9,9,2101003
Felucca,1674,1353,0,10,25,2101003
Felucca,1705,1353,0,11,9,2101003
Felucca,1733,1365,0,11,9,2101003
Felucca,1765,1365,0,11,9,2101003
Felucca,1665,1368,0,9,24,2101003
Felucca,1721,1368,0,11,9,2101003
Felucca,1693,1371,0,9,9,2101003
Felucca,1684,1375,0,9,14,2101003
Felucca,1703,1377,0,9,21,2101003
Felucca,1693,1380,0,10,15,2101003
Felucca,1754,1380,0,10,9,2101003
Felucca,1781,1380,0,11,9,2101003
Felucca,1669,1392,0,13,9,2101003
Felucca,1683,1392,0,9,16,2101003
Felucca,1745,1398,0,11,10,2101003
Felucca,1757,1398,0,11,10,2101003
Felucca,1683,1408,0,17,17,2101002
Felucca,1729,1408,0,35,14,2101002
Felucca,1781,1416,0,11,9,2101002
Felucca,1721,1425,0,11,9,2101002
Felucca,1765,1425,0,11,9,2101002
Felucca,1733,1443,0,11,12,2101002
Felucca,1664,1444,0,9,12,2101002
Felucca,1676,1446,0,12,21,2101002
Felucca,1721,1449,0,11,33,2101002
Felucca,1690,1452,0,14,9,2101002
Felucca,1705,1455,0,16,9,2101002
Felucca,1733,1458,0,11,9,2101002
Felucca,1769,1461,0,11,9,2101002
Felucca,1689,1464,0,11,9,2101002
Felucca,1681,1473,0,11,9,2101002
Felucca,1733,1473,0,11,9,2101002
Felucca,1749,1476,0,11,12,2101002
Felucca,1705,1479,0,10,9,2101002
Felucca,1769,1479,0,11,9,2101002
Felucca,1665,1488,0,11,10,2101002
Felucca,1677,1488,0,11,10,2101002
Felucca,1711,1488,0,9,9,2101002
Felucca,1773,1488,0,11,9,2101002
Felucca,1765,1500,0,11,9,2101002
Felucca,1749,1509,0,11,9,2101002
Felucca,1740,1513,0,9,23,2101002
Felucca,1753,1518,0,11,9,2101002
Felucca,1687,1970,-2,9,13,2101003
Felucca,1705,1970,0,11,10,2101003
Felucca,1717,1974,0,9,9,2101003
Felucca,1705,1980,0,11,10,2101003
Felucca,1697,1995,0,11,9,2101003
Felucca,1737,2007,0,12,9,2101003
Felucca,1669,2019,0,11,9,2101003
Felucca,1664,2147,0,10,19,0
Felucca,1782,2151,2,9,9,0
Felucca,1674,2154,0,9,22,0
Felucca,1775,2166,-1,9,10,0
Felucca,1667,2176,0,12,10,0
Felucca,1773,2184,0,11,12,0
Felucca,1767,2196,0,9,12,0
Felucca,1720,2200,-1,10,17,0
Felucca,1708,2202,0,12,9,0
Felucca,1757,2207,-2,9,16,0
Felucca,1709,2211,0,11,15,0
Felucca,1737,2216,0,15,10,0
Felucca,1665,2219,0,9,13,0
Felucca,1674,2226,0,9,9,0
Felucca,1711,2226,0,9,11,0
Felucca,1677,2235,0,14,12,0
Felucca,1717,2238,0,11,9,0
Felucca,1737,2238,0,11,18,0
Felucca,1778,2247,1,10,15,0
Felucca,1665,2250,0,11,15,0
Felucca,1759,2250,5,9,12,0
Felucca,1689,2252,0,9,10,0
Felucca,1719,2254,0,9,11,0
Felucca,1781,2262,0,11,21,0
Felucca,1665,2265,0,11,12,0
Felucca,1729,2268,0,11,9,0
Felucca,1753,2271,0,15,18,0
Felucca,1697,2280,0,11,12,0
Felucca,1665,2289,5,11,9,0
Felucca,1779,2304,5,9,9,2308003
Felucca,1729,2325,0,11,9,2308003
Felucca,1665,2328,0,11,12,2308003
Felucca,1689,2328,0,11,9,2308003
Felucca,1781,2329,0,9,57,2308003
Felucca,1705,2331,0,11,9,2308003
Felucca,1707,2340,0,9,24,2308003
Felucca,1738,2343,0,10,9,2308003
Felucca,1749,2349,0,15,15,2308003
Felucca,1665,2352,0,11,9,2308003
Felucca,1697,2352,5,10,9,2308003
Felucca,1765,2358,0,16,15,2308003
Felucca,1753,2364,5,11,12,2308003
Felucca,1769,2373,0,12,9,2308003
Felucca,1705,2382,5,11,15,2308003
Felucca,1770,2382,0,11,16,2308003
Felucca,1781,2390,0,11,42,2308003
Felucca,1725,2391,5,10,9,2308003
Felucca,1677,2397,10,11,21,2308003
Felucca,1737,2397,5,15,9,2308003
Felucca,1765,2398,5,11,11,2308003
Felucca,1665,2400,5,11,9,2308003
Felucca,1754,2400,5,9,15,2308003
Felucca,1693,2403,10,15,9,2308003
Felucca,1717,2403,10,11,9,2308003
Felucca,1753,2415,5,11,10,2308003
Felucca,1777,2432,0,15,19,2308003
Felucca,1717,2436,5,11,10,2308003
Felucca,1705,2439,5,11,15,2308003
Felucca,1767,2442,5,9,9,2308003
Felucca,1722,2446,10,14,11,2308003
Felucca,1749,2451,5,9,9,2308003
Felucca,1781,2451,0,11,79,2308003
Felucca,1765,2457,0,15,27,2308003
Felucca,1745,2466,5,9,9,2308003
Felucca,1717,2469,10,9,9,2308003
Felucca,1705,2478,5,11,9,2308003
Felucca,1725,2481,5,11,9,2308003
Felucca,1677,2496,10,10,10,2308003
Felucca,1772,2512,0,9,14,2308003
Felucca,1685,2517,5,11,9,2308003
Felucca,1761,2521,3,11,11,2308003
Felucca,1701,2526,5,11,9,2308003
Felucca,1741,2526,0,10,9,2308003
Felucca,1777,2530,1,15,11,2308003
Felucca,1673,2544,5,11,9,2308003
Felucca,1697,2544,0,11,9,2308003
Felucca,1693,2568,0,11,9,2308003
Felucca,1713,2592,0,11,10,2308003
Felucca,1685,2607,0,11,9,2308003
Felucca,1713,2613,0,11,9,2308003
Felucca,1689,2616,0,11,9,2308003
Felucca,1729,2616,0,13,9,2308003
Felucca,1689,2625,0,11,12,2308003
Felucca,1701,2625,0,11,18,2308003
Felucca,1779,2632,-2,13,11,2308003
Felucca,1733,2649,0,11,9,2308003
Felucca,1781,2661,0,11,27,2308003
Felucca,1729,2667,0,11,9,2308003
Felucca,1765,2679,0,11,9,2308003
Felucca,1782,2689,0,9,14,0
Felucca,1677,2697,10,11,9,0
Felucca,1717,2697,5,11,9,0
Felucca,1777,2703,5,14,17,0
Felucca,1765,2712,7,12,9,0
Felucca,1681,2715,10,11,9,0
Felucca,1733,2715,10,10,21,0
Felucca,1665,2718,10,11,9,0
Felucca,1782,2720,0,9,11,0
Felucca,1765,2721,5,11,9,0
Felucca,1745,2724,5,11,9,0
Felucca,1773,2730,5,9,18,0
Felucca,1782,2731,0,9,35,0
Felucca,1677,2733,10,11,12,0
Felucca,1733,2736,10,11,12,0
Felucca,1665,2742,10,11,9,0
Felucca,1781,2766,0,10,9,0
Felucca,1669,2769,5,11,9,0
Felucca,1761,2775,0,11,9,0
Felucca,1673,2790,0,15,9,0
Felucca,1750,2793,0,9,12,0
Felucca,1733,2796,0,11,9,0
Felucca,1778,2796,0,10,12,0
Felucca,1697,2799,0,11,9,0
Felucca,1741,2820,0,15,9,0
Felucca,1757,2820,0,11,9,0
Felucca,1782,2820,0,10,23,0
Felucca,1769,2823,0,11,21,0
Felucca,1677,2832,0,11,9,0
Felucca,1689,2835,0,11,19,0
Felucca,1779,2851,2,10,9,0
Felucca,1745,2863,-1,10,11,0
Felucca,1673,2871,0,11,9,0
Felucca,1729,2900,0,9,11,0
Felucca,1686,2903,0,16,9,0
Felucca,1781,2934,0,9,10,0
Felucca,1716,2959,0,9,9,0
Felucca,1744,2961,0,9,9,0
Felucca,1685,2988,0,11,12,0
Felucca,1724,3001,-2,9,10,0
Felucca,1783,3020,0,9,9,0
Felucca,1750,3031,0,9,9,0
Felucca,1742,3100,0,9,10,0
Felucca,1665,3103,0,14,24,0
Felucca,1741,3110,0,9,18,0
Felucca,1682,3112,0,15,10,0
Felucca,1697,3118,0,12,13,0
Felucca,1751,3120,0,9,14,0
Felucca,1679,3122,0,18,11,0
Felucca,1719,3124,0,9,12,0
Felucca,1670,3127,0,9,9,0
Felucca,1701,3131,0,13,11,0
Felucca,1688,3133,0,13,18,0
Felucca,1769,3148,0,12,18,0
Felucca,1710,3163,0,11,14,0
Felucca,1721,3168,0,12,9,0
Felucca,1733,3169,0,10,15,0
Felucca,1701,3171,0,9,14,0
Felucca,1664,3182,0,12,9,0
Felucca,1701,3185,0,14,10,0
Felucca,1738,3189,0,10,11,0
Felucca,1701,3200,0,15,11,2109003
Felucca,1741,3200,0,14,18,2109003
Felucca,1707,3211,0,9,10,2109003
Felucca,1666,3212,0,9,10,2109003
Felucca,1716,3215,0,13,13,2109003
Felucca,1767,3217,0,9,35,2109003
Felucca,1783,3220,0,9,13,2109003
Felucca,1708,3238,0,11,13,2109003
Felucca,1670,3269,0,9,16,2109003
Felucca,1782,3271,0,10,10,2109003
Felucca,1679,3276,0,11,13,2109003
Felucca,1692,3277,0,10,9,2109003
Felucca,1707,3281,0,10,9,2109003
Felucca,1778,3281,0,9,11,2109003
Felucca,1745,3283,0,18,9,2109003
Felucca,1682,3295,0,12,9,2109003
Felucca,1740,3303,0,11,9,2109003
Felucca,1679,3307,0,9,9,2109003
Felucca,1720,3307,0,16,9,2109003
Felucca,1766,3333,0,9,15,2109002
Felucca,1723,3341,3,14,18,2109002
Felucca,1708,3342,3,12,16,2109002
Felucca,1671,3354,0,10,34,2109002
Felucca,1681,3360,0,9,26,2109002
Felucca,1690,3363,0,9,9,2109002
Felucca,1734,3370,0,9,12,2109002
Felucca,1761,3379,0,10,11,2109002
Felucca,1716,3388,0,9,9,2109002
Felucca,1695,3389,0,9,11,2109002
Felucca,1759,3390,3,9,12,2109002
Felucca,1749,3393,0,10,17,2109002
Felucca,1744,3434,0,9,11,2109002
Felucca,1711,3439,-1,10,13,2109002
Felucca,1744,3446,0,9,9,2109002
Felucca,1717,3456,0,10,17,2109002
Felucca,1756,3459,3,10,18,2109002
Felucca,1716,3473,0,9,9,2109002
Felucca,1751,3480,3,14,18,2109002
Felucca,1738,3483,3,11,10,2109002
Felucca,1694,3500,2,9,9,2109002
Felucca,1721,3510,3,9,10,2109002
Felucca,1730,3512,2,9,13,2109002
Felucca,1687,3513,0,9,11,2109002
Felucca,1713,3533,3,9,9,2109002
Felucca,1733,3536,0,9,9,2109002
Felucca,1668,3557,0,9,15,2109002
Felucca,1896,160,-1,17,13,0
Felucca,1887,171,-1,9,66,0
Felucca,1896,173,0,24,10,0
Felucca,1897,183,0,11,39,0
Felucca,1909,198,0,11,18,0
Felucca,1878,204,3,9,39,0
Felucca,1792,217,0,9,23,0
Felucca,1801,223,0,13,17,0
Felucca,1868,228,1,10,28,0
Felucca,1814,229,0,10,17,0
Felucca,1857,231,2,11,25,0
Felucca,1831,232,0,19,17,0
Felucca,1793,240,0,11,9,0
Felucca,1813,256,0,12,9,0
Felucca,1840,256,0,44,20,0
Felucca,1801,261,0,9,18,0
Felucca,1792,271,0,9,15,0
Felucca,1837,276,-1,10,108,0
Felucca,1848,276,0,17,108,0
Felucca,1865,276,0,15,16,0
Felucca,1865,292,0,9,10,0
Felucca,1828,296,-2,9,68,0
Felucca,1819,312,-1,9,32,0
Felucca,1810,337,2,9,47,0
Felucca,1798,340,0,10,44,0
Felucca,1819,344,0,9,40,0
Felucca,1828,364,0,9,20,0
Felucca,1792,384,0,81,12,0
Felucca,1793,396,0,11,9,0
Felucca,1825,396,0,52,9,0
Felucca,1841,405,0,35,12,0
Felucca,1805,414,0,11,9,0
Felucca,1876,415,1,9,17,0
Felucca,1849,423,0,11,9,0
Felucca,1885,429,2,10,28,0
Felucca,1805,432,0,11,15,0
Felucca,1895,432,0,21,25,0
Felucca,1813,453,0,11,12,0
Felucca,1881,457,0,15,33,0
Felucca,1801,474,0,11,9,0
Felucca,1829,477,0,11,9,0
Felucca,1857,489,0,11,9,0
Felucca,1873,490,0,12,12,0
Felucca,1886,490,0,10,22,0
Felucca,1797,498,0,11,9,0
Felucca,1896,500,0,9,12,0
Felucca,1821,501,0,11,9,0
Felucca,1873,502,0,13,10,0
Felucca,1889,512,0,22,10,0
Felucca,1911,521,0,9,19,0
Felucca,1797,522,0,11,11,0
Felucca,1809,522,0,11,21,0
Felucca,1899,522,0,12,9,0
Felucca,1873,525,0,11,12,0
Felucca,1792,533,0,9,77,0
Felucca,1897,537,0,11,9,0
Felucca,1885,540,0,11,9,0
Felucca,1801,543,0,11,15,0
Felucca,1857,543,0,11,9,0
Felucca,1893,564,0,11,9,0
Felucca,1849,573,0,11,24,0
Felucca,1821,582,0,11,9,0
Felucca,1801,588,0,11,12,0
Felucca,1801,600,0,11,40,0
Felucca,1849,600,0,11,9,0
Felucca,1881,600,0,10,9,0
Felucca,1853,609,0,11,9,0
Felucca,1792,611,0,9,29,0
Felucca,1873,615,0,11,9,0
Felucca,1792,640,0,16,11,0
Felucca,1857,640,0,11,11,0
Felucca,1837,642,0,11,18,0
Felucca,1885,645,0,11,9,0
Felucca,1794,651,0,10,21,0
Felucca,1825,651,0,11,15,0
Felucca,1853,660,0,11,24,0
Felucca,1829,669,0,11,15,0
Felucca,1793,678,0,11,14,0
Felucca,1840,678,0,12,10,0
Felucca,1829,684,0,9,9,0
Felucca,1792,692,0,12,13,0
Felucca,1825,693,0,11,9,0
Felucca,1882,699,0,10,9,0
Felucca,1792,705,0,11,27,0
Felucca,1857,705,0,11,9,0
Felucca,1837,714,0,15,9,0
Felucca,1885,732,0,11,9,0
Felucca,1795,743,0,9,16,0
Felucca,1905,747,0,10,12,0
Felucca,1798,777,0,10,11,0
Felucca,1845,777,0,11,9,0
Felucca,1829,786,0,15,12,0
Felucca,1808,787,0,9,23,0
Felucca,1845,789,0,11,13,0
Felucca,1865,792,0,15,12,0
Felucca,1881,795,0,11,39,0
Felucca,1897,795,0,11,41,0
Felucca,1909,795,0,11,9,0
Felucca,1860,809,-1,14,56,0
Felucca,1849,813,-1,10,52,0
Felucca,1839,816,-1,9,51,0
Felucca,1908,831,-1,11,43,0
Felucca,1823,832,-1,12,50,0
Felucca,1874,834,3,23,20,0
Felucca,1881,854,-1,17,22,0
Felucca,1814,856,-1,9,9,0
Felucca,1903,874,7,11,22,0
Felucca,1879,876,7,10,20,0
Felucca,1870,880,-1,9,16,0
Felucca,1836,881,6,16,15,0
Felucca,1823,882,-1,10,14,0
Felucca,1817,896,-1,13,12,0
Felucca,1851,896,-1,29,21,0
Felucca,1910,896,7,10,21,0
Felucca,1886,899,-1,9,58,0
Felucca,1895,909,-1,11,55,0
Felucca,1856,917,-1,23,9,0
Felucca,1908,918,7,10,45,0
Felucca,1857,926,-1,9,41,0
Felucca,1877,932,7,9,23,0
Felucca,1847,934,-1,10,14,0
Felucca,1827,937,-1,12,32,0
Felucca,1868,939,-1,9,19,0
Felucca,1818,955,-1,9,11,0
Felucca,1910,993,0,10,31,0
Felucca,1891,995,0,9,29,0
Felucca,1881,997,0,10,27,0
Felucca,1900,997,0,10,27,0
Felucca,1871,1002,0,10,11,0
Felucca,1850,1008,0,11,16,0
Felucca,1838,1013,0,12,11,0
Felucca,1864,1013,0,10,11,0
Felucca,1825,1024,0,95,10,0
Felucca,1826,1034,0,12,21,0
Felucca,1840,1034,0,9,115,0
Felucca,1849,1034,0,23,10,0
Felucca,1897,1034,0,23,10,0
Felucca,1851,1044,0,13,14,0
Felucca,1905,1044,0,15,21,0
Felucca,1822,1056,0,10,9,0
Felucca,1849,1058,0,11,15,0
Felucca,1893,1059,0,11,12,0
Felucca,1822,1065,0,9,27,0
Felucca,1909,1065,0,11,33,0
Felucca,1831,1068,0,9,30,0
Felucca,1851,1075,0,13,27,0
Felucca,1822,1092,0,9,30,0
Felucca,1865,1098,0,11,34,0
Felucca,1831,1099,0,9,16,0
Felucca,1849,1102,0,10,50,0
Felucca,1909,1106,0,10,46,0
Felucca,1831,1116,0,9,12,0
Felucca,1876,1116,0,12,32,0
Felucca,1889,1119,0,9,24,0
Felucca,1900,1123,0,9,13,0
Felucca,1859,1132,0,11,20,0
Felucca,1860,1152,0,24,9,0
Felucca,1849,1161,0,11,9,0
Felucca,1861,1161,0,31,9,0
Felucca,1865,1170,0,29,9,0
Felucca,1902,1173,0,10,28,0
Felucca,1869,1179,0,11,12,0
Felucca,1881,1179,0,21,20,0
Felucca,1845,1182,0,11,9,0
Felucca,1857,1188,0,11,9,0
Felucca,1845,1197,0,15,9,0
Felucca,1869,1200,0,11,9,0
Felucca,1893,1206,0,27,9,0
Felucca,1837,1209,0,11,9,0
Felucca,1865,1212,0,11,9,0
Felucca,1901,1215,0,11,9,0
Felucca,1845,1221,0,11,9,0
Felucca,1909,1224,0,11,9,0
Felucca,1889,1245,0,11,12,0
Felucca,1797,1248,0,11,9,0
Felucca,1870,1251,0,10,9,0
Felucca,1881,1257,0,11,9,0
Felucca,1803,1281,0,9,9,2101003
Felucca,1879,1284,0,9,9,2101003
Felucca,1793,1287,0,10,12,2101003
Felucca,1845,1293,0,11,9,2101003
Felucca,1869,1305,0,11,9,2101003
Felucca,1893,1305,0,11,9,2101003
Felucca,1905,1320,0,11,9,2101003
Felucca,1843,1323,0,9,9,2101003
Felucca,1882,1326,0,10,9,2101003
Felucca,1853,1329,0,11,9,2101003
Felucca,1793,1332,0,11,9,2101003
Felucca,1810,1332,0,10,9,2101003
Felucca,1901,1353,0,11,9,2101003
Felucca,1878,1362,0,10,9,2101003
Felucca,1889,1362,0,11,9,2101003
Felucca,1841,1368,0,11,9,2101003
Felucca,1805,1377,0,11,12,2101003
Felucca,1845,1380,0,9,9,2101003
Felucca,1821,1389,0,11,9,2101003
Felucca,1857,1389,0,11,9,2101003
Felucca,1885,1389,0,15,16,2101003
Felucca,1900,1392,0,12,11,2101003
Felucca,1875,1398,0,10,10,2101003
Felucca,1869,1408,0,13,18,2101003
Felucca,1801,1413,0,11,9,2101003
Felucca,1805,1422,0,11,9,2101003
Felucca,1869,1426,0,12,57,2101003
Felucca,1853,1443,0,16,9,2101003
Felucca,1858,1459,0,11,38,2101003
Felucca,1881,1460,0,10,24,2101003
Felucca,1891,1467,0,9,18,2101003
Felucca,1869,1483,0,11,10,2101003
Felucca,1882,1484,0,9,26,2101003
Felucca,1849,1485,0,9,51,2101003
Felucca,1869,1493,0,12,31,2101003
Felucca,1858,1498,0,11,11,2101003
Felucca,1797,1503,0,11,12,2101003
Felucca,1858,1509,0,11,16,2101003
Felucca,1883,1510,0,13,17,2101003
Felucca,1837,1518,0,12,9,2101003
Felucca,1793,1524,0,11,9,2101003
Felucca,1869,1524,0,14,12,2101003
Felucca,1858,1525,0,9,11,2101003
Felucca,1838,1527,0,11,9,2101003
Felucca,1894,1527,0,10,9,2101003
Felucca,1844,1536,0,46,9,2101003
Felucca,1892,1536,0,12,16,2101003
Felucca,1809,1542,0,11,12,2101003
Felucca,1861,1545,0,23,17,2101003
Felucca,1797,1548,0,12,12,2101003
Felucca,1884,1552,0,12,11,2101003
Felucca,1868,2057,2,26,31,0
Felucca,1856,2058,-2,12,36,0
Felucca,1894,2060,0,9,19,0
Felucca,1845,2063,2,11,36,0
Felucca,1903,2063,0,9,16,0
Felucca,1836,2072,1,9,19,0
Felucca,1872,2088,0,23,15,0
Felucca,1911,2097,0,9,35,0
Felucca,1895,2101,0,15,36,0
Felucca,1886,2121,-2,9,18,0
Felucca,1811,2138,-2,9,16,0
Felucca,1905,2141,0,10,9,0
Felucca,1802,2146,-1,9,30,0
Felucca,1792,2163,0,10,13,0
Felucca,1792,2176,0,20,15,0
Felucca,1801,2191,0,9,49,0
Felucca,1792,2195,0,9,11,0
Felucca,1841,2201,2,9,41,0
Felucca,1792,2207,0,9,45,0
Felucca,1831,2218,0,10,28,0
Felucca,1811,2228,0,12,32,0
Felucca,1801,2240,0,10,16,0
Felucca,1881,2241,-1,9,22,0
Felucca,1842,2242,0,11,9,0
Felucca,1833,2246,0,9,10,0
Felucca,1792,2252,0,9,52,0
Felucca,1847,2252,0,9,9,0
Felucca,1857,2252,-1,10,11,0
Felucca,1823,2253,0,10,10,0
Felucca,1837,2256,0,10,20,0
Felucca,1803,2260,0,16,17,0
Felucca,1847,2261,0,10,32,0
Felucca,1866,2265,0,12,12,0
Felucca,1857,2266,0,9,9,0
Felucca,1822,2270,0,14,11,0
Felucca,1858,2278,0,14,14,0
Felucca,1902,2282,0,9,12,0
Felucca,1812,2283,0,9,10,0
Felucca,1829,2283,0,9,15,0
Felucca,1911,2284,0,9,16,0
Felucca,1886,2285,0,9,13,0
Felucca,1803,2291,0,9,13,0
Felucca,1861,2292,0,12,10,0
Felucca,1792,2304,0,11,50,0
Felucca,1855,2304,0,15,15,0
Felucca,1876,2304,0,13,11,0
Felucca,1821,2305,0,9,15,0
Felucca,1841,2305,0,9,10,0
Felucca,1804,2307,0,9,9,0
Felucca,1830,2314,0,9,14,0
Felucca,1845,2315,0,10,10,0
Felucca,1882,2315,0,9,14,0
Felucca,1896,2316,0,10,10,0
Felucca,1862,2319,0,10,11,0
Felucca,1808,2320,0,13,10,0
Felucca,1828,2328,0,9,11,0
Felucca,1840,2328,0,9,13,0
Felucca,1803,2330,0,9,75,0
Felucca,1859,2330,0,9,11,0
Felucca,1895,2333,0,9,13,0
Felucca,1886,2337,0,9,12,0
Felucca,1850,2339,0,9,15,0
Felucca,1826,2342,0,9,33,0
Felucca,1898,2346,0,13,13,0
Felucca,1870,2347,0,10,10,0
Felucca,1839,2348,0,11,14,0
Felucca,1880,2349,0,9,24,0
Felucca,1889,2353,0,9,15,0
Felucca,1793,2354,0,10,11,0
Felucca,1860,2354,0,9,9,0
Felucca,1856,2363,0,10,15,0
Felucca,1792,2365,0,10,11,0
Felucca,1835,2366,0,11,10,0
Felucca,1893,2370,0,11,10,0
Felucca,1812,2372,0,9,9,0
Felucca,1846,2372,0,10,12,0
Felucca,1904,2373,0,10,12,0
Felucca,1792,2376,0,11,21,0
Felucca,1834,2376,0,12,10,0
Felucca,1866,2377,0,14,9,0
Felucca,1812,2381,0,10,23,0
Felucca,1856,2383,0,10,9,0
Felucca,1837,2386,0,15,11,0
Felucca,1871,2387,0,10,10,0
Felucca,1892,2388,0,10,14,0
Felucca,1903,2390,0,11,9,0
Felucca,1822,2393,0,11,13,0
Felucca,1860,2393,0,11,9,0
Felucca,1792,2397,0,11,26,0
Felucca,1841,2397,0,9,11,0
Felucca,1905,2399,0,15,33,0
Felucca,1867,2402,0,9,16,0
Felucca,1878,2403,0,17,9,0
Felucca,1896,2405,0,9,12,0
Felucca,1850,2406,0,9,16,0
Felucca,1877,2413,0,11,10,0
Felucca,1803,2415,0,10,17,0
Felucca,1892,2417,0,13,11,0
Felucca,1867,2418,0,10,14,0
Felucca,1853,2423,0,10,9,0
Felucca,1792,2432,0,12,84,0
Felucca,1805,2432,0,37,21,0
Felucca,1889,2432,0,10,14,0
Felucca,1875,2433,0,9,12,0
Felucca,1855,2434,0,10,11,0
Felucca,1843,2442,0,9,9,0
Felucca,1854,2446,0,11,12,0
Felucca,1882,2446,0,9,9,0
Felucca,1842,2451,0,11,13,0
Felucca,1866,2452,0,11,69,0
Felucca,1814,2453,0,28,11,0
Felucca,1804,2455,0,10,35,0
Felucca,1878,2455,0,11,62,0
Felucca,1853,2458,0,9,29,0
Felucca,1818,2464,0,12,86,0
Felucca,1832,2464,0,12,24,0
Felucca,1844,2465,0,9,61,0
Felucca,1889,2480,0,10,16,0
Felucca,1853,2487,0,9,39,0
Felucca,1830,2488,0,14,48,0
Felucca,1899,2489,0,9,22,0
Felucca,1889,2496,0,10,17,0
Felucca,1807,2499,0,10,61,0
Felucca,1792,2516,0,15,22,0
Felucca,1847,2526,0,11,9,0
Felucca,1830,2536,0,17,9,0
Felucca,1794,2538,0,9,9,0
Felucca,1792,2547,0,15,9,0
Felucca,1817,2550,0,15,10,0
Felucca,1870,2599,0,9,10,0
Felucca,1792,2617,0,9,23,0
Felucca,1870,2622,0,10,9,0
Felucca,1792,2640,0,9,25,0
Felucca,1801,2642,0,12,11,0
Felucca,1841,2649,2,9,10,0
Felucca,1802,2654,0,9,27,0
Felucca,1793,2665,0,9,15,0
Felucca,1793,2948,0,10,17,0
Felucca,1804,2954,0,9,10,0
Felucca,1851,2954,5,14,38,0
Felucca,1893,2955,0,12,14,0
Felucca,1868,2956,0,21,17,0
Felucca,1911,2956,0,9,19,0
Felucca,1792,2965,0,9,46,0
Felucca,1897,2971,0,13,12,0
Felucca,1865,2973,7,18,9,0
Felucca,1885,2973,0,10,22,0
Felucca,1839,2975,5,10,29,0
Felucca,1806,2991,0,9,13,0
Felucca,1822,2996,3,11,14,0
Felucca,1803,3004,0,12,12,0
Felucca,1845,3006,0,9,9,0
Felucca,1815,3010,3,14,49,0
Felucca,1792,3011,0,10,27,0
Felucca,1878,3014,-2,11,10,0
Felucca,1804,3018,0,11,45,0
Felucca,1829,3025,0,10,11,0
Felucca,1882,3028,0,9,11,0
Felucca,1891,3037,0,9,9,0
Felucca,1907,3037,0,10,9,0
Felucca,1882,3044,0,9,9,0
Felucca,1792,3045,0,9,27,0
Felucca,1843,3048,1,9,10,0
Felucca,1864,3050,0,9,9,0
Felucca,1866,3059,0,9,13,0
Felucca,1819,3072,0,17,15,0
Felucca,1869,3075,0,11,9,0
Felucca,1837,3084,0,15,11,0
Felucca,1828,3087,0,9,34,0
Felucca,1792,3088,0,18,45,0
Felucca,1853,3093,0,11,24,0
Felucca,1865,3093,0,10,20,0
Felucca,1887,3093,0,9,51,0
Felucca,1906,3093,0,14,39,0
Felucca,1843,3095,0,10,35,0
Felucca,1896,3097,0,9,19,0
Felucca,1876,3099,0,11,34,0
Felucca,1896,3116,0,10,28,0
Felucca,1906,3132,0,14,14,0
Felucca,1792,3133,0,10,18,0
Felucca,1911,3150,2,9,14,0
Felucca,1800,3151,0,9,37,0
Felucca,1810,3176,0,10,15,0
Felucca,1792,3188,0,11,12,0
Felucca,1803,3191,0,13,9,0
Felucca,1817,3191,0,11,9,0
Felucca,1807,3200,0,30,15,2109003
Felucca,1798,3204,0,9,46,2109003
Felucca,1849,3210,0,21,19,2109003
Felucca,1837,3212,0,12,16,2109003
Felucca,1807,3215,0,9,47,2109003
Felucca,1816,3215,0,13,13,2109003
Felucca,1885,3215,0,9,22,2109003
Felucca,1822,3228,0,12,17,2109003
Felucca,1899,3229,0,9,10,2109003
Felucca,1870,3230,9,9,19,2109003
Felucca,1798,3251,0,9,54,2109003
Felucca,1809,3268,3,11,13,2109003
Felucca,1854,3275,3,11,15,2109003
Felucca,1844,3283,0,10,17,2109003
Felucca,1807,3285,0,13,20,2109003
Felucca,1875,3285,0,9,27,2109003
Felucca,1865,3288,0,10,14,2109003
Felucca,1884,3297,0,13,13,2109003
Felucca,1792,3305,0,10,19,2109003
Felucca,1911,3413,0,9,17,2109002
Felucca,1851,3416,10,14,9,2109002
Felucca,1849,3425,10,9,10,2109002
Felucca,1903,3430,0,16,15,2109002
Felucca,1818,3433,9,17,14,2109002
Felucca,1847,3435,10,11,16,2109002
Felucca,1898,3445,0,22,11,2109002
Felucca,1893,3456,0,13,12,2109002
Felucca,1907,3456,0,12,16,2109002
Felucca,1887,3468,0,16,16,2109002
Felucca,1874,3487,0,9,11,2109002
Felucca,1813,3490,0,9,22,2109002
Felucca,1792,3493,0,21,17,2109002
Felucca,1824,3496,0,10,16,2109002
Felucca,1840,3496,0,13,18,2109002
Felucca,1853,3498,0,13,14,2109002
Felucca,2026,23,0,12,48,0
Felucca,1959,35,4,9,16,0
Felucca,1968,35,1,9,13,0
Felucca,1987,39,4,10,9,0
Felucca,1950,46,2,9,11,0
Felucca,1993,48,4,10,10,0
Felucca,2038,49,0,9,32,0
Felucca,1941,55,1,9,9,0
Felucca,1922,59,1,19,12,0
Felucca,2024,71,0,9,37,0
Felucca,1929,84,2,15,9,0
Felucca,2034,86,3,14,12,0
Felucca,1933,93,3,15,11,0
Felucca,2036,98,3,12,16,0
Felucca,1991,102,7,9,26,0
Felucca,2015,103,4,9,25,0
Felucca,1943,105,4,9,9,0
Felucca,2024,108,1,12,12,0
Felucca,1961,110,8,11,18,0
Felucca,1952,112,4,9,11,0
Felucca,1975,114,8,11,14,0
Felucca,1969,128,4,10,40,0
Felucca,1980,128,4,17,25,0
Felucca,1998,128,1,18,10,0
Felucca,1959,149,-1,10,28,0
Felucca,1947,152,1,9,34,0
Felucca,1979,153,0,13,10,0
Felucca,1937,154,0,10,35,0
Felucca,1920,159,0,17,12,0
Felucca,1921,171,0,9,42,0
Felucca,1973,171,0,11,9,0
Felucca,1941,204,0,9,11,0
Felucca,1929,342,0,10,42,0
Felucca,1939,352,0,21,23,0
Felucca,2005,352,0,24,14,0
Felucca,1920,365,0,9,15,0
Felucca,2013,366,0,25,9,0
Felucca,1939,375,0,9,9,0
Felucca,2005,375,0,9,9,0
Felucca,2015,375,0,27,9,0
Felucca,1924,384,0,24,14,0
Felucca,2017,384,0,26,9,0
Felucca,1969,387,1,11,9,0
Felucca,2021,393,0,27,24,0
Felucca,1926,398,0,18,57,0
Felucca,1961,408,0,11,11,0
Felucca,1973,411,0,11,13,0
Felucca,1985,411,0,11,9,0
Felucca,2006,411,0,10,15,0
Felucca,1997,414,0,9,12,0
Felucca,1984,420,0,11,9,0
Felucca,1927,455,0,11,9,0
Felucca,2038,485,-1,10,27,0
Felucca,2034,512,0,14,10,0
Felucca,2023,517,0,9,75,0
Felucca,1920,522,0,9,18,0
Felucca,2032,522,0,16,18,0
Felucca,1969,531,0,10,30,0
Felucca,1934,533,0,9,34,0
Felucca,1979,537,0,9,19,0
Felucca,1925,540,0,9,15,0
Felucca,2034,540,0,10,18,0
Felucca,1949,543,0,20,9,0
Felucca,2014,548,2,9,25,0
Felucca,1957,552,0,12,9,0
Felucca,2005,554,-1,9,37,0
Felucca,1925,558,0,9,9,0
Felucca,1996,560,-2,9,13,0
Felucca,1943,564,0,9,9,0
Felucca,2014,573,0,9,21,0
Felucca,1993,576,0,10,9,0
Felucca,1929,579,0,11,9,0
Felucca,2033,579,0,11,21,0
Felucca,2024,593,0,9,10,0
Felucca,1997,594,0,11,9,0
Felucca,2013,597,0,11,12,0
Felucca,1933,603,0,10,11,0
Felucca,1985,606,0,15,9,0
Felucca,2013,609,0,15,24,0
Felucca,1961,612,0,11,9,0
Felucca,1951,616,0,9,11,0
Felucca,1921,618,0,11,9,0
Felucca,2029,618,0,11,22,0
Felucca,1997,621,0,16,19,0
Felucca,1973,624,0,9,12,0
Felucca,1993,640,0,15,11,0
Felucca,2021,640,0,23,13,0
Felucca,1985,651,0,11,9,0
Felucca,2017,653,0,10,13,0
Felucca,2028,653,0,12,13,0
Felucca,2001,660,0,11,9,0
Felucca,1961,666,0,11,12,0
Felucca,2029,669,0,11,9,0
Felucca,2029,678,0,11,15,0
Felucca,1961,681,0,11,9,0
Felucca,2009,681,0,11,9,0
Felucca,1993,684,0,11,9,0
Felucca,2013,690,0,15,38,0
Felucca,1953,693,0,11,9,0
Felucca,1973,693,0,11,9,0
Felucca,1938,705,0,10,9,0
Felucca,1993,708,0,11,15,0
Felucca,2029,717,0,11,51,0
Felucca,1973,726,0,11,12,0
Felucca,2020,728,0,9,10,0
Felucca,1961,735,0,11,12,0
Felucca,1993,735,0,11,12,0
Felucca,1949,751,0,10,17,0
Felucca,1959,755,0,9,13,0
Felucca,1998,756,0,11,12,0
Felucca,1945,768,0,35,9,0
Felucca,1989,768,0,9,45,0
Felucca,1999,768,0,17,11,0
Felucca,2029,768,0,19,12,0
Felucca,1953,777,0,15,9,0
Felucca,1998,779,0,18,27,0
Felucca,1973,780,0,11,25,0
Felucca,2028,780,0,9,9,0
Felucca,1921,792,0,11,17,0
Felucca,1941,792,0,15,16,0
Felucca,2016,793,0,10,30,0
Felucca,1957,795,0,11,20,0
Felucca,2026,796,0,10,51,0
Felucca,1998,806,0,15,78,0
Felucca,1975,807,0,14,89,0
Felucca,1943,808,-1,14,9,0
Felucca,1989,814,0,9,82,0
Felucca,2036,814,0,12,33,0
Felucca,1945,817,-1,9,54,0
Felucca,2013,823,0,10,47,0
Felucca,1928,837,7,13,43,0
Felucca,1948,871,-1,11,25,0
Felucca,2037,873,0,11,13,0
Felucca,1959,878,7,16,18,0
Felucca,1920,880,7,16,16,0
Felucca,1922,896,7,12,59,0
Felucca,1934,896,-1,11,11,0
Felucca,1959,896,7,9,27,0
Felucca,1969,896,-1,10,21,0
Felucca,1980,896,7,9,9,0
Felucca,2038,896,0,10,19,0
Felucca,1944,907,7,12,25,0
Felucca,2029,914,0,9,10,0
Felucca,2038,915,0,10,9,0
Felucca,2004,917,0,10,19,0
Felucca,1995,921,0,9,16,0
Felucca,2024,930,0,9,21,0
Felucca,1986,931,0,9,15,0
Felucca,1938,932,7,12,10,0
Felucca,1996,939,0,12,11,0
Felucca,2011,940,0,9,24,0
Felucca,1979,946,0,9,21,0
Felucca,1990,952,0,9,9,0
Felucca,2001,952,0,9,10,0
Felucca,1970,957,0,9,15,0
Felucca,2038,957,0,10,14,0
Felucca,1961,962,0,9,15,0
Felucca,2027,962,0,10,10,0
Felucca,1982,967,0,10,12,0
Felucca,1998,970,0,16,9,0
Felucca,2020,972,0,12,12,0
Felucca,1951,974,0,9,50,0
Felucca,2034,975,0,12,11,0
Felucca,1962,977,0,12,21,0
Felucca,1987,979,0,9,11,0
Felucca,1942,980,0,9,34,0
Felucca,1982,990,0,11,10,0
Felucca,1933,992,0,9,26,0
Felucca,1960,998,0,10,11,0
Felucca,1920,999,0,9,22,0
Felucca,2010,999,0,9,9,0
Felucca,1990,1000,0,9,15,0
Felucca,2021,1000,0,9,13,0
Felucca,2039,1007,0,9,9,0
Felucca,1999,1010,0,12,10,0
Felucca,1970,1011,0,10,13,0
Felucca,2030,1011,0,9,13,0
Felucca,1942,1015,0,9,9,0
Felucca,1920,1024,0,40,11,0
Felucca,1976,1024,0,11,9,0
Felucca,2021,1024,0,10,17,0
Felucca,1998,1026,0,14,9,0
Felucca,1962,1029,0,14,12,0
Felucca,2037,1029,0,10,19,0
Felucca,1976,1034,0,9,18,0
Felucca,1921,1035,0,9,79,0
Felucca,1931,1035,0,25,59,0
Felucca,1998,1035,0,13,14,0
Felucca,1956,1041,0,11,30,0
Felucca,2011,1041,0,12,12,0
Felucca,2026,1044,0,10,11,0
Felucca,1967,1047,0,9,32,0
Felucca,2037,1051,0,11,12,0
Felucca,1979,1054,0,9,26,0
Felucca,1990,1055,0,11,9,0
Felucca,2002,1056,0,9,11,0
Felucca,2011,1063,0,12,9,0
Felucca,2029,1069,0,10,14,0
Felucca,1996,1070,0,10,37,0
Felucca,1956,1074,0,10,31,0
Felucca,2010,1075,0,11,25,0
Felucca,1969,1080,0,14,15,0
Felucca,2021,1083,0,13,27,0
Felucca,2035,1089,0,9,21,0
Felucca,1930,1094,0,16,12,0
Felucca,1946,1097,0,10,11,0
Felucca,1987,1098,0,9,54,0
Felucca,2006,1100,0,10,52,0
Felucca,1971,1108,0,11,21,0
Felucca,1997,1108,0,9,44,0
Felucca,1961,1111,0,10,38,0
Felucca,1952,1114,0,9,9,0
Felucca,1943,1116,0,9,12,0
Felucca,1930,1120,0,13,24,0
Felucca,1952,1124,0,9,25,0
Felucca,1943,1128,0,9,24,0
Felucca,1971,1129,0,13,13,0
Felucca,1971,1142,0,16,10,0
Felucca,1982,1152,0,35,23,0
Felucca,2017,1168,0,9,31,0
Felucca,2027,1173,0,9,18,0
Felucca,1981,1175,0,13,18,0
Felucca,1995,1175,0,9,97,0
Felucca,2004,1175,0,13,22,0
Felucca,2037,1176,0,11,14,0
Felucca,1969,1188,0,12,45,0
Felucca,2036,1190,0,12,12,0
Felucca,1938,1191,0,9,13,0
Felucca,1953,1191,0,11,36,0
Felucca,2026,1191,0,10,88,0
Felucca,1984,1193,0,11,46,0
Felucca,2004,1197,0,13,16,0
Felucca,1928,1198,0,10,23,0
Felucca,2017,1200,0,9,16,0
Felucca,2037,1202,0,11,70,0
Felucca,1941,1204,0,12,12,0
Felucca,1938,1216,0,9,11,0
Felucca,2009,1217,0,17,43,0
Felucca,1921,1221,0,11,9,0
Felucca,1961,1233,0,11,9,0
Felucca,1977,1239,0,12,12,0
Felucca,1977,1251,0,15,12,0
Felucca,2007,1263,0,13,14,0
Felucca,1921,1266,0,11,9,0
Felucca,2005,1280,0,37,14,0
Felucca,1937,1287,0,11,12,0
Felucca,1921,1293,0,11,9,0
Felucca,2001,1294,0,35,11,0
Felucca,2037,1294,0,11,10,0
Felucca,1954,1296,0,10,9,0
Felucca,1934,1305,0,10,9,0
Felucca,2009,1305,0,17,26,0
Felucca,1923,1323,0,9,9,0
Felucca,2001,1331,0,16,36,0
Felucca,1961,1332,0,11,9,0
Felucca,2017,1332,0,9,9,0
Felucca,1937,1335,0,11,9,0
Felucca,1989,1342,0,12,12,0
Felucca,1933,1347,0,11,9,0
Felucca,1933,1356,0,11,9,0
Felucca,1989,1356,0,12,9,0
Felucca,1989,1365,0,11,24,0
Felucca,2003,1367,0,11,12,0
Felucca,1921,1368,0,11,9,0
Felucca,1941,1389,0,11,11,0
Felucca,1996,1389,0,12,19,0
Felucca,1920,1408,0,12,10,0
Felucca,1997,1408,0,11,38,0
Felucca,1936,1419,0,12,9,0
Felucca,1977,1428,0,11,9,0
Felucca,1949,1431,0,11,9,0
Felucca,1961,1434,0,11,14,0
Felucca,1988,1435,0,9,17,0
Felucca,1973,1440,0,15,19,0
Felucca,1988,1452,0,9,29,0
Felucca,1972,1459,0,16,17,0
Felucca,1962,1469,0,10,40,0
Felucca,1985,1481,0,17,13,0
Felucca,1953,1486,3,9,38,0
Felucca,1987,1494,0,14,12,0
Felucca,1977,1503,0,10,9,0
Felucca,1989,1506,0,14,9,0
Felucca,1962,1515,0,10,21,0
Felucca,2001,1515,0,10,12,0
Felucca,2013,1525,0,9,11,0
Felucca,1973,1527,0,11,9,0
Felucca,1993,1527,0,11,9,0
Felucca,1967,1536,0,40,9,0
Felucca,2010,1536,0,11,18,0
Felucca,1975,1545,0,35,9,0
Felucca,1985,1554,0,20,9,0
Felucca,2030,1920,-1,15,9,0
Felucca,2021,1925,-1,9,10,0
Felucca,2017,1935,0,11,12,0
Felucca,2021,1948,0,11,9,0
Felucca,2036,1967,0,12,9,0
Felucca,2039,1986,2,9,48,0
Felucca,2027,1990,-2,12,41,0
Felucca,2017,1992,-1,10,12,0
Felucca,2007,1994,-1,10,17,0
Felucca,2017,2004,0,10,20,0
Felucca,1920,2063,0,9,18,0
Felucca,1932,2063,-1,19,41,0
Felucca,1968,2070,0,10,29,0
Felucca,1958,2072,0,10,17,0
Felucca,1923,2081,0,9,27,0
Felucca,1951,2089,0,15,15,0
Felucca,1920,2113,0,16,13,0
Felucca,1925,2126,0,9,9,0
Felucca,2034,2139,-1,14,30,0
Felucca,2012,2162,0,11,11,0
Felucca,2020,2176,0,25,9,0
Felucca,1922,2179,0,9,14,0
Felucca,2031,2185,0,17,9,0
Felucca,1931,2192,0,9,28,0
Felucca,1946,2206,0,9,25,0
Felucca,1955,2214,0,12,23,0
Felucca,1967,2219,0,10,36,0
Felucca,1977,2223,0,9,50,0
Felucca,1986,2229,0,10,47,0
Felucca,1996,2234,0,9,27,0
Felucca,2005,2239,0,10,14,0
Felucca,1968,2259,0,9,21,0
Felucca,1925,2269,-3,10,9,0
Felucca,1995,2276,0,9,11,0
Felucca,1937,2278,0,12,9,0
Felucca,1950,2280,0,11,10,0
Felucca,1962,2280,0,9,18,0
Felucca,2023,2284,0,11,15,0
Felucca,1939,2287,0,11,9,0
Felucca,1971,2287,0,16,12,0
Felucca,1930,2289,0,9,11,0
Felucca,1993,2291,0,9,12,0
Felucca,2034,2291,0,12,12,0
Felucca,2005,2294,0,9,10,0
Felucca,1920,2295,0,10,9,0
Felucca,1958,2304,0,10,9,0
Felucca,1970,2304,0,12,10,0
Felucca,2031,2304,0,17,11,0
Felucca,2006,2305,0,11,16,0
Felucca,1940,2307,0,9,15,0
Felucca,1921,2310,0,10,9,0
Felucca,1982,2312,0,11,12,0
Felucca,1950,2313,0,10,11,0
Felucca,1995,2313,0,9,15,0
Felucca,1931,2314,0,9,19,0
Felucca,1960,2314,0,9,11,0
Felucca,1971,2314,0,11,11,0
Felucca,2028,2318,0,9,9,0
Felucca,2006,2321,0,16,10,0
Felucca,2037,2324,0,9,11,0
Felucca,1967,2329,0,10,11,0
Felucca,1989,2330,0,13,14,0
Felucca,2022,2332,0,12,10,0
Felucca,1928,2334,0,14,11,0
Felucca,2002,2334,0,9,11,0
Felucca,1977,2337,0,11,11,0
Felucca,2034,2337,0,9,15,0
Felucca,1960,2340,0,11,12,0
Felucca,1930,2345,0,16,21,0
Felucca,2003,2345,0,12,28,0
Felucca,1972,2349,0,15,15,0
Felucca,1989,2350,0,14,18,0
Felucca,1921,2351,0,9,9,0
Felucca,2036,2355,0,9,12,0
Felucca,2025,2356,0,10,9,0
Felucca,1948,2357,0,10,21,0
Felucca,1959,2357,0,12,9,0
Felucca,1934,2366,0,14,10,0
Felucca,1921,2367,0,10,10,0
Felucca,1990,2368,0,13,24,0
Felucca,1932,2376,0,14,15,0
Felucca,1920,2377,0,9,14,0
Felucca,1920,2391,0,10,9,0
Felucca,1935,2944,6,11,30,2106003
Felucca,1948,2944,0,17,10,2106003
Felucca,1926,2957,0,9,19,2106003
Felucca,1954,3017,-2,9,9,2106003
Felucca,1940,3021,0,9,13,2106003
Felucca,1930,3024,0,10,12,2106003
Felucca,1920,3033,0,10,10,2106003
Felucca,1934,3036,0,9,10,2106003
Felucca,2029,3045,12,9,10,2106003
Felucca,1934,3046,0,9,13,2106003
Felucca,1964,3052,15,15,9,2106003
Felucca,1954,3058,0,9,14,2106003
Felucca,1932,3059,0,12,10,2106003
Felucca,1945,3072,0,103,12,0
Felucca,1941,3084,0,79,16,0
Felucca,2020,3084,0,28,11,0
Felucca,2021,3095,0,27,23,0
Felucca,1921,3096,0,11,21,0
Felucca,1932,3100,0,22,23,0
Felucca,1955,3100,0,26,35,0
Felucca,1981,3100,0,12,13,0
Felucca,1994,3100,0,27,9,0
Felucca,1993,3109,0,16,24,0
Felucca,2009,3109,0,10,13,0
Felucca,1921,3117,0,11,16,0
Felucca,2030,3118,0,18,16,0
Felucca,1944,3131,2,9,12,0
Felucca,1957,3135,0,9,15,0
Felucca,1966,3136,0,9,9,0
Felucca,1934,3138,2,10,15,0
Felucca,1925,3148,2,9,16,0
Felucca,2018,3216,0,9,11,2109003
Felucca,2028,3226,0,9,11,2109003
Felucca,1986,3251,0,10,15,2109003
Felucca,2031,3259,0,12,9,2109003
Felucca,1961,3300,4,13,9,2109003
Felucca,1927,3383,7,10,20,2109002
Felucca,1962,3386,0,9,32,2109002
Felucca,1937,3387,10,9,10,2109002
Felucca,1972,3388,0,12,22,2109002
Felucca,2025,3388,0,17,11,2109002
Felucca,1952,3393,0,10,31,2109002
Felucca,1985,3396,0,10,14,2109002
Felucca,1942,3400,0,10,9,2109002
Felucca,1995,3406,0,16,9,2109002
Felucca,1937,3409,0,15,9,2109002
Felucca,2004,3415,0,15,9,2109002
Felucca,1938,3418,0,10,16,2109002
Felucca,1926,3425,0,12,11,2109002
Felucca,2008,3427,0,10,9,2109002
Felucca,1920,3436,0,11,12,2109002
Felucca,2011,3436,0,9,15,2109002
Felucca,2015,3457,0,12,10,2109002
Felucca,2017,3467,0,9,12,2109002
Felucca,2104,31,0,9,97,0
Felucca,2115,37,0,10,49,0
Felucca,2055,47,-2,9,10,0
Felucca,2125,52,0,9,16,0
Felucca,2054,57,0,9,9,0
Felucca,2048,66,2,9,32,0
Felucca,2127,68,0,12,26,0
Felucca,2057,70,0,9,9,0
Felucca,2057,79,0,12,14,0
Felucca,2113,86,0,10,22,0
Felucca,2057,93,0,9,24,0
Felucca,2066,93,0,9,10,0
Felucca,2123,94,0,9,12,0
Felucca,2093,96,-3,11,14,0
Felucca,2048,98,0,9,13,0
Felucca,2068,103,0,10,25,0
Felucca,2078,104,0,11,9,0
Felucca,2115,108,3,13,20,0
Felucca,2089,110,0,12,9,0
Felucca,2078,113,0,11,15,0
Felucca,2082,128,0,11,25,0
Felucca,2094,128,3,45,16,0
Felucca,2093,144,1,50,24,0
Felucca,2143,165,0,9,56,0
Felucca,2063,167,0,9,9,0
Felucca,2097,168,3,18,12,0
Felucca,2119,168,3,24,14,0
Felucca,2152,174,0,9,36,0
Felucca,2067,176,0,13,10,0
Felucca,2101,180,3,18,17,0
Felucca,2119,182,3,24,12,0
Felucca,2084,184,0,16,11,0
Felucca,2161,184,0,9,10,0
Felucca,2073,186,0,9,9,0
Felucca,2134,194,0,9,16,0
Felucca,2092,195,0,9,15,0
Felucca,2125,219,0,14,18,0
Felucca,2139,222,0,13,32,0
Felucca,2152,229,0,10,22,0
Felucca,2162,234,0,10,9,0
Felucca,2129,237,0,10,12,0
Felucca,2117,246,0,11,10,0
Felucca,2133,256,0,14,32,0
Felucca,2147,257,0,9,11,0
Felucca,2121,276,0,12,9,0
Felucca,2133,288,0,14,12,0
Felucca,2133,303,0,11,12,0
Felucca,2165,315,0,11,9,0
Felucca,2141,324,0,11,12,0
Felucca,2131,327,0,9,26,0
Felucca,2117,339,0,13,24,0
Felucca,2105,348,0,12,36,0
Felucca,2093,366,0,12,9,0
Felucca,2093,384,0,12,31,0
Felucca,2105,384,0,9,12,0
Felucca,2049,388,0,11,11,0
Felucca,2049,405,0,11,13,0
Felucca,2085,415,0,9,10,0
Felucca,2053,418,0,12,9,0
Felucca,2077,447,0,11,11,0
Felucca,2083,458,0,11,9,0
Felucca,2154,461,3,9,25,0
Felucca,2145,476,-1,9,36,0
Felucca,2163,484,0,13,23,0
Felucca,2136,486,2,9,25,0
Felucca,2154,486,0,9,26,0
Felucca,2048,493,0,9,19,0
Felucca,2057,496,0,10,16,0
Felucca,2117,498,-2,13,14,0
Felucca,2068,499,0,13,13,0
Felucca,2082,501,0,19,11,0
Felucca,2104,501,0,13,9,0
Felucca,2048,512,0,64,10,0
Felucca,2125,512,0,17,10,0
Felucca,2150,512,0,13,77,0
Felucca,2163,520,0,9,11,0
Felucca,2059,522,0,17,15,0
Felucca,2129,522,0,16,9,0
Felucca,2048,524,0,11,19,0
Felucca,2133,531,0,17,9,0
Felucca,2105,537,0,11,9,0
Felucca,2129,540,0,17,27,0
Felucca,2085,543,0,11,9,0
Felucca,2097,546,0,11,9,0
Felucca,2163,553,0,10,16,0
Felucca,2061,555,0,11,9,0
Felucca,2073,555,0,11,9,0
Felucca,2049,558,0,11,9,0
Felucca,2097,564,0,11,9,0
Felucca,2141,567,0,9,9,0
Felucca,2163,569,0,11,30,0
Felucca,2093,573,0,11,9,0
Felucca,2061,582,0,11,12,0
Felucca,2145,589,0,13,17,0
Felucca,2133,599,0,11,10,0
Felucca,2158,599,0,13,10,0
Felucca,2053,600,0,11,9,0
Felucca,2081,603,0,11,9,0
Felucca,2157,609,0,11,9,0
Felucca,2101,612,0,11,9,0
Felucca,2113,621,0,11,9,0
Felucca,2141,640,0,14,72,0
Felucca,2155,640,0,9,30,0
Felucca,2164,640,0,12,10,0
Felucca,2049,642,0,11,9,0
Felucca,2101,648,0,11,9,0
Felucca,2166,650,0,10,10,0
Felucca,2085,651,0,10,9,0
Felucca,2129,651,0,11,9,0
Felucca,2105,660,0,11,9,0
Felucca,2057,669,0,11,9,0
Felucca,2069,669,0,11,9,0
Felucca,2093,669,0,15,11,0
Felucca,2155,670,0,12,19,0
Felucca,2129,681,0,12,16,0
Felucca,2049,687,0,11,9,0
Felucca,2159,689,0,9,13,0
Felucca,2125,697,0,9,41,0
Felucca,2049,699,0,11,9,0
Felucca,2155,702,0,9,18,0
Felucca,2065,711,0,11,9,0
Felucca,2101,711,0,11,51,0
Felucca,2136,712,0,10,47,0
Felucca,2146,712,0,9,23,0
Felucca,2113,717,0,12,41,0
Felucca,2069,732,0,11,9,0
Felucca,2155,734,0,9,9,0
Felucca,2089,735,0,12,9,0
Felucca,2146,736,0,9,32,0
Felucca,2127,738,0,9,21,0
Felucca,2069,741,0,11,12,0
Felucca,2164,741,0,12,10,0
Felucca,2155,743,0,9,25,0
Felucca,2089,744,0,12,9,0
Felucca,2164,751,0,12,17,0
Felucca,2114,758,0,13,10,0
Felucca,2130,759,0,16,9,0
Felucca,2048,768,0,35,18,0
Felucca,2084,768,0,44,13,0
Felucca,2134,768,0,12,41,0
Felucca,2152,768,0,24,21,0
Felucca,2105,781,0,29,11,0
Felucca,2157,789,0,19,16,0
Felucca,2111,792,0,23,11,0
Felucca,2090,794,0,10,29,0
Felucca,2146,796,0,11,10,0
Felucca,2081,801,0,9,95,0
Felucca,2125,803,0,9,9,0
Felucca,2100,808,0,9,69,0
Felucca,2155,810,0,11,46,0
Felucca,2109,811,0,9,53,0
Felucca,2118,818,0,25,16,0
Felucca,2166,819,0,10,41,0
Felucca,2061,821,0,18,25,0
Felucca,2144,822,0,11,40,0
Felucca,2090,824,0,10,72,0
Felucca,2118,834,0,26,62,0
Felucca,2059,846,0,22,10,0
Felucca,2156,856,0,10,40,0
Felucca,2065,863,0,16,17,0
Felucca,2109,864,0,9,32,0
Felucca,2144,864,0,12,32,0
Felucca,2048,866,0,10,11,0
Felucca,2166,868,0,10,28,0
Felucca,2100,877,0,9,19,0
Felucca,2062,880,0,10,16,0
Felucca,2072,881,0,9,15,0
Felucca,2048,896,0,92,12,0
Felucca,2141,896,0,19,13,0
Felucca,2161,896,0,15,10,0
Felucca,2053,908,0,11,23,0
Felucca,2065,908,0,40,25,0
Felucca,2106,908,0,35,24,0
Felucca,2141,924,0,11,28,0
Felucca,2057,933,0,18,16,0
Felucca,2078,933,0,12,49,0
Felucca,2090,933,0,10,10,0
Felucca,2153,933,0,11,26,0
Felucca,2164,936,0,11,11,0
Felucca,2048,947,0,9,10,0
Felucca,2063,949,0,15,11,0
Felucca,2144,952,0,9,17,0
Felucca,2054,965,0,10,12,0
Felucca,2090,968,0,9,40,0
Felucca,2052,977,0,10,20,0
Felucca,2063,990,0,10,11,0
Felucca,2075,993,0,10,10,0
Felucca,2066,1001,0,9,9,0
Felucca,2076,1005,0,14,18,0
Felucca,2095,1008,0,9,9,0
Felucca,2051,1013,0,9,11,0
Felucca,2050,1024,0,12,14,0
Felucca,2063,1024,0,9,16,0
Felucca,2078,1024,0,9,27,0
Felucca,2069,1040,0,9,12,0
Felucca,2053,1050,0,9,14,0
Felucca,2071,1052,0,9,10,0
Felucca,2064,1062,0,9,13,0
Felucca,2048,1073,0,9,19,0
Felucca,2063,1077,0,9,10,0
Felucca,2072,1080,0,9,10,0
Felucca,2063,1087,0,9,19,0
Felucca,2048,1104,0,15,13,0
Felucca,2063,1152,2,28,18,0
Felucca,2054,1170,0,14,27,0
Felucca,2048,1197,0,10,18,0
Felucca,2058,1198,0,10,10,0
Felucca,2059,1208,0,9,72,0
Felucca,2048,1215,0,11,65,0
Felucca,2068,1223,0,10,11,0
Felucca,2078,1225,0,15,19,0
Felucca,2093,1227,0,12,14,0
Felucca,2068,1234,0,9,31,0
Felucca,2079,1256,0,9,13,0
Felucca,2068,1266,0,11,14,0
Felucca,2088,1267,0,9,13,0
Felucca,2048,1280,0,37,18,0
Felucca,2086,1280,0,10,11,0
Felucca,2048,1920,0,10,23,0
Felucca,2058,1924,0,10,13,0
Felucca,2111,1939,2,9,10,0
Felucca,2102,1945,-2,9,11,0
Felucca,2065,1947,0,11,10,0
Felucca,2127,1948,0,9,23,0
Felucca,2113,1949,0,11,10,0
Felucca,2085,1956,0,11,10,0
Felucca,2117,1959,0,10,9,0
Felucca,2117,1977,0,10,12,0
Felucca,2109,1995,0,9,10,0
Felucca,2049,1998,0,11,12,0
Felucca,2049,2010,0,15,21,0
Felucca,2064,2024,0,9,9,0
Felucca,2131,2055,0,12,17,0
Felucca,2118,2056,-1,10,20,0
Felucca,2094,2059,-2,14,14,0
Felucca,2143,2060,0,9,11,0
Felucca,2084,2062,-1,10,14,0
Felucca,2108,2063,0,10,10,0
Felucca,2075,2071,0,9,11,0
Felucca,2128,2072,0,9,16,0
Felucca,2066,2082,-1,10,9,0
Felucca,2137,2083,0,9,11,0
Felucca,2063,2091,0,9,36,0
Felucca,2149,2093,0,9,12,0
Felucca,2158,2102,0,9,13,0
Felucca,2167,2110,0,9,17,0
Felucca,2129,2115,0,11,9,0
Felucca,2054,2119,-2,9,17,0
Felucca,2089,2127,0,10,16,0
Felucca,2073,2130,0,11,9,0
Felucca,2099,2130,0,9,15,0
Felucca,2109,2136,0,10,20,0
Felucca,2073,2139,0,9,14,0
Felucca,2119,2139,0,9,12,0
Felucca,2133,2139,0,15,13,0
Felucca,2061,2151,0,10,10,0
Felucca,2148,2152,0,9,17,0
Felucca,2157,2157,0,11,19,0
Felucca,2056,2161,0,9,11,0
Felucca,2048,2176,0,16,20,0
Felucca,2153,2176,0,19,13,0
Felucca,2077,2254,-2,10,12,0
Felucca,2066,2261,2,11,27,0
Felucca,2147,2273,-2,10,10,0
Felucca,2137,2277,2,9,17,0
Felucca,2057,2278,0,9,10,0
Felucca,2128,2279,-1,9,19,0
Felucca,2094,2280,0,34,9,0
Felucca,2117,2289,0,11,15,0
Felucca,2048,2293,0,13,11,0
Felucca,2066,2294,0,10,10,0
Felucca,2093,2295,0,11,9,0
Felucca,2056,2304,0,13,14,0
Felucca,2072,2304,0,10,16,0
Felucca,2118,2304,0,16,13,0
Felucca,2089,2309,0,9,9,0
Felucca,2098,2311,0,12,32,0
Felucca,2118,2317,0,10,11,0
Felucca,2063,2318,0,9,17,0
Felucca,2089,2318,0,9,35,0
Felucca,2078,2320,0,9,12,0
Felucca,2124,2328,0,9,20,0
Felucca,2057,2335,0,23,11,0
Felucca,2053,2346,0,9,9,0
Felucca,2080,2349,0,9,9,0
Felucca,2063,2350,0,12,9,0
Felucca,2107,2355,0,9,38,0
Felucca,2096,2357,0,10,25,0
Felucca,2085,2358,0,10,24,0
Felucca,2116,2360,0,9,46,0
Felucca,2052,2364,0,15,9,0
Felucca,2070,2366,0,15,11,0
Felucca,2125,2377,0,10,23,0
Felucca,2101,2675,0,13,13,2106003
Felucca,2099,2688,0,9,10,2106002
Felucca,2113,2752,5,10,16,2106002
Felucca,2132,2780,0,15,12,2106002
Felucca,2095,3020,5,9,9,2106003
Felucca,2127,3072,0,9,32,0
Felucca,2049,3075,0,11,10,0
Felucca,2073,3078,0,12,33,0
Felucca,2145,3083,0,9,49,0
Felucca,2049,3085,0,10,50,0
Felucca,2059,3085,0,9,26,0
Felucca,2136,3085,0,9,55,0
Felucca,2118,3097,-2,9,58,0
Felucca,2085,3099,0,9,13,0
Felucca,2127,3104,0,9,42,0
Felucca,2154,3106,0,9,18,0
Felucca,2097,3107,0,16,23,0
Felucca,2065,3111,0,9,9,0
Felucca,2104,3168,0,9,30,0
Felucca,2097,3202,0,9,9,2109003
Felucca,2072,3203,0,9,23,2109003
Felucca,2081,3208,0,9,14,2109003
Felucca,2054,3214,0,9,9,2109003
Felucca,2061,3223,0,11,9,2109003
Felucca,2066,3293,0,11,11,2109003
Felucca,2056,3294,0,9,12,2109003
Felucca,2077,3302,0,10,13,2109003
Felucca,2096,3310,0,9,12,2109003
Felucca,2094,3346,0,13,14,2109003
Felucca,2083,3351,0,10,17,2109003
Felucca,2130,3371,10,9,23,2109003
Felucca,2120,3393,10,9,9,2109003
Felucca,2077,3400,0,9,16,2109003
Felucca,2048,3406,0,9,11,2109003
Felucca,2166,3407,0,10,11,2109003
Felucca,2152,3408,0,12,13,2109003
Felucca,2138,3418,0,14,38,2109003
Felucca,2078,3419,0,12,19,2109003
Felucca,2120,3424,0,9,14,2109003
Felucca,2129,3425,0,9,29,2109003
Felucca,2107,3430,0,13,14,2109003
Felucca,2120,3438,0,9,11,2109003
Felucca,2066,3551,0,9,21,2109003
Felucca,2064,3572,0,9,12,2109003
Felucca,2066,3593,0,9,9,2109003
Felucca,2121,3593,10,11,9,2109003
Felucca,2138,3593,0,9,14,2109003
Felucca,2075,3597,0,10,9,2109003
Felucca,2147,3601,0,9,15,2109003
Felucca,2088,3606,0,10,9,2109003
Felucca,2156,3610,0,9,17,2109003
Felucca,2107,3615,0,9,11,2109003
Felucca,2129,3908,0,10,14,2109003
Felucca,2139,3921,1,9,10,2109003
Felucca,2123,3922,3,16,9,2109003
Felucca,2163,3927,0,9,12,2109003
Felucca,2160,3939,3,11,9,2109003
Felucca,2117,3944,0,11,10,2109003
Felucca,2120,3954,0,11,14,2109003
Felucca,2156,3968,0,9,9,2109003
Felucca,2112,3987,2,10,10,2109003
Felucca,2144,3998,0,11,11,2109003
Felucca,2208,267,0,10,21,0
Felucca,2218,269,0,9,10,0
Felucca,2195,278,-2,9,13,0
Felucca,2181,309,0,13,11,0
Felucca,2242,352,2,9,19,0
Felucca,2233,360,2,9,11,0
Felucca,2227,371,0,13,11,0
Felucca,2264,387,0,9,9,0
Felucca,2243,395,0,10,10,0
Felucca,2244,405,0,10,21,0
Felucca,2273,409,0,9,20,0
Felucca,2239,429,3,11,11,0
Felucca,2269,429,0,9,9,0
Felucca,2230,439,2,9,15,0
Felucca,2221,452,1,9,11,0
Felucca,2212,462,2,9,13,0
Felucca,2203,472,1,9,10,0
Felucca,2194,479,2,9,22,0
Felucca,2176,484,0,18,24,0
Felucca,2244,512,0,20,11,0
Felucca,2231,516,2,13,36,0
Felucca,2244,523,0,16,10,0
Felucca,2222,544,2,9,15,0
Felucca,2275,545,2,9,9,0
Felucca,2267,554,-1,9,20,0
Felucca,2214,559,1,10,41,0
Felucca,2226,559,0,13,44,0
Felucca,2204,569,-1,10,10,0
Felucca,2258,571,2,9,25,0
Felucca,2240,573,0,18,30,0
Felucca,2194,576,-1,10,39,0
Felucca,2176,577,0,9,12,0
Felucca,2185,578,0,9,14,0
Felucca,2204,579,0,10,10,0
Felucca,2205,589,0,9,10,0
Felucca,2177,593,0,17,19,0
Felucca,2204,599,0,10,13,0
Felucca,2216,600,0,9,27,0
Felucca,2232,603,0,18,18,0
Felucca,2205,612,0,11,9,0
Felucca,2225,621,0,14,15,0
Felucca,2205,640,0,18,26,0
Felucca,2224,640,0,12,15,0
Felucca,2293,642,0,11,9,0
Felucca,2189,648,0,11,17,0
Felucca,2177,651,0,11,14,0
Felucca,2223,655,0,13,17,0
Felucca,2278,678,0,10,9,0
Felucca,2289,720,0,11,9,0
Felucca,2190,739,-1,10,21,0
Felucca,2176,741,0,14,27,0
Felucca,2285,753,0,11,12,0
Felucca,2269,756,0,11,9,0
Felucca,2176,768,0,11,28,0
Felucca,2188,768,0,12,49,0
Felucca,2201,768,0,43,11,0
Felucca,2273,774,0,11,9,0
Felucca,2200,779,0,13,21,0
Felucca,2214,779,0,16,47,0
Felucca,2230,779,0,14,16,0
Felucca,2231,795,0,17,33,0
Felucca,2176,796,0,12,14,0
Felucca,2261,798,0,11,9,0
Felucca,2201,801,0,13,24,0
Felucca,2249,819,0,11,12,0
Felucca,2176,822,0,9,69,0
Felucca,2185,824,0,9,54,0
Felucca,2269,825,0,11,9,0
Felucca,2281,828,0,15,9,0
Felucca,2194,830,0,13,30,0
Felucca,2208,831,0,17,56,0
Felucca,2225,839,0,10,27,0
Felucca,2240,847,0,9,49,0
Felucca,2285,852,0,11,9,0
Felucca,2249,853,0,11,9,0
Felucca,2194,860,0,14,36,0
Felucca,2249,862,0,13,34,0
Felucca,2225,866,0,11,14,0
Felucca,2271,875,0,9,13,0
Felucca,2185,879,0,9,17,0
Felucca,2227,880,0,13,16,0
Felucca,2208,887,0,13,9,0
Felucca,2176,896,0,98,9,0
Felucca,2274,904,0,9,11,0
Felucca,2189,905,0,24,18,0
Felucca,2213,905,0,16,9,0
Felucca,2250,905,0,24,9,0
Felucca,2251,914,0,20,9,0
Felucca,2185,923,0,11,9,0
Felucca,2247,924,2,12,23,0
Felucca,2289,928,0,11,11,0
Felucca,2260,932,0,11,13,0
Felucca,2271,936,0,10,50,0
Felucca,2259,945,0,9,12,0
Felucca,2281,975,0,9,15,0
Felucca,2290,984,0,10,9,0
Felucca,2275,990,0,15,13,0
Felucca,2290,993,0,10,14,0
Felucca,2293,1007,0,11,15,0
Felucca,2280,1009,0,13,9,0
Felucca,2286,1024,0,18,9,0
Felucca,2258,1047,0,9,35,0
Felucca,2268,1056,0,9,27,0
Felucca,2277,1069,0,9,16,0
Felucca,2274,1085,0,20,11,0
Felucca,2295,1095,0,9,25,0
Felucca,2270,1096,0,11,32,0
Felucca,2283,1096,0,12,56,0
Felucca,2295,1120,0,9,32,0
Felucca,2266,1128,0,12,11,0
Felucca,2274,1139,0,9,9,0
Felucca,2213,1281,0,10,9,0
Felucca,2209,1371,0,11,9,0
Felucca,2195,1973,-1,9,13,0
Felucca,2176,2116,0,9,11,0
Felucca,2185,2121,0,10,18,0
Felucca,2195,2128,0,9,25,0
Felucca,2189,2154,0,10,13,0
Felucca,2179,2163,0,10,10,0
Felucca,2210,3349,0,10,41,0
Felucca,2220,3363,0,9,46,0
Felucca,2176,3403,0,13,9,0
Felucca,2329,54,0,9,15,2103003
Felucca,2315,58,2,9,14,2103003
Felucca,2315,72,0,13,9,2103003
Felucca,2317,81,0,11,10,2103003
Felucca,2341,111,0,11,9,2103003
Felucca,2343,138,0,9,41,2103003
Felucca,2361,162,0,11,9,2103003
Felucca,2352,169,0,9,49,2103003
Felucca,2361,180,0,11,41,2103003
Felucca,2423,186,0,9,41,2103003
Felucca,2343,196,0,9,14,2103003
Felucca,2372,200,0,14,15,2103003
Felucca,2412,208,0,11,18,2103003
Felucca,2383,215,0,9,9,2103003
Felucca,2341,557,0,9,18,0
Felucca,2322,576,1,9,9,0
Felucca,2334,594,0,9,9,0
Felucca,2356,600,2,9,12,0
Felucca,2400,642,-2,9,12,0
Felucca,2377,643,0,11,11,0
Felucca,2310,645,0,10,9,0
Felucca,2317,654,0,9,15,0
Felucca,2326,660,0,10,12,0
Felucca,2353,660,0,11,9,0
Felucca,2313,669,0,11,9,0
Felucca,2341,669,0,11,9,0
Felucca,2329,672,0,11,9,0
Felucca,2309,678,0,11,33,0
Felucca,2377,681,0,11,9,0
Felucca,2365,693,0,11,9,0
Felucca,2397,696,0,11,12,0
Felucca,2349,702,0,11,9,0
Felucca,2405,708,0,11,12,0
Felucca,2314,711,0,10,24,0
Felucca,2349,714,0,11,9,0
Felucca,2333,726,0,11,15,0
Felucca,2362,726,0,10,9,0
Felucca,2413,730,0,9,9,0
Felucca,2309,735,0,11,12,0
Felucca,2345,738,0,14,9,0
Felucca,2361,738,0,11,9,0
Felucca,2320,741,0,16,12,0
Felucca,2373,741,0,11,12,0
Felucca,2385,747,0,11,9,0
Felucca,2397,747,0,13,9,0
Felucca,2405,756,0,11,9,0
Felucca,2333,771,0,15,21,0
Felucca,2321,780,0,12,12,0
Felucca,2417,780,0,11,9,0
Felucca,2367,798,0,9,9,0
Felucca,2405,810,0,11,11,0
Felucca,2417,813,0,11,14,0
Felucca,2309,844,0,9,17,0
Felucca,2359,852,0,10,21,0
Felucca,2339,863,0,20,16,0
Felucca,2321,864,0,18,19,0
Felucca,2309,867,0,11,18,0
Felucca,2320,883,0,10,13,0
Felucca,2317,896,0,12,43,0
Felucca,2413,922,0,9,14,0
Felucca,2402,923,0,10,16,0
Felucca,2305,924,0,12,9,0
Felucca,2422,924,0,10,18,0
Felucca,2393,932,0,9,13,0
Felucca,2341,943,0,17,11,0
Felucca,2359,947,0,13,10,0
Felucca,2413,951,0,11,9,0
Felucca,2329,960,0,11,9,0
Felucca,2313,969,0,11,9,0
Felucca,2397,999,0,11,9,0
Felucca,2309,1011,0,11,9,0
Felucca,2313,1026,0,11,18,0
Felucca,2421,1026,0,11,9,0
Felucca,2325,1032,0,15,14,0
Felucca,2304,1035,0,9,9,0
Felucca,2341,1040,0,15,15,0
Felucca,2357,1050,0,11,18,0
Felucca,2421,1056,1,11,12,0
Felucca,2359,1068,0,13,25,0
Felucca,2382,1073,0,10,9,0
Felucca,2373,1074,0,9,12,0
Felucca,2315,1087,0,9,12,0
Felucca,2304,1089,-1,11,18,0
Felucca,2324,1090,0,9,17,0
Felucca,2358,1093,-1,14,20,0
Felucca,2377,1098,0,11,9,0
Felucca,2333,1101,0,9,12,0
Felucca,2343,1101,-2,15,12,0
Felucca,2389,1101,0,11,9,0
Felucca,2315,1104,0,9,15,0
Felucca,2305,1107,0,10,30,0
Felucca,2377,1116,1,11,12,0
Felucca,2385,1134,0,11,9,0
Felucca,2321,1137,0,11,12,0
Felucca,2309,1140,0,11,9,0
Felucca,2353,1140,5,11,9,0
Felucca,2305,1152,0,11,12,0
Felucca,2417,1155,0,11,9,0
Felucca,2365,1164,5,11,10,0
Felucca,2401,1164,0,11,9,0
Felucca,2423,1174,0,9,11,0
Felucca,2349,1176,10,11,12,0
Felucca,2393,1176,0,11,9,0
Felucca,2361,1179,10,11,10,0
Felucca,2305,1185,0,9,11,0
Felucca,2336,1185,5,11,9,0
Felucca,2373,1188,5,11,9,0
Felucca,2304,1196,0,12,22,0
Felucca,2413,1206,0,11,9,0
Felucca,2361,1209,5,11,9,0
Felucca,2357,1224,0,9,33,0
Felucca,2409,1224,0,11,9,0
Felucca,2367,1225,4,9,14,0
Felucca,2305,1230,0,9,21,0
Felucca,2345,1230,0,11,15,0
Felucca,2401,1234,0,10,11,0
Felucca,2315,1236,0,9,14,0
Felucca,2325,1239,0,15,14,0
Felucca,2366,1245,0,10,11,0
Felucca,2377,1245,5,10,11,0
Felucca,2387,1245,5,9,9,0
Felucca,2397,1248,0,11,14,0
Felucca,2421,1251,0,11,15,0
Felucca,2339,1253,0,9,13,0
Felucca,2410,1254,0,9,9,0
Felucca,2374,3374,-2,11,42,0
Felucca,2385,3380,0,9,49,0
Felucca,2394,3391,0,9,31,0
Felucca,2350,3409,-2,9,11,0
Felucca,2359,3445,3,10,11,0
Felucca,2339,3446,-2,9,10,0
Felucca,2331,3457,2,9,11,0
Felucca,2314,3470,-2,9,10,0
Felucca,2367,3478,6,11,15,0
Felucca,2335,3491,3,10,11,0
Felucca,2305,3506,1,11,9,0
Felucca,2360,3527,0,9,10,0
Felucca,2548,58,0,12,70,2103002
Felucca,2536,62,0,11,66,2103002
Felucca,2524,64,0,12,11,2103002
Felucca,2498,66,0,26,48,2103002
Felucca,2475,68,0,19,60,2103002
Felucca,2464,70,0,11,30,2103002
Felucca,2524,79,0,12,49,2103002
Felucca,2452,82,0,12,15,2103002
Felucca,2448,97,0,16,13,2103002
Felucca,2465,100,0,10,28,2103002
Felucca,2450,110,0,15,14,2103002
Felucca,2494,114,0,13,14,2103002
Felucca,2508,114,0,16,14,2103002
Felucca,2450,128,0,18,79,2103002
Felucca,2468,128,0,42,17,2103002
Felucca,2511,128,0,11,79,2103002
Felucca,2522,128,0,38,16,2103002
Felucca,2523,144,0,10,38,2103002
Felucca,2533,144,0,14,14,2103002
Felucca,2548,144,0,12,16,2103002
Felucca,2470,145,0,10,53,2103002
Felucca,2481,145,0,29,53,2103002
Felucca,2534,158,0,14,58,2103002
Felucca,2548,160,0,10,74,2103002
Felucca,2434,164,0,16,46,2103002
Felucca,2522,182,0,12,28,2103002
Felucca,2501,207,0,11,15,2103002
Felucca,2525,210,0,9,9,2103002
Felucca,2534,216,0,9,9,2103002
Felucca,2517,219,0,11,9,2103002
Felucca,2445,228,0,15,9,2103002
Felucca,2533,234,0,11,9,2103002
Felucca,2549,234,0,11,12,2103002
Felucca,2445,240,0,11,9,2103002
Felucca,2447,256,0,20,11,2103002
Felucca,2546,257,7,12,9,2103002
Felucca,2529,267,12,10,36,2103002
Felucca,2539,285,15,10,30,2103002
Felucca,2550,292,15,9,23,2103002
Felucca,2550,339,13,10,9,2103002
Felucca,2545,690,0,11,13,2103003
Felucca,2545,708,0,11,9,2103003
Felucca,2549,720,0,11,15,2103003
Felucca,2551,751,-1,9,17,2103003
Felucca,2467,753,0,9,9,2103003
Felucca,2497,774,0,11,9,0
Felucca,2521,777,0,11,9,0
Felucca,2453,780,0,11,9,0
Felucca,2533,783,0,11,9,0
Felucca,2541,792,0,11,12,0
Felucca,2501,795,0,11,9,0
Felucca,2453,807,0,11,12,0
Felucca,2485,808,0,11,12,0
Felucca,2506,810,0,10,23,0
Felucca,2521,810,0,9,27,0
Felucca,2541,810,0,11,9,0
Felucca,2473,813,0,12,14,0
Felucca,2433,819,0,11,18,0
Felucca,2461,819,0,11,13,0
Felucca,2530,819,0,10,15,0
Felucca,2541,819,0,11,13,0
Felucca,2445,822,0,11,14,0
Felucca,2473,1005,0,11,12,0
Felucca,2489,1024,0,15,11,0
Felucca,2525,1024,0,18,11,0
Felucca,2505,1026,0,11,9,0
Felucca,2545,1026,0,10,11,0
Felucca,2437,1035,0,11,9,0
Felucca,2545,1037,3,11,9,0
Felucca,2541,1047,0,11,9,0
Felucca,2433,1050,0,11,12,0
Felucca,2485,1053,5,10,15,0
Felucca,2541,1056,0,9,12,0
Felucca,2523,1059,0,9,9,0
Felucca,2454,1076,5,10,10,0
Felucca,2457,1089,10,11,9,0
Felucca,2538,1092,0,10,9,0
Felucca,2501,1095,0,9,9,0
Felucca,2529,1101,5,15,18,0
Felucca,2489,1119,5,11,15,0
Felucca,2537,1119,5,11,9,0
Felucca,2441,1120,8,15,11,0
Felucca,2533,1128,0,11,9,0
Felucca,2545,1128,0,11,9,0
Felucca,2513,1140,0,11,12,0
Felucca,2533,1143,0,11,9,0
Felucca,2445,1152,0,11,12,0
Felucca,2489,1152,0,11,9,0
Felucca,2521,1152,0,11,9,0
Felucca,2545,1170,3,15,12,0
Felucca,2527,1176,5,9,9,0
Felucca,2493,1179,0,11,11,0
Felucca,2517,1182,0,10,9,0
Felucca,2497,1190,0,11,10,0
Felucca,2481,1191,0,11,9,0
Felucca,2549,1191,5,11,12,0
Felucca,2549,1203,5,11,52,0
Felucca,2449,1206,10,9,18,0
Felucca,2519,1206,5,9,9,0
Felucca,2463,1209,5,9,9,0
Felucca,2481,1218,0,11,12,0
Felucca,2469,1230,0,11,12,0
Felucca,2481,1230,0,11,12,0
Felucca,2457,1236,0,12,9,0
Felucca,2533,1236,0,10,9,0
Felucca,2477,1242,0,11,12,0
Felucca,2501,1242,5,11,15,0
Felucca,2513,1242,0,11,10,0
Felucca,2443,1245,0,9,22,0
Felucca,2533,1245,0,16,13,0
Felucca,2433,1248,0,9,20,0
Felucca,2457,1248,0,11,15,0
Felucca,2513,1252,0,11,13,0
Felucca,2477,1254,0,15,9,0
Felucca,2492,1255,2,9,10,0
Felucca,2524,1255,0,9,10,0
Felucca,2549,1255,0,11,10,0
Felucca,2502,1257,0,11,9,0
Felucca,2479,3535,0,10,9,0
Felucca,2463,3539,-1,9,12,0
Felucca,2502,3597,1,10,11,0
Felucca,2463,3617,0,9,9,0
Felucca,2491,3618,3,9,11,0
Felucca,2467,3635,-1,10,25,0
Felucca,2458,3653,1,9,10,0
Felucca,2458,3884,-2,12,9,0
Felucca,2438,3918,3,9,10,0
Felucca,2450,3926,0,9,11,0
Felucca,2463,3952,3,9,9,0
Felucca,2479,4003,-1,10,9,0
Felucca,2503,4013,3,9,12,0
Felucca,2476,4018,0,10,9,0
Felucca,2625,38,38,9,13,2103002
Felucca,2560,62,0,10,20,2103002
Felucca,2570,64,0,10,14,2103002
Felucca,2600,64,-1,9,19,2103002
Felucca,2580,66,0,20,10,2103002
Felucca,2609,66,0,9,14,2103002
Felucca,2580,76,0,20,52,2103002
Felucca,2618,76,0,10,26,2103002
Felucca,2571,78,0,9,13,2103002
Felucca,2609,81,0,9,47,2103002
Felucca,2560,82,0,11,16,2103002
Felucca,2600,83,0,9,45,2103002
Felucca,2629,84,0,13,44,2103002
Felucca,2642,90,0,10,38,2103002
Felucca,2571,91,0,9,37,2103002
Felucca,2652,94,0,24,34,2103002
Felucca,2676,96,0,12,32,2103002
Felucca,2560,98,0,11,30,2103002
Felucca,2618,102,0,11,20,2103002
Felucca,2560,128,0,128,16,2103002
Felucca,2560,144,0,20,69,2103002
Felucca,2585,144,0,48,29,2103002
Felucca,2638,144,0,20,16,2103002
Felucca,2659,144,0,22,12,2103002
Felucca,2643,170,0,10,19,2103002
Felucca,2654,170,0,9,9,2103002
Felucca,2580,173,0,16,24,2103002
Felucca,2596,173,0,27,15,2103002
Felucca,2621,204,0,11,9,2103002
Felucca,2581,207,0,11,15,2103002
Felucca,2560,213,0,12,21,2103002
Felucca,2560,234,0,12,17,2103002
Felucca,2671,259,1,10,12,2103002
Felucca,2659,260,3,10,13,2103002
Felucca,2647,272,9,12,12,2103002
Felucca,2633,275,15,13,9,2103002
Felucca,2667,277,15,9,33,2103002
Felucca,2586,278,20,12,9,2103002
Felucca,2676,283,16,9,10,2103002
Felucca,2638,284,15,11,9,2103002
Felucca,2595,287,15,9,16,2103002
Felucca,2654,290,23,9,32,2103002
Felucca,2639,293,15,15,12,2103002
Felucca,2677,293,16,9,12,2103002
Felucca,2601,303,15,10,28,2103002
Felucca,2641,305,15,13,19,2103002
Felucca,2642,324,15,14,32,2103002
Felucca,2674,332,15,11,16,2103002
Felucca,2659,333,15,13,14,2103002
Felucca,2585,342,15,9,12,2103002
Felucca,2677,348,13,11,22,2103002
Felucca,2634,356,15,15,21,2103002
Felucca,2654,356,15,9,9,2103002
Felucca,2659,373,17,9,11,2103002
Felucca,2642,384,15,15,11,2103002
Felucca,2649,395,15,14,11,2103002
Felucca,2663,404,15,12,11,2103002
Felucca,2676,405,15,9,11,2103002
Felucca,2654,406,15,9,11,2103002
Felucca,2658,417,15,13,11,2103002
Felucca,2671,421,15,10,10,2103002
Felucca,2662,428,15,9,38,2103002
Felucca,2679,486,15,9,14,2103002
Felucca,2647,514,0,11,57,2103002
Felucca,2658,546,0,10,40,2103002
Felucca,2669,567,0,11,26,2103002
Felucca,2633,623,0,10,13,2103002
Felucca,2643,626,0,9,10,2103002
Felucca,2652,627,0,9,9,2103002
Felucca,2657,654,0,11,12,2103003
Felucca,2625,657,0,11,12,2103003
Felucca,2669,660,0,11,12,2103003
Felucca,2569,666,0,11,9,2103003
Felucca,2613,666,0,11,15,2103003
Felucca,2569,675,0,11,10,2103003
Felucca,2585,675,0,11,9,2103003
Felucca,2657,678,0,11,9,2103003
Felucca,2565,690,0,15,12,2103003
Felucca,2583,690,0,9,12,2103003
Felucca,2625,693,0,11,9,2103003
Felucca,2637,693,0,11,9,2103003
Felucca,2610,696,0,10,9,2103003
Felucca,2621,702,0,11,12,2103003
Felucca,2661,702,0,11,12,2103003
Felucca,2645,708,0,11,9,2103003
Felucca,2669,714,0,11,15,2103003
Felucca,2617,735,0,11,9,2103003
Felucca,2629,738,0,11,9,2103003
Felucca,2561,745,0,10,18,2103003
Felucca,2677,747,0,11,9,2103003
Felucca,2589,759,0,11,9,2103003
Felucca,2607,759,0,9,9,2103003
Felucca,2641,759,0,11,9,2103003
Felucca,2653,759,0,16,9,2103003
Felucca,2633,771,0,11,9,2107003
Felucca,2577,783,0,11,9,2107003
Felucca,2621,783,0,11,9,2107003
Felucca,2617,795,0,11,9,2107003
Felucca,2637,804,0,11,12,2107003
Felucca,2585,807,0,11,9,2107003
Felucca,2625,807,0,11,9,2107003
Felucca,2609,822,0,11,9,2107003
Felucca,2581,828,0,11,9,2107003
Felucca,2649,828,0,11,9,2107003
Felucca,2593,831,0,11,10,2107003
Felucca,2605,831,0,11,11,2107003
Felucca,2617,837,0,11,16,2107003
Felucca,2637,857,0,11,10,2107003
Felucca,2619,862,0,9,11,2107003
Felucca,2631,867,0,9,9,2107003
Felucca,2625,876,0,15,9,2107003
Felucca,2630,896,0,10,16,2107003
Felucca,2649,900,0,11,9,2107003
Felucca,2595,909,0,17,15,2107003
Felucca,2617,909,0,11,12,2107003
Felucca,2653,915,0,11,9,2107003
Felucca,2601,924,0,11,12,2107003
Felucca,2579,929,0,9,10,2107003
Felucca,2633,948,0,11,33,2107003
Felucca,2561,952,0,15,14,2107003
Felucca,2605,960,0,11,9,2107003
Felucca,2621,960,0,12,18,2107003
Felucca,2581,969,0,11,15,2107003
Felucca,2593,972,0,11,9,2107003
Felucca,2597,1011,0,11,9,2107003
Felucca,2561,1014,0,15,9,2107003
Felucca,2569,1032,0,11,21,0
Felucca,2581,1032,0,11,18,0
Felucca,2621,1044,5,11,9,0
Felucca,2669,1044,0,11,15,0
Felucca,2633,1047,5,11,12,0
Felucca,2593,1053,5,11,15,0
Felucca,2645,1068,10,10,9,0
Felucca,2589,1077,5,11,9,0
Felucca,2573,1086,5,15,9,0
Felucca,2629,1089,0,9,12,0
Felucca,2673,1091,5,15,13,0
Felucca,2561,1098,0,11,12,0
Felucca,2625,1101,5,11,9,0
Felucca,2590,1107,0,9,21,0
Felucca,2669,1110,0,11,9,0
Felucca,2677,1122,0,11,18,0
Felucca,2570,1126,0,9,11,0
Felucca,2637,1131,0,11,12,0
Felucca,2665,1131,3,12,13,0
Felucca,2649,1134,0,15,16,0
Felucca,2561,1143,5,11,9,0
Felucca,2569,1152,5,11,9,0
Felucca,2597,1152,0,15,17,0
Felucca,2641,1152,0,9,12,0
Felucca,2613,1161,0,11,9,0
Felucca,2637,1164,3,9,9,0
Felucca,2633,1179,0,10,14,0
Felucca,2562,1185,10,10,15,0
Felucca,2633,1199,0,10,48,0
Felucca,2561,1200,5,11,15,0
Felucca,2577,1200,5,11,9,0
Felucca,2595,1203,5,9,13,0
Felucca,2585,1209,5,10,9,0
Felucca,2581,1218,4,11,9,0
Felucca,2605,1227,0,11,9,0
Felucca,2643,1240,0,9,10,0
Felucca,2569,1242,0,11,16,0
Felucca,2581,1248,0,11,10,0
Felucca,2593,1248,0,11,10,0
Felucca,2637,1250,0,15,9,0
Felucca,2613,1251,5,11,13,0
Felucca,2604,1252,0,9,9,0
Felucca,2625,1254,0,12,9,0
Felucca,2688,102,0,10,10,2103003
Felucca,2688,112,0,10,16,2103003
Felucca,2688,128,0,14,14,2103003
Felucca,2803,231,-1,9,9,2103003
Felucca,2793,237,0,10,9,2103003
Felucca,2781,243,0,9,9,2103003
Felucca,2797,246,0,11,9,2103003
Felucca,2805,264,7,10,120,2103003
Felucca,2732,266,15,13,21,2103003
Felucca,2796,267,15,9,24,2103003
Felucca,2786,270,15,10,11,2103003
Felucca,2745,285,15,9,9,2103003
Felucca,2739,295,15,9,12,2103003
Felucca,2731,307,15,10,25,2103003
Felucca,2796,310,15,9,13,2103003
Felucca,2785,317,15,9,9,2103003
Felucca,2755,322,15,9,11,2103003
Felucca,2796,323,15,9,9,2103003
Felucca,2786,326,15,9,9,2103003
Felucca,2770,327,15,10,9,2103003
Felucca,2736,332,15,9,11,2103003
Felucca,2740,344,15,9,11,2103003
Felucca,2688,351,15,9,24,2103003
Felucca,2741,355,15,9,21,2103003
Felucca,2796,356,15,9,10,2103003
Felucca,2758,358,15,10,10,2103003
Felucca,2769,360,15,10,9,2103003
Felucca,2717,361,16,10,23,2103003
Felucca,2728,363,15,10,21,2103003
Felucca,2753,368,16,9,16,2103003
Felucca,2769,371,18,9,10,2103003
Felucca,2692,375,15,12,9,2103003
Felucca,2695,384,15,26,9,2103003
Felucca,2744,384,15,11,12,2103003
Felucca,2769,384,15,11,10,2103003
Felucca,2798,384,15,18,17,2103003
Felucca,2713,395,15,10,11,2103003
Felucca,2752,396,15,9,15,2103003
Felucca,2777,401,17,11,10,2103003
Felucca,2799,401,15,17,12,2103003
Felucca,2729,403,15,9,12,2103003
Felucca,2742,409,18,9,9,2103003
Felucca,2778,411,16,9,12,2103003
Felucca,2797,413,15,19,14,2103003
Felucca,2688,415,15,11,11,2103003
Felucca,2708,417,15,9,10,2103003
Felucca,2748,424,18,9,9,2103003
Felucca,2772,426,15,10,9,2103003
Felucca,2801,427,15,15,35,2103003
Felucca,2746,433,15,9,11,2103003
Felucca,2756,437,15,9,13,2103003
Felucca,2689,439,15,9,13,2103003
Felucca,2698,442,15,9,12,2103003
Felucca,2776,444,18,9,9,2103003
Felucca,2711,447,16,9,11,2103003
Felucca,2737,449,15,9,12,2103003
Felucca,2784,454,15,9,12,2103003
Felucca,2758,455,18,11,11,2103003
Felucca,2804,462,16,12,50,2103003
Felucca,2709,473,15,9,9,2103003
Felucca,2737,479,15,9,11,2103003
Felucca,2792,480,15,12,15,2103003
Felucca,2699,491,15,10,21,2103003
Felucca,2775,493,16,17,9,2103003
Felucca,2720,494,15,9,9,2103003
Felucca,2688,495,18,10,17,2103003
Felucca,2792,495,15,10,17,2103003
Felucca,2709,496,15,10,16,2103003
Felucca,2793,513,8,9,9,2103003
Felucca,2802,520,5,14,10,2103003
Felucca,2773,522,0,10,12,2103003
Felucca,2712,525,14,14,15,2103003
Felucca,2726,525,8,11,22,2103003
Felucca,2713,540,8,11,9,2103003
Felucca,2798,543,0,10,9,2103003
Felucca,2707,553,0,9,34,2103003
Felucca,2716,555,2,9,9,2103003
Felucca,2697,561,0,10,28,2103003
Felucca,2688,568,0,9,23,2103003
Felucca,2765,594,0,10,9,2103003
Felucca,2785,606,0,11,9,2103003
Felucca,2747,609,0,9,9,2103003
Felucca,2769,610,0,11,11,2103003
Felucca,2735,614,-1,9,10,2103003
Felucca,2801,614,0,15,10,2103003
Felucca,2759,621,0,9,9,2103003
Felucca,2703,622,-2,16,13,2103003
Felucca,2726,622,-1,9,14,2103003
Felucca,2694,624,-2,9,12,2103003
Felucca,2769,627,0,9,9,2103003
Felucca,2737,642,0,11,9,2107002
Felucca,2701,651,0,11,9,2107002
Felucca,2725,654,0,10,12,2107002
Felucca,2711,660,0,9,15,2107002
Felucca,2741,660,0,9,12,2107002
Felucca,2701,669,0,9,9,2107002
Felucca,2735,672,0,9,9,2107002
Felucca,2785,675,0,11,9,2107002
Felucca,2749,693,0,11,9,2107002
Felucca,2805,693,0,11,11,2107002
Felucca,2793,699,0,11,9,2107002
Felucca,2701,701,0,11,13,2107002
Felucca,2733,702,0,11,12,2107002
Felucca,2790,709,0,10,11,2107002
Felucca,2761,711,0,12,12,2107002
Felucca,2689,714,0,11,9,2107002
Felucca,2701,717,0,11,18,2107002
Felucca,2741,720,0,10,10,2107002
Felucca,2773,720,0,11,9,2107002
Felucca,2803,721,0,9,11,2107002
Felucca,2757,726,0,15,9,2107002
Felucca,2797,732,0,11,30,2107002
Felucca,2731,734,0,9,13,2107002
Felucca,2753,735,0,15,9,2107002
Felucca,2693,741,0,12,12,2107002
Felucca,2769,741,0,11,15,2107002
Felucca,2729,747,0,15,9,2107002
Felucca,2753,747,0,11,12,2107002
Felucca,2717,753,0,10,9,2107002
Felucca,2737,756,0,11,9,2107002
Felucca,2773,756,0,12,12,2107002
Felucca,2697,759,0,11,9,2107002
Felucca,2757,759,0,11,9,2107002
Felucca,2705,768,0,11,9,2107002
Felucca,2769,768,0,16,9,2107002
Felucca,2697,777,0,11,9,2107002
Felucca,2777,783,0,9,9,2107002
Felucca,2701,789,0,11,9,2107002
Felucca,2777,792,0,9,12,2107002
Felucca,2717,801,0,11,9,2107002
Felucca,2733,807,0,11,9,2107002
Felucca,2757,807,0,11,9,2107002
Felucca,2721,810,0,11,9,2107002
Felucca,2770,813,0,10,9,2107002
Felucca,2721,819,0,11,9,2107002
Felucca,2745,819,0,11,9,2107002
Felucca,2761,825,0,11,9,2107002
Felucca,2733,828,0,11,11,2107002
Felucca,2701,846,0,11,9,2107002
Felucca,2784,846,0,9,17,2107002
Felucca,2689,858,0,11,9,2107002
Felucca,2717,873,0,10,9,2107002
Felucca,2784,873,0,9,15,2107002
Felucca,2717,882,0,10,9,2107002
Felucca,2769,1024,0,27,17,0
Felucca,2757,1029,0,11,31,0
Felucca,2705,1035,0,15,9,0
Felucca,2725,1038,0,11,9,0
Felucca,2768,1041,0,9,10,0
Felucca,2737,1044,0,11,9,0
Felucca,2748,1045,3,9,28,0
Felucca,2738,1053,0,10,12,0
Felucca,2739,1065,0,9,24,0
Felucca,2729,1066,0,10,41,0
Felucca,2717,1089,0,12,19,0
Felucca,2701,1101,0,11,9,0
Felucca,2713,1108,0,19,11,0
Felucca,2701,1122,0,11,12,0
Felucca,2688,1125,0,12,12,0
Felucca,2772,1991,0,11,13,0
Felucca,2715,2027,0,13,10,0
Felucca,2785,3488,0,9,10,0
Felucca,2781,3502,0,9,12,0
Felucca,2769,3544,0,10,9,0
Felucca,2866,31,-1,9,23,0
Felucca,2935,51,1,9,15,0
Felucca,2857,52,-2,9,20,0
Felucca,2926,55,-1,9,14,0
Felucca,2889,66,0,14,20,0
Felucca,2903,68,0,9,13,0
Felucca,2933,78,0,11,9,0
Felucca,2858,84,-1,10,9,0
Felucca,2897,93,0,11,12,0
Felucca,2917,93,0,9,18,0
Felucca,2908,97,0,9,24,0
Felucca,2829,105,0,9,11,0
Felucca,2855,105,-2,9,23,0
Felucca,2897,111,0,11,10,0
Felucca,2838,114,0,17,14,0
Felucca,2836,128,0,28,9,0
Felucca,2842,137,0,10,56,0
Felucca,2882,159,0,9,41,0
Felucca,2857,165,0,11,9,0
Felucca,2833,168,1,9,9,0
Felucca,2845,201,0,11,9,0
Felucca,2861,222,0,11,9,0
Felucca,2833,240,0,11,12,0
Felucca,2845,256,0,12,9,0
Felucca,2836,258,0,9,9,0
Felucca,2833,267,0,14,11,0
Felucca,2847,271,2,10,9,0
Felucca,2838,278,2,9,10,0
Felucca,2848,280,0,9,10,0
Felucca,2927,283,2,9,31,0
Felucca,2918,295,0,9,26,0
Felucca,2909,309,1,9,12,0
Felucca,2852,318,1,10,19,0
Felucca,2898,318,-2,9,18,0
Felucca,2862,325,0,9,19,0
Felucca,2843,326,-2,9,14,0
Felucca,2933,327,5,10,10,0
Felucca,2888,329,-2,10,13,0
Felucca,2871,330,0,17,9,0
Felucca,2816,331,15,16,21,0
Felucca,2898,340,4,9,16,0
Felucca,2834,343,10,12,17,0
Felucca,2913,351,5,19,9,0
Felucca,2816,352,15,9,16,0
Felucca,2900,360,0,9,9,0
Felucca,2831,363,15,15,10,0
Felucca,2875,364,0,9,12,0
Felucca,2849,368,12,11,10,0
Felucca,2906,369,0,9,12,0
Felucca,2915,372,0,10,11,0
Felucca,2888,373,0,13,9,0
Felucca,2825,375,15,12,9,0
Felucca,2817,389,15,9,121,0
Felucca,2853,393,15,9,10,0
Felucca,2895,393,0,10,12,0
Felucca,2843,395,15,9,9,0
Felucca,2915,395,0,9,10,0
Felucca,2826,399,15,9,37,0
Felucca,2907,405,0,9,9,0
Felucca,2923,407,0,9,10,0
Felucca,2877,410,10,10,9,0
Felucca,2847,413,15,9,9,0
Felucca,2835,414,15,9,22,0
Felucca,2896,415,0,10,16,0
Felucca,2878,419,10,11,12,0
Felucca,2916,423,0,9,10,0
Felucca,2848,428,15,10,10,0
Felucca,2826,436,15,9,25,0
Felucca,2838,437,15,10,9,0
Felucca,2858,437,15,9,12,0
Felucca,2848,438,15,9,9,0
Felucca,2847,447,15,9,15,0
Felucca,2906,453,5,10,10,0
Felucca,2894,458,0,9,9,0
Felucca,2833,463,15,9,44,0
Felucca,2847,466,15,9,18,0
Felucca,2890,472,1,10,9,0
Felucca,2906,472,5,11,14,0
Felucca,2874,480,0,9,9,0
Felucca,2856,483,15,10,14,0
Felucca,2842,484,15,9,15,0
Felucca,2934,484,10,10,10,0
Felucca,2913,491,10,11,21,0
Felucca,2884,493,10,18,14,0
Felucca,2932,494,12,12,10,0
Felucca,2866,496,10,18,11,0
Felucca,2902,498,10,11,14,0
Felucca,2845,499,15,10,11,0
Felucca,2856,500,10,10,10,0
Felucca,2929,514,15,11,15,2107003
Felucca,2914,518,8,9,14,2107003
Felucca,2842,519,8,10,9,2107003
Felucca,2905,525,0,9,15,2107003
Felucca,2847,528,0,10,11,2107003
Felucca,2875,529,0,11,13,2107003
Felucca,2935,529,8,9,9,2107003
Felucca,2890,530,8,11,9,2107003
Felucca,2933,545,0,10,11,2107003
Felucca,2899,547,0,9,10,2107003
Felucca,2910,548,0,9,10,2107003
Felucca,2905,558,0,11,10,2107003
Felucca,2850,560,0,10,9,2107003
Felucca,2887,561,0,9,9,2107003
Felucca,2930,562,0,10,9,2107003
Felucca,2917,563,0,12,9,2107003
Felucca,2864,565,0,10,11,2107003
Felucca,2886,570,0,13,13,2107003
Felucca,2874,572,0,9,11,2107003
Felucca,2920,572,0,10,9,2107003
Felucca,2836,573,0,9,9,2107003
Felucca,2899,576,0,11,13,2107003
Felucca,2845,580,0,13,9,2107003
Felucca,2930,580,0,9,10,2107003
Felucca,2913,581,0,14,10,2107003
Felucca,2874,589,0,13,9,2107003
Felucca,2816,616,0,9,21,2107003
Felucca,2825,623,0,9,17,2107003
Felucca,2817,3459,0,9,10,0
Felucca,2852,3520,0,9,9,0
Felucca,2896,3524,10,9,9,0
Felucca,2846,3529,0,15,9,0
Felucca,2881,3530,10,9,12,0
Felucca,2931,3536,10,10,9,0
Felucca,2948,42,1,9,18,0
Felucca,2951,60,0,12,11,0
Felucca,3025,70,0,9,26,0
Felucca,3060,70,-1,12,14,0
Felucca,2950,71,0,9,9,0
Felucca,3035,73,0,11,55,0
Felucca,3046,74,0,14,19,0
Felucca,3047,93,0,17,23,0
Felucca,3018,96,-1,15,32,0
Felucca,3046,116,0,18,12,0
Felucca,3011,128,0,10,10,0
Felucca,3022,128,0,16,24,0
Felucca,3046,128,0,9,77,0
Felucca,3055,128,0,9,19,0
Felucca,3055,150,0,9,12,0
Felucca,3025,152,0,21,44,0
Felucca,2978,155,0,14,11,0
Felucca,3055,165,0,9,10,0
Felucca,2980,166,0,16,14,0
Felucca,3005,170,0,17,44,0
Felucca,2973,180,-2,15,47,0
Felucca,3055,180,0,13,12,0
Felucca,3023,196,0,9,47,0
Felucca,3033,196,0,13,30,0
Felucca,2996,199,0,9,11,0
Felucca,3055,204,0,9,14,0
Felucca,3046,206,0,9,43,0
Felucca,2988,210,0,11,12,0
Felucca,2963,211,-2,10,15,0
Felucca,3013,214,0,10,26,0
Felucca,3055,225,0,9,15,0
Felucca,3032,226,0,9,20,0
Felucca,2983,227,0,9,10,0
Felucca,3057,240,0,11,9,0
Felucca,2947,256,0,28,14,0
Felucca,2980,258,0,14,12,0
Felucca,3052,258,0,13,13,0
Felucca,3019,260,0,12,31,0
Felucca,3032,260,0,13,14,0
Felucca,2994,262,0,9,10,0
Felucca,2944,270,0,15,9,0
Felucca,2985,270,0,9,12,0
Felucca,3032,278,0,9,19,0
Felucca,2948,279,0,9,11,0
Felucca,2958,279,0,9,9,0
Felucca,2980,289,0,10,22,0
Felucca,3001,289,0,14,13,0
Felucca,2958,292,2,10,11,0
Felucca,2990,292,6,9,19,0
Felucca,3016,293,1,11,9,0
Felucca,3029,297,0,9,22,0
Felucca,2999,302,0,10,9,0
Felucca,2966,306,5,10,15,0
Felucca,3035,320,0,9,9,0
Felucca,2945,342,0,9,22,0
Felucca,2954,353,0,9,18,0
Felucca,2963,362,0,9,16,0
Felucca,2974,370,0,10,13,0
Felucca,3012,384,0,12,19,0
Felucca,2978,388,7,9,11,0
Felucca,2987,397,0,9,18,0
Felucca,2944,398,5,10,12,0
Felucca,2996,400,0,11,11,0
Felucca,2967,401,0,9,72,0
Felucca,2976,406,1,10,21,0
Felucca,2956,417,5,11,27,0
Felucca,2946,440,2,10,9,0
Felucca,2976,441,0,9,26,0
Felucca,2956,444,0,11,15,0
Felucca,3059,463,-1,9,23,0
Felucca,2944,482,10,9,25,0
Felucca,2953,487,10,9,23,0
Felucca,3039,492,-3,17,9,0
Felucca,3037,512,0,11,10,0
Felucca,2965,525,8,9,13,0
Felucca,3005,525,0,15,18,0
Felucca,3025,525,0,11,13,0
Felucca,3041,525,0,11,9,0
Felucca,2990,528,1,10,12,0
Felucca,2981,535,1,9,11,0
Felucca,2964,538,0,9,10,0
Felucca,3020,538,0,13,18,0
Felucca,3040,539,0,10,13,0
Felucca,3011,543,0,9,12,0
Felucca,3050,544,0,10,29,0
Felucca,2991,545,0,13,10,0
Felucca,3004,560,0,11,9,0
Felucca,2969,561,0,14,13,0
Felucca,3031,561,0,9,10,0
Felucca,2946,564,0,10,9,0
Felucca,2990,566,0,9,9,0
Felucca,2957,568,0,10,11,0
Felucca,3032,571,0,11,11,0
Felucca,2987,575,0,9,13,0
Felucca,3054,576,0,10,9,0
Felucca,3039,583,0,9,10,0
Felucca,3048,588,0,9,18,0
Felucca,3029,590,0,9,14,0
Felucca,3038,604,0,10,9,0
Felucca,3036,618,0,9,9,0
Felucca,3051,623,0,9,16,0
Felucca,3030,627,0,17,10,0
Felucca,3010,3552,15,11,10,0
Felucca,2998,3589,15,13,9,0
Felucca,2960,3623,0,9,9,0
Felucca,3164,15,0,10,73,0
Felucca,3174,16,0,10,25,0
Felucca,3184,24,0,9,14,0
Felucca,3155,26,0,9,20,0
Felucca,3146,35,1,9,14,0
Felucca,3155,46,3,9,38,0
Felucca,3108,48,0,9,24,0
Felucca,3138,49,0,9,31,0
Felucca,3117,56,0,21,16,0
Felucca,3075,61,0,9,14,0
Felucca,3099,62,-1,9,12,0
Felucca,3174,62,2,9,12,0
Felucca,3174,74,4,15,22,0
Felucca,3085,81,4,11,9,0
Felucca,3121,99,0,10,15,0
Felucca,3089,114,4,11,9,0
Felucca,3137,128,0,10,13,0
Felucca,3191,136,0,9,20,0
Felucca,3141,141,0,9,9,0
Felucca,3089,150,4,11,9,0
Felucca,3185,156,1,15,12,0
Felucca,3125,162,0,14,20,0
Felucca,3113,171,4,12,32,0
Felucca,3177,177,0,11,9,0
Felucca,3081,180,4,11,9,0
Felucca,3093,180,4,11,9,0
Felucca,3163,192,-1,9,12,0
Felucca,3185,195,0,11,12,0
Felucca,3109,203,0,9,11,0
Felucca,3077,219,0,12,9,0
Felucca,3105,219,0,9,9,0
Felucca,3191,231,2,9,25,0
Felucca,3081,237,0,11,9,0
Felucca,3188,256,0,12,12,0
Felucca,3184,301,-2,9,71,0
Felucca,3175,306,1,9,69,0
Felucca,3083,311,-1,9,15,0
Felucca,3166,311,1,9,14,0
Felucca,3163,328,0,12,12,0
Felucca,3093,329,0,25,9,0
Felucca,3118,334,0,9,25,0
Felucca,3104,338,0,14,10,0
Felucca,3127,344,0,9,26,0
Felucca,3136,354,0,9,30,0
Felucca,3164,361,1,11,17,0
Felucca,3145,362,0,9,22,0
Felucca,3155,362,0,9,19,0
Felucca,3127,371,0,9,13,0
Felucca,3125,384,-2,19,9,0
Felucca,3121,393,0,19,10,0
Felucca,3141,402,4,11,9,0
Felucca,3128,403,3,12,11,0
Felucca,3085,414,0,11,9,0
Felucca,3097,414,0,11,9,0
Felucca,3109,419,0,9,10,0
Felucca,3181,420,4,9,9,0
Felucca,3125,426,9,11,9,0
Felucca,3169,435,4,11,12,0
Felucca,3157,441,6,11,9,0
Felucca,3089,444,0,11,9,0
Felucca,3145,447,8,11,15,0
Felucca,3161,459,4,11,9,0
Felucca,3117,468,4,11,9,0
Felucca,3191,480,1,9,15,0
Felucca,3182,486,1,9,12,0
Felucca,3093,489,0,10,9,0
Felucca,3117,489,4,11,9,0
Felucca,3149,489,0,10,9,0
Felucca,3191,495,0,9,9,0
Felucca,3097,498,0,11,9,0
Felucca,3121,498,4,11,9,0
Felucca,3093,513,0,11,9,0
Felucca,3106,525,4,10,9,0
Felucca,3141,525,5,11,9,0
Felucca,3073,528,0,15,9,0
Felucca,3089,528,0,11,9,0
Felucca,3137,534,5,11,9,0
Felucca,3101,540,0,11,9,0
Felucca,3149,543,5,11,30,0
Felucca,3169,549,8,11,9,0
Felucca,3125,558,8,11,9,0
Felucca,3137,564,8,12,9,0
Felucca,3161,567,8,11,9,0
Felucca,3177,576,8,11,9,0
Felucca,3109,579,5,15,9,0
Felucca,3145,579,8,11,9,0
Felucca,3165,585,8,15,48,0
Felucca,3181,585,8,11,48,0
Felucca,3153,594,8,12,36,0
Felucca,3081,600,0,15,9,0
Felucca,3119,603,5,9,9,0
Felucca,3137,609,5,11,9,0
Felucca,3097,612,0,9,9,0
Felucca,3107,627,0,9,12,0
Felucca,3133,648,0,11,9,0
Felucca,3177,654,8,9,9,0
Felucca,3189,660,5,11,12,0
Felucca,3165,669,8,11,9,0
Felucca,3149,675,5,15,9,0
Felucca,3174,684,8,10,9,0
Felucca,3177,696,5,11,9,0
Felucca,3110,708,0,10,9,0
Felucca,3146,738,0,10,17,0
Felucca,3157,741,0,12,27,0
Felucca,3169,750,5,11,18,0
Felucca,3147,755,0,10,9,0
Felucca,3181,756,5,15,12,0
Felucca,3147,768,-1,53,18,0
Felucca,3152,786,0,48,10,0
Felucca,3158,796,0,30,9,0
Felucca,3174,805,0,14,9,0
Felucca,3247,86,-1,11,17,0
Felucca,3258,87,0,9,18,0
Felucca,3234,91,0,10,23,0
Felucca,3267,96,0,9,13,0
Felucca,3276,101,0,9,25,0
Felucca,3253,108,4,10,9,0
Felucca,3285,110,0,9,18,0
Felucca,3225,112,0,9,16,0
Felucca,3234,117,0,10,9,0
Felucca,3225,128,0,15,10,0
Felucca,3277,128,0,16,10,0
Felucca,3228,138,0,11,11,0
Felucca,3241,141,0,11,12,0
Felucca,3238,153,0,10,9,0
Felucca,3257,156,4,11,9,0
Felucca,3200,160,0,9,14,0
Felucca,3244,162,0,12,10,0
Felucca,3243,186,-2,9,9,0
Felucca,3261,198,0,14,9,0
Felucca,3237,204,0,11,10,0
Felucca,3265,207,0,10,9,0
Felucca,3273,217,0,9,20,0
Felucca,3213,219,0,11,9,0
Felucca,3249,225,0,11,12,0
Felucca,3319,233,-1,9,23,0
Felucca,3277,237,0,12,18,0
Felucca,3201,240,0,11,9,0
Felucca,3217,258,0,11,9,0
Felucca,3249,261,4,11,9,0
Felucca,3201,264,0,11,16,0
Felucca,3233,264,2,15,9,0
Felucca,3269,273,0,11,9,0
Felucca,3299,274,-1,9,26,0
Felucca,3215,279,0,9,18,0
Felucca,3225,282,0,11,12,0
Felucca,3213,297,2,15,15,0
Felucca,3200,298,0,13,16,0
Felucca,3262,300,3,10,9,0
Felucca,3281,301,0,9,11,0
Felucca,3213,312,2,11,9,0
Felucca,3226,312,4,10,9,0
Felucca,3265,312,0,11,9,0
Felucca,3285,312,0,9,12,0
Felucca,3201,314,2,11,22,0
Felucca,3261,330,4,11,9,0
Felucca,3217,336,9,11,9,0
Felucca,3201,342,9,11,9,0
Felucca,3241,348,7,11,9,0
Felucca,3287,364,-1,9,15,0
Felucca,3257,375,0,9,9,0
Felucca,3245,386,0,10,13,0
Felucca,3233,387,3,10,9,0
Felucca,3271,391,-1,9,16,0
Felucca,3290,396,0,10,9,0
Felucca,3262,404,2,9,22,0
Felucca,3289,405,-1,11,9,0
Felucca,3271,407,0,9,15,0
Felucca,3301,411,0,12,9,0
Felucca,3252,414,-1,10,12,0
Felucca,3223,415,-2,9,11,0
Felucca,3241,417,0,11,9,0
Felucca,3305,435,0,9,9,0
Felucca,3233,468,3,11,9,0
Felucca,3255,475,-2,9,11,0
Felucca,3293,480,4,11,9,0
Felucca,3200,483,0,12,21,0
Felucca,3233,483,0,11,9,0
Felucca,3255,495,0,9,9,0
Felucca,3313,498,0,11,12,0
Felucca,3269,512,0,11,10,0
Felucca,3249,519,0,11,9,0
Felucca,3201,528,5,11,9,0
Felucca,3286,537,0,10,9,0
Felucca,3239,544,5,9,11,0
Felucca,3209,549,5,11,9,0
Felucca,3229,552,5,10,36,0
Felucca,3220,556,5,9,35,0
Felucca,3239,561,0,9,21,0
Felucca,3265,561,0,11,9,0
Felucca,3205,570,8,15,9,0
Felucca,3273,570,0,11,9,0
Felucca,3297,579,0,11,9,0
Felucca,3265,594,5,11,9,0
Felucca,3205,603,8,11,15,0
Felucca,3285,609,0,11,14,0
Felucca,3233,612,5,11,9,0
Felucca,3269,612,0,9,12,0
Felucca,3257,615,0,11,25,0
Felucca,3292,623,0,12,15,0
Felucca,3201,624,5,11,12,0
Felucca,3245,627,0,12,13,0
Felucca,3229,630,0,11,9,0
Felucca,3213,640,5,11,11,0
Felucca,3237,640,0,19,39,0
Felucca,3305,660,0,11,12,0
Felucca,3225,666,0,12,41,0
Felucca,3209,672,0,11,18,0
Felucca,3289,672,0,9,33,0
Felucca,3238,685,0,9,9,0
Felucca,3206,690,3,19,15,0
Felucca,3213,705,0,12,26,0
Felucca,3283,705,0,9,23,0
Felucca,3201,720,5,11,9,0
Felucca,3276,728,0,12,13,0
Felucca,3209,731,0,9,13,0
Felucca,3205,744,0,11,22,0
Felucca,3429,107,0,9,9,0
Felucca,3438,112,0,9,16,0
Felucca,3447,116,0,9,12,0
Felucca,3444,128,0,12,9,0
Felucca,3366,182,-1,10,19,0
Felucca,3447,184,2,9,17,0
Felucca,3381,187,0,9,11,0
Felucca,3352,191,-1,14,19,0
Felucca,3428,197,-1,12,16,0
Felucca,3393,198,0,9,9,0
Felucca,3377,204,0,12,9,0
Felucca,3339,205,0,13,21,0
Felucca,3405,208,0,19,14,0
Felucca,3328,210,0,11,42,0
Felucca,3381,213,0,11,9,0
Felucca,3369,216,0,11,9,0
Felucca,3340,226,0,12,17,0
Felucca,3371,231,4,9,20,0
Felucca,3410,231,0,10,12,0
Felucca,3433,231,0,11,13,0
Felucca,3445,231,0,10,11,0
Felucca,3361,240,4,10,9,0
Felucca,3417,256,0,9,10,0
Felucca,3406,258,1,10,36,0
Felucca,3353,270,4,9,12,0
Felucca,3389,273,4,10,9,0
Felucca,3341,276,4,9,12,0
Felucca,3416,284,0,10,10,0
Felucca,3362,288,9,10,12,0
Felucca,3426,290,0,10,13,0
Felucca,3436,295,0,9,14,0
Felucca,3349,297,9,11,9,0
Felucca,3373,297,9,12,9,0
Felucca,3445,298,0,9,14,0
Felucca,3337,300,4,10,9,0
Felucca,3397,303,4,11,9,0
Felucca,3417,306,0,11,9,0
Felucca,3329,309,4,11,9,0
Felucca,3381,315,4,15,9,0
Felucca,3334,327,4,10,36,0
Felucca,3445,327,0,11,9,0
Felucca,3381,333,4,11,9,0
Felucca,3344,339,4,12,24,0
Felucca,3369,360,4,15,9,0
Felucca,3333,363,0,11,9,0
Felucca,3349,364,4,11,11,0
Felucca,3397,375,4,11,9,0
Felucca,3413,387,4,9,9,0
Felucca,3329,390,0,11,9,0
Felucca,3441,408,0,11,11,0
Felucca,3413,411,4,11,9,0
Felucca,3381,417,9,11,9,0
Felucca,3425,417,4,10,9,0
Felucca,3445,423,0,11,9,0
Felucca,3401,432,9,11,9,0
Felucca,3377,438,9,11,9,0
Felucca,3445,441,0,10,40,0
Felucca,3385,450,9,11,9,0
Felucca,3337,459,0,11,12,0
Felucca,3433,465,0,12,17,0
Felucca,3353,471,4,11,9,0
Felucca,3390,471,6,10,12,0
Felucca,3409,483,0,9,9,0
Felucca,3357,489,4,11,9,0
Felucca,3385,498,0,9,12,0
Felucca,3385,516,0,9,13,0
Felucca,3353,519,5,15,15,0
Felucca,3342,531,5,11,18,0
Felucca,3381,532,0,9,10,0
Felucca,3333,534,5,9,16,0
Felucca,3357,558,0,11,9,0
Felucca,3439,576,-2,9,9,0
Felucca,3361,579,0,11,21,0
Felucca,3347,585,0,9,12,0
Felucca,3427,587,1,9,13,0
Felucca,3373,590,0,9,19,0
Felucca,3418,593,1,9,13,0
Felucca,3386,596,0,9,16,0
Felucca,3399,597,0,19,12,0
Felucca,3335,615,8,9,9,0
Felucca,3425,624,0,12,9,0
Felucca,3406,627,0,10,9,0
Felucca,3413,640,0,22,22,0
Felucca,3435,640,0,14,9,0
Felucca,3329,642,0,12,18,0
Felucca,3365,657,0,11,9,0
Felucca,3401,657,0,12,17,0
Felucca,3413,662,0,9,9,0
Felucca,3441,2499,40,11,9,0
Felucca,3446,2521,43,9,17,0
Felucca,3430,2550,38,10,10,0
Felucca,3426,2560,44,21,11,0
Felucca,3415,2573,39,9,10,0
Felucca,3411,2586,42,9,30,0
Felucca,3430,2595,48,9,21,0
Felucca,3421,2604,48,9,30,0
Felucca,3400,2607,41,11,36,0
Felucca,3411,2628,48,10,9,0
Felucca,3391,2634,40,9,9,0
Felucca,3419,2637,48,9,27,0
Felucca,3431,2637,43,9,24,0
Felucca,3409,2646,49,10,24,0
Felucca,3348,2659,2,9,11,0
Felucca,3400,2659,48,9,29,0
Felucca,3421,2667,48,16,12,0
Felucca,3385,2673,43,15,12,0
Felucca,3349,2676,0,9,12,0
Felucca,3425,2679,48,10,9,0
Felucca,3401,2688,46,15,12,0
Felucca,3422,2688,51,10,12,0
Felucca,3401,2700,47,22,9,0
Felucca,3436,2700,49,12,12,0
Felucca,3403,2709,46,10,9,0
Felucca,3431,2712,54,9,21,0
Felucca,3441,2718,52,11,15,0
Felucca,3435,2733,48,13,9,0
Felucca,3456,128,0,12,15,0
Felucca,3468,139,0,9,29,0
Felucca,3477,162,0,9,15,0
Felucca,3465,168,0,11,9,0
Felucca,3459,177,0,13,12,0
Felucca,3461,222,0,9,9,0
Felucca,3510,279,0,9,9,0
Felucca,3500,288,-2,15,22,0
Felucca,3489,295,0,11,11,0
Felucca,3475,297,-2,9,9,0
Felucca,3456,298,0,12,17,0
Felucca,3489,306,0,11,17,0
Felucca,3477,312,0,12,13,0
Felucca,3465,321,0,12,12,0
Felucca,3481,340,0,10,17,0
Felucca,3491,344,0,9,12,0
Felucca,3496,356,0,11,16,0
Felucca,3457,408,0,11,17,0
Felucca,3468,409,0,9,20,0
Felucca,3456,425,0,12,12,0
Felucca,3474,531,0,9,12,0
Felucca,3473,561,0,11,9,0
Felucca,3473,588,0,9,10,0
Felucca,3461,591,0,11,9,0
Felucca,3566,2112,20,9,10,2102003
Felucca,3540,2148,20,10,9,2102003
Felucca,3525,2373,5,9,9,2102003
Felucca,3485,2381,13,13,10,2102003
Felucca,3560,2390,12,9,10,2102003
Felucca,3493,2403,40,10,29,2102003
Felucca,3508,2403,41,9,12,2102003
Felucca,3547,2404,19,10,14,2102003
Felucca,3517,2406,42,10,12,2102003
Felucca,3559,2412,10,9,20,2102003
Felucca,3525,2419,45,9,13,2102003
Felucca,3569,2421,9,9,9,2102003
Felucca,3491,2432,45,9,22,0
Felucca,3509,2432,49,11,13,0
Felucca,3547,2436,14,11,18,0
Felucca,3500,2439,48,9,16,0
Felucca,3558,2439,9,10,9,0
Felucca,3538,2443,15,9,14,0
Felucca,3483,2454,35,9,15,0
Felucca,3553,2463,18,11,15,0
Felucca,3509,2468,27,9,10,0
Felucca,3542,2473,16,10,20,0
Felucca,3473,2477,37,9,10,0
Felucca,3482,2478,40,10,9,0
Felucca,3575,2481,8,9,18,0
Felucca,3531,2486,15,11,10,0
Felucca,3561,2487,14,13,15,0
Felucca,3513,2490,15,12,18,0
Felucca,3477,2499,48,11,15,0
Felucca,3557,2502,13,10,9,0
Felucca,3533,2505,23,12,21,0
Felucca,3514,2508,12,9,14,0
Felucca,3545,2508,19,9,24,0
Felucca,3573,2508,1,11,9,0
Felucca,3554,2511,14,10,9,0
Felucca,3456,2512,48,12,20,0
Felucca,3469,2514,49,15,9,0
Felucca,3573,2517,0,11,21,0
Felucca,3557,2523,10,10,9,0
Felucca,3505,2526,21,9,12,0
Felucca,3461,2532,44,15,9,0
Felucca,3545,2532,19,11,15,0
Felucca,3557,2532,14,15,9,0
Felucca,3494,2540,17,9,10,0
Felucca,3575,2547,7,9,13,0
Felucca,3482,2550,16,10,10,0
Felucca,3513,2560,20,17,11,0
Felucca,3537,2560,14,11,11,0
Felucca,3563,2565,8,9,9,0
Felucca,3497,2571,21,10,12,0
Felucca,3507,2571,14,9,9,0
Felucca,3470,2574,11,14,9,0
Felucca,3551,2574,11,9,10,0
Felucca,3471,2583,12,13,9,0
Felucca,3491,2583,14,11,11,0
Felucca,3563,2589,6,9,11,0
Felucca,3466,2592,11,14,9,0
Felucca,3459,2601,15,9,9,0
Felucca,3569,2601,7,15,9,0
Felucca,3477,2605,3,10,25,0
Felucca,3469,2630,6,12,9,0
Felucca,3465,2639,5,12,34,0
Felucca,3456,2646,12,9,12,0
Felucca,3457,2723,47,9,10,0
Felucca,3457,2736,49,14,9,0
Felucca,3493,2757,8,10,10,0
Felucca,3551,2758,9,9,11,0
Felucca,3553,2775,6,11,18,0
Felucca,3481,2781,7,10,11,0
Felucca,3537,2787,6,11,12,0
Felucca,3501,2797,-2,9,11,0
Felucca,3471,2799,8,9,10,0
Felucca,3460,2804,6,11,9,0
Felucca,3545,2804,8,12,12,0
Felucca,3565,2826,52,9,12,0
Felucca,3553,2831,50,10,19,0
Felucca,3522,2832,51,10,15,0
Felucca,3489,2843,7,9,10,0
Felucca,3537,2847,59,15,9,0
Felucca,3699,2025,-3,13,20,2102003
Felucca,3687,2030,-3,12,15,2102003
Felucca,3642,2102,23,10,9,2102002
Felucca,3607,2397,36,9,9,2102003
Felucca,3613,2406,46,10,9,2102003
Felucca,3599,2415,45,18,17,2102003
Felucca,3689,2418,41,11,9,2102003
Felucca,3657,2422,31,13,10,2102003
Felucca,3691,2712,20,9,15,0
Felucca,3689,2727,15,11,9,0
Felucca,3669,2733,15,9,9,0
Felucca,3681,2736,15,13,12,0
Felucca,3644,2744,9,14,10,0
Felucca,3621,2745,5,15,9,0
Felucca,3678,2748,21,10,18,0
Felucca,3612,2766,54,9,9,0
Felucca,3633,2781,56,10,12,0
Felucca,3689,2786,59,9,13,0
Felucca,3605,2787,59,14,9,0
Felucca,3645,2789,57,9,11,0
Felucca,3587,2793,51,9,15,0
Felucca,3621,2816,19,13,10,0
Felucca,3641,2816,25,9,10,0
Felucca,3693,2823,21,11,9,0
Felucca,3609,2835,50,11,15,0
Felucca,3677,2838,33,11,12,0
Felucca,3598,2841,53,11,9,0
Felucca,3645,2841,60,11,12,0
Felucca,3633,2847,56,9,9,0
Felucca,3656,2848,61,10,17,0
Felucca,3643,2853,62,9,15,0
Felucca,3645,2895,17,9,9,0
Felucca,3712,2023,0,10,22,2102003
Felucca,3722,2027,0,9,18,2102003
Felucca,3731,2030,0,9,15,2102003
Felucca,3718,2469,26,10,9,0
Felucca,3741,2499,45,9,12,0
Felucca,3712,2505,0,12,9,0
Felucca,3742,2511,47,10,9,0
Felucca,3739,2531,33,9,16,0
Felucca,3927,195,7,9,61,0
Felucca,3903,196,3,10,32,0
Felucca,3894,207,-1,9,49,0
Felucca,3913,207,0,14,49,0
Felucca,3936,210,0,9,46,0
Felucca,3959,213,-1,9,43,0
Felucca,3945,214,0,9,42,0
Felucca,3885,222,-2,9,34,0
Felucca,3903,234,0,10,22,0
Felucca,3876,236,2,9,20,0
Felucca,3867,247,2,9,9,0
Felucca,3869,256,0,72,12,0
Felucca,3874,268,0,64,9,0
Felucca,3881,277,0,57,9,0
Felucca,3890,286,0,48,9,0
Felucca,3903,295,0,38,9,0
Felucca,3908,304,0,37,9,0
Felucca,3910,313,0,38,71,0
Felucca,3948,333,0,9,51,0
Felucca,3957,351,0,9,33,0
Felucca,3902,384,0,64,36,0
Felucca,3893,419,0,9,20,0
Felucca,3902,420,0,19,40,0
Felucca,3921,420,0,24,9,0
Felucca,3921,429,0,9,9,0
Felucca,3907,460,0,14,11,0
Felucca,3915,471,0,14,9,0
Felucca,3924,480,0,16,9,0
Felucca,3940,485,0,10,19,0
Felucca,3950,490,0,12,22,0
Felucca,3945,512,0,23,11,0
Felucca,3950,523,0,18,9,0
Felucca,3959,532,0,9,9,0
Felucca,3989,179,2,10,77,0
Felucca,3999,187,0,9,69,0
Felucca,4008,189,0,10,67,0
Felucca,3979,191,-1,10,65,0
Felucca,4018,193,0,9,63,0
Felucca,4027,202,0,9,54,0
Felucca,3970,203,1,9,53,0
Felucca,4036,227,0,9,29,0
Felucca,3981,256,0,69,9,0
Felucca,4021,265,0,29,9,0
Felucca,4025,274,0,29,10,0
Felucca,4031,284,0,30,10,0
Felucca,4061,290,0,10,46,0
Felucca,4071,292,0,9,58,0
Felucca,4037,294,0,24,9,0
Felucca,4080,295,0,9,69,0
Felucca,4046,303,0,15,13,0
Felucca,4052,316,0,9,9,0
Felucca,3968,393,0,9,22,0
Felucca,4059,490,0,12,22,0
Felucca,4050,492,0,9,20,0
Felucca,3968,493,0,16,19,0
Felucca,3984,494,0,10,18,0
Felucca,4033,494,0,17,18,0
Felucca,4071,494,0,9,18,0
Felucca,3994,495,0,39,17,0
Felucca,4080,499,0,16,13,0
Felucca,3968,512,3,128,20,0
Felucca,3968,532,0,65,17,0
Felucca,4062,532,0,34,108,0
Felucca,4033,539,-2,13,101,0
Felucca,3974,549,0,59,10,0
Felucca,3978,559,0,55,11,0
Felucca,3982,570,0,51,12,0
Felucca,4046,571,5,16,69,0
Felucca,3987,582,0,46,10,0
Felucca,3991,592,0,42,14,0
Felucca,3994,606,0,39,11,0
Felucca,4003,617,0,30,9,0
Felucca,4016,626,0,17,9,0
Felucca,4119,287,0,10,97,0
Felucca,4108,291,-1,11,93,0
Felucca,4099,295,1,9,89,0
Felucca,4193,351,-2,10,21,0
Felucca,4178,352,1,15,32,0
Felucca,4167,354,-2,11,30,0
Felucca,4129,355,0,9,29,0
Felucca,4157,361,-3,10,23,0
Felucca,4138,365,0,19,19,0
Felucca,4104,384,0,94,9,0
Felucca,4129,393,0,67,9,0
Felucca,4136,402,0,60,9,0
Felucca,4145,411,0,55,9,0
Felucca,4156,420,0,51,10,0
Felucca,4165,430,0,43,9,0
Felucca,4176,439,0,36,9,0
Felucca,4185,448,0,27,10,0
Felucca,4193,458,0,25,9,0
Felucca,4201,467,0,19,12,0
Felucca,4203,479,0,20,11,0
Felucca,4210,490,0,14,9,0
Felucca,4096,498,0,9,14,0
Felucca,4105,500,0,10,12,0
Felucca,4096,512,0,16,128,0
Felucca,4120,512,0,9,128,0
Felucca,4133,527,0,10,113,0
Felucca,4143,540,0,9,97,0
Felucca,4152,550,0,10,83,0
Felucca,4162,555,0,10,78,0
Felucca,4214,577,34,9,9,0
Felucca,4172,583,0,9,57,0
Felucca,4181,604,0,10,36,0
Felucca,4191,609,0,11,31,0
Felucca,4202,612,0,12,28,0
Felucca,4214,613,0,10,27,0
Felucca,4167,640,0,57,18,0
Felucca,4173,658,0,51,9,0
Felucca,4177,667,0,47,10,0
Felucca,4179,677,0,45,9,0
Felucca,4186,686,0,38,9,0
Felucca,4195,695,0,29,9,0
Felucca,4204,704,0,20,9,0
Felucca,4214,713,0,10,10,0
Felucca,4202,3663,3,10,11,0
Felucca,4148,3668,-1,13,11,0
Felucca,4146,3698,0,11,9,0
Felucca,4181,3712,0,9,10,0
Felucca,4196,3713,0,10,10,0
Felucca,4208,3740,0,9,9,0
Felucca,4178,3743,-2,11,12,0
Felucca,4215,3762,0,9,14,0
Felucca,4224,496,0,10,16,0
Felucca,4229,512,0,13,12,0
Felucca,4236,524,0,11,10,0
Felucca,4256,593,0,9,40,0
Felucca,4241,608,0,15,32,0
Felucca,4227,611,0,14,29,0
Felucca,4224,640,0,38,91,0
Felucca,4262,697,0,9,59,0
Felucca,4271,707,0,9,52,0
Felucca,4280,719,0,9,40,0
Felucca,4242,731,0,20,9,0
Felucca,4253,740,0,9,9,0
Felucca,4293,1026,0,10,9,2104002
Felucca,4275,1035,0,13,24,2104002
Felucca,4337,1041,6,15,9,2104002
Felucca,4327,1047,8,9,12,2104002
Felucca,4337,1053,3,15,9,2104002
Felucca,4317,1056,8,9,9,2104002
Felucca,4325,1068,10,11,9,2104002
Felucca,4341,1068,0,11,12,2104002
Felucca,4317,1083,0,10,9,2104002
Felucca,4317,1116,0,11,11,2104002
Felucca,4337,1119,0,11,12,2104002
Felucca,4281,1122,7,11,9,2104002
Felucca,4265,1128,0,10,10,2104002
Felucca,4313,1128,10,10,9,2104002
Felucca,4282,1140,0,11,9,2104002
Felucca,4304,1152,3,12,9,2104002
Felucca,4292,1154,0,9,9,2104002
Felucca,4313,1167,0,11,9,2104002
Felucca,4330,1185,0,10,9,2104002
Felucca,4343,1212,0,9,10,2104002
Felucca,4237,3649,-2,10,9,0
Felucca,4263,3651,0,9,9,0
Felucca,4298,3659,0,9,10,0
Felucca,4270,3661,0,13,12,0
Felucca,4315,3675,0,9,16,0
Felucca,4241,3677,0,10,11,0
Felucca,4328,3684,0,9,9,0
Felucca,4256,3699,0,9,10,0
Felucca,4337,3703,0,10,9,0
Felucca,4245,3716,0,9,11,0
Felucca,4337,3722,0,12,10,0
Felucca,4263,3725,0,10,10,0
Felucca,4329,3748,0,14,9,0
Felucca,4329,3759,0,10,11,0
Felucca,4320,3769,1,9,11,0
Felucca,4311,3776,0,9,14,0
Felucca,4291,3783,0,10,12,0
Felucca,4373,945,0,10,18,2104002
Felucca,4357,963,0,11,10,2104002
Felucca,4461,987,10,11,9,2104002
Felucca,4445,1002,0,11,12,2104002
Felucca,4441,1284,0,15,9,2104002
Felucca,4453,1299,8,11,9,2104002
Felucca,4465,1308,8,11,9,2104002
Felucca,4461,1365,8,11,9,2104002
Felucca,4431,1374,0,9,9,2104002
Felucca,4445,1383,10,11,11,2104002
Felucca,4457,1383,8,11,9,2104002
Felucca,4461,1395,8,11,9,2104002
Felucca,4454,1540,0,9,9,2104003
Felucca,4470,3099,0,10,14,0
Felucca,4380,3128,0,11,9,0
Felucca,4408,3131,0,9,10,0
Felucca,4470,3146,0,10,15,0
Felucca,4376,3148,0,9,14,0
Felucca,4371,3162,0,9,9,0
Felucca,4443,3168,0,9,10,0
Felucca,4430,3169,0,9,14,0
Felucca,4374,3177,0,9,14,0
Felucca,4407,3178,0,9,9,0
Felucca,4430,3185,0,14,13,0
Felucca,4442,3207,0,10,10,0
Felucca,4447,3225,0,9,12,0
Felucca,4448,3237,0,9,10,0
Felucca,4449,3263,0,10,12,0
Felucca,4426,3265,2,9,16,0
Felucca,4416,3294,0,9,10,0
Felucca,4445,3302,0,12,9,0
Felucca,4412,3307,0,11,9,0
Felucca,4405,3316,0,9,11,0
Felucca,4406,3332,0,9,14,0
Felucca,4397,3350,2,10,9,0
Felucca,4399,3359,0,9,11,0
Felucca,4385,3363,0,12,9,0
Felucca,4381,3372,1,12,19,0
Felucca,4400,3375,0,10,10,0
Felucca,4411,3425,-1,9,14,0
Felucca,4460,3436,0,9,11,0
Felucca,4468,3498,0,12,9,0
Felucca,4453,3510,2,9,11,0
Felucca,4438,3515,-1,9,10,0
Felucca,4414,3521,0,24,9,0
Felucca,4453,3528,0,12,12,0
Felucca,4419,3530,0,19,9,0
Felucca,4444,3534,0,9,15,0
Felucca,4428,3539,0,15,9,0
Felucca,4465,3626,0,9,11,0
Felucca,4413,3637,0,12,9,0
Felucca,4469,3637,0,11,11,0
Felucca,4454,3645,2,11,10,0
Felucca,4404,3649,-1,11,9,0
Felucca,4418,3653,0,9,9,0
Felucca,4456,3658,0,10,11,0
Felucca,4361,3674,0,9,12,0
Felucca,4362,3686,0,11,10,0
Felucca,4465,3716,0,9,11,0
Felucca,4431,3718,0,13,10,0
Felucca,4352,3730,0,13,9,0
Felucca,4376,3758,0,21,9,0
Felucca,4355,3769,0,11,16,0
Felucca,4417,3773,0,9,11,0
Felucca,4394,3778,0,9,9,0
Felucca,4448,3783,0,9,10,0
Felucca,4443,3897,0,9,9,0
Felucca,4436,3914,0,9,11,0
Felucca,4452,3939,0,10,13,0
Felucca,4441,3941,-1,10,11,0
Felucca,4465,3942,0,9,23,0
Felucca,4454,3952,0,11,9,0
Felucca,4569,1024,0,10,17,2104002
Felucca,4550,1026,0,10,9,2104002
Felucca,4481,1032,0,11,9,2104002
Felucca,4517,1083,0,11,9,2104002
Felucca,4545,1086,0,10,9,2104002
Felucca,4537,1098,0,11,9,2104002
Felucca,4513,1104,0,10,9,2104002
Felucca,4537,1107,0,11,12,2104002
Felucca,4557,1111,0,9,11,2104002
Felucca,4538,1119,0,10,9,2104002
Felucca,4557,1125,0,11,9,2104002
Felucca,4586,1136,0,10,10,2104002
Felucca,4545,1152,0,10,9,2104002
Felucca,4589,1155,0,15,9,2104002
Felucca,4597,1188,0,11,9,2104002
Felucca,4485,1195,0,15,16,2104002
Felucca,4505,1195,0,11,14,2104002
Felucca,4587,1203,0,9,11,2104002
Felucca,4541,1208,0,9,10,2104002
Felucca,4509,1212,0,11,9,2104002
Felucca,4525,1215,0,11,9,2104002
Felucca,4541,1224,0,10,9,2104002
Felucca,4509,1236,0,11,12,2104002
Felucca,4525,1236,0,11,12,2104002
Felucca,4497,1239,0,11,9,2104002
Felucca,4493,1251,0,16,9,2104002
Felucca,4533,1251,0,9,9,2104002
Felucca,4513,1257,0,11,9,2104002
Felucca,4481,1260,0,11,9,2104002
Felucca,4501,1260,0,11,12,2104002
Felucca,4592,1269,1,9,11,2104002
Felucca,4541,1284,7,11,9,2104002
Felucca,4590,1287,0,10,9,2104002
Felucca,4485,1289,7,11,13,2104002
Felucca,4525,1289,9,10,10,2104002
Felucca,4513,1290,8,11,9,2104002
Felucca,4485,1302,8,15,9,2104002
Felucca,4525,1302,8,10,10,2104002
Felucca,4548,1306,8,9,10,2104002
Felucca,4573,1308,8,11,9,2104002
Felucca,4509,1314,8,11,9,2104002
Felucca,4597,1323,0,11,9,2104002
Felucca,4528,1326,8,29,9,2104002
Felucca,4573,1326,8,11,9,2104002
Felucca,4485,1329,8,11,9,2104002
Felucca,4498,1338,8,14,9,2104002
Felucca,4597,1347,0,11,9,2104002
Felucca,4546,1359,8,10,9,2104002
Felucca,4573,1377,12,10,9,2104002
Felucca,4589,1380,0,11,9,2104002
Felucca,4546,1389,8,10,9,2104002
Felucca,4546,1398,8,10,9,2104002
Felucca,4569,1398,12,11,10,2104002
Felucca,4481,1425,8,15,9,2104002
Felucca,4549,1425,8,11,9,2104002
Felucca,4597,1428,0,9,9,2104002
Felucca,4497,1431,8,11,12,2104002
Felucca,4557,1437,8,11,9,2104002
Felucca,4545,1440,8,11,9,2104002
Felucca,4485,1443,8,15,9,2104002
Felucca,4505,1443,8,9,9,2104002
Felucca,4571,1461,2,9,9,2104002
Felucca,4597,1464,0,11,9,2104002
Felucca,4545,1467,11,10,9,2104002
Felucca,4517,1470,9,11,11,2104002
Felucca,4593,1476,0,15,9,2104002
Felucca,4521,1482,0,12,9,2104002
Felucca,4585,1488,0,11,13,2104002
Felucca,4509,1493,0,14,9,2104002
Felucca,4557,1509,0,14,9,2104002
Felucca,4484,3093,0,9,9,0
Felucca,4572,3112,0,10,10,0
Felucca,4515,3122,0,12,9,0
Felucca,4572,3122,3,12,9,0
Felucca,4501,3130,0,9,16,0
Felucca,4570,3138,1,9,17,0
Felucca,4485,3153,0,11,10,0
Felucca,4566,3156,0,10,9,0
Felucca,4561,3171,0,10,12,0
Felucca,4562,3183,0,9,16,0
Felucca,4568,3219,0,9,15,0
Felucca,4517,3237,0,14,11,0
Felucca,4586,3241,0,9,9,0
Felucca,4512,3248,0,22,9,0
Felucca,4591,3255,0,9,9,0
Felucca,4480,3256,0,12,11,0
Felucca,4557,3263,0,9,19,0
Felucca,4598,3271,0,10,9,0
Felucca,4496,3279,0,9,14,0
Felucca,4563,3290,0,9,9,0
Felucca,4599,3302,0,9,9,0
Felucca,4480,3303,0,10,9,0
Felucca,4599,3311,0,9,17,0
Felucca,4480,3312,0,9,13,0
Felucca,4560,3361,0,9,13,0
Felucca,4597,3373,0,9,11,0
Felucca,4558,3383,0,9,12,0
Felucca,4492,3385,0,10,15,0
Felucca,4596,3387,0,12,10,0
Felucca,4502,3389,0,9,13,0
Felucca,4557,3398,0,11,11,0
Felucca,4489,3400,0,10,13,0
Felucca,4587,3400,0,10,12,0
Felucca,4497,3413,0,9,9,0
Felucca,4572,3416,0,9,9,0
Felucca,4579,3425,0,9,13,0
Felucca,4563,3437,0,11,13,0
Felucca,4561,3456,0,11,10,0
Felucca,4580,3469,0,9,11,0
Felucca,4561,3485,0,9,11,0
Felucca,4552,3497,0,9,11,0
Felucca,4595,3502,20,10,15,0
Felucca,4543,3505,0,9,14,0
Felucca,4586,3509,23,9,14,0
Felucca,4528,3516,0,15,10,0
Felucca,4558,3521,29,13,10,0
Felucca,4514,3529,0,9,10,0
Felucca,4483,3533,0,9,9,0
Felucca,4558,3533,25,12,9,0
Felucca,4582,3533,30,10,15,0
Felucca,4495,3540,0,10,10,0
Felucca,4547,3547,24,9,11,0
Felucca,4520,3556,0,9,11,0
Felucca,4550,3574,30,9,10,0
Felucca,4548,3596,20,9,15,0
Felucca,4493,3601,2,11,10,0
Felucca,4554,3626,40,9,9,0
Felucca,4591,3655,80,9,17,0
Felucca,4515,3686,40,10,9,0
Felucca,4535,3701,40,12,11,0
Felucca,4539,3712,40,10,13,0
Felucca,4502,3726,20,9,10,0
Felucca,4576,3751,4,9,9,0
Felucca,4522,3753,0,9,10,0
Felucca,4531,3756,0,10,9,0
Felucca,4513,3762,0,9,10,0
Felucca,4555,3830,0,9,10,0
Felucca,4558,3840,0,11,13,0
Felucca,4589,3845,0,13,9,0
Felucca,4593,3877,0,9,13,0
Felucca,4495,3935,0,9,11,0
Felucca,4551,3938,0,9,16,0
Felucca,4509,3944,0,12,9,0
Felucca,4512,3968,0,11,11,0
Felucca,4524,3971,0,10,10,0
Felucca,4689,1110,0,11,12,2104002
Felucca,4675,1111,-1,9,11,2104002
Felucca,4646,1122,-1,10,9,2104002
Felucca,4634,1128,-2,10,9,2104002
Felucca,4613,1143,0,11,9,2104002
Felucca,4669,1152,0,11,9,2104002
Felucca,4681,1152,0,11,9,2104002
Felucca,4647,1155,0,9,11,2104002
Felucca,4669,1161,0,9,9,2104002
Felucca,4665,1173,0,11,9,2104002
Felucca,4657,1186,0,9,11,2104002
Felucca,4665,1200,0,11,9,2104002
Felucca,4636,1210,0,10,11,2104002
Felucca,4609,1218,0,10,9,2104002
Felucca,4616,1266,0,9,14,2104002
Felucca,4620,1280,0,9,11,2104002
Felucca,4644,1309,0,9,14,2104002
Felucca,4633,1340,0,10,13,2104002
Felucca,4617,1362,0,11,9,2104002
Felucca,4656,1362,0,11,11,2104002
Felucca,4628,1364,0,9,10,2104002
Felucca,4643,1367,0,12,14,2104002
Felucca,4659,1373,0,9,14,2104002
Felucca,4629,1386,0,9,12,2104002
Felucca,4638,1394,0,11,9,2104002
Felucca,4609,1398,0,11,9,2104002
Felucca,4641,1409,0,9,10,2104002
Felucca,4699,1410,0,9,24,2104002
Felucca,4712,1412,0,9,11,2104002
Felucca,4636,1419,0,9,11,2104002
Felucca,4683,1427,0,10,9,2104002
Felucca,4617,1434,0,15,12,2104002
Felucca,4632,1441,0,13,11,2104002
Felucca,4633,1452,0,12,16,2104002
Felucca,4613,1464,0,11,9,2104002
Felucca,4640,1468,0,11,17,2104002
Felucca,4617,1485,0,11,14,2104002
Felucca,4628,1488,0,11,13,2104002
Felucca,4610,3261,0,9,16,0
Felucca,4609,3282,0,9,19,0
Felucca,4609,3330,0,9,9,0
Felucca,4646,3330,0,9,13,0
Felucca,4664,3342,0,9,10,0
Felucca,4616,3345,0,11,10,0
Felucca,4608,3355,0,11,9,0
Felucca,4615,3395,0,9,10,0
Felucca,4717,3400,0,10,16,0
Felucca,4720,3416,0,12,12,0
Felucca,4608,3421,0,9,12,0
Felucca,4693,3436,0,9,20,0
Felucca,4683,3437,0,9,11,0
Felucca,4708,3441,0,10,11,0
Felucca,4635,3442,20,9,11,0
Felucca,4688,3466,0,9,10,0
Felucca,4713,3467,0,9,9,0
Felucca,4665,3515,46,9,12,0
Felucca,4611,3519,29,9,12,0
Felucca,4709,3522,0,12,10,0
Felucca,4689,3559,0,10,11,0
Felucca,4680,3623,41,9,9,0
Felucca,4623,3669,80,10,24,0
Felucca,4646,3742,5,9,12,0
Felucca,4615,3752,7,10,11,0
Felucca,4727,3815,0,9,18,0
Felucca,4635,3829,0,10,11,0
Felucca,4659,3831,0,13,9,0
Felucca,4616,3845,0,9,13,0
Felucca,4616,3879,0,14,10,0
Felucca,4751,3456,0,9,9,0
Felucca,4750,3472,0,13,10,0
Felucca,4736,3482,0,9,9,0
Felucca,4748,3482,0,12,13,0
Felucca,4737,3491,0,9,10,0
Felucca,4760,3492,0,11,10,0
Felucca,4830,3591,0,9,9,0
Felucca,4832,3600,0,9,11,0
Felucca,4815,3638,0,14,9,0
Felucca,4831,3649,0,9,9,0
Felucca,4820,3663,0,9,9,0
Felucca,4830,3681,0,12,10,0
Felucca,4820,3683,0,9,14,0
Felucca,4736,3684,0,9,9,0
Felucca,4814,3712,0,11,15,0
Felucca,4827,3715,0,9,12,0
Felucca,4798,3726,0,9,9,0
Felucca,4784,3727,0,13,9,0
Felucca,4768,3754,0,9,21,0
Felucca,4788,3763,0,9,9,0
Felucca,4766,3793,0,9,18,0
Felucca,4738,3818,0,9,17,0
Felucca,4751,3818,0,11,12,0
Felucca,4773,3824,0,10,16,0
Felucca,4767,3840,0,10,10,0
Felucca,4778,3842,0,10,11,0
Felucca,5120,256,15,128,23,2112003
Felucca,5120,279,15,10,105,2112003
Felucca,5130,279,15,9,16,2112003
Felucca,5145,279,15,11,21,2112003
Felucca,5163,279,15,85,105,2112003
Felucca,5151,300,15,12,84,2112003
Felucca,5130,308,15,21,76,2112003
Felucca,5120,384,15,128,128,0
Felucca,5144,1288,0,9,9,0
Felucca,5159,1288,0,9,9,0
Felucca,5192,1295,0,9,9,0
Felucca,5202,1295,0,14,9,0
Felucca,5159,1298,0,9,13,0
Felucca,5128,1303,0,9,9,0
Felucca,5138,1303,0,14,9,0
Felucca,5159,1312,0,9,16,0
Felucca,5176,1319,0,9,9,0
Felucca,5186,1319,2,14,9,0
Felucca,5128,1320,0,9,9,0
Felucca,5200,1327,0,16,9,0
Felucca,5191,1328,0,9,24,0
Felucca,5175,1336,0,9,9,0
Felucca,5128,1343,0,32,9,0
Felucca,5175,1346,0,9,29,0
Felucca,5135,1352,0,9,16,0
Felucca,5151,1352,0,9,32,0
Felucca,5184,1359,0,16,9,0
Felucca,5160,1375,0,16,9,0
Felucca,5152,1424,0,24,16,0
Felucca,5199,1424,0,9,24,0
Felucca,5135,1432,0,9,9,0
Felucca,5223,1432,0,9,9,0
Felucca,5233,1432,0,15,9,0
Felucca,5135,1442,0,9,15,0
Felucca,5223,1443,1,9,29,0
Felucca,5144,1455,0,17,9,0
Felucca,5162,1455,0,13,9,0
Felucca,5199,1456,0,9,24,0
Felucca,5239,1464,0,9,40,0
Felucca,5151,1477,0,9,12,0
Felucca,5160,1479,0,16,9,0
Felucca,5136,1480,0,9,9,0
Felucca,5151,1490,0,9,22,0
Felucca,5207,1814,0,14,13,0
Felucca,5140,1824,0,11,21,0
Felucca,5140,1867,0,9,23,0
Felucca,5194,1877,0,11,26,0
Felucca,5149,1878,0,9,12,0
Felucca,5205,1887,0,9,18,0
Felucca,5226,1944,0,10,24,0
Felucca,5195,2011,0,11,21,0
Felucca,5206,2014,0,9,12,0
Felucca,5120,2048,0,128,128,0
Felucca,5209,2315,28,9,9,0
Felucca,5151,2316,31,10,16,0
Felucca,5141,2320,30,10,18,0
Felucca,5210,2324,31,13,10,0
Felucca,5180,2331,29,9,17,0
Felucca,5163,2340,35,17,9,0
Felucca,5232,2345,5,12,10,0
Felucca,5197,2349,29,13,9,0
Felucca,5141,2354,29,9,9,0
Felucca,5163,2365,22,10,14,0
Felucca,5173,2367,23,12,12,0
Felucca,5173,2392,34,11,9,0
Felucca,5164,2394,35,9,12,0
Felucca,5135,2406,17,11,11,0
Felucca,5146,2409,21,9,12,0
Felucca,5127,2447,18,9,13,0
Felucca,5130,2515,3,10,9,0
Felucca,5139,2882,48,14,11,0
Felucca,5129,2888,52,9,29,0
Felucca,5170,2901,-2,10,29,0
Felucca,5138,2905,51,14,11,0
Felucca,5161,2911,2,9,18,0
Felucca,5190,2987,59,9,12,0
Felucca,5129,3047,47,11,20,0
Felucca,5186,3114,90,9,11,0
Felucca,5226,3125,92,9,10,0
Felucca,5206,3170,22,14,30,0
Felucca,5146,3200,79,21,12,0
Felucca,5206,3200,19,19,11,0
Felucca,5154,3212,79,13,10,0
Felucca,5213,3224,3,11,10,0
Felucca,5236,3244,3,11,31,0
Felucca,5203,3246,5,9,14,0
Felucca,5227,3247,5,9,35,0
Felucca,5176,3263,40,11,45,0
Felucca,5199,3335,1,9,13,0
Felucca,5177,3348,29,9,25,0
Felucca,5205,3382,33,9,10,0
Felucca,5190,3404,27,13,9,0
Felucca,5166,3436,60,16,19,0
Felucca,5168,3467,-2,11,10,0
Felucca,5203,3477,4,12,9,0
Felucca,5185,3482,-2,11,10,0
Felucca,5154,3497,25,10,12,0
Felucca,5206,3502,2,10,28,0
Felucca,5216,3505,2,16,19,0
Felucca,5181,3507,-1,25,17,0
Felucca,5188,3524,2,18,10,0
Felucca,5189,3534,1,21,10,0
Felucca,5169,3540,61,10,10,0
Felucca,5192,3544,2,21,14,0
Felucca,5170,3550,60,9,9,0
Felucca,5221,3550,1,9,34,0
Felucca,5208,3558,2,13,26,0
Felucca,5230,3558,-3,9,26,0
Felucca,5239,3561,-1,9,23,0
Felucca,5171,3563,29,10,14,0
Felucca,5237,3589,12,11,10,0
Felucca,5171,3717,-1,11,26,0
Felucca,5162,3731,1,9,17,0
Felucca,5150,3738,-2,11,12,0
Felucca,5196,3757,0,9,30,0
Felucca,5205,3772,2,11,18,0
Felucca,5171,3776,-2,10,14,0
Felucca,5181,3787,0,11,12,0
Felucca,5167,3805,-2,12,11,0
Felucca,5152,3808,-2,9,32,0
Felucca,5218,3811,23,14,20,0
Felucca,5196,3814,24,9,18,0
Felucca,5161,3827,-2,19,13,0
Felucca,5144,3840,3,72,9,0
Felucca,5187,3849,-1,20,16,0
Felucca,5229,3860,45,12,16,0
Felucca,5224,3876,46,9,19,0
Felucca,5185,3879,3,19,26,0
Felucca,5173,3883,2,12,16,0
Felucca,5162,3887,0,11,13,0
Felucca,5152,3905,1,15,11,0
Felucca,5215,3920,34,13,13,0
Felucca,5205,3922,37,10,16,0
Felucca,5148,3927,34,13,9,0
Felucca,5248,256,15,24,128,2112003
Felucca,5316,256,15,60,128,2112003
Felucca,5272,275,7,24,109,2112003
Felucca,5296,299,7,20,85,2112003
Felucca,5248,384,15,127,128,0
Felucca,5311,1416,0,9,16,0
Felucca,5320,1423,0,32,9,0
Felucca,5359,1423,0,9,25,0
Felucca,5334,1432,0,10,16,0
Felucca,5248,1438,0,9,10,0
Felucca,5294,1440,0,10,25,0
Felucca,5343,1448,0,9,16,0
Felucca,5271,1456,0,23,9,0
Felucca,5334,1456,0,9,12,0
Felucca,5248,1471,0,16,9,0
Felucca,5325,1809,0,12,20,0
Felucca,5316,1815,0,9,12,0
Felucca,5257,1832,0,9,17,0
Felucca,5270,1876,0,9,22,0
Felucca,5279,1879,0,9,16,0
Felucca,5314,1895,0,10,24,0
Felucca,5305,1899,0,9,18,0
Felucca,5248,2048,0,128,128,0
Felucca,5322,2334,7,13,19,0
Felucca,5309,2336,6,13,14,0
Felucca,5341,2576,42,9,13,0
Felucca,5347,3107,2,9,18,0
Felucca,5255,3149,45,9,9,0
Felucca,5256,3165,85,14,9,0
Felucca,5367,3183,7,9,17,0
Felucca,5288,3228,4,14,15,0
Felucca,5279,3232,2,9,12,0
Felucca,5340,3335,2,10,9,0
Felucca,5264,3343,25,12,26,0
Felucca,5276,3345,26,11,28,0
Felucca,5329,3382,-1,9,12,0
Felucca,5296,3392,0,9,9,0
Felucca,5320,3393,1,9,13,0
Felucca,5270,3395,3,9,10,0
Felucca,5312,3416,1,15,25,0
Felucca,5333,3422,0,9,15,0
Felucca,5327,3437,-1,13,9,0
Felucca,5315,3483,60,12,25,0
Felucca,5304,3495,61,11,20,0
Felucca,5344,3504,-2,9,12,0
Felucca,5367,3507,-1,9,76,0
Felucca,5353,3520,-1,14,64,0
Felucca,5248,3525,3,15,23,0
Felucca,5340,3525,-1,13,24,0
Felucca,5331,3533,1,9,17,0
Felucca,5320,3534,-2,11,20,0
Felucca,5279,3538,-2,11,9,0
Felucca,5273,3556,1,9,28,0
Felucca,5343,3557,-1,10,27,0
Felucca,5334,3558,1,9,26,0
Felucca,5294,3560,3,11,24,0
Felucca,5324,3560,-2,10,24,0
Felucca,5305,3563,-1,19,21,0
Felucca,5248,3564,-1,10,20,0
Felucca,5282,3569,0,12,15,0
Felucca,5272,3588,27,14,11,0
Felucca,5325,3601,2,9,13,0
Felucca,5327,3632,0,13,9,0
Felucca,5346,3636,2,9,16,0
Felucca,5276,3639,4,11,10,0
Felucca,5367,3639,1,9,24,0
Felucca,5349,3656,0,9,12,0
Felucca,5304,3658,2,12,12,0
Felucca,5316,3660,5,16,9,0
Felucca,5295,3662,5,9,13,0
Felucca,5283,3663,3,12,15,0
Felucca,5271,3671,3,12,15,0
Felucca,5341,3682,0,9,20,0
Felucca,5350,3697,3,10,15,0
Felucca,5360,3698,5,12,14,0
Felucca,5346,3712,-1,29,11,0
Felucca,5271,3717,-3,10,9,0
Felucca,5359,3723,-3,16,10,0
Felucca,5330,3729,1,12,9,0
Felucca,5309,3736,-2,10,9,0
Felucca,5270,3742,23,9,45,0
Felucca,5361,3754,0,14,10,0
Felucca,5261,3761,21,9,38,0
Felucca,5252,3769,24,9,33,0
Felucca,5319,3793,-1,9,11,0
Felucca,5297,3807,25,9,9,0
Felucca,5345,3809,22,9,13,0
Felucca,5315,3821,-1,9,19,0
Felucca,5248,3826,-2,27,14,0
Felucca,5275,3831,2,9,9,0
Felucca,5289,3840,-2,11,9,0
Felucca,5363,3840,-1,13,10,0
Felucca,5270,3850,20,10,10,0
Felucca,5367,3850,-2,9,16,0
Felucca,5354,3851,19,9,11,0
Felucca,5330,3855,44,21,42,0
Felucca,5257,3874,1,11,9,0
Felucca,5321,3875,44,9,20,0
Felucca,5367,3875,-1,9,93,0
Felucca,5284,3887,3,12,9,0
Felucca,5285,3906,0,16,10,0
Felucca,5301,3908,0,18,11,0
Felucca,5357,3911,-1,10,57,0
Felucca,5319,3913,-1,21,11,0
Felucca,5340,3914,-1,17,32,0
Felucca,5323,3924,-3,17,15,0
Felucca,5345,3946,3,12,22,0
Felucca,5384,272,0,9,9,0
Felucca,5431,272,0,10,9,0
Felucca,5431,282,0,9,14,0
Felucca,5440,287,0,64,9,0
Felucca,5388,295,0,12,11,0
Felucca,5463,298,0,9,46,0
Felucca,5400,303,0,16,9,0
Felucca,5472,303,0,24,9,0
Felucca,5447,312,0,9,9,0
Felucca,5487,312,0,9,47,0
Felucca,5400,320,0,9,9,0
Felucca,5447,322,0,9,23,0
Felucca,5384,327,0,9,10,0
Felucca,5424,327,0,9,9,0
Felucca,5434,335,0,13,9,0
Felucca,5416,344,0,9,9,0
Felucca,5447,346,0,9,14,0
Felucca,5471,346,0,9,30,0
Felucca,5384,351,0,32,9,0
Felucca,5416,359,0,9,9,0
Felucca,5426,367,0,14,9,0
Felucca,5455,400,0,9,9,0
Felucca,5455,410,0,9,14,0
Felucca,5464,415,0,16,9,0
Felucca,5480,423,0,16,9,0
Felucca,5447,424,0,9,9,0
Felucca,5471,426,0,9,14,0
Felucca,5456,431,0,15,9,0
Felucca,5407,440,0,9,9,0
Felucca,5463,442,0,9,14,0
Felucca,5424,447,0,9,9,0
Felucca,5434,447,0,10,9,0
Felucca,5472,447,0,16,9,0
Felucca,5407,450,0,9,22,0
Felucca,5479,458,0,9,14,0
Felucca,5416,463,0,24,9,0
Felucca,5469,479,17,27,9,0
Felucca,5418,480,0,10,16,0
Felucca,5430,480,0,10,10,0
Felucca,5384,495,0,9,9,0
Felucca,5394,495,0,14,9,0
Felucca,5432,495,0,9,9,0
Felucca,5442,495,0,46,9,0
Felucca,5425,1536,0,79,10,0
Felucca,5425,1546,0,9,13,0
Felucca,5437,1546,0,21,13,0
Felucca,5461,1546,0,29,13,0
Felucca,5494,1548,0,10,11,0
Felucca,5425,1567,0,73,11,0
Felucca,5425,1578,0,17,28,0
Felucca,5445,1578,0,14,28,0
Felucca,5462,1578,0,28,28,0
Felucca,5493,1579,0,11,15,0
Felucca,5494,1596,0,10,10,0
Felucca,5425,1614,0,79,12,0
Felucca,5425,1626,0,17,38,0
Felucca,5445,1626,0,22,32,0
Felucca,5470,1626,0,20,38,0
Felucca,5493,1628,0,11,14,0
Felucca,5493,1644,0,11,13,0
Felucca,5425,1695,0,79,81,0
Felucca,5376,2048,0,48,128,0
Felucca,5424,2064,0,80,112,0
Felucca,5458,2309,33,9,23,0
Felucca,5443,2312,32,15,21,0
Felucca,5474,2316,34,9,11,0
Felucca,5379,2338,6,9,41,0
Felucca,5388,2342,2,9,39,0
Felucca,5472,2352,36,10,9,0
Felucca,5495,2364,35,9,9,0
Felucca,5427,2365,7,9,25,0
Felucca,5415,2367,5,12,12,0
Felucca,5461,2380,4,10,28,0
Felucca,5449,2388,4,12,17,0
Felucca,5491,2388,7,13,23,0
Felucca,5435,2394,3,14,9,0
Felucca,5471,2403,4,18,10,0
Felucca,5456,2542,41,12,9,0
Felucca,5474,2542,45,10,10,0
Felucca,5376,2560,0,9,18,0
Felucca,5412,2560,0,9,9,0
Felucca,5439,2573,43,9,12,0
Felucca,5471,2615,43,10,10,0
Felucca,5461,2630,48,9,14,0
Felucca,5493,2630,44,11,13,0
Felucca,5470,2632,43,9,23,0
Felucca,5447,2669,48,9,14,0
Felucca,5456,2674,47,9,9,0
Felucca,5401,2679,2,9,9,0
Felucca,5422,2716,16,11,10,0
Felucca,5452,2722,44,13,12,0
Felucca,5443,2724,44,9,20,0
Felucca,5465,2724,46,11,47,0
Felucca,5493,2729,43,11,9,0
Felucca,5452,2740,45,13,14,0
Felucca,5422,2741,3,13,9,0
Felucca,5456,2768,46,9,12,0
Felucca,5480,2770,45,12,18,0
Felucca,5492,2772,43,12,16,0
Felucca,5492,2816,-2,10,11,0
Felucca,5440,2851,34,11,18,0
Felucca,5465,2854,37,10,20,0
Felucca,5451,2856,38,14,13,0
Felucca,5415,2863,37,16,22,0
Felucca,5431,2869,36,10,9,0
Felucca,5424,2885,35,14,9,0
Felucca,5462,2983,-1,10,9,0
Felucca,5426,3200,2,19,10,0
Felucca,5448,3233,3,10,23,0
Felucca,5458,3235,2,14,16,0
Felucca,5384,3245,3,12,19,0
Felucca,5383,3290,2,9,16,0
Felucca,5470,3291,3,14,35,0
Felucca,5387,3306,3,11,14,0
Felucca,5484,3307,2,9,16,0
Felucca,5401,3332,2,9,9,0
Felucca,5472,3339,0,9,9,0
Felucca,5488,3342,0,10,13,0
Felucca,5460,3343,0,9,9,0
Felucca,5435,3382,35,15,26,0
Felucca,5378,3383,5,10,43,0
Felucca,5404,3404,39,18,29,0
Felucca,5488,3405,1,11,11,0
Felucca,5379,3435,2,9,21,0
Felucca,5488,3438,40,16,18,0
Felucca,5444,3440,4,12,10,0
Felucca,5401,3441,34,15,11,0
Felucca,5385,3456,1,9,9,0
Felucca,5459,3456,-1,9,10,0
Felucca,5484,3456,37,20,28,0
Felucca,5394,3463,5,10,18,0
Felucca,5453,3501,35,13,15,0
Felucca,5376,3507,1,10,19,0
Felucca,5474,3508,36,10,9,0
Felucca,5396,3526,4,10,18,0
Felucca,5488,3530,1,14,18,0
Felucca,5422,3531,2,9,13,0
Felucca,5404,3544,1,10,9,0
Felucca,5444,3544,3,16,10,0
Felucca,5376,3549,3,11,20,0
Felucca,5397,3555,2,15,18,0
Felucca,5447,3570,0,9,10,0
Felucca,5376,3574,4,9,9,0
Felucca,5394,3584,-1,18,10,0
Felucca,5444,3594,28,16,12,0
Felucca,5460,3595,32,11,11,0
Felucca,5457,3606,30,9,11,0
Felucca,5397,3607,32,9,24,0
Felucca,5486,3611,-1,16,13,0
Felucca,5474,3614,-1,12,15,0
Felucca,5490,3637,29,14,17,0
Felucca,5437,3652,2,9,10,0
Felucca,5441,3662,1,16,9,0
Felucca,5450,3671,2,15,11,0
Felucca,5452,3682,-3,20,9,0
Felucca,5391,3688,28,9,11,0
Felucca,5465,3691,-1,15,10,0
Felucca,5409,3712,-1,20,11,0
Felucca,5405,3723,2,11,15,0
Felucca,5470,3724,31,9,9,0
Felucca,5487,3735,30,17,10,0
Felucca,5450,3737,-1,9,9,0
Felucca,5478,3757,0,17,17,0
Felucca,5494,3776,-1,9,9,0
Felucca,5455,3780,31,9,13,0
Felucca,5473,3795,29,15,20,0
Felucca,5488,3799,29,10,24,0
Felucca,5392,3801,-2,9,11,0
Felucca,5399,3812,2,10,10,0
Felucca,5376,3815,-1,9,25,0
Felucca,5385,3829,2,9,11,0
Felucca,5421,3829,0,9,11,0
Felucca,5430,3830,-2,11,10,0
Felucca,5376,3840,-1,10,95,0
Felucca,5386,3840,2,14,12,0
Felucca,5465,3841,-1,14,9,0
Felucca,5472,3850,0,9,9,0
Felucca,5416,3857,-2,9,11,0
Felucca,5406,3862,5,10,11,0
Felucca,5426,3889,38,10,11,0
Felucca,5478,3893,-3,9,9,0
Felucca,5446,3904,38,16,13,0
Felucca,5430,3909,39,9,10,0
Felucca,5490,3968,39,14,12,0
Felucca,5413,3982,0,13,10,0
Felucca,5426,3989,2,9,11,0
Felucca,5491,3998,-2,10,13,0
Felucca,5376,4002,-2,9,69,0
Felucca,5385,4004,2,9,9,0
Felucca,5430,4013,1,16,15,0
Felucca,5385,4014,-1,9,24,0
Felucca,5446,4016,-3,10,12,0
Felucca,5400,4036,-1,13,11,0
Felucca,5424,4045,2,9,16,0
Felucca,5433,4047,1,10,17,0
Felucca,5385,4050,1,9,21,0
Felucca,5463,4050,5,12,19,0
Felucca,5475,4056,-3,11,11,0
Felucca,5490,4056,-2,14,16,0
Felucca,5560,264,0,10,14,0
Felucca,5527,271,0,9,17,0
Felucca,5538,271,0,22,9,0
Felucca,5610,271,0,14,9,0
Felucca,5594,275,0,14,9,0
Felucca,5564,278,0,12,10,0
Felucca,5576,279,0,18,9,0
Felucca,5591,288,0,9,9,0
Felucca,5591,298,0,9,14,0
Felucca,5600,303,0,10,17,0
Felucca,5535,304,0,9,9,0
Felucca,5560,304,0,9,9,0
Felucca,5575,304,0,16,9,0
Felucca,5535,314,0,9,23,0
Felucca,5610,319,0,14,9,0
Felucca,5559,322,0,9,15,0
Felucca,5583,322,0,9,22,0
Felucca,5512,327,0,9,9,0
Felucca,5522,327,0,13,9,0
Felucca,5544,327,0,15,9,0
Felucca,5615,330,0,9,14,0
Felucca,5568,335,0,15,9,0
Felucca,5592,335,0,16,21,0
Felucca,5559,338,0,9,22,0
Felucca,5504,351,0,17,9,0
Felucca,5522,351,0,37,9,0
Felucca,5568,351,0,24,9,0
Felucca,5608,351,0,16,9,0
Felucca,5592,357,0,12,19,0
Felucca,5551,362,0,9,14,0
Felucca,5606,362,0,10,14,0
Felucca,5544,392,0,9,9,0
Felucca,5575,392,0,17,9,0
Felucca,5592,399,0,16,9,0
Felucca,5519,400,0,9,9,0
Felucca,5576,401,0,10,9,0
Felucca,5608,407,0,10,17,0
Felucca,5519,410,0,9,23,0
Felucca,5543,410,0,9,15,0
Felucca,5528,415,0,15,9,0
Felucca,5504,423,0,9,9,0
Felucca,5552,423,0,32,9,0
Felucca,5543,426,0,9,15,0
Felucca,5528,431,0,15,9,0
Felucca,5519,434,0,9,22,0
Felucca,5575,434,0,9,15,0
Felucca,5543,442,0,9,14,0
Felucca,5584,447,0,24,9,0
Felucca,5575,450,0,9,23,0
Felucca,5599,458,0,9,14,0
Felucca,5504,463,0,28,9,0
Felucca,5533,463,17,27,9,0
Felucca,5566,463,0,9,9,0
Felucca,5575,474,0,9,12,0
Felucca,5590,479,0,10,11,0
Felucca,5504,487,0,9,9,0
Felucca,5514,487,0,38,9,0
Felucca,5573,487,0,9,9,0
Felucca,5504,1536,0,128,128,0
Felucca,5504,1664,0,128,112,0
Felucca,5608,2048,0,24,128,0
Felucca,5504,2064,0,104,112,0
Felucca,5509,2333,20,11,43,0
Felucca,5561,2343,20,12,35,0
Felucca,5520,2351,19,9,24,0
Felucca,5552,2352,17,9,12,0
Felucca,5524,2392,6,14,16,0
Felucca,5538,2393,8,10,9,0
Felucca,5504,2395,5,19,15,0
Felucca,5595,2521,42,9,20,0
Felucca,5583,2522,45,12,23,0
Felucca,5604,2523,44,9,13,0
Felucca,5574,2530,42,9,14,0
Felucca,5622,2560,-1,9,12,0
Felucca,5569,2575,42,10,12,0
Felucca,5579,2578,44,10,12,0
Felucca,5534,2590,12,15,10,0
Felucca,5568,2599,13,16,10,0
Felucca,5519,2607,15,9,12,0
Felucca,5567,2621,14,10,10,0
Felucca,5520,2631,13,12,11,0
Felucca,5562,2631,10,9,9,0
Felucca,5525,2648,17,11,9,0
Felucca,5576,2659,47,9,29,0
Felucca,5585,2666,46,17,22,0
Felucca,5538,2692,46,13,10,0
Felucca,5599,2698,45,11,20,0
Felucca,5551,2700,45,11,13,0
Felucca,5541,2702,44,10,9,0
Felucca,5565,2702,44,16,17,0
Felucca,5589,2712,44,10,30,0
Felucca,5504,2717,47,9,24,0
Felucca,5578,2719,43,11,11,0
Felucca,5599,2738,44,10,10,0
Felucca,5514,2745,45,10,41,0
Felucca,5596,2748,46,10,9,0
Felucca,5504,2756,44,10,34,0
Felucca,5597,2757,43,11,10,0
Felucca,5528,2762,45,10,23,0
Felucca,5538,2769,43,13,18,0
Felucca,5600,2774,46,9,9,0
Felucca,5575,2779,0,9,10,0
Felucca,5562,2795,-1,9,10,0
Felucca,5518,2816,1,10,9,0
Felucca,5572,2816,-2,10,9,0
Felucca,5508,2830,33,12,13,0
Felucca,5581,2831,37,11,15,0
Felucca,5520,2832,36,10,15,0
Felucca,5571,2834,37,10,13,0
Felucca,5592,2840,33,11,9,0
Felucca,5530,2843,35,9,11,0
Felucca,5594,2849,35,13,24,0
Felucca,5527,2857,32,9,23,0
Felucca,5545,2859,34,9,36,0
Felucca,5536,2861,37,9,22,0
Felucca,5516,2880,35,9,14,0
Felucca,5600,2890,8,11,9,0
Felucca,5517,2894,36,13,11,0
Felucca,5531,2904,35,9,18,0
Felucca,5595,2913,36,9,12,0
Felucca,5522,2915,35,9,13,0
Felucca,5513,2924,36,9,15,0
Felucca,5504,2933,34,9,11,0
Felucca,5569,3167,2,11,33,0
Felucca,5552,3169,3,10,15,0
Felucca,5555,3184,2,14,16,0
Felucca,5558,3200,3,20,9,0
Felucca,5600,3213,4,9,9,0
Felucca,5513,3286,4,13,30,0
Felucca,5564,3288,3,10,15,0
Felucca,5527,3289,4,13,15,0
Felucca,5529,3335,4,13,11,0
Felucca,5619,3348,1,9,9,0
Felucca,5585,3353,2,9,10,0
Felucca,5610,3353,1,9,12,0
Felucca,5520,3365,3,9,24,0
Felucca,5598,3368,1,10,10,0
Felucca,5617,3392,4,13,9,0
Felucca,5508,3393,0,9,14,0
Felucca,5517,3394,3,9,10,0
Felucca,5534,3418,38,9,30,0
Felucca,5513,3426,37,13,16,0
Felucca,5544,3430,39,10,20,0
Felucca,5504,3435,35,9,21,0
Felucca,5608,3441,4,9,10,0
Felucca,5587,3446,3,17,9,0
Felucca,5504,3456,35,9,16,0
Felucca,5606,3459,4,11,31,0
Felucca,5523,3471,2,9,9,0
Felucca,5538,3482,4,9,11,0
Felucca,5580,3492,2,9,12,0
Felucca,5526,3512,37,9,9,0
Felucca,5509,3514,36,12,9,0
Felucca,5593,3533,41,22,12,0
Felucca,5581,3545,34,9,11,0
Felucca,5606,3549,36,9,13,0
Felucca,5526,3560,1,18,9,0
Felucca,5605,3563,38,11,12,0
Felucca,5508,3572,1,9,11,0
Felucca,5582,3584,3,37,13,0
Felucca,5622,3584,3,10,12,0
Felucca,5602,3597,-3,20,23,0
Felucca,5526,3599,32,10,11,0
Felucca,5584,3608,32,9,10,0
Felucca,5507,3633,32,10,19,0
Felucca,5581,3675,-2,13,10,0
Felucca,5623,3676,2,9,36,0
Felucca,5510,3679,0,9,17,0
Felucca,5506,3696,1,11,12,0
Felucca,5623,3716,5,9,21,0
Felucca,5551,3738,-1,15,38,0
Felucca,5505,3739,28,9,9,0
Felucca,5541,3741,-2,10,24,0
Felucca,5532,3745,-1,9,16,0
Felucca,5566,3749,0,9,35,0
Felucca,5623,3821,0,9,19,0
Felucca,5546,3828,-3,9,12,0
Felucca,5555,3831,1,11,9,0
Felucca,5555,3840,-1,17,10,0
Felucca,5585,3840,1,46,12,0
Felucca,5528,3848,-3,9,16,0
Felucca,5560,3850,0,12,9,0
Felucca,5583,3852,1,16,9,0
Felucca,5621,3852,2,10,17,0
Felucca,5508,3859,2,9,9,0
Felucca,5553,3864,-2,10,10,0
Felucca,5587,3873,1,9,14,0
Felucca,5556,3874,-2,11,11,0
Felucca,5575,3875,-1,12,12,0
Felucca,5581,3887,0,14,23,0
Felucca,5561,3895,0,10,14,0
Felucca,5509,3906,42,9,9,0
Felucca,5587,3910,-1,9,9,0
Felucca,5518,3914,40,9,19,0
Felucca,5527,3917,38,9,19,0
Felucca,5509,3920,42,9,11,0
Felucca,5590,3920,-2,11,17,0
Felucca,5601,3922,-2,9,12,0
Felucca,5622,3949,-2,9,13,0
Felucca,5504,3995,-3,14,13,0
Felucca,5518,4012,41,20,10,0
Felucca,5545,4035,1,10,14,0
Felucca,5622,4040,3,9,23,0
Felucca,5528,4042,2,17,15,0
Felucca,5519,4044,1,9,15,0
Felucca,5632,1536,0,128,128,0
Felucca,5632,2048,0,128,128,0
Felucca,5748,2325,3,9,10,0
Felucca,5716,2489,45,10,9,0
Felucca,5646,2511,47,12,9,0
Felucca,5731,2511,44,11,9,0
Felucca,5653,2520,43,10,9,0
Felucca,5726,2527,46,9,23,0
Felucca,5634,2528,5,9,14,0
Felucca,5713,2531,46,13,14,0
Felucca,5735,2534,45,12,15,0
Felucca,5747,2535,45,13,13,0
Felucca,5646,2613,47,9,27,0
Felucca,5738,2613,47,9,27,0
Felucca,5691,2614,1,9,16,0
Felucca,5682,2616,-2,9,12,0
Felucca,5711,2623,-2,9,14,0
Felucca,5686,2642,-1,10,9,0
Felucca,5717,2645,-1,10,9,0
Felucca,5645,2649,42,18,14,0
Felucca,5738,2651,44,10,37,0
Felucca,5748,2652,47,12,36,0
Felucca,5725,2662,43,13,11,0
Felucca,5651,2663,47,16,9,0
Felucca,5654,2672,45,11,10,0
Felucca,5633,2675,-3,10,11,0
Felucca,5632,2690,1,9,9,0
Felucca,5671,2693,17,9,9,0
Felucca,5632,2700,2,11,12,0
Felucca,5713,2703,43,9,16,0
Felucca,5670,2711,43,16,38,0
Felucca,5686,2714,45,9,9,0
Felucca,5661,2721,43,9,22,0
Felucca,5644,2725,2,9,15,0
Felucca,5651,2770,1,9,9,0
Felucca,5714,2782,46,20,15,0
Felucca,5704,2785,43,10,20,0
Felucca,5686,2788,44,18,13,0
Felucca,5685,2816,15,9,16,0
Felucca,5694,2819,15,9,9,0
Felucca,5632,2829,15,9,24,0
Felucca,5633,2853,14,10,16,0
Felucca,5658,2854,0,17,11,0
Felucca,5654,2882,35,9,11,0
Felucca,5702,2897,34,10,9,0
Felucca,5662,3329,0,12,22,0
Felucca,5701,3336,1,9,11,0
Felucca,5647,3338,-3,15,15,0
Felucca,5634,3349,-1,13,9,0
Felucca,5733,3355,15,9,25,0
Felucca,5673,3381,-3,17,22,0
Felucca,5681,3403,-3,11,11,0
Felucca,5651,3407,16,9,25,0
Felucca,5682,3414,2,11,9,0
Felucca,5685,3423,2,9,14,0
Felucca,5751,3441,1,9,15,0
Felucca,5737,3456,-1,23,22,0
Felucca,5666,3460,15,12,54,0
Felucca,5728,3462,-2,9,9,0
Felucca,5657,3475,13,9,42,0
Felucca,5648,3478,16,9,17,0
Felucca,5741,3478,2,9,9,0
Felucca,5639,3482,14,9,11,0
Felucca,5703,3494,-2,22,9,0
Felucca,5749,3521,0,11,9,0
Felucca,5746,3536,2,9,33,0
Felucca,5719,3539,-1,16,30,0
Felucca,5735,3540,0,11,31,0
Felucca,5638,3545,-2,9,9,0
Felucca,5647,3546,0,9,24,0
Felucca,5685,3559,0,26,18,0
Felucca,5635,3561,-2,12,11,0
Felucca,5675,3584,-3,12,9,0
Felucca,5736,3585,-1,24,20,0
Felucca,5636,3602,0,14,9,0
Felucca,5740,3605,-1,10,14,0
Felucca,5679,3612,-2,13,9,0
Felucca,5739,3619,0,9,18,0
Felucca,5704,3620,0,13,12,0
Felucca,5733,3637,-2,10,21,0
Felucca,5719,3638,-2,10,16,0
Felucca,5649,3641,3,13,11,0
Felucca,5686,3642,17,18,9,0
Felucca,5751,3667,-3,9,19,0
Felucca,5691,3685,25,15,21,0
Felucca,5679,3690,22,12,21,0
Felucca,5706,3690,18,10,13,0
Felucca,5632,3727,-1,13,18,0
Felucca,5672,3739,20,26,17,0
Felucca,5662,3754,21,10,15,0
Felucca,5666,3785,19,11,12,0
Felucca,5645,3790,24,21,31,0
Felucca,5747,3817,21,9,10,0
Felucca,5679,3821,1,9,18,0
Felucca,5727,3829,0,15,10,0
Felucca,5713,3842,1,9,22,0
Felucca,5748,3842,0,12,14,0
Felucca,5693,3843,3,20,16,0
Felucca,5722,3843,0,26,12,0
Felucca,5655,3878,1,13,16,0
Felucca,5695,3878,21,9,20,0
Felucca,5683,3880,17,12,19,0
Felucca,5637,3924,-1,9,14,0
Felucca,5726,3926,0,19,22,0
Felucca,5745,3932,0,9,26,0
Felucca,5646,3937,0,15,31,0
Felucca,5732,3948,0,13,9,0
Felucca,5640,3968,0,11,10,0
Felucca,5711,3968,22,24,40,0
Felucca,5701,3970,22,10,39,0
Felucca,5735,3983,19,9,23,0
Felucca,5636,4008,-3,11,32,0
Felucca,5728,4016,-2,9,17,0
Felucca,5703,4027,19,12,18,0
Felucca,5694,4031,17,9,10,0
Felucca,5732,4064,20,9,20,0
Felucca,5661,4066,17,11,20,0
Felucca,5652,4074,21,9,15,0
Felucca,5760,1536,0,128,100,0
Felucca,5760,1636,0,78,28,0
Felucca,5857,1636,0,31,28,0
Felucca,5848,1649,0,9,15,0
Felucca,5838,1651,0,10,13,0
Felucca,5824,1664,0,60,112,0
Felucca,5760,2048,0,128,128,0
Felucca,5846,2311,46,15,11,0
Felucca,5864,2316,24,12,12,0
Felucca,5879,2322,5,9,16,0
Felucca,5832,2342,24,10,9,0
Felucca,5801,2345,26,13,12,0
Felucca,5878,2347,3,10,24,0
Felucca,5842,2349,24,9,14,0
Felucca,5851,2354,25,16,13,0
Felucca,5859,2465,46,12,10,0
Felucca,5860,2483,3,9,12,0
Felucca,5793,2560,-2,12,10,0
Felucca,5792,2618,42,10,23,0
Felucca,5802,2624,44,9,21,0
Felucca,5811,2628,45,9,12,0
Felucca,5761,2650,44,12,38,0
Felucca,5773,2653,46,9,16,0
Felucca,5824,2653,15,9,13,0
Felucca,5815,2666,16,9,15,0
Felucca,5825,2666,13,12,11,0
Felucca,5810,2688,15,13,9,0
Felucca,5760,2709,47,10,15,0
Felucca,5792,2759,-2,11,11,0
Felucca,5768,2761,-2,9,11,0
Felucca,5760,2916,37,9,12,0
Felucca,5781,3328,0,13,10,0
Felucca,5799,3337,-2,9,11,0
Felucca,5857,3346,13,12,20,0
Felucca,5841,3350,14,16,10,0
Felucca,5791,3410,-2,13,28,0
Felucca,5834,3412,-2,9,18,0
Felucca,5843,3415,0,15,14,0
Felucca,5805,3416,0,9,22,0
Felucca,5878,3428,-1,9,15,0
Felucca,5760,3434,-2,14,22,0
Felucca,5760,3456,1,23,24,0
Felucca,5858,3460,16,10,20,0
Felucca,5821,3466,17,23,14,0
Felucca,5773,3480,-1,14,9,0
Felucca,5816,3488,15,10,10,0
Felucca,5864,3497,2,9,40,0
Felucca,5853,3499,2,11,31,0
Felucca,5787,3508,1,9,13,0
Felucca,5792,3532,2,19,29,0
Felucca,5811,3540,-1,10,30,0
Felucca,5768,3556,-1,9,28,0
Felucca,5861,3575,1,13,9,0
Felucca,5760,3584,0,16,19,0
Felucca,5864,3584,-1,24,27,0
Felucca,5797,3586,1,9,11,0
Felucca,5788,3591,2,9,19,0
Felucca,5798,3603,0,10,9,0
Felucca,5875,3611,1,11,21,0
Felucca,5858,3625,0,12,17,0
Felucca,5777,3628,-3,12,9,0
Felucca,5845,3635,-1,10,16,0
Felucca,5836,3643,0,9,9,0
Felucca,5784,3647,-2,9,9,0
Felucca,5761,3648,0,12,48,0
Felucca,5773,3653,0,9,39,0
Felucca,5792,3668,1,9,13,0
Felucca,5782,3671,-2,9,13,0
Felucca,5813,3685,17,9,11,0
Felucca,5844,3685,-1,9,23,0
Felucca,5853,3693,-1,11,13,0
Felucca,5801,3730,2,10,17,0
Felucca,5774,3750,-1,9,10,0
Felucca,5809,3756,17,13,9,0
Felucca,5843,3756,2,9,9,0
Felucca,5783,3759,1,10,51,0
Felucca,5771,3765,-1,12,43,0
Felucca,5793,3768,2,10,40,0
Felucca,5778,3811,22,14,17,0
Felucca,5792,3817,22,19,12,0
Felucca,5873,3822,-2,14,18,0
Felucca,5858,3825,-2,15,15,0
Felucca,5873,3840,-2,14,10,0
Felucca,5760,3842,-3,18,14,0
Felucca,5778,3844,1,11,13,0
Felucca,5789,3846,-1,9,10,0
Felucca,5851,3854,21,12,26,0
Felucca,5841,3856,22,10,23,0
Felucca,5863,3861,21,9,15,0
Felucca,5765,3903,19,13,33,0
Felucca,5778,3911,20,9,18,0
Felucca,5819,3935,19,10,33,0
Felucca,5830,3936,22,12,32,0
Felucca,5842,3941,18,11,26,0
Felucca,5810,3944,20,9,24,0
Felucca,5773,3949,22,17,19,0
Felucca,5774,3968,20,12,9,0
Felucca,5868,3980,0,9,12,0
Felucca,5855,4009,20,10,31,0
Felucca,5761,4011,-1,13,35,0
Felucca,5875,4016,-1,9,9,0
Felucca,5823,4019,19,9,19,0
Felucca,5774,4020,3,9,27,0
Felucca,5810,4022,21,13,20,0
Felucca,5801,4063,19,12,30,0
Felucca,5813,4070,22,10,22,0
Felucca,5792,4080,19,9,11,0
Felucca,5780,4083,21,10,9,0
Felucca,5945,289,22,12,14,0
Felucca,5945,312,0,14,15,0
Felucca,5921,313,22,14,14,0
Felucca,5945,441,22,14,14,0
Felucca,5888,1536,0,128,128,0
Felucca,5932,1664,0,84,112,0
Felucca,5936,1776,0,80,16,0
Felucca,5936,1792,0,80,128,0
Felucca,5936,1920,0,80,128,0
Felucca,5888,2048,0,128,14,0
Felucca,5905,2062,0,111,114,0
Felucca,5888,2075,0,17,101,0
Felucca,5897,2321,24,10,31,0
Felucca,5921,2324,24,9,9,0
Felucca,5978,2332,25,25,9,0
Felucca,5953,2333,25,12,11,0
Felucca,6003,2344,47,10,26,0
Felucca,5902,2352,25,12,11,0
Felucca,5889,2354,6,9,18,0
Felucca,5961,2362,47,9,12,0
Felucca,5994,2362,45,9,12,0
Felucca,5908,2363,27,9,9,0
Felucca,5970,2364,44,24,13,0
Felucca,5921,2365,23,27,10,0
Felucca,5898,2371,3,9,14,0
Felucca,6007,2383,47,9,9,0
Felucca,5903,2385,5,20,13,0
Felucca,5955,2385,27,9,9,0
Felucca,5964,2388,28,9,38,0
Felucca,5928,2394,5,10,9,0
Felucca,5946,2400,6,10,20,0
Felucca,5998,2407,25,9,25,0
Felucca,6007,2408,25,9,24,0
Felucca,5989,2414,24,9,18,0
Felucca,5973,2416,23,16,16,0
Felucca,5980,2432,27,29,9,0
Felucca,6001,2843,15,11,12,0
Felucca,5997,2879,15,19,36,0
Felucca,5986,2884,15,11,27,0
Felucca,5949,2889,15,9,9,0
Felucca,5969,2921,18,9,11,0
Felucca,5967,2932,15,10,11,0
Felucca,6001,2968,16,9,13,0
Felucca,6005,2981,16,10,10,0
Felucca,6005,3200,16,11,19,0
Felucca,5996,3201,14,9,9,0
Felucca,5960,3246,-1,12,44,0
Felucca,5951,3255,-3,9,10,0
Felucca,5952,3315,-1,13,11,0
Felucca,5965,3317,-2,10,9,0
Felucca,5976,3317,-3,9,9,0
Felucca,5955,3329,1,9,9,0
Felucca,5944,3350,0,10,10,0
Felucca,5942,3360,0,9,36,0
Felucca,5975,3376,3,11,11,0
Felucca,5918,3384,0,11,10,0
Felucca,5889,3395,-2,11,15,0
Felucca,5963,3411,4,11,9,0
Felucca,5963,3420,6,10,12,0
Felucca,6004,3460,4,10,13,0
Felucca,5938,3499,0,9,9,0
Felucca,5925,3504,4,9,12,0
Felucca,6003,3531,0,9,10,0
Felucca,5998,3556,0,9,11,0
Felucca,5889,3558,1,12,16,0
Felucca,5954,3560,0,11,23,0
Felucca,6007,3564,3,9,12,0
Felucca,5965,3571,1,9,12,0
Felucca,5895,3584,2,10,20,0
Felucca,5963,3584,-3,28,21,0
Felucca,6004,3584,1,12,11,0
Felucca,5991,3587,0,9,11,0
Felucca,5926,3588,-1,20,9,0
Felucca,5905,3595,-1,10,14,0
Felucca,5965,3605,-1,21,23,0
Felucca,5901,3609,-1,11,36,0
Felucca,5918,3611,0,9,35,0
Felucca,5956,3635,0,9,10,0
Felucca,5934,3637,2,11,9,0
Felucca,5945,3642,0,10,16,0
Felucca,5927,3683,19,9,27,0
Felucca,5906,3684,21,21,12,0
Felucca,5962,3684,0,11,9,0
Felucca,5936,3687,19,9,22,0
Felucca,5912,3696,19,15,15,0
Felucca,5889,3715,-1,9,12,0
Felucca,5950,3731,-2,9,16,0
Felucca,5923,3738,-2,9,11,0
Felucca,5898,3747,22,11,26,0
Felucca,6007,3750,19,9,31,0
Felucca,5923,3761,20,12,11,0
Felucca,5998,3762,18,9,19,0
Felucca,5969,3766,19,10,16,0
Felucca,5935,3769,22,9,15,0
Felucca,5920,3796,1,9,34,0
Felucca,5995,3796,0,13,33,0
Felucca,5909,3797,-1,11,26,0
Felucca,5929,3797,1,11,23,0
Felucca,5985,3798,2,10,30,0
Felucca,5912,3841,1,9,9,0
Felucca,5929,3841,0,11,13,0
Felucca,5960,3841,2,12,9,0
Felucca,5940,3852,-1,15,9,0
Felucca,5888,3853,1,13,42,0
Felucca,6004,3854,1,10,14,0
Felucca,5937,3871,18,9,49,0
Felucca,5975,3876,-1,9,14,0
Felucca,5928,3879,23,9,41,0
Felucca,5946,3880,17,11,45,0
Felucca,5919,3893,17,9,26,0
Felucca,6001,3894,2,9,9,0
Felucca,5889,3895,1,9,56,0
Felucca,5957,3899,19,9,20,0
Felucca,5973,3940,-2,10,10,0
Felucca,6005,3953,19,11,15,0
Felucca,5889,3968,-1,21,13,0
Felucca,5998,3968,21,18,19,0
Felucca,5910,3971,1,9,18,0
Felucca,5897,3981,-1,9,10,0
Felucca,5917,3989,-2,9,10,0
Felucca,5889,3995,-2,9,52,0
Felucca,5915,3999,-1,10,31,0
Felucca,5984,4015,-2,9,13,0
Felucca,5975,4027,-1,9,28,0
Felucca,5918,4030,0,9,9,0
Felucca,5935,4030,-3,9,42,0
Felucca,5944,4038,-2,13,35,0
Felucca,5957,4056,1,9,24,0
Felucca,5966,4066,0,9,14,0
Felucca,5975,4070,2,12,12,0
Felucca,6035,273,0,12,14,0
Felucca,6090,273,44,13,14,0
Felucca,6113,273,22,14,14,0
Felucca,6041,321,22,14,22,0
Felucca,6033,353,44,14,14,0
Felucca,6038,401,0,9,14,0
Felucca,6016,1536,0,9,128,0
Felucca,6025,1537,0,72,127,0
Felucca,6097,1537,0,47,18,0
Felucca,6107,1555,-3,37,109,0
Felucca,6097,1558,-4,10,106,0
Felucca,6016,1664,0,128,128,0
Felucca,6016,1792,0,128,128,0
Felucca,6016,1920,0,128,128,0
Felucca,6016,2048,0,128,128,0
Felucca,6067,2323,25,12,43,0
Felucca,6079,2324,27,22,28,0
Felucca,6037,2333,46,10,12,0
Felucca,6101,2335,23,10,11,0
Felucca,6111,2338,26,15,11,0
Felucca,6113,2349,27,13,22,0
Felucca,6016,2352,45,9,18,0
Felucca,6079,2361,24,9,58,0
Felucca,6088,2364,27,13,12,0
Felucca,6070,2366,25,9,11,0
Felucca,6102,2375,24,19,57,0
Felucca,6092,2386,27,10,46,0
Felucca,6024,2395,24,14,27,0
Felucca,6038,2399,27,15,11,0
Felucca,6083,2419,27,9,9,0
Felucca,6082,2444,24,11,10,0
Felucca,6109,2453,46,10,13,0
Felucca,6092,2454,5,11,11,0
Felucca,6093,2839,14,11,46,0
Felucca,6084,2857,15,9,41,0
Felucca,6075,2868,15,9,22,0
Felucca,6016,2878,13,11,43,0
Felucca,6032,2927,28,11,17,0
Felucca,6023,2933,28,9,11,0
Felucca,6019,2944,29,24,16,0
Felucca,6072,2968,29,10,27,0
Felucca,6063,2973,28,9,14,0
Felucca,6082,2977,29,9,19,0
Felucca,6025,2995,32,9,21,0
Felucca,6114,3036,13,18,30,0
Felucca,6105,3045,15,9,25,0
Felucca,6095,3050,13,10,14,0
Felucca,6051,3265,17,9,31,0
Felucca,6062,3265,15,9,14,0
Felucca,6032,3287,1,10,11,0
Felucca,6085,3299,-1,12,23,0
Felucca,6097,3303,-1,9,17,0
Felucca,6016,3313,1,12,11,0
Felucca,6053,3357,0,9,10,0
Felucca,6102,3414,-2,14,42,0
Felucca,6093,3430,3,9,26,0
Felucca,6088,3456,-3,30,22,0
Felucca,6019,3475,2,13,14,0
Felucca,6074,3476,0,9,9,0
Felucca,6098,3478,-2,16,31,0
Felucca,6035,3513,2,9,20,0
Felucca,6024,3527,0,10,10,0
Felucca,6077,3529,-2,11,39,0
Felucca,6031,3584,1,12,12,0
Felucca,6090,3584,1,12,13,0
Felucca,6077,3588,1,12,29,0
Felucca,6067,3590,2,10,21,0
Felucca,6016,3592,3,10,20,0
Felucca,6050,3630,-2,9,36,0
Felucca,6032,3636,-2,9,20,0
Felucca,6059,3639,-2,10,33,0
Felucca,6020,3641,-1,9,9,0
Felucca,6069,3641,-1,10,19,0
Felucca,6045,3674,-1,10,30,0
Felucca,6035,3675,2,10,31,0
Felucca,6087,3678,15,13,19,0
Felucca,6025,3684,2,10,26,0
Felucca,6036,3713,-3,18,22,0
Felucca,6016,3742,20,9,39,0
Felucca,6066,3763,17,18,42,0
Felucca,6084,3772,19,9,37,0
Felucca,6093,3779,19,10,30,0
Felucca,6042,3809,17,12,18,0
Felucca,6094,3826,-2,9,9,0
Felucca,6073,3827,1,21,9,0
Felucca,6064,3841,-2,12,12,0
Felucca,6110,3847,23,10,31,0
Felucca,6044,3849,2,10,16,0
Felucca,6065,3853,-1,10,10,0
Felucca,6098,3853,19,9,36,0
Felucca,6120,3856,23,11,16,0
Felucca,6066,3874,1,11,41,0
Felucca,6055,3886,2,11,12,0
Felucca,6077,3893,2,10,25,0
Felucca,6028,3912,1,9,9,0
Felucca,6016,3916,3,12,12,0
Felucca,6080,3925,-1,9,14,0
Felucca,6124,3937,20,10,27,0
Felucca,6047,3951,21,12,12,0
Felucca,6016,3952,20,12,16,0
Felucca,6016,3968,17,18,18,0
Felucca,6083,3989,0,10,9,0
Felucca,6066,4005,3,9,30,0
Felucca,6034,4007,-2,9,10,0
Felucca,6051,4011,4,15,16,0
Felucca,6096,4012,-1,9,13,0
Felucca,6076,4016,1,15,19,0
Felucca,6016,4017,20,14,19,0
Felucca,6042,4017,-2,9,22,0
Felucca,6055,4034,-1,11,18,0
Felucca,6083,4035,3,10,10,0
Felucca,6016,4036,21,9,9,0
Felucca,6050,4057,19,10,24,0
Felucca,6039,4059,19,11,19,0
Felucca,6060,4061,18,19,10,0
Felucca,6079,4063,19,9,22,0
Felucca,6028,4066,20,11,12,0
Felucca,6245,2873,0,13,24,0
Felucca,6158,2877,0,9,30,0
Felucca,6205,2883,0,9,18,0
Felucca,6281,1633,0,21,13,0
Felucca,6273,1646,0,11,11,0
Felucca,6292,1654,0,9,10,0
Felucca,6283,1664,0,10,14,0
Felucca,6273,1672,1,10,30,0
Felucca,6273,1702,0,12,58,0
Felucca,6289,1758,0,9,25,0
Felucca,6299,1761,1,10,13,0
Felucca,6273,1764,1,9,9,0
Felucca,6309,1770,0,9,13,0
Felucca,6299,1774,0,10,10,0
Felucca,6283,2868,0,13,12,0
Felucca,6300,2870,0,12,25,0
Felucca,6446,1214,11,9,11,0
Felucca,6455,1222,12,9,11,0
Felucca,6426,1231,10,9,10,0
Felucca,6459,1233,10,10,10,0
Felucca,6439,1242,12,9,19,0
Felucca,6455,1243,10,9,16,0
Felucca,6401,1244,10,9,23,0
Felucca,6422,1244,10,17,9,0
Felucca,6427,1253,10,12,10,0
Felucca,6441,1261,11,11,19,0
Felucca,6411,1268,12,11,11,0
Felucca,6429,1269,9,11,11,0
Felucca,6428,1280,10,10,9,0
Felucca,6411,1636,0,9,28,0
Felucca,6420,1643,0,13,9,0
Felucca,6416,1728,0,11,11,0
Felucca,6436,1728,0,11,11,0
Felucca,6416,1748,0,11,11,0
Felucca,6436,1748,0,11,11,0
Felucca,6748,2163,0,11,12,0
Felucca,6767,2203,0,9,9,0
Felucca,6729,2215,10,11,12,0
Felucca,6749,2224,0,10,19,0
Felucca,6796,2104,0,11,11,0
Felucca,6822,2120,0,9,10,0
Felucca,6784,2176,0,15,15,0
Felucca,6817,2184,0,13,11,0
Felucca,6952,1795,44,19,10,0
Felucca,6915,1800,37,13,18,0
Felucca,6974,1812,40,11,9,0
Felucca,7005,1819,44,9,16,0
Felucca,6985,1821,40,16,9,0
Felucca,7015,1823,40,9,9,0
Felucca,7024,1826,40,11,16,0
Felucca,6992,1833,40,13,19,0
Felucca,6966,1834,40,9,19,0
Felucca,6939,1841,40,10,14,0
Felucca,6949,1842,37,9,19,0
Felucca,7018,1842,40,12,9,0
Felucca,6924,1853,37,9,10,0
Felucca,6975,1853,40,9,21,0
Felucca,6959,1855,40,12,18,0
Felucca,7025,1855,40,9,15,0
Felucca,6933,1858,40,9,27,0
Felucca,6943,1861,40,10,39,0
Felucca,6984,1865,40,9,18,0
Felucca,7010,1866,50,12,9,0
Felucca,7031,1870,40,9,9,0
Felucca,6994,1876,40,21,12,0
Felucca,6975,1877,40,9,11,0
Felucca,6960,1884,40,9,9,0
Felucca,6968,1895,40,9,11,0
Felucca,7011,1899,45,12,11,0
Felucca,7025,1906,50,9,10,0
Felucca,6942,1909,78,13,11,0
Felucca,7000,1909,40,9,11,0
Felucca,6912,1920,80,35,11,0
Felucca,6959,1920,80,16,10,0
Felucca,7008,1920,40,19,23,0
Felucca,6948,1930,40,10,10,0
Felucca,6971,1930,80,12,10,0
Felucca,7030,1933,40,9,35,0
Felucca,6926,1940,80,13,11,0
Felucca,7011,1943,40,15,12,0
Felucca,6968,1946,40,20,14,0
Felucca,6989,1952,40,9,12,0
Felucca,6959,1953,40,9,9,0
Felucca,6915,1960,80,10,19,0
Felucca,6925,1962,75,11,13,0
Felucca,7046,1792,39,13,16,0
Felucca,7066,1792,40,15,14,0
Felucca,7102,1792,40,23,9,0
Felucca,7081,1796,40,11,17,0
Felucca,7136,1796,40,9,9,0
Felucca,7110,1801,40,15,9,0
Felucca,7092,1804,40,12,16,0
Felucca,7153,1808,40,9,12,0
Felucca,7115,1810,40,16,9,0
Felucca,7132,1813,37,9,15,0
Felucca,7104,1819,40,9,33,0
Felucca,7123,1819,40,9,9,0
Felucca,7154,1820,37,9,26,0
Felucca,7113,1830,40,9,28,0
Felucca,7046,1839,40,11,20,0
Felucca,7077,1846,40,10,12,0
Felucca,7131,1846,35,11,39,0
Felucca,7148,1846,40,11,9,0
Felucca,7064,1847,40,12,17,0
Felucca,7088,1851,40,9,22,0
Felucca,7097,1861,40,9,30,0
Felucca,7078,1864,40,10,25,0
Felucca,7107,1866,40,10,22,0
Felucca,7047,1868,48,17,10,0
Felucca,7067,1869,40,11,10,0
Felucca,7088,1880,40,9,40,0
Felucca,7062,1881,50,9,11,0
Felucca,7144,1882,40,12,10,0
Felucca,7052,1888,40,10,18,0
Felucca,7115,1891,40,10,29,0
Felucca,7125,1896,40,12,9,0
Felucca,7097,1898,40,13,18,0
Felucca,7062,1901,40,9,19,0
Felucca,7053,1906,40,9,14,0
Felucca,7149,1909,40,10,11,0
Felucca,7054,1920,40,27,19,0
Felucca,7083,1920,40,11,29,0
Felucca,7142,1920,37,11,38,0
Felucca,7153,1921,40,10,12,0
Felucca,7104,1922,40,16,9,0
Felucca,7113,1931,40,13,18,0
Felucca,7055,1939,40,23,16,0
Felucca,7045,1946,40,10,21,0
Felucca,7132,1953,37,10,15,0
Felucca,7123,1956,37,9,22,0
Felucca,7113,1961,40,9,10,0
Felucca,7138,1968,40,11,12,0
Felucca,7040,1973,40,10,9,0
Trammel,119,1469,1,9,25,0
Trammel,247,1005,-1,9,9,1115002
Trammel,239,1015,-2,9,9,1115002
Trammel,221,1332,0,11,9,1115003
Trammel,193,1338,0,11,9,1115003
Trammel,213,1341,0,11,12,1115003
Trammel,233,1347,0,11,9,1115003
Trammel,205,1356,0,11,48,1115003
Trammel,137,1362,0,11,9,1115003
Trammel,193,1368,0,12,11,1115003
Trammel,217,1368,0,11,36,1115003
Trammel,134,1377,0,10,9,1115003
Trammel,149,1386,0,11,9,1115003
Trammel,245,1392,0,11,9,1115003
Trammel,213,1413,0,11,9,0
Trammel,221,1431,0,11,9,0
Trammel,181,1437,0,11,9,0
Trammel,153,1454,-1,11,28,0
Trammel,140,1456,1,10,35,0
Trammel,131,1459,-4,9,29,0
Trammel,165,1467,0,9,12,0
Trammel,177,1470,0,11,9,0
Trammel,197,1470,0,11,9,0
Trammel,209,1473,0,11,9,0
Trammel,165,1479,0,11,12,0
Trammel,155,1482,0,10,12,0
Trammel,193,1485,0,11,9,0
Trammel,134,1491,0,14,9,0
Trammel,169,1500,0,11,12,0
Trammel,369,1281,0,11,9,1115003
Trammel,357,1296,0,11,9,1115003
Trammel,373,1302,0,11,21,1115003
Trammel,345,1311,0,11,9,1115003
Trammel,353,1323,0,11,9,1115003
Trammel,369,1323,0,15,12,1115003
Trammel,315,1335,0,9,9,1115003
Trammel,265,1350,0,11,9,1115003
Trammel,369,1350,0,9,9,1115003
Trammel,277,1362,0,11,9,1115003
Trammel,269,1479,0,11,9,0
Trammel,349,1542,0,11,9,0
Trammel,333,1560,0,10,9,0
Trammel,354,1563,0,10,12,0
Trammel,389,1284,0,11,9,0
Trammel,397,1302,0,11,9,0
Trammel,413,1302,0,11,12,0
Trammel,385,1308,0,11,27,0
Trammel,417,1323,0,11,12,0
Trammel,385,1335,0,11,9,0
Trammel,417,1341,0,11,9,0
Trammel,398,1350,0,10,9,0
Trammel,453,1356,0,10,9,0
Trammel,469,1365,0,11,9,0
Trammel,489,1365,0,11,9,0
Trammel,417,1368,0,10,9,0
Trammel,435,1374,0,9,9,0
Trammel,501,1425,0,9,9,0
Trammel,497,1440,0,11,9,0
Trammel,461,1584,0,11,9,0
Trammel,410,1587,0,10,9,0
Trammel,393,1596,0,11,12,0
Trammel,449,1596,0,11,9,0
Trammel,453,1608,0,11,9,0
Trammel,445,1623,0,11,9,0
Trammel,501,1623,0,11,12,0
Trammel,445,1632,0,11,9,0
Trammel,461,1632,0,11,9,0
Trammel,499,1641,0,9,9,0
Trammel,393,1644,0,11,9,0
Trammel,441,1653,0,11,9,0
Trammel,477,1674,0,11,12,0
Trammel,489,1677,0,11,9,0
Trammel,465,1680,0,11,9,0
Trammel,402,1683,0,10,9,0
Trammel,489,1686,0,10,9,0
Trammel,454,2085,-1,9,9,0
Trammel,561,1281,0,11,9,1115003
Trammel,581,1281,0,11,9,1115003
Trammel,573,1290,0,11,9,1115003
Trammel,613,1296,0,11,18,1115003
Trammel,542,1326,0,9,9,1115003
Trammel,601,1326,0,11,9,1115003
Trammel,557,1335,0,15,9,1115003
Trammel,597,1341,0,11,9,1115003
Trammel,621,1341,0,11,9,1115003
Trammel,565,1344,0,11,9,1115003
Trammel,589,1371,0,11,9,1115003
Trammel,575,1377,0,9,9,1115003
Trammel,613,1392,0,9,9,1115003
Trammel,521,1413,0,11,9,0
Trammel,573,1416,0,11,9,0
Trammel,529,1428,0,11,9,0
Trammel,525,1437,0,11,9,0
Trammel,587,1449,0,9,9,0
Trammel,605,1449,0,11,9,0
Trammel,601,1458,0,9,12,0
Trammel,613,1458,0,11,15,0
Trammel,573,1468,0,11,11,0
Trammel,549,1473,0,11,9,0
Trammel,593,1476,0,11,9,0
Trammel,613,1476,0,9,21,0
Trammel,625,1503,0,11,9,0
Trammel,513,1569,0,11,12,0
Trammel,541,1614,0,14,9,0
Trammel,517,1632,0,15,9,0
Trammel,518,1641,0,9,12,0
Trammel,545,1641,0,11,9,0
Trammel,597,1680,0,11,9,0
Trammel,617,1680,0,11,9,0
Trammel,565,1683,0,10,9,0
Trammel,574,1692,0,10,9,0
Trammel,601,1698,0,11,12,0
Trammel,601,1731,0,10,9,0
Trammel,593,1749,0,11,9,0
Trammel,753,555,1,11,30,1115003
Trammel,743,563,-2,9,19,1115003
Trammel,734,580,1,9,20,1115003
Trammel,743,582,0,9,17,1115003
Trammel,757,585,0,11,9,1115003
Trammel,725,589,1,9,23,1115003
Trammel,752,597,0,12,9,1115003
Trammel,716,606,1,9,30,1115003
Trammel,753,606,0,15,9,1115003
Trammel,737,609,0,13,24,1115003
Trammel,725,612,0,11,9,1115003
Trammel,757,615,0,11,9,1115003
Trammel,683,630,0,11,10,1115003
Trammel,685,640,0,21,9,1115002
Trammel,707,642,0,9,30,1115002
Trammel,745,642,0,11,24,1115002
Trammel,717,645,0,14,15,1115002
Trammel,733,645,0,11,9,1115002
Trammel,695,649,0,12,9,1115002
Trammel,733,654,0,12,15,1115002
Trammel,756,657,0,12,15,1115002
Trammel,697,658,0,10,11,1115002
Trammel,717,660,0,10,9,1115002
Trammel,691,669,0,9,18,1115002
Trammel,717,669,0,11,9,1115002
Trammel,733,669,0,11,10,1115002
Trammel,701,672,0,10,9,1115002
Trammel,753,675,0,10,9,1115002
Trammel,711,678,0,9,9,1115002
Trammel,729,679,0,11,12,1115002
Trammel,681,682,-2,10,13,1115002
Trammel,701,684,0,10,24,1115002
Trammel,718,687,0,9,18,1115002
Trammel,742,687,0,10,12,1115002
Trammel,753,687,0,11,12,1115002
Trammel,691,690,0,9,12,1115002
Trammel,753,699,0,15,9,1115002
Trammel,683,704,-1,9,19,1115002
Trammel,717,705,0,11,33,1115002
Trammel,729,705,0,11,19,1115002
Trammel,670,708,1,13,16,1115002
Trammel,693,708,0,15,15,1115002
Trammel,741,708,0,10,21,1115002
Trammel,708,712,0,9,14,1115002
Trammel,661,720,0,9,12,1115002
Trammel,640,722,0,9,10,1115002
Trammel,650,722,0,10,11,1115002
Trammel,697,723,0,11,30,1115002
Trammel,753,723,0,11,15,1115002
Trammel,677,724,0,11,10,1115002
Trammel,688,730,0,9,11,1115002
Trammel,649,733,0,11,13,1115002
Trammel,665,735,0,11,15,1115002
Trammel,679,735,0,9,24,1115002
Trammel,728,735,0,12,9,1115002
Trammel,741,735,0,12,9,1115002
Trammel,709,741,0,11,9,1115002
Trammel,721,744,0,11,24,1115002
Trammel,741,744,0,15,9,1115002
Trammel,709,750,0,11,18,1115002
Trammel,689,753,0,10,15,1115002
Trammel,733,753,0,11,15,1115002
Trammel,745,753,0,16,9,1115002
Trammel,661,756,0,11,12,1115002
Trammel,665,768,0,11,9,1115042
Trammel,694,768,0,10,9,1115042
Trammel,729,768,0,15,12,1115042
Trammel,677,771,0,11,12,1115042
Trammel,705,771,0,15,21,1115042
Trammel,753,774,0,11,9,1115042
Trammel,665,777,0,11,12,1115042
Trammel,688,777,0,11,18,1115042
Trammel,721,780,0,11,12,1115042
Trammel,733,780,0,11,15,1115042
Trammel,677,783,0,11,9,1115042
Trammel,757,783,0,11,21,1115042
Trammel,675,792,0,9,25,1115042
Trammel,699,792,0,13,12,1115042
Trammel,721,792,0,9,33,1115042
Trammel,687,795,0,11,12,1115042
Trammel,747,795,0,9,18,1115042
Trammel,698,804,0,10,14,1115042
Trammel,757,804,0,11,12,1115042
Trammel,730,807,0,10,15,1115042
Trammel,685,813,0,11,9,1115042
Trammel,741,813,0,15,12,1115042
Trammel,757,816,0,11,9,1115042
Trammel,674,817,0,11,17,1115042
Trammel,709,821,0,11,18,1115042
Trammel,685,822,0,11,9,1115042
Trammel,721,825,0,11,12,1115042
Trammel,733,825,0,11,12,1115042
Trammel,745,825,0,11,10,1115042
Trammel,757,825,0,11,18,1115042
Trammel,685,831,0,17,9,1115042
Trammel,657,834,0,9,9,1115042
Trammel,673,834,0,12,15,1115042
Trammel,738,837,0,10,9,1115042
Trammel,709,839,0,15,13,1115042
Trammel,757,843,0,11,9,1115042
Trammel,661,845,0,9,9,1115042
Trammel,677,849,0,11,18,1115042
Trammel,689,852,0,15,12,1115042
Trammel,713,852,0,19,18,1115042
Trammel,733,852,0,11,18,1115042
Trammel,745,852,0,15,12,1115042
Trammel,657,855,0,11,12,1115042
Trammel,693,864,0,11,9,1115042
Trammel,753,864,0,11,10,1115042
Trammel,704,865,0,9,11,1115042
Trammel,657,867,0,9,9,1115042
Trammel,674,867,0,10,15,1115042
Trammel,693,873,0,11,20,1115042
Trammel,657,876,0,10,18,1115042
Trammel,708,876,0,10,9,1115042
Trammel,667,882,0,9,10,1115042
Trammel,677,882,0,11,14,1115042
Trammel,756,882,0,12,9,1115042
Trammel,709,885,0,9,9,1115042
Trammel,661,896,0,23,22,1115002
Trammel,713,896,0,20,10,1115002
Trammel,745,896,0,11,16,1115002
Trammel,757,900,0,11,12,1115002
Trammel,685,901,0,10,21,1115002
Trammel,695,903,0,13,15,1115002
Trammel,713,909,0,11,9,1115002
Trammel,725,909,0,11,9,1115002
Trammel,753,912,0,11,17,1115002
Trammel,709,918,0,11,21,1115002
Trammel,721,918,0,11,18,1115002
Trammel,733,918,0,10,9,1115002
Trammel,699,928,0,10,14,1115002
Trammel,738,928,0,9,14,1115002
Trammel,753,930,0,11,9,1115002
Trammel,709,939,0,19,12,1115002
Trammel,753,939,0,11,9,1115002
Trammel,729,941,0,9,16,1115002
Trammel,699,945,0,10,15,1115002
Trammel,747,948,0,9,18,1115002
Trammel,756,949,0,9,14,1115002
Trammel,709,951,0,11,18,1115002
Trammel,720,955,0,9,12,1115002
Trammel,699,960,0,9,15,1115002
Trammel,749,966,0,15,9,1115002
Trammel,731,972,0,9,9,1115002
Trammel,747,975,0,17,12,1115002
Trammel,721,984,0,15,12,1115002
Trammel,749,987,0,15,12,1115002
Trammel,737,990,0,11,9,1115002
Trammel,699,991,0,9,33,1115002
Trammel,725,996,0,12,18,1115002
Trammel,741,1002,0,11,15,1115002
Trammel,725,1014,0,11,10,1115002
Trammel,753,1014,0,15,10,1115002
Trammel,699,1024,0,13,14,1115002
Trammel,723,1026,0,9,27,1115002
Trammel,709,1038,0,11,12,1115002
Trammel,741,1050,0,11,9,1115002
Trammel,701,1059,0,11,21,1115002
Trammel,713,1068,0,11,21,1115002
Trammel,721,1089,0,11,14,1115002
Trammel,757,1089,0,11,9,1115002
Trammel,745,1101,0,11,18,1115002
Trammel,702,1119,0,9,9,1115002
Trammel,705,1140,0,23,12,1115002
Trammel,713,1152,0,27,9,1115002
Trammel,721,1161,0,27,18,1115002
Trammel,709,1176,0,11,9,1115002
Trammel,757,1176,0,11,9,1115002
Trammel,741,1179,0,11,9,1115002
Trammel,725,1182,0,11,9,1115002
Trammel,737,1188,0,11,9,1115002
Trammel,721,1191,0,11,9,1115002
Trammel,755,1212,0,9,9,1115002
Trammel,701,1218,0,11,9,1115002
Trammel,718,1221,0,10,9,1115002
Trammel,677,1248,0,11,9,1115002
Trammel,693,1248,0,11,9,1115002
Trammel,741,1251,0,15,9,1115002
Trammel,701,1263,0,11,9,1115002
Trammel,645,1269,0,11,9,1115002
Trammel,649,1281,0,11,9,1115003
Trammel,745,1281,0,11,9,1115003
Trammel,727,1287,0,9,21,1115003
Trammel,689,1290,0,11,15,1115003
Trammel,641,1305,0,11,9,1115003
Trammel,653,1308,0,15,22,1115003
Trammel,640,1314,0,9,10,1115003
Trammel,697,1323,0,11,11,1115003
Trammel,640,1325,0,11,40,1115003
Trammel,669,1326,0,11,38,1115003
Trammel,652,1330,0,17,20,1115003
Trammel,733,1341,0,11,9,1115003
Trammel,757,1341,0,11,9,1115003
Trammel,697,1347,0,10,9,1115003
Trammel,685,1350,0,11,9,1115003
Trammel,749,1350,0,11,9,1115003
Trammel,651,1351,0,12,23,1115003
Trammel,663,1364,0,13,10,1115003
Trammel,706,1368,0,10,11,1115003
Trammel,717,1368,0,11,12,1115003
Trammel,641,1377,0,11,9,1115003
Trammel,729,1377,0,15,9,1115003
Trammel,741,1389,0,10,15,1115003
Trammel,673,1392,0,9,9,1115003
Trammel,713,1392,0,11,9,1115003
Trammel,739,1416,0,9,9,0
Trammel,673,1419,0,11,9,0
Trammel,641,1428,0,11,9,0
Trammel,729,1431,0,11,9,0
Trammel,677,1443,0,11,9,0
Trammel,721,1449,0,15,9,0
Trammel,701,1455,0,9,9,0
Trammel,693,1476,0,11,12,0
Trammel,653,1494,0,11,9,0
Trammel,701,1500,0,11,9,0
Trammel,654,1503,0,10,12,0
Trammel,757,1503,0,11,9,0
Trammel,685,1509,0,11,9,0
Trammel,729,1509,0,9,11,0
Trammel,701,1527,0,11,9,0
Trammel,717,1527,0,11,9,0
Trammel,693,1542,0,11,9,0
Trammel,721,1545,0,11,9,0
Trammel,647,1701,0,9,9,0
Trammel,737,1701,0,11,9,0
Trammel,645,1716,0,11,9,0
Trammel,729,1719,0,11,9,0
Trammel,719,1792,2,13,17,0
Trammel,733,1797,0,11,21,0
Trammel,745,1797,0,11,18,0
Trammel,759,1800,0,9,27,0
Trammel,713,1809,0,11,9,0
Trammel,690,1812,0,9,9,0
Trammel,665,1815,0,11,9,0
Trammel,647,1816,4,9,26,0
Trammel,677,1818,0,11,9,0
Trammel,741,1830,0,11,9,0
Trammel,757,1830,0,11,11,0
Trammel,714,1842,0,10,18,0
Trammel,757,1842,0,11,17,0
Trammel,754,1859,0,10,29,0
Trammel,745,1869,0,9,33,0
Trammel,707,1874,2,9,17,0
Trammel,733,1875,0,10,27,0
Trammel,717,1881,0,11,30,0
Trammel,754,1888,0,14,11,0
Trammel,706,1891,-1,11,17,0
Trammel,733,1902,0,11,9,0
Trammel,757,1905,0,11,12,0
Trammel,714,1920,-1,10,18,0
Trammel,741,1935,0,11,9,0
Trammel,715,1938,0,9,9,0
Trammel,724,1941,0,12,9,0
Trammel,723,1950,0,9,9,0
Trammel,757,1956,0,11,27,0
Trammel,725,1967,0,11,10,0
Trammel,723,1977,-1,9,11,0
Trammel,757,1985,0,11,16,0
Trammel,723,1989,-1,13,10,0
Trammel,733,2124,1,11,11,0
Trammel,754,2238,0,10,11,1111043
Trammel,757,2349,0,11,9,1111043
Trammel,838,325,0,9,26,0
Trammel,829,343,2,9,17,0
Trammel,845,351,0,9,9,0
Trammel,820,354,-2,9,28,0
Trammel,837,366,0,11,9,0
Trammel,825,384,0,11,10,0
Trammel,836,385,0,9,53,0
Trammel,845,402,0,9,42,0
Trammel,827,423,0,9,12,0
Trammel,817,426,2,9,18,0
Trammel,854,426,0,9,24,0
Trammel,808,431,-2,9,10,0
Trammel,863,434,0,9,25,0
Trammel,798,436,-3,10,35,0
Trammel,788,440,-2,10,22,0
Trammel,808,441,0,9,15,0
Trammel,779,448,-2,9,24,0
Trammel,813,456,0,15,9,0
Trammel,865,459,0,13,9,0
Trammel,788,462,0,10,21,0
Trammel,869,468,0,10,18,0
Trammel,873,486,0,11,9,0
Trammel,873,498,0,10,9,0
Trammel,829,512,0,11,10,1115003
Trammel,861,512,0,15,10,1115003
Trammel,817,513,0,11,15,1115003
Trammel,845,513,0,15,12,1115003
Trammel,799,519,-1,9,21,1115003
Trammel,876,521,0,9,13,1115003
Trammel,861,522,0,15,9,1115003
Trammel,829,525,0,13,9,1115003
Trammel,857,531,0,11,14,1115003
Trammel,885,532,0,9,17,1115003
Trammel,833,534,0,11,15,1115003
Trammel,845,534,0,11,21,1115003
Trammel,873,534,0,12,15,1115003
Trammel,801,540,0,11,9,1115003
Trammel,822,543,0,10,18,1115003
Trammel,785,547,0,11,11,1115003
Trammel,797,549,0,11,9,1115003
Trammel,809,549,0,11,9,1115003
Trammel,867,549,0,9,9,1115003
Trammel,774,551,1,10,13,1115003
Trammel,885,556,0,11,20,1115003
Trammel,797,558,0,15,12,1115003
Trammel,837,558,0,11,18,1115003
Trammel,817,561,0,11,12,1115003
Trammel,769,564,0,11,12,1115003
Trammel,869,564,0,10,18,1115003
Trammel,805,570,0,12,9,1115003
Trammel,828,570,0,9,18,1115003
Trammel,857,570,0,11,51,1115003
Trammel,787,573,0,9,9,1115003
Trammel,769,576,0,15,12,1115003
Trammel,797,579,0,9,9,1115003
Trammel,809,579,0,15,13,1115003
Trammel,837,579,0,11,15,1115003
Trammel,873,582,0,11,12,1115003
Trammel,885,582,0,11,12,1115003
Trammel,768,588,0,12,9,1115003
Trammel,824,588,0,12,15,1115003
Trammel,841,594,0,11,12,1115003
Trammel,793,597,0,11,9,1115003
Trammel,869,597,0,11,30,1115003
Trammel,777,600,0,15,9,1115003
Trammel,813,600,0,11,9,1115003
Trammel,881,603,0,15,9,1115003
Trammel,801,606,0,11,12,1115003
Trammel,825,606,0,11,15,1115003
Trammel,841,606,0,15,18,1115003
Trammel,777,609,0,11,9,1115003
Trammel,789,615,0,12,9,1115003
Trammel,825,621,0,11,9,1115003
Trammel,769,624,0,9,10,1115003
Trammel,782,624,0,10,9,1115003
Trammel,793,624,0,10,9,1115003
Trammel,853,624,0,11,11,1115003
Trammel,803,627,0,9,12,1115003
Trammel,865,627,0,19,13,1115003
Trammel,829,630,0,11,9,1115003
Trammel,768,640,0,16,11,1115003
Trammel,837,640,0,11,14,1115003
Trammel,861,640,0,11,11,1115003
Trammel,784,645,0,12,9,1115003
Trammel,809,645,0,15,9,1115003
Trammel,797,648,0,11,9,1115003
Trammel,873,648,0,11,9,1115003
Trammel,885,648,0,11,12,1115003
Trammel,848,651,0,16,12,1115003
Trammel,864,652,0,9,11,1115003
Trammel,777,654,0,11,9,1115003
Trammel,797,657,0,11,12,1115003
Trammel,813,657,0,15,12,1115003
Trammel,828,660,0,12,12,1115003
Trammel,873,660,0,15,12,1115003
Trammel,853,663,0,11,9,1115003
Trammel,769,666,0,11,18,1115003
Trammel,797,669,0,19,54,1115003
Trammel,817,669,0,11,42,1115003
Trammel,841,669,0,11,12,1115003
Trammel,864,669,0,9,12,1115003
Trammel,780,672,0,12,9,1115003
Trammel,877,675,0,11,15,1115003
Trammel,829,678,0,12,9,1115003
Trammel,853,678,0,11,9,1115003
Trammel,780,681,0,17,27,1115003
Trammel,865,681,0,11,15,1115003
Trammel,769,684,0,11,9,1115003
Trammel,841,684,0,12,9,1115003
Trammel,829,690,0,11,9,1115003
Trammel,853,690,0,12,9,1115003
Trammel,769,696,0,11,9,1115003
Trammel,865,696,0,15,12,1115003
Trammel,829,699,0,15,9,1115003
Trammel,853,699,0,11,12,1115003
Trammel,768,705,0,10,9,1115003
Trammel,881,705,0,11,12,1115003
Trammel,785,708,0,12,21,1115003
Trammel,841,708,0,12,18,1115003
Trammel,865,708,0,15,9,1115003
Trammel,816,711,0,12,9,1115003
Trammel,828,717,0,12,9,1115003
Trammel,857,717,0,9,12,1115003
Trammel,881,717,0,11,9,1115003
Trammel,769,720,0,11,12,1115003
Trammel,797,723,0,19,15,1115003
Trammel,817,726,0,9,9,1115003
Trammel,833,726,0,11,10,1115003
Trammel,873,726,0,15,18,1115003
Trammel,781,729,0,11,13,1115003
Trammel,768,732,0,12,9,1115003
Trammel,845,732,0,11,9,1115003
Trammel,857,732,0,11,12,1115003
Trammel,817,735,0,11,9,1115003
Trammel,792,741,0,12,24,1115003
Trammel,829,741,0,11,15,1115003
Trammel,780,744,0,12,10,1115003
Trammel,809,744,0,15,9,1115003
Trammel,841,744,0,11,9,1115003
Trammel,869,751,0,11,14,1115003
Trammel,841,753,0,11,15,1115003
Trammel,881,753,0,15,15,1115003
Trammel,781,756,0,11,10,1115003
Trammel,825,756,0,10,9,1115003
Trammel,810,759,0,14,9,1115003
Trammel,781,768,0,35,9,1115003
Trammel,841,768,0,19,12,1115003
Trammel,861,768,0,11,15,1115003
Trammel,873,768,0,19,9,1115003
Trammel,768,771,0,12,9,1115003
Trammel,821,774,0,11,56,1115003
Trammel,785,777,0,11,12,1115003
Trammel,801,777,0,11,12,1115003
Trammel,873,777,0,9,21,1115003
Trammel,773,780,0,11,12,1115003
Trammel,834,780,0,10,27,1115003
Trammel,812,781,0,9,53,1115003
Trammel,845,786,0,11,15,1115003
Trammel,785,789,0,11,9,1115003
Trammel,801,789,0,11,39,1115003
Trammel,768,792,0,12,9,1115003
Trammel,857,795,0,11,9,1115003
Trammel,873,798,0,11,18,1115003
Trammel,773,801,0,11,26,1115003
Trammel,785,801,0,16,21,1115003
Trammel,853,804,0,11,15,1115003
Trammel,833,807,0,11,18,1115003
Trammel,884,810,0,12,21,1115003
Trammel,853,819,0,19,12,1115003
Trammel,873,819,0,11,9,1115003
Trammel,834,825,0,14,14,1115003
Trammel,777,827,0,11,25,1115003
Trammel,797,828,0,15,9,1115003
Trammel,849,831,0,19,15,1115003
Trammel,885,831,0,11,9,1115003
Trammel,817,834,0,11,9,1115003
Trammel,768,837,0,9,9,1115003
Trammel,793,837,0,11,15,1115003
Trammel,805,840,0,11,9,1115003
Trammel,869,840,0,11,18,1115003
Trammel,830,846,0,10,12,1115003
Trammel,857,846,0,11,12,1115003
Trammel,811,850,0,9,14,1115003
Trammel,781,852,0,15,9,1115003
Trammel,841,852,0,15,9,1115003
Trammel,820,853,0,9,11,1115003
Trammel,857,858,0,15,9,1115003
Trammel,846,861,0,10,35,1115003
Trammel,769,863,0,11,19,1115003
Trammel,877,863,0,11,13,1115003
Trammel,801,864,0,11,12,1115003
Trammel,780,867,0,12,12,1115003
Trammel,813,867,0,15,9,1115003
Trammel,859,867,0,9,9,1115003
Trammel,868,868,0,9,14,1115003
Trammel,829,875,0,11,21,1115003
Trammel,877,876,0,11,18,1115003
Trammel,785,879,0,11,15,1115003
Trammel,798,879,0,14,17,1115003
Trammel,813,879,0,15,9,1115003
Trammel,774,882,0,10,14,1115003
Trammel,865,887,0,11,9,1115003
Trammel,813,896,0,11,22,1115043
Trammel,824,896,0,12,10,1115043
Trammel,857,896,0,11,13,1115043
Trammel,881,896,0,11,13,1115043
Trammel,789,897,0,11,9,1115043
Trammel,801,897,0,11,24,1115043
Trammel,837,897,0,11,63,1115043
Trammel,783,906,0,9,9,1115043
Trammel,792,907,0,9,14,1115043
Trammel,849,909,0,15,36,1115043
Trammel,877,909,0,11,12,1115043
Trammel,824,912,0,13,45,1115043
Trammel,769,915,0,19,11,1115043
Trammel,865,915,0,12,9,1115043
Trammel,812,918,0,12,29,1115043
Trammel,788,921,0,12,9,1115043
Trammel,801,921,0,10,11,1115043
Trammel,881,921,0,11,12,1115043
Trammel,864,924,0,16,15,1115043
Trammel,769,927,0,11,9,1115043
Trammel,797,933,0,12,9,1115043
Trammel,768,937,0,9,11,1115043
Trammel,793,945,0,11,18,1115043
Trammel,857,945,0,11,12,1115043
Trammel,804,947,0,13,13,1115043
Trammel,777,948,0,11,18,1115043
Trammel,873,948,0,11,9,1115043
Trammel,865,957,0,15,12,1115043
Trammel,817,960,0,11,9,1115043
Trammel,845,960,0,11,9,1115043
Trammel,789,963,0,11,9,1115043
Trammel,801,963,0,11,9,1115043
Trammel,829,963,0,12,12,1115043
Trammel,856,966,0,9,18,1115043
Trammel,885,966,0,11,9,1115043
Trammel,842,969,0,14,11,1115043
Trammel,773,972,0,10,15,1115043
Trammel,785,972,0,23,11,1115043
Trammel,822,975,0,10,21,1115043
Trammel,873,975,0,11,14,1115043
Trammel,809,978,0,13,9,1115043
Trammel,885,978,0,11,9,1115043
Trammel,833,984,0,11,21,1115043
Trammel,853,984,0,11,9,1115043
Trammel,793,986,0,12,12,1115043
Trammel,769,990,0,11,9,1115043
Trammel,781,993,0,11,24,1115043
Trammel,869,993,0,11,9,1115043
Trammel,885,993,0,10,9,1115043
Trammel,817,997,0,16,19,1115043
Trammel,793,998,0,15,19,1115043
Trammel,853,999,0,11,9,1115043
Trammel,865,1002,0,11,18,1115043
Trammel,769,1005,0,12,9,1115043
Trammel,877,1005,0,11,12,1115043
Trammel,833,1008,0,11,15,1115043
Trammel,853,1008,0,11,9,1115043
Trammel,808,1011,0,9,9,1115043
Trammel,819,1035,0,9,35,1115003
Trammel,809,1038,0,9,32,1115003
Trammel,829,1041,0,11,45,1115003
Trammel,849,1050,0,11,9,1115003
Trammel,797,1064,0,12,10,1115003
Trammel,773,1074,0,9,9,1115003
Trammel,785,1074,0,11,9,1115003
Trammel,801,1074,0,12,9,1115003
Trammel,813,1089,0,11,9,1115003
Trammel,849,1092,0,11,9,1115003
Trammel,865,1095,0,11,15,1115003
Trammel,885,1113,0,11,9,1115003
Trammel,781,1122,0,10,9,1115003
Trammel,877,1122,0,11,9,1115003
Trammel,805,1131,0,9,9,1115003
Trammel,837,1143,0,11,9,1115003
Trammel,869,1143,0,11,9,1115003
Trammel,869,1152,0,11,9,1115003
Trammel,837,1161,0,11,17,1115003
Trammel,849,1161,0,11,20,1115003
Trammel,817,1167,0,13,45,1115003
Trammel,781,1179,0,11,11,1115003
Trammel,805,1179,0,12,18,1115003
Trammel,854,1181,0,14,9,1115003
Trammel,830,1186,0,9,26,1115003
Trammel,839,1192,0,10,20,1115003
Trammel,849,1196,0,11,13,1115003
Trammel,789,1197,0,11,9,1115003
Trammel,777,1206,0,11,12,1115003
Trammel,881,1221,0,11,9,1115003
Trammel,841,1227,0,11,9,1115003
Trammel,791,1236,0,9,9,1115003
Trammel,869,1242,0,11,12,1115003
Trammel,798,1245,0,10,9,1115003
Trammel,837,1254,0,11,9,1115003
Trammel,773,1263,0,11,9,1115003
Trammel,829,1266,0,11,9,1115003
Trammel,837,1281,0,9,9,1115003
Trammel,826,1290,0,10,9,1115003
Trammel,813,1293,0,11,9,1115003
Trammel,786,1296,0,10,9,1115003
Trammel,805,1305,0,11,9,1115003
Trammel,789,1317,0,10,36,1115003
Trammel,777,1320,0,11,9,1115003
Trammel,801,1320,0,11,30,1115003
Trammel,817,1323,0,11,9,1115003
Trammel,814,1347,0,10,9,1115003
Trammel,833,1350,0,9,9,1115003
Trammel,829,1365,0,11,9,1115003
Trammel,806,1368,0,10,9,1115003
Trammel,781,1371,0,11,12,1115003
Trammel,789,1389,0,15,9,1115003
Trammel,841,1389,0,11,9,1115003
Trammel,785,1410,0,11,9,0
Trammel,833,1410,0,11,9,0
Trammel,789,1419,0,11,9,0
Trammel,805,1419,0,9,9,0
Trammel,845,1428,0,11,9,0
Trammel,793,1434,0,11,57,0
Trammel,805,1434,0,11,19,0
Trammel,817,1443,0,11,45,0
Trammel,841,1449,0,11,9,0
Trammel,861,1452,0,11,9,0
Trammel,804,1453,0,13,35,0
Trammel,781,1455,0,12,35,0
Trammel,873,1458,0,9,9,0
Trammel,769,1461,0,12,18,0
Trammel,849,1482,0,15,9,0
Trammel,873,1488,0,11,9,0
Trammel,781,1491,0,11,9,0
Trammel,829,1500,0,11,9,0
Trammel,861,1509,0,11,9,0
Trammel,813,1521,0,9,9,0
Trammel,837,1551,0,9,12,0
Trammel,885,1557,0,11,9,0
Trammel,785,1578,0,11,9,0
Trammel,805,1608,0,11,9,0
Trammel,813,1620,0,11,9,0
Trammel,841,1626,0,11,9,0
Trammel,877,1626,0,11,9,0
Trammel,829,1647,0,11,9,0
Trammel,817,1653,0,11,9,0
Trammel,805,1671,0,11,9,0
Trammel,813,1686,0,11,9,0
Trammel,837,1704,0,19,18,0
Trammel,857,1713,0,11,9,0
Trammel,789,1719,0,11,12,0
Trammel,861,1740,0,11,12,0
Trammel,791,1743,0,9,9,0
Trammel,833,1749,0,11,9,0
Trammel,845,1749,0,11,9,0
Trammel,822,1761,0,10,9,0
Trammel,874,1761,0,10,9,0
Trammel,799,1764,0,9,9,0
Trammel,877,1773,0,15,9,0
Trammel,781,1794,0,11,12,0
Trammel,837,1794,0,11,9,0
Trammel,782,1806,0,13,45,0
Trammel,795,1806,0,9,11,0
Trammel,821,1806,0,11,9,0
Trammel,769,1811,0,13,22,0
Trammel,833,1815,0,11,9,0
Trammel,805,1821,0,11,9,0
Trammel,873,1821,0,11,12,0
Trammel,885,1821,0,11,31,0
Trammel,825,1824,0,11,12,0
Trammel,770,1833,0,12,66,0
Trammel,829,1836,0,11,9,0
Trammel,869,1836,0,11,18,0
Trammel,807,1842,0,9,9,0
Trammel,857,1848,0,12,63,0
Trammel,782,1851,0,14,24,0
Trammel,885,1852,0,11,62,0
Trammel,876,1855,0,9,9,0
Trammel,799,1857,0,9,39,0
Trammel,841,1863,0,11,14,0
Trammel,870,1864,0,15,41,0
Trammel,815,1869,0,13,27,0
Trammel,829,1869,0,12,36,0
Trammel,786,1876,0,13,21,0
Trammel,843,1877,0,9,43,0
Trammel,771,1899,0,13,18,0
Trammel,833,1905,0,10,9,0
Trammel,817,1908,0,11,9,0
Trammel,768,1920,0,12,9,0
Trammel,837,1920,0,20,20,0
Trammel,858,1920,0,10,18,0
Trammel,769,1932,0,11,38,0
Trammel,873,1932,0,11,9,0
Trammel,825,1935,0,12,12,0
Trammel,789,1938,0,11,9,0
Trammel,837,1940,0,23,22,0
Trammel,781,1950,0,11,36,0
Trammel,813,1953,0,15,14,0
Trammel,828,1954,0,9,9,0
Trammel,793,1956,0,11,22,0
Trammel,877,1956,0,11,9,0
Trammel,804,1960,0,9,43,0
Trammel,837,1962,0,15,9,0
Trammel,828,1963,0,9,49,0
Trammel,813,1967,0,15,18,0
Trammel,839,1971,0,9,12,0
Trammel,873,1974,0,15,9,0
Trammel,795,1979,0,9,24,0
Trammel,768,1980,0,13,10,0
Trammel,878,1984,0,10,43,0
Trammel,813,1985,0,15,18,0
Trammel,781,1986,0,14,18,0
Trammel,869,1986,0,9,9,0
Trammel,768,1990,0,13,13,0
Trammel,837,1995,0,14,18,0
Trammel,861,1995,0,11,9,0
Trammel,853,2004,0,11,17,0
Trammel,866,2004,0,12,18,0
Trammel,843,2064,0,13,18,0
Trammel,856,2067,0,9,9,0
Trammel,866,2074,0,9,11,0
Trammel,875,2078,0,9,10,0
Trammel,886,2078,-2,10,10,0
Trammel,839,2082,-2,13,18,0
Trammel,857,2094,0,11,12,0
Trammel,809,2114,0,19,10,0
Trammel,881,2115,0,11,9,0
Trammel,807,2124,0,9,28,0
Trammel,825,2127,0,15,9,0
Trammel,797,2136,0,10,9,0
Trammel,785,2151,0,11,11,0
Trammel,841,2160,0,9,16,0
Trammel,786,2165,0,10,11,0
Trammel,817,2176,0,11,15,1111043
Trammel,885,2181,0,10,36,1111043
Trammel,849,2184,0,11,9,1111043
Trammel,857,2208,0,11,9,1111043
Trammel,881,2217,0,15,9,1111043
Trammel,838,2220,3,10,9,1111043
Trammel,849,2226,0,10,14,1111043
Trammel,869,2226,0,11,14,1111043
Trammel,829,2227,7,9,13,1111043
Trammel,885,2229,0,11,10,1111043
Trammel,869,2246,0,13,25,1111043
Trammel,884,2246,0,11,10,1111043
Trammel,844,2247,0,16,57,1111043
Trammel,860,2253,0,9,24,1111043
Trammel,885,2277,0,11,9,1111043
Trammel,881,2292,0,12,12,1111043
Trammel,871,2294,8,9,10,1111043
Trammel,793,2304,0,31,9,1111042
Trammel,849,2304,0,12,22,1111042
Trammel,873,2304,0,15,12,1111042
Trammel,824,2306,0,16,12,1111042
Trammel,778,2318,2,11,10,1111042
Trammel,838,2319,0,11,9,1111042
Trammel,873,2319,0,11,9,1111042
Trammel,879,2328,0,9,17,1111042
Trammel,825,2329,0,9,15,1111042
Trammel,797,2334,3,10,9,1111042
Trammel,834,2334,0,17,10,1111042
Trammel,851,2335,0,13,14,1111042
Trammel,885,2346,0,11,15,1111042
Trammel,861,2349,0,9,16,1111042
Trammel,851,2352,0,9,36,1111042
Trammel,797,2358,0,11,13,1111042
Trammel,832,2361,0,19,30,1111042
Trammel,879,2361,0,9,14,1111042
Trammel,860,2365,0,11,17,1111042
Trammel,809,2368,0,23,16,1111042
Trammel,802,2384,0,10,11,1111042
Trammel,817,2384,0,9,19,1111042
Trammel,877,2394,0,10,14,1111042
Trammel,833,2406,0,9,14,1111042
Trammel,868,2419,7,9,13,1111042
Trammel,835,2420,0,13,9,1111042
Trammel,840,2432,0,10,9,1111043
Trammel,872,2432,0,24,12,1111043
Trammel,871,2444,4,13,17,1111043
Trammel,886,2470,0,9,9,1111043
Trammel,887,2491,1,9,10,1111043
Trammel,959,267,2,9,69,0
Trammel,950,277,2,9,35,0
Trammel,969,277,0,14,29,0
Trammel,941,286,2,9,12,0
Trammel,983,292,0,9,17,0
Trammel,992,302,0,9,13,0
Trammel,947,312,-1,9,45,0
Trammel,1001,312,0,9,15,0
Trammel,936,320,1,10,43,0
Trammel,927,326,3,9,17,0
Trammel,998,327,0,16,9,0
Trammel,1014,328,0,10,15,0
Trammel,916,331,1,11,20,0
Trammel,904,333,0,12,9,0
Trammel,989,333,0,9,10,0
Trammel,1001,336,0,13,12,0
Trammel,927,343,0,9,18,0
Trammel,969,348,0,11,9,0
Trammel,931,363,0,13,19,0
Trammel,977,366,0,11,9,0
Trammel,989,372,0,11,9,0
Trammel,930,384,0,10,24,0
Trammel,996,384,0,28,11,0
Trammel,945,387,0,11,9,0
Trammel,965,387,0,11,9,0
Trammel,965,396,0,11,23,0
Trammel,949,399,0,11,12,0
Trammel,921,401,2,9,46,0
Trammel,930,408,0,10,9,0
Trammel,912,412,-2,9,16,0
Trammel,930,435,0,10,9,0
Trammel,973,441,0,9,30,0
Trammel,926,447,0,10,9,0
Trammel,982,447,0,9,30,0
Trammel,991,450,0,29,25,0
Trammel,929,456,0,11,21,0
Trammel,921,477,-1,11,12,0
Trammel,985,477,0,14,9,0
Trammel,993,486,0,11,9,0
Trammel,917,501,0,11,9,0
Trammel,1013,501,0,11,9,0
Trammel,912,512,-1,12,10,0
Trammel,949,512,0,11,10,0
Trammel,981,512,0,11,58,0
Trammel,1013,512,0,11,10,0
Trammel,937,519,0,12,9,0
Trammel,997,519,0,10,9,0
Trammel,911,522,0,9,12,0
Trammel,921,522,0,15,9,0
Trammel,951,522,0,13,9,0
Trammel,969,522,0,11,18,0
Trammel,1007,522,0,9,12,0
Trammel,941,528,0,9,9,0
Trammel,921,531,0,11,12,0
Trammel,993,531,0,11,42,0
Trammel,897,534,0,11,12,0
Trammel,1013,534,0,11,9,0
Trammel,932,535,0,9,11,0
Trammel,908,537,0,13,12,0
Trammel,941,537,0,9,9,0
Trammel,954,537,0,10,27,0
Trammel,1004,541,0,9,11,0
Trammel,965,543,0,11,9,0
Trammel,933,546,0,9,10,0
Trammel,903,549,0,9,9,0
Trammel,921,552,0,12,15,0
Trammel,964,552,0,17,9,0
Trammel,1005,552,0,11,9,0
Trammel,945,553,0,9,11,0
Trammel,898,558,0,10,9,0
Trammel,908,559,0,9,14,0
Trammel,965,561,0,15,20,0
Trammel,1005,561,0,11,21,0
Trammel,933,564,0,11,26,0
Trammel,945,564,0,11,12,0
Trammel,899,567,0,9,11,0
Trammel,921,567,0,11,9,0
Trammel,949,576,0,11,9,0
Trammel,921,579,0,11,12,0
Trammel,985,579,0,11,9,0
Trammel,960,581,0,12,10,0
Trammel,973,582,0,11,12,0
Trammel,997,582,0,15,12,0
Trammel,905,588,0,16,9,0
Trammel,1012,588,0,9,9,0
Trammel,921,591,0,11,12,0
Trammel,985,594,0,15,9,0
Trammel,1001,594,0,11,20,0
Trammel,949,596,0,11,13,0
Trammel,1013,597,0,11,27,0
Trammel,933,600,0,15,24,0
Trammel,990,603,0,10,12,0
Trammel,896,606,0,12,15,0
Trammel,961,606,0,11,24,0
Trammel,973,609,0,11,11,0
Trammel,949,614,0,11,13,0
Trammel,989,615,0,11,18,0
Trammel,913,618,0,11,12,0
Trammel,972,620,0,9,19,0
Trammel,901,621,0,11,9,0
Trammel,1008,624,0,12,9,0
Trammel,924,627,0,12,12,0
Trammel,952,628,0,9,12,0
Trammel,909,630,0,11,10,0
Trammel,941,630,0,10,10,0
Trammel,897,640,0,15,11,0
Trammel,913,640,0,15,10,0
Trammel,940,640,0,24,11,0
Trammel,965,640,0,11,10,0
Trammel,1005,640,0,15,9,0
Trammel,977,642,0,10,18,0
Trammel,989,642,0,10,9,0
Trammel,1001,649,0,11,23,0
Trammel,897,651,0,11,16,0
Trammel,937,651,0,10,33,0
Trammel,949,651,0,11,9,0
Trammel,987,651,0,9,16,0
Trammel,925,656,0,11,19,0
Trammel,909,657,0,11,15,0
Trammel,968,658,0,9,14,0
Trammel,977,660,0,10,9,0
Trammel,896,667,0,12,23,0
Trammel,988,667,0,12,14,0
Trammel,955,669,0,9,9,0
Trammel,1005,672,0,10,20,0
Trammel,917,675,0,15,15,0
Trammel,965,675,0,15,9,0
Trammel,981,681,0,9,33,0
Trammel,945,685,0,11,11,0
Trammel,990,687,0,10,9,0
Trammel,896,690,0,12,15,0
Trammel,921,690,0,15,15,0
Trammel,990,696,0,18,9,0
Trammel,909,702,0,11,9,0
Trammel,970,702,0,11,12,0
Trammel,929,705,0,14,15,0
Trammel,920,709,0,9,14,0
Trammel,896,711,0,9,12,0
Trammel,906,711,0,14,9,0
Trammel,977,714,0,11,9,0
Trammel,906,720,0,14,12,0
Trammel,929,720,0,21,15,0
Trammel,1002,720,0,10,9,0
Trammel,999,729,0,9,15,0
Trammel,901,732,0,11,9,0
Trammel,937,735,0,12,9,0
Trammel,977,736,0,21,11,0
Trammel,909,741,0,11,12,0
Trammel,933,744,0,11,15,0
Trammel,945,747,0,11,9,0
Trammel,978,747,0,14,12,0
Trammel,1001,747,0,14,9,0
Trammel,921,750,0,12,12,0
Trammel,945,756,0,14,9,0
Trammel,905,759,0,11,9,0
Trammel,977,759,0,15,9,0
Trammel,897,768,0,11,12,0
Trammel,941,768,0,11,9,0
Trammel,969,768,0,23,9,0
Trammel,921,769,0,11,20,0
Trammel,957,771,0,11,15,0
Trammel,933,777,0,15,12,0
Trammel,968,778,0,9,11,0
Trammel,901,780,0,11,9,0
Trammel,989,780,0,11,33,0
Trammel,912,787,0,9,14,0
Trammel,941,789,0,11,12,0
Trammel,953,789,0,11,9,0
Trammel,966,789,0,14,9,0
Trammel,897,792,0,11,9,0
Trammel,980,792,0,9,9,0
Trammel,929,795,0,11,11,0
Trammel,953,798,0,11,11,0
Trammel,909,801,0,11,54,0
Trammel,979,801,0,9,18,0
Trammel,898,807,0,11,12,0
Trammel,965,807,0,13,10,0
Trammel,945,809,0,9,79,0
Trammel,954,813,0,11,12,0
Trammel,989,816,0,11,18,0
Trammel,925,817,0,11,32,0
Trammel,969,821,0,11,28,0
Trammel,898,824,0,11,10,0
Trammel,983,834,0,9,12,0
Trammel,896,837,0,13,9,0
Trammel,936,839,0,9,37,0
Trammel,954,840,0,14,17,0
Trammel,993,840,0,11,9,0
Trammel,1005,840,0,11,9,0
Trammel,896,846,0,13,12,0
Trammel,974,849,0,14,21,0
Trammel,1001,851,0,11,12,0
Trammel,921,852,0,15,15,0
Trammel,989,852,0,11,9,0
Trammel,909,855,0,11,36,0
Trammel,954,857,0,10,16,0
Trammel,965,858,0,9,15,0
Trammel,1005,863,0,11,10,0
Trammel,897,867,0,11,22,0
Trammel,993,867,0,11,9,0
Trammel,981,870,0,9,24,0
Trammel,1004,873,0,16,9,0
Trammel,921,876,0,9,12,0
Trammel,990,876,0,14,9,0
Trammel,930,879,0,10,15,0
Trammel,955,879,0,9,12,0
Trammel,965,879,0,15,9,0
Trammel,1013,882,0,11,14,0
Trammel,929,896,0,11,22,0
Trammel,963,896,0,20,10,0
Trammel,985,897,0,14,9,0
Trammel,1005,897,0,15,12,0
Trammel,896,900,0,12,9,0
Trammel,917,903,0,12,15,0
Trammel,945,903,0,11,24,0
Trammel,977,906,0,15,12,0
Trammel,908,907,0,9,17,0
Trammel,897,909,0,11,18,0
Trammel,997,909,0,11,15,0
Trammel,1014,915,0,10,9,0
Trammel,928,918,0,16,9,0
Trammel,981,918,0,16,12,0
Trammel,913,924,0,11,9,0
Trammel,957,924,0,15,15,0
Trammel,925,927,0,11,9,0
Trammel,945,927,0,12,9,0
Trammel,1008,927,0,12,12,0
Trammel,973,930,0,11,9,0
Trammel,989,930,0,11,13,0
Trammel,897,933,0,11,9,0
Trammel,921,936,0,15,12,0
Trammel,941,936,0,11,18,0
Trammel,953,939,0,11,9,0
Trammel,965,939,0,15,15,0
Trammel,905,942,0,11,20,0
Trammel,985,943,0,11,9,0
Trammel,1009,944,0,11,13,0
Trammel,917,948,0,18,9,0
Trammel,965,954,0,11,21,0
Trammel,989,954,0,11,33,0
Trammel,953,957,0,11,18,0
Trammel,976,957,0,12,35,0
Trammel,1005,957,0,11,18,0
Trammel,917,958,0,15,11,0
Trammel,897,962,0,14,10,0
Trammel,933,963,0,11,33,0
Trammel,917,969,0,15,12,0
Trammel,944,970,0,9,35,0
Trammel,897,972,0,15,9,0
Trammel,1010,975,0,10,18,0
Trammel,905,981,0,15,10,0
Trammel,954,983,0,18,22,0
Trammel,989,987,0,11,9,0
Trammel,909,991,0,15,14,0
Trammel,972,992,0,10,32,0
Trammel,1009,993,0,15,9,0
Trammel,982,999,0,9,18,0
Trammel,897,1002,0,11,12,0
Trammel,933,1002,0,11,9,0
Trammel,953,1005,0,18,12,0
Trammel,909,1008,0,15,9,0
Trammel,1001,1008,0,11,9,0
Trammel,944,1009,0,9,14,0
Trammel,925,1011,0,11,12,0
Trammel,991,1011,0,9,10,0
Trammel,1013,1011,0,11,9,0
Trammel,917,1026,0,11,9,0
Trammel,1013,1026,0,11,9,0
Trammel,989,1029,0,11,12,0
Trammel,933,1035,0,11,9,0
Trammel,969,1038,0,11,9,0
Trammel,917,1044,0,11,12,0
Trammel,969,1059,0,11,9,0
Trammel,901,1077,0,15,9,0
Trammel,973,1080,0,11,9,0
Trammel,949,1083,0,11,45,0
Trammel,917,1086,0,11,9,0
Trammel,985,1089,0,11,9,0
Trammel,897,1092,0,11,9,0
Trammel,929,1098,0,9,27,0
Trammel,938,1098,0,11,19,0
Trammel,939,1117,0,10,17,0
Trammel,913,1119,0,11,9,0
Trammel,965,1122,0,11,9,0
Trammel,995,1134,0,9,9,0
Trammel,938,1140,0,10,9,0
Trammel,953,1140,0,9,9,0
Trammel,903,1173,0,9,15,0
Trammel,958,1173,0,10,9,0
Trammel,989,1173,0,9,9,0
Trammel,897,1200,0,11,9,0
Trammel,929,1209,0,11,9,0
Trammel,957,1209,0,11,54,0
Trammel,969,1212,0,11,48,0
Trammel,985,1212,0,11,36,0
Trammel,909,1215,0,11,12,0
Trammel,1001,1215,0,11,9,0
Trammel,945,1218,0,12,42,0
Trammel,1013,1227,0,11,9,0
Trammel,933,1230,0,11,9,0
Trammel,901,1233,0,11,9,0
Trammel,897,1242,0,10,10,0
Trammel,997,1242,0,11,9,0
Trammel,933,1281,0,11,9,0
Trammel,909,1284,0,11,9,0
Trammel,965,1284,0,11,9,0
Trammel,973,1293,0,11,9,0
Trammel,984,1299,0,12,26,0
Trammel,973,1305,0,11,21,0
Trammel,996,1308,0,12,18,0
Trammel,957,1320,0,11,9,0
Trammel,985,1325,0,11,10,0
Trammel,1003,1326,0,9,9,0
Trammel,962,1332,0,10,9,0
Trammel,977,1344,0,11,12,0
Trammel,1009,1359,0,11,12,0
Trammel,982,1362,0,10,9,0
Trammel,909,1524,0,10,9,0
Trammel,909,1557,0,11,9,0
Trammel,925,1563,0,11,9,0
Trammel,945,1602,0,11,9,0
Trammel,909,1605,0,11,9,0
Trammel,961,1623,0,11,9,0
Trammel,1005,1647,0,11,9,0
Trammel,929,1653,0,11,11,0
Trammel,925,1664,0,26,19,0
Trammel,952,1664,0,12,18,0
Trammel,973,1665,0,11,9,0
Trammel,989,1668,0,11,9,0
Trammel,981,1677,0,11,9,0
Trammel,967,1680,0,9,9,0
Trammel,951,1682,0,9,13,0
Trammel,961,1689,0,11,9,0
Trammel,1005,1692,0,11,9,0
Trammel,973,1695,0,11,9,0
Trammel,981,1704,0,11,9,0
Trammel,897,1707,0,15,9,0
Trammel,985,1719,0,11,9,0
Trammel,957,1725,0,11,9,0
Trammel,985,1728,0,11,9,0
Trammel,1013,1728,0,11,9,0
Trammel,977,1737,0,11,9,0
Trammel,989,1743,0,11,9,0
Trammel,909,1752,0,11,9,0
Trammel,913,1761,0,11,9,0
Trammel,997,1761,0,11,9,0
Trammel,1013,1761,0,11,9,0
Trammel,953,1770,0,11,9,0
Trammel,992,1770,0,10,9,0
Trammel,993,1792,0,11,9,0
Trammel,905,1797,0,11,15,0
Trammel,977,1797,0,9,12,0
Trammel,949,1806,0,9,9,0
Trammel,965,1806,0,12,9,0
Trammel,1007,1806,0,9,9,0
Trammel,905,1812,0,11,9,0
Trammel,954,1818,0,10,9,0
Trammel,897,1821,0,11,72,0
Trammel,1009,1821,0,15,9,0
Trammel,909,1839,0,11,9,0
Trammel,921,1842,0,11,9,0
Trammel,998,1845,0,10,9,0
Trammel,909,1848,0,11,14,0
Trammel,977,1855,0,14,14,0
Trammel,908,1862,0,12,58,0
Trammel,1009,1866,0,11,9,0
Trammel,985,1873,0,9,47,0
Trammel,1007,1878,0,9,9,0
Trammel,1007,1887,0,9,33,0
Trammel,921,1890,0,11,11,0
Trammel,976,1892,0,9,28,0
Trammel,896,1893,0,12,12,0
Trammel,945,1896,0,11,9,0
Trammel,961,1902,0,11,18,0
Trammel,931,1903,0,13,17,0
Trammel,920,1905,0,11,15,0
Trammel,896,1906,0,12,10,0
Trammel,950,1911,0,11,9,0
Trammel,897,1920,0,10,12,0
Trammel,914,1920,0,85,12,0
Trammel,905,1932,0,23,21,0
Trammel,933,1932,0,15,9,0
Trammel,956,1932,0,20,9,0
Trammel,921,1956,0,10,9,0
Trammel,973,1965,0,11,9,0
Trammel,989,1965,0,11,9,0
Trammel,973,1974,0,11,9,0
Trammel,993,1977,0,12,9,0
Trammel,921,1980,0,11,9,0
Trammel,933,1989,0,11,9,0
Trammel,917,1992,0,11,9,0
Trammel,899,1998,0,9,21,0
Trammel,941,2004,0,11,12,0
Trammel,991,2004,0,10,12,0
Trammel,909,2016,0,11,15,0
Trammel,896,2019,0,10,17,0
Trammel,921,2019,0,11,15,0
Trammel,943,2028,0,9,9,0
Trammel,906,2031,0,9,12,0
Trammel,989,2037,0,10,9,0
Trammel,1012,2048,0,12,9,0
Trammel,941,2058,0,9,9,0
Trammel,897,2061,0,11,30,0
Trammel,981,2061,0,9,9,0
Trammel,909,2064,0,11,27,0
Trammel,990,2067,0,9,9,0
Trammel,1011,2068,0,9,11,0
Trammel,920,2076,0,9,12,0
Trammel,989,2076,1,11,12,0
Trammel,1006,2079,0,10,9,0
Trammel,901,2091,0,15,9,0
Trammel,925,2091,0,9,9,0
Trammel,997,2103,0,11,20,0
Trammel,1015,2103,0,9,9,0
Trammel,917,2107,7,19,17,0
Trammel,987,2118,0,9,18,0
Trammel,973,2121,0,11,9,0
Trammel,926,2124,0,9,30,0
Trammel,937,2134,5,9,11,0
Trammel,989,2136,0,11,12,0
Trammel,935,2145,6,14,9,0
Trammel,977,2145,0,12,14,0
Trammel,905,2151,0,11,9,0
Trammel,999,2153,0,9,16,0
Trammel,959,2159,0,12,17,0
Trammel,990,2162,0,9,9,0
Trammel,940,2166,0,19,10,0
Trammel,971,2166,0,19,10,0
Trammel,919,2176,0,11,14,1111043
Trammel,981,2176,0,11,10,1111043
Trammel,897,2178,0,15,10,1111043
Trammel,993,2178,0,12,9,1111043
Trammel,965,2181,0,11,9,1111043
Trammel,907,2198,0,9,13,1111043
Trammel,961,2202,0,11,9,1111043
Trammel,986,2205,0,10,9,1111043
Trammel,965,2217,0,11,9,1111043
Trammel,907,2223,0,9,9,1111043
Trammel,989,2229,0,11,9,1111043
Trammel,909,2232,0,11,15,1111043
Trammel,1001,2238,0,11,9,1111043
Trammel,900,2243,0,9,16,1111043
Trammel,941,2247,0,15,9,1111043
Trammel,977,2247,0,11,9,1111043
Trammel,957,2250,0,11,9,1111043
Trammel,917,2256,0,11,9,1111043
Trammel,897,2259,0,9,9,1111043
Trammel,967,2262,1,9,9,1111043
Trammel,921,2268,0,11,9,1111043
Trammel,961,2280,6,15,24,1111043
Trammel,905,2283,0,11,21,1111043
Trammel,977,2286,0,11,18,1111043
Trammel,896,2287,0,9,17,1111043
Trammel,926,2289,8,15,15,1111043
Trammel,948,2289,8,13,13,1111043
Trammel,989,2289,0,11,15,1111043
Trammel,1001,2289,0,11,15,1111043
Trammel,916,2293,7,10,11,1111043
Trammel,901,2304,0,67,9,1111043
Trammel,979,2304,0,37,9,1111043
Trammel,917,2313,0,26,57,1111043
Trammel,977,2319,0,11,9,1111043
Trammel,943,2320,0,9,24,1111043
Trammel,901,2325,0,11,9,1111043
Trammel,985,2343,0,11,9,1111043
Trammel,944,2344,0,13,29,1111043
Trammel,905,2346,0,11,36,1111043
Trammel,973,2349,8,9,9,1111043
Trammel,896,2352,0,9,9,1111043
Trammel,1013,2355,0,11,9,1111043
Trammel,966,2358,8,10,42,1111043
Trammel,896,2367,0,9,9,1111043
Trammel,957,2367,8,9,15,1111043
Trammel,981,2379,0,11,9,1111043
Trammel,903,2382,0,9,9,1111043
Trammel,905,2391,0,11,11,1111043
Trammel,983,2391,5,9,17,1111043
Trammel,1015,2397,0,9,9,1111043
Trammel,917,2400,0,11,24,1111043
Trammel,961,2400,1,14,24,1111043
Trammel,937,2406,0,11,9,1111043
Trammel,1005,2406,0,11,21,1111043
Trammel,984,2408,0,21,10,1111043
Trammel,949,2412,0,11,20,1111043
Trammel,929,2418,0,11,14,1111043
Trammel,897,2432,0,27,28,1111043
Trammel,928,2432,0,13,10,1111043
Trammel,924,2442,0,12,9,1111043
Trammel,993,2451,0,11,9,1111043
Trammel,941,2454,0,11,9,1111043
Trammel,929,2463,0,11,9,1111043
Trammel,898,2471,6,10,22,1111043
Trammel,908,2475,0,12,9,1111043
Trammel,1013,2478,0,11,9,1111043
Trammel,937,2480,0,11,13,1111043
Trammel,985,2481,0,11,12,1111043
Trammel,1001,2493,0,11,15,1111043
Trammel,1013,2493,0,11,9,1111043
Trammel,981,2499,0,11,9,1111043
Trammel,1012,2504,0,9,56,1111043
Trammel,897,2514,0,11,13,1111043
Trammel,1001,2517,11,10,10,1111043
Trammel,909,2523,0,15,16,1111043
Trammel,931,2526,0,9,9,1111043
Trammel,1001,2527,1,9,33,1111043
Trammel,915,2540,0,10,20,1111043
Trammel,925,2542,3,11,18,1111043
Trammel,949,2544,0,11,9,1111043
Trammel,989,2544,3,12,16,1111043
Trammel,923,2560,0,9,11,0
Trammel,1009,2560,0,15,11,0
Trammel,969,2565,0,11,9,0
Trammel,997,2565,0,11,9,0
Trammel,981,2577,0,11,12,0
Trammel,949,2583,0,15,9,0
Trammel,995,2583,0,9,9,0
Trammel,957,2592,0,13,9,0
Trammel,993,2598,0,11,9,0
Trammel,937,2601,0,11,9,0
Trammel,943,2610,0,9,9,0
Trammel,969,2622,0,11,9,0
Trammel,997,2628,0,11,33,0
Trammel,1009,2652,0,15,10,0
Trammel,969,2655,0,11,12,0
Trammel,993,2673,0,11,9,0
Trammel,989,2688,0,11,9,0
Trammel,1113,145,3,13,38,0
Trammel,1126,146,1,9,11,0
Trammel,1141,152,1,11,16,0
Trammel,1120,183,1,10,10,0
Trammel,1123,193,1,11,20,0
Trammel,1134,210,1,10,21,0
Trammel,1024,341,1,9,22,0
Trammel,1033,350,1,9,14,0
Trammel,1042,352,1,12,17,0
Trammel,1054,356,1,9,16,0
Trammel,1064,361,1,9,9,0
Trammel,1027,366,6,9,9,0
Trammel,1045,369,3,9,11,0
Trammel,1029,384,3,13,14,0
Trammel,1024,457,1,9,23,0
Trammel,1033,472,1,9,14,0
Trammel,1037,492,1,12,9,0
Trammel,1082,492,1,10,11,0
Trammel,1118,494,1,9,18,0
Trammel,1062,495,0,9,9,0
Trammel,1108,495,0,9,12,0
Trammel,1071,496,1,11,11,0
Trammel,1127,503,1,9,9,0
Trammel,1118,512,1,17,9,0
Trammel,1057,519,6,11,9,0
Trammel,1109,520,6,9,11,0
Trammel,1118,521,1,17,14,0
Trammel,1034,524,6,10,10,0
Trammel,1126,536,1,11,25,0
Trammel,1077,543,16,11,9,0
Trammel,1033,552,3,11,9,0
Trammel,1101,561,6,11,9,0
Trammel,1133,561,1,12,29,0
Trammel,1033,570,1,11,9,0
Trammel,1061,588,16,11,9,0
Trammel,1141,590,1,11,10,0
Trammel,1109,597,16,11,9,0
Trammel,1129,600,6,11,9,0
Trammel,1117,606,16,10,12,0
Trammel,1095,609,24,9,27,0
Trammel,1133,612,6,9,9,0
Trammel,1078,613,22,9,27,0
Trammel,1053,618,16,11,22,0
Trammel,1064,619,16,9,21,0
Trammel,1038,627,6,10,11,0
Trammel,1133,630,5,10,9,0
Trammel,1058,640,16,29,17,0
Trammel,1065,657,20,10,9,0
Trammel,1138,675,5,9,9,0
Trammel,1125,678,1,11,9,0
Trammel,1053,681,6,11,12,0
Trammel,1085,717,6,11,12,0
Trammel,1101,720,1,11,9,0
Trammel,1121,720,1,10,9,0
Trammel,1093,738,1,11,9,0
Trammel,1054,739,1,10,14,0
Trammel,1141,741,1,11,9,0
Trammel,1101,753,1,11,9,0
Trammel,1125,753,1,11,9,0
Trammel,1107,768,0,9,9,0
Trammel,1069,774,0,11,9,0
Trammel,1053,777,0,11,9,0
Trammel,1125,783,5,11,9,0
Trammel,1073,792,0,11,12,0
Trammel,1141,801,5,11,9,0
Trammel,1065,805,5,15,14,0
Trammel,1094,813,0,10,15,0
Trammel,1117,822,5,10,9,0
Trammel,1025,861,0,11,12,0
Trammel,1073,861,5,11,21,0
Trammel,1049,867,0,11,9,0
Trammel,1105,870,0,9,9,0
Trammel,1049,900,0,11,9,0
Trammel,1081,900,4,11,9,0
Trammel,1074,909,4,10,12,0
Trammel,1025,912,0,11,9,0
Trammel,1053,912,3,11,9,0
Trammel,1041,915,3,11,9,0
Trammel,1054,921,3,10,9,0
Trammel,1099,939,0,9,9,0
Trammel,1057,942,3,11,15,0
Trammel,1081,945,0,11,9,0
Trammel,1113,946,0,9,11,0
Trammel,1122,954,0,26,9,0
Trammel,1061,957,0,11,9,0
Trammel,1089,957,5,11,9,0
Trammel,1033,963,0,11,9,0
Trammel,1037,972,0,15,9,0
Trammel,1047,984,0,9,18,0
Trammel,1133,984,6,9,9,0
Trammel,1093,990,0,15,9,0
Trammel,1057,993,0,11,12,0
Trammel,1137,1014,5,11,9,0
Trammel,1138,1026,0,10,12,0
Trammel,1037,1029,0,11,11,0
Trammel,1121,1035,0,11,9,0
Trammel,1140,1041,0,12,15,0
Trammel,1117,1044,5,11,9,0
Trammel,1129,1044,5,9,27,0
Trammel,1061,1047,0,11,9,0
Trammel,1025,1050,0,11,9,0
Trammel,1073,1065,0,11,15,0
Trammel,1062,1080,0,13,15,0
Trammel,1105,1086,5,11,9,0
Trammel,1133,1089,5,11,9,0
Trammel,1070,1098,5,10,9,0
Trammel,1113,1110,5,11,21,0
Trammel,1065,1116,5,9,9,0
Trammel,1029,1122,0,11,9,0
Trammel,1033,1131,0,11,9,0
Trammel,1109,1140,0,11,9,0
Trammel,1045,1155,0,11,15,0
Trammel,1117,1155,0,11,9,0
Trammel,1085,1164,5,11,9,0
Trammel,1050,1179,0,10,9,0
Trammel,1057,1191,0,9,15,0
Trammel,1089,1194,0,13,12,0
Trammel,1045,1204,3,9,14,0
Trammel,1058,1206,3,10,15,0
Trammel,1033,1218,0,11,9,0
Trammel,1081,1218,0,9,9,0
Trammel,1073,1227,0,10,11,0
Trammel,1029,1236,0,11,9,0
Trammel,1065,1239,0,9,10,0
Trammel,1057,1251,3,9,12,0
Trammel,1049,1263,0,10,10,0
Trammel,1049,1286,0,10,25,1101003
Trammel,1029,1305,0,11,12,1101003
Trammel,1033,1317,0,10,9,1101003
Trammel,1049,1332,0,9,9,1101003
Trammel,1033,1338,0,15,9,1101003
Trammel,1057,1347,0,14,11,1101003
Trammel,1029,1353,0,11,12,1101003
Trammel,1057,1358,0,15,11,1101003
Trammel,1053,1369,0,11,32,1101003
Trammel,1042,1374,0,10,17,1101003
Trammel,1065,1389,0,11,18,1101003
Trammel,1077,1395,0,11,12,1101003
Trammel,1029,1398,0,10,9,1101003
Trammel,1041,1398,0,11,10,1101003
Trammel,1049,1422,0,11,9,1101003
Trammel,1053,1458,0,11,9,1101003
Trammel,1029,1683,0,11,9,0
Trammel,1045,1695,0,9,9,0
Trammel,1025,1707,0,11,9,0
Trammel,1041,1728,0,11,9,0
Trammel,1042,1743,0,10,12,0
Trammel,1029,1797,0,11,9,1101073
Trammel,1025,1884,0,11,9,1101073
Trammel,1053,1920,0,11,9,1101073
Trammel,1065,1923,0,11,9,1101073
Trammel,1081,1944,0,10,9,1101073
Trammel,1101,1950,0,10,9,1101073
Trammel,1061,1953,0,15,9,1101073
Trammel,1085,1962,0,11,9,1101073
Trammel,1061,1980,0,11,51,1101073
Trammel,1041,1983,0,11,19,1101073
Trammel,1077,1986,0,11,15,1101073
Trammel,1052,1989,0,9,26,1101073
Trammel,1041,2002,0,11,17,1101073
Trammel,1052,2015,0,9,10,1101073
Trammel,1049,2028,0,11,12,1101073
Trammel,1085,2031,0,10,12,1101073
Trammel,1077,2049,0,11,9,1101073
Trammel,1033,2058,0,11,15,1101073
Trammel,1082,2064,0,10,9,1101073
Trammel,1105,2091,0,9,9,1101073
Trammel,1065,2100,0,11,26,1101073
Trammel,1081,2118,5,11,12,1101073
Trammel,1101,2124,5,11,9,1101073
Trammel,1081,2130,5,11,9,1101073
Trammel,1130,2145,5,10,9,1101073
Trammel,1029,2148,0,11,9,1101073
Trammel,1140,2254,3,12,9,0
Trammel,1041,2313,5,11,9,0
Trammel,1065,2313,5,11,9,0
Trammel,1105,2322,0,11,9,0
Trammel,1116,2328,0,9,9,0
Trammel,1053,2331,5,11,18,0
Trammel,1101,2337,0,10,9,0
Trammel,1105,2346,0,11,12,0
Trammel,1121,2364,0,11,9,0
Trammel,1049,2367,0,11,9,0
Trammel,1117,2373,0,11,9,0
Trammel,1029,2379,0,15,9,0
Trammel,1061,2394,0,11,12,0
Trammel,1077,2394,0,11,9,0
Trammel,1085,2412,5,11,9,0
Trammel,1101,2415,5,11,9,0
Trammel,1045,2442,0,15,9,0
Trammel,1121,2446,10,11,10,0
Trammel,1058,2460,0,10,9,0
Trammel,1143,2460,5,9,9,0
Trammel,1037,2466,5,12,14,0
Trammel,1050,2469,5,14,47,0
Trammel,1024,2471,0,11,16,0
Trammel,1101,2478,0,11,9,0
Trammel,1041,2480,4,9,25,0
Trammel,1032,2487,0,9,32,0
Trammel,1065,2487,0,15,12,0
Trammel,1081,2493,0,11,29,0
Trammel,1113,2493,0,11,30,0
Trammel,1093,2496,0,11,26,0
Trammel,1126,2496,1,10,18,0
Trammel,1064,2499,0,17,20,0
Trammel,1137,2505,0,15,19,0
Trammel,1041,2506,0,9,10,0
Trammel,1104,2507,0,9,16,0
Trammel,1024,2523,0,9,10,0
Trammel,1024,2594,0,9,9,0
Trammel,1025,2603,0,11,13,0
Trammel,1037,2609,0,9,13,0
Trammel,1049,2627,0,9,13,0
Trammel,1037,2652,5,11,9,0
Trammel,1131,2657,0,9,10,0
Trammel,1119,2664,0,9,9,0
Trammel,1058,2673,0,10,15,0
Trammel,1095,2696,0,9,10,0
Trammel,1109,2700,5,11,9,0
Trammel,1137,2703,0,11,9,0
Trammel,1065,2705,0,9,10,0
Trammel,1087,2706,0,13,9,0
Trammel,1074,2708,0,11,10,0
Trammel,1117,2718,5,11,19,0
Trammel,1069,2721,0,11,9,0
Trammel,1129,2721,0,10,30,0
Trammel,1141,2721,0,10,37,0
Trammel,1115,2737,0,14,9,0
Trammel,1033,2739,0,11,9,0
Trammel,1120,2746,0,9,9,0
Trammel,1129,2751,0,11,35,0
Trammel,1120,2768,2,9,21,0
Trammel,1141,2771,0,11,12,0
Trammel,1111,2781,2,9,35,0
Trammel,1132,2786,0,12,13,0
Trammel,1100,2792,-1,9,20,0
Trammel,1142,2799,0,10,12,0
Trammel,1127,2807,0,13,9,0
Trammel,1104,2816,0,18,18,0
Trammel,1125,2816,0,17,13,0
Trammel,1122,2830,0,9,13,0
Trammel,1132,2833,0,11,10,0
Trammel,1103,2834,0,19,19,0
Trammel,1143,2839,0,9,24,0
Trammel,1122,2843,0,14,10,0
Trammel,1111,2853,0,18,12,0
Trammel,1131,2853,0,12,25,0
Trammel,1120,2865,0,11,14,0
Trammel,1143,2865,0,9,10,0
Trammel,1141,2878,0,11,12,0
Trammel,1142,2890,0,10,29,0
Trammel,1135,2919,-2,9,10,0
Trammel,1125,2928,-1,10,16,0
Trammel,1135,2929,0,17,14,0
Trammel,1113,2934,2,12,10,0
Trammel,1111,2944,0,12,20,0
Trammel,1131,2944,0,17,11,0
Trammel,1130,2956,0,10,9,0
Trammel,1108,2965,0,13,36,0
Trammel,1122,2967,0,13,9,0
Trammel,1089,2969,-2,13,11,0
Trammel,1136,2969,0,9,15,0
Trammel,1123,2976,0,13,24,0
Trammel,1085,2980,0,14,11,0
Trammel,1136,2984,0,16,14,0
Trammel,1099,2988,0,9,16,0
Trammel,1089,2992,0,10,9,0
Trammel,1121,3000,0,10,11,0
Trammel,1090,3001,0,9,9,0
Trammel,1108,3001,0,13,13,0
Trammel,1099,3004,0,9,15,0
Trammel,1098,3020,0,9,10,0
Trammel,1099,3030,0,12,11,0
Trammel,1080,3086,-2,11,19,0
Trammel,1097,3100,0,9,9,0
Trammel,1050,3102,-1,9,25,0
Trammel,1108,3102,0,11,10,0
Trammel,1059,3106,0,9,16,0
Trammel,1119,3109,0,9,18,0
Trammel,1055,3131,0,9,11,0
Trammel,1107,3132,0,9,11,0
Trammel,1044,3144,0,10,25,0
Trammel,1054,3146,0,9,9,0
Trammel,1096,3151,0,12,16,0
Trammel,1035,3160,-1,9,20,0
Trammel,1064,3162,0,14,9,0
Trammel,1080,3181,0,11,12,0
Trammel,1107,3184,0,9,16,0
Trammel,1034,3200,0,14,12,1104003
Trammel,1108,3200,0,9,10,1104003
Trammel,1093,3209,0,15,10,1104003
Trammel,1136,3397,0,9,9,1104052
Trammel,1118,3462,0,14,10,1104052
Trammel,1078,3486,0,9,9,1104052
Trammel,1106,3542,-2,12,16,1104052
Trammel,1138,3553,0,10,12,1104052
Trammel,1128,3557,0,10,10,1104052
Trammel,1104,3558,-1,9,9,1104052
Trammel,1115,3558,0,13,9,1104052
Trammel,1180,128,1,16,16,0
Trammel,1189,150,1,9,9,0
Trammel,1240,152,0,11,13,0
Trammel,1177,156,1,11,9,0
Trammel,1251,156,1,9,15,0
Trammel,1152,159,1,9,9,0
Trammel,1165,161,-2,11,10,0
Trammel,1218,161,-2,10,10,0
Trammel,1193,166,1,9,14,0
Trammel,1260,166,1,9,11,0
Trammel,1202,167,1,16,10,0
Trammel,1173,174,1,11,9,0
Trammel,1241,186,6,11,9,0
Trammel,1221,210,6,15,9,0
Trammel,1193,213,22,9,9,0
Trammel,1157,246,1,15,10,0
Trammel,1155,256,1,20,13,0
Trammel,1197,256,1,11,14,0
Trammel,1175,261,1,9,12,0
Trammel,1213,282,1,9,9,0
Trammel,1167,284,1,9,30,0
Trammel,1238,289,1,30,17,0
Trammel,1158,291,1,9,12,0
Trammel,1176,302,1,9,22,0
Trammel,1237,315,16,11,9,0
Trammel,1185,318,1,13,14,0
Trammel,1198,327,1,9,19,0
Trammel,1264,329,19,9,49,0
Trammel,1207,334,1,13,25,0
Trammel,1239,339,16,9,9,0
Trammel,1220,343,1,9,9,0
Trammel,1229,351,1,11,21,0
Trammel,1220,358,1,9,9,0
Trammel,1240,364,1,10,20,0
Trammel,1253,364,16,11,14,0
Trammel,1227,384,-2,22,9,0
Trammel,1252,384,14,11,9,0
Trammel,1223,393,-2,10,53,0
Trammel,1233,399,1,11,49,0
Trammel,1214,427,-1,9,19,0
Trammel,1209,451,1,9,10,0
Trammel,1271,455,23,9,9,0
Trammel,1225,457,24,12,11,0
Trammel,1246,460,29,10,13,0
Trammel,1260,460,29,9,10,0
Trammel,1213,467,22,9,11,0
Trammel,1192,474,0,12,12,0
Trammel,1212,478,30,9,9,0
Trammel,1208,490,29,9,9,0
Trammel,1184,492,1,11,20,0
Trammel,1200,499,28,9,12,0
Trammel,1178,512,0,11,60,0
Trammel,1268,516,29,11,29,0
Trammel,1209,534,30,9,12,0
Trammel,1189,536,1,9,10,0
Trammel,1209,555,30,10,12,0
Trammel,1189,557,1,10,10,0
Trammel,1180,572,1,15,14,0
Trammel,1210,574,30,10,11,0
Trammel,1229,592,30,11,10,0
Trammel,1244,593,30,10,15,0
Trammel,1264,593,30,12,10,0
Trammel,1152,594,1,9,18,0
Trammel,1208,594,30,10,10,0
Trammel,1186,598,1,9,21,0
Trammel,1177,612,1,9,15,0
Trammel,1247,619,2,9,21,0
Trammel,1197,621,8,9,9,0
Trammel,1257,622,1,9,18,0
Trammel,1266,624,1,9,16,0
Trammel,1169,627,1,11,9,0
Trammel,1233,627,2,9,13,0
Trammel,1221,640,6,11,11,0
Trammel,1261,640,1,19,9,0
Trammel,1268,649,1,12,16,0
Trammel,1209,650,6,11,14,0
Trammel,1185,651,15,9,10,0
Trammel,1199,654,6,10,21,0
Trammel,1171,672,21,12,9,0
Trammel,1190,675,9,11,45,0
Trammel,1181,683,6,9,37,0
Trammel,1166,693,6,15,19,0
Trammel,1201,701,1,9,22,0
Trammel,1241,703,1,10,18,0
Trammel,1154,705,6,10,9,0
Trammel,1210,707,1,10,33,0
Trammel,1221,707,1,20,21,0
Trammel,1173,720,1,11,9,0
Trammel,1197,726,1,13,12,0
Trammel,1220,728,1,9,10,0
Trammel,1205,740,1,12,28,0
Trammel,1218,740,1,10,10,0
Trammel,1271,745,2,9,23,0
Trammel,1259,747,1,12,21,0
Trammel,1217,750,1,9,18,0
Trammel,1226,754,1,9,14,0
Trammel,1235,757,1,9,11,0
Trammel,1193,759,1,12,9,0
Trammel,1265,768,0,15,9,0
Trammel,1249,774,3,11,9,0
Trammel,1241,795,0,11,9,0
Trammel,1153,831,9,11,9,0
Trammel,1171,840,4,9,9,0
Trammel,1227,902,-1,9,13,0
Trammel,1192,903,-2,11,9,0
Trammel,1183,912,1,9,15,0
Trammel,1205,913,0,9,11,0
Trammel,1171,926,-2,9,10,0
Trammel,1207,930,5,9,12,0
Trammel,1162,931,1,9,11,0
Trammel,1198,933,5,9,9,0
Trammel,1234,939,0,9,9,0
Trammel,1155,942,0,9,21,0
Trammel,1221,969,0,11,12,0
Trammel,1207,978,0,9,9,0
Trammel,1175,986,0,9,13,0
Trammel,1165,989,5,10,13,0
Trammel,1201,990,3,15,9,0
Trammel,1203,1024,0,9,15,0
Trammel,1197,1044,0,9,16,0
Trammel,1153,1056,0,11,12,0
Trammel,1193,1060,0,9,10,0
Trammel,1189,1071,0,9,10,0
Trammel,1169,1080,4,11,9,0
Trammel,1182,1081,0,11,11,0
Trammel,1181,1095,0,9,9,0
Trammel,1173,1107,0,12,9,0
Trammel,1169,1119,0,9,14,0
Trammel,1153,1140,0,10,9,0
Trammel,1259,1256,0,10,24,0
Trammel,1250,1265,0,9,15,0
Trammel,1261,1280,0,19,10,1101003
Trammel,1235,1287,1,9,9,1101003
Trammel,1270,1293,0,10,15,1101003
Trammel,1243,1299,0,9,9,1101003
Trammel,1261,1301,0,9,13,1101003
Trammel,1221,1317,0,11,9,1101003
Trammel,1217,1326,0,11,31,1101003
Trammel,1229,1329,0,11,36,1101003
Trammel,1269,1332,0,11,9,1101003
Trammel,1189,1335,0,11,9,1101003
Trammel,1257,1347,0,11,9,1101003
Trammel,1173,1353,0,11,9,1101003
Trammel,1269,1356,0,11,15,1101003
Trammel,1169,1368,0,11,9,1101003
Trammel,1205,1371,0,11,9,1101003
Trammel,1269,1375,0,11,11,1101003
Trammel,1185,1377,0,15,15,1101003
Trammel,1229,1377,0,11,9,1101003
Trammel,1203,1383,0,9,10,1101003
Trammel,1193,1392,0,10,9,1101003
Trammel,1245,1392,0,11,9,1101003
Trammel,1213,1398,0,11,9,1101003
Trammel,1185,1413,0,11,9,1101002
Trammel,1245,1416,0,11,12,1101002
Trammel,1186,1425,0,10,9,1101002
Trammel,1261,1431,0,11,9,1101002
Trammel,1261,1443,0,11,9,1101002
Trammel,1185,1452,0,11,9,1101002
Trammel,1253,1467,0,11,9,1101002
Trammel,1269,1467,0,11,33,1101002
Trammel,1185,1470,0,11,12,1101002
Trammel,1225,1485,0,11,21,1101002
Trammel,1237,1488,0,11,12,1101002
Trammel,1175,1494,0,9,12,1101002
Trammel,1265,1506,0,15,9,1101002
Trammel,1225,1920,0,11,9,1101072
Trammel,1237,1920,0,23,9,1101072
Trammel,1261,1920,0,15,9,1101072
Trammel,1221,1929,0,11,9,1101072
Trammel,1211,1935,0,10,9,1101072
Trammel,1257,1935,0,11,9,1101072
Trammel,1221,1938,0,11,12,1101072
Trammel,1223,1956,0,9,9,1101072
Trammel,1223,1965,0,13,10,1101072
Trammel,1239,1977,0,13,21,1101072
Trammel,1225,1990,0,14,11,1101072
Trammel,1253,1992,0,11,9,1101072
Trammel,1245,2001,0,11,9,1101072
Trammel,1261,2001,0,11,9,1101072
Trammel,1202,2010,1,10,9,1101072
Trammel,1221,2022,0,11,12,1101072
Trammel,1173,2031,0,11,9,1101072
Trammel,1245,2031,0,11,9,1101072
Trammel,1155,2034,0,9,12,1101072
Trammel,1217,2052,0,11,9,1101073
Trammel,1189,2058,0,9,21,1101073
Trammel,1269,2058,2,11,11,1101073
Trammel,1205,2073,5,10,10,1101073
Trammel,1217,2082,5,11,9,1101073
Trammel,1169,2091,5,11,9,1101073
Trammel,1157,2103,0,11,9,1101073
Trammel,1225,2109,0,11,9,1101073
Trammel,1269,2112,0,11,9,1101073
Trammel,1201,2124,0,11,11,1101073
Trammel,1221,2136,0,11,9,1101073
Trammel,1169,2139,0,11,12,1101073
Trammel,1181,2139,0,10,12,1101073
Trammel,1207,2141,0,13,16,1101073
Trammel,1229,2148,0,11,11,1101073
Trammel,1257,2148,0,11,9,1101073
Trammel,1261,2202,5,11,9,1308003
Trammel,1257,2265,0,9,21,1308003
Trammel,1229,2307,0,11,9,1308003
Trammel,1245,2307,0,11,9,1308003
Trammel,1233,2316,0,11,9,1308003
Trammel,1186,2322,0,10,30,1308003
Trammel,1249,2346,5,11,9,1308003
Trammel,1177,2349,5,9,9,1308003
Trammel,1269,2349,5,11,9,1308003
Trammel,1177,2367,5,11,9,1308003
Trammel,1221,2370,5,11,12,1308003
Trammel,1237,2382,10,11,9,1308003
Trammel,1257,2388,10,11,9,1308003
Trammel,1245,2391,10,11,32,1308003
Trammel,1153,2397,0,15,19,1308003
Trammel,1257,2400,10,11,12,1308003
Trammel,1217,2403,5,11,9,1308003
Trammel,1169,2412,0,11,20,1308003
Trammel,1225,2415,5,11,9,1308003
Trammel,1269,2415,10,11,9,1308003
Trammel,1156,2416,0,13,11,1308003
Trammel,1193,2439,5,11,9,1308003
Trammel,1225,2457,5,11,9,1308003
Trammel,1237,2457,5,11,9,1308003
Trammel,1189,2465,0,11,10,1308003
Trammel,1241,2472,5,11,18,1308003
Trammel,1165,2475,0,11,9,1308003
Trammel,1253,2475,7,10,9,1308003
Trammel,1221,2478,5,11,9,1308003
Trammel,1201,2481,0,11,12,1308003
Trammel,1225,2487,5,9,12,1308003
Trammel,1173,2490,0,11,9,1308003
Trammel,1234,2490,5,9,15,1308003
Trammel,1205,2493,0,11,9,1308003
Trammel,1205,2508,0,11,9,1308003
Trammel,1185,2514,0,11,9,1308003
Trammel,1217,2521,3,11,11,1308003
Trammel,1153,2523,0,11,12,1308003
Trammel,1257,2523,5,11,9,1308003
Trammel,1164,2530,0,12,17,1308003
Trammel,1176,2535,0,10,18,1308003
Trammel,1217,2535,5,10,9,1308003
Trammel,1186,2544,5,10,16,1308003
Trammel,1197,2547,5,11,13,1308003
Trammel,1214,2547,5,10,13,1308003
Trammel,1261,2549,5,11,11,1308003
Trammel,1225,2550,5,14,10,1308003
Trammel,1241,2550,5,11,10,1308003
Trammel,1252,2551,5,9,9,1308003
Trammel,1203,2560,0,29,9,1308003
Trammel,1269,2564,0,11,11,1308003
Trammel,1220,2569,0,11,9,1308003
Trammel,1257,2571,0,12,9,1308003
Trammel,1237,2574,0,11,9,1308003
Trammel,1172,2636,0,14,10,1308003
Trammel,1163,2640,0,9,12,1308003
Trammel,1154,2642,0,9,10,1308003
Trammel,1189,2644,0,12,14,1308003
Trammel,1266,2646,0,10,11,1308003
Trammel,1201,2657,0,11,11,1308003
Trammel,1268,2658,0,12,10,1308003
Trammel,1205,2668,0,13,20,1308003
Trammel,1157,2673,5,11,12,1308003
Trammel,1177,2673,5,11,9,1308003
Trammel,1213,2688,0,10,12,0
Trammel,1267,2688,0,9,9,0
Trammel,1223,2693,0,9,10,0
Trammel,1165,2694,5,11,9,0
Trammel,1258,2694,0,9,9,0
Trammel,1249,2700,0,9,9,0
Trammel,1181,2703,5,11,9,0
Trammel,1193,2709,0,11,9,0
Trammel,1165,2712,0,13,31,0
Trammel,1209,2724,0,11,9,0
Trammel,1152,2725,0,13,14,0
Trammel,1253,2733,5,11,9,0
Trammel,1153,2739,0,9,15,0
Trammel,1269,2742,0,11,9,0
Trammel,1176,2743,0,10,28,0
Trammel,1233,2745,0,11,11,0
Trammel,1162,2746,0,13,10,0
Trammel,1269,2751,0,9,10,0
Trammel,1152,2754,0,10,19,0
Trammel,1254,2754,0,10,9,0
Trammel,1162,2756,0,14,33,0
Trammel,1186,2761,0,9,18,0
Trammel,1195,2771,0,9,22,0
Trammel,1153,2777,0,9,10,0
Trammel,1183,2780,0,11,36,0
Trammel,1204,2784,0,12,9,0
Trammel,1152,2787,0,9,27,0
Trammel,1163,2789,0,20,15,0
Trammel,1194,2793,0,12,23,0
Trammel,1207,2793,0,16,14,0
Trammel,1168,2804,0,15,9,0
Trammel,1212,2807,0,18,9,0
Trammel,1152,2816,0,16,14,0
Trammel,1200,2816,-1,16,9,0
Trammel,1217,2816,0,17,9,0
Trammel,1215,2825,0,21,9,0
Trammel,1152,2830,0,9,10,0
Trammel,1162,2834,0,9,24,0
Trammel,1153,2840,0,9,19,0
Trammel,1162,2858,0,17,13,0
Trammel,1152,2859,0,10,12,0
Trammel,1153,2871,0,9,15,0
Trammel,1173,2872,0,14,13,0
Trammel,1162,2879,0,9,13,0
Trammel,1194,2879,0,9,23,0
Trammel,1184,2885,0,10,22,0
Trammel,1152,2886,0,10,46,0
Trammel,1162,2900,0,11,27,0
Trammel,1173,2900,0,10,9,0
Trammel,1185,2907,0,12,16,0
Trammel,1174,2913,0,11,12,0
Trammel,1187,2923,0,10,9,0
Trammel,1163,2927,0,12,12,0
Trammel,1204,2928,0,12,16,0
Trammel,1177,2930,0,10,12,0
Trammel,1218,2930,0,14,14,0
Trammel,1234,2931,0,9,13,0
Trammel,1152,2932,0,11,10,0
Trammel,1154,2944,0,11,11,0
Trammel,1166,2944,0,22,10,0
Trammel,1189,2944,0,11,9,0
Trammel,1203,2944,0,12,16,0
Trammel,1240,2944,0,12,14,0
Trammel,1253,2944,0,9,20,0
Trammel,1217,2951,0,12,9,0
Trammel,1194,2953,0,9,18,0
Trammel,1164,2955,0,9,13,0
Trammel,1229,2956,0,11,11,0
Trammel,1203,2960,0,9,16,0
Trammel,1217,2960,0,12,18,0
Trammel,1240,2960,0,11,35,0
Trammel,1174,2964,0,10,24,0
Trammel,1251,2964,0,10,9,0
Trammel,1159,2968,0,13,22,0
Trammel,1191,2971,0,9,17,0
Trammel,1252,2988,0,10,19,0
Trammel,1200,3445,0,9,11,1104052
Trammel,1175,3478,0,12,13,1104052
Trammel,1181,3491,0,10,9,1104052
Trammel,1167,3546,0,9,13,1104052
Trammel,1200,3575,0,10,9,1104052
Trammel,1203,3595,0,10,11,1104052
Trammel,1399,211,1,9,11,0
Trammel,1323,223,1,18,17,0
Trammel,1378,229,1,9,20,0
Trammel,1398,229,9,10,11,0
Trammel,1366,239,-1,9,17,0
Trammel,1315,240,-4,11,16,0
Trammel,1349,240,1,17,15,0
Trammel,1313,256,1,11,20,0
Trammel,1375,256,15,9,14,0
Trammel,1366,261,8,9,9,0
Trammel,1304,272,1,9,16,0
Trammel,1294,276,0,10,21,0
Trammel,1284,279,0,9,18,0
Trammel,1397,282,5,11,30,0
Trammel,1383,288,6,9,39,0
Trammel,1373,291,6,10,45,0
Trammel,1364,310,7,9,18,0
Trammel,1350,323,6,10,23,0
Trammel,1317,324,22,9,9,0
Trammel,1361,328,5,12,19,0
Trammel,1281,330,22,9,39,0
Trammel,1337,330,6,13,31,0
Trammel,1293,339,22,11,18,0
Trammel,1321,339,6,10,27,0
Trammel,1350,346,1,11,10,0
Trammel,1325,366,1,14,18,0
Trammel,1331,384,1,12,21,0
Trammel,1356,384,1,17,25,0
Trammel,1344,385,1,12,29,0
Trammel,1374,391,1,9,19,0
Trammel,1383,393,1,12,26,0
Trammel,1285,396,6,11,9,0
Trammel,1321,401,16,10,10,0
Trammel,1331,405,8,10,30,0
Trammel,1310,411,16,19,9,0
Trammel,1341,414,6,9,41,0
Trammel,1396,422,3,12,9,0
Trammel,1285,429,6,11,9,0
Trammel,1330,435,8,11,21,0
Trammel,1350,451,1,9,11,0
Trammel,1289,457,27,10,9,0
Trammel,1298,466,30,17,9,0
Trammel,1336,471,25,9,13,0
Trammel,1362,486,1,9,13,0
Trammel,1345,495,30,12,13,0
Trammel,1366,499,1,13,13,0
Trammel,1370,512,2,14,31,0
Trammel,1328,513,30,9,11,0
Trammel,1334,525,30,11,10,0
Trammel,1359,525,9,9,17,0
Trammel,1350,538,4,9,12,0
Trammel,1359,542,1,11,11,0
Trammel,1310,554,30,9,12,0
Trammel,1303,566,28,12,12,0
Trammel,1280,591,30,9,10,0
Trammel,1324,595,3,9,14,0
Trammel,1333,604,1,9,12,0
Trammel,1335,616,6,12,9,0
Trammel,1310,619,6,13,10,0
Trammel,1333,625,6,13,13,0
Trammel,1280,640,1,12,34,0
Trammel,1325,640,1,9,17,0
Trammel,1313,651,6,12,13,0
Trammel,1301,662,6,12,16,0
Trammel,1292,664,5,9,13,0
Trammel,1313,664,1,12,14,0
Trammel,1301,713,1,9,28,0
Trammel,1360,738,1,9,10,0
Trammel,1298,741,9,10,14,0
Trammel,1398,745,0,10,14,0
Trammel,1380,746,1,18,13,0
Trammel,1292,755,7,10,12,0
Trammel,1362,759,1,10,9,0
Trammel,1383,759,4,9,9,0
Trammel,1280,768,0,9,24,0
Trammel,1357,768,-1,27,9,0
Trammel,1363,777,0,9,27,0
Trammel,1354,799,0,9,14,0
Trammel,1394,804,0,14,9,0
Trammel,1331,806,-1,21,13,0
Trammel,1324,819,-1,12,9,0
Trammel,1377,822,0,10,10,0
Trammel,1316,828,1,12,9,0
Trammel,1361,831,0,15,11,0
Trammel,1307,837,-1,13,9,0
Trammel,1353,842,0,9,9,0
Trammel,1301,846,-1,11,9,0
Trammel,1345,852,0,10,10,0
Trammel,1337,862,0,9,19,0
Trammel,1313,873,0,11,11,0
Trammel,1291,879,0,9,9,0
Trammel,1329,881,0,13,10,0
Trammel,1302,896,0,10,21,0
Trammel,1329,903,0,10,10,0
Trammel,1329,918,0,9,17,0
Trammel,1310,924,0,10,9,0
Trammel,1313,933,0,11,12,0
Trammel,1325,936,0,10,20,0
Trammel,1317,956,0,10,36,0
Trammel,1308,977,0,9,25,0
Trammel,1299,982,0,9,15,0
Trammel,1328,1045,0,18,15,0
Trammel,1324,1060,-2,12,32,0
Trammel,1399,1096,0,9,11,0
Trammel,1390,1100,0,9,15,0
Trammel,1397,1140,0,11,11,0
Trammel,1343,1228,0,9,14,0
Trammel,1332,1233,0,11,15,0
Trammel,1323,1242,0,9,12,0
Trammel,1385,1244,0,9,10,0
Trammel,1314,1247,0,9,10,0
Trammel,1304,1253,0,10,13,0
Trammel,1329,1254,0,11,9,0
Trammel,1292,1259,0,12,16,0
Trammel,1393,1266,0,11,9,0
Trammel,1345,1269,0,11,9,0
Trammel,1373,1281,0,11,12,1101003
Trammel,1280,1284,0,9,12,1101003
Trammel,1346,1287,0,10,12,1101003
Trammel,1309,1302,0,11,9,1101003
Trammel,1369,1305,0,11,9,1101003
Trammel,1333,1308,0,11,9,1101003
Trammel,1377,1316,0,11,13,1101003
Trammel,1289,1317,0,11,9,1101003
Trammel,1333,1323,0,11,20,1101003
Trammel,1394,1329,0,10,9,1101003
Trammel,1313,1332,0,15,12,1101003
Trammel,1369,1341,0,11,9,1101003
Trammel,1328,1343,0,12,16,1101003
Trammel,1317,1344,0,11,9,1101003
Trammel,1390,1347,0,10,24,1101003
Trammel,1369,1350,0,11,12,1101003
Trammel,1293,1356,0,11,9,1101003
Trammel,1321,1362,0,11,9,1101003
Trammel,1313,1371,0,11,9,1101003
Trammel,1286,1374,0,10,9,1101003
Trammel,1314,1380,0,9,9,1101003
Trammel,1281,1383,0,15,9,1101003
Trammel,1301,1395,0,11,13,1101003
Trammel,1341,1395,0,15,12,1101003
Trammel,1305,1408,0,19,11,1101052
Trammel,1389,1408,0,11,14,1101052
Trammel,1281,1413,0,9,12,1101052
Trammel,1361,1414,7,9,25,1101052
Trammel,1343,1417,2,9,24,1101052
Trammel,1301,1419,0,11,9,1101052
Trammel,1333,1428,5,10,13,1101052
Trammel,1385,1431,10,11,10,1101052
Trammel,1297,1440,0,11,9,1101052
Trammel,1324,1457,2,9,18,1101052
Trammel,1281,1461,0,11,12,1101052
Trammel,1281,1476,0,11,12,1101052
Trammel,1317,1500,0,11,9,1101052
Trammel,1289,1506,0,11,9,1101052
Trammel,1379,1920,0,9,9,1101073
Trammel,1313,1923,0,11,9,1101073
Trammel,1357,1929,0,11,12,1101073
Trammel,1377,1929,0,11,9,1101073
Trammel,1368,1936,0,9,14,1101073
Trammel,1385,1938,0,11,9,1101073
Trammel,1351,1941,0,9,12,1101073
Trammel,1289,1944,0,15,12,1101073
Trammel,1360,1950,0,11,9,1101073
Trammel,1389,1950,0,11,27,1101073
Trammel,1305,1953,0,15,27,1101073
Trammel,1293,1956,0,12,9,1101073
Trammel,1321,1956,0,11,12,1101073
Trammel,1333,1956,0,11,15,1101073
Trammel,1333,1974,0,11,9,1101073
Trammel,1343,1983,0,9,9,1101073
Trammel,1301,1992,0,11,9,1101073
Trammel,1321,1992,0,9,11,1101073
Trammel,1343,1992,0,9,12,1101073
Trammel,1391,2001,0,9,10,1101073
Trammel,1289,2004,0,11,9,1101073
Trammel,1301,2010,0,15,9,1101073
Trammel,1349,2010,0,11,9,1101073
Trammel,1309,2019,0,11,9,1101073
Trammel,1349,2025,0,10,9,1101073
Trammel,1345,2034,0,11,9,1101073
Trammel,1369,2061,0,11,9,1101073
Trammel,1286,2064,0,10,9,1101073
Trammel,1333,2064,0,11,15,1101073
Trammel,1377,2070,5,9,12,1101073
Trammel,1294,2076,0,10,9,1101073
Trammel,1333,2088,3,11,9,1101073
Trammel,1365,2088,0,11,9,1101073
Trammel,1313,2094,0,11,9,1101073
Trammel,1345,2103,0,11,9,1101073
Trammel,1291,2106,0,9,9,1101073
Trammel,1345,2118,0,15,12,1101073
Trammel,1309,2124,0,9,9,1101073
Trammel,1325,2142,0,10,12,1101073
Trammel,1297,2148,0,11,18,1101073
Trammel,1308,2154,5,12,21,1101073
Trammel,1345,2166,0,11,9,1101073
Trammel,1397,2184,0,11,9,1308003
Trammel,1297,2190,5,10,9,1308003
Trammel,1391,2196,2,9,9,1308003
Trammel,1325,2199,0,11,33,1308003
Trammel,1337,2199,0,11,27,1308003
Trammel,1281,2211,5,11,9,1308003
Trammel,1315,2217,5,10,57,1308003
Trammel,1349,2220,0,11,20,1308003
Trammel,1305,2223,5,10,39,1308003
Trammel,1337,2226,0,12,9,1308003
Trammel,1325,2232,5,11,15,1308003
Trammel,1377,2232,0,11,9,1308003
Trammel,1349,2240,0,14,40,1308003
Trammel,1325,2247,5,11,27,1308003
Trammel,1381,2247,0,10,9,1308003
Trammel,1285,2259,0,11,9,1308003
Trammel,1363,2259,5,9,9,1308003
Trammel,1336,2261,0,13,16,1308003
Trammel,1373,2271,0,11,9,1308003
Trammel,1365,2280,5,11,9,1308003
Trammel,1309,2286,5,11,9,1308003
Trammel,1357,2295,0,11,9,1308003
Trammel,1390,2304,-1,10,9,1308002
Trammel,1293,2319,5,11,9,1308002
Trammel,1369,2319,0,12,9,1308002
Trammel,1305,2325,5,11,12,1308002
Trammel,1317,2325,0,11,11,1308002
Trammel,1337,2331,0,11,9,1308002
Trammel,1297,2337,0,11,21,1308002
Trammel,1334,2341,-1,10,14,1308002
Trammel,1308,2352,0,24,9,1308002
Trammel,1349,2367,5,11,9,1308002
Trammel,1349,2379,5,11,15,1308002
Trammel,1399,2379,0,9,11,1308002
Trammel,1361,2388,5,11,9,1308002
Trammel,1399,2392,-1,9,10,1308002
Trammel,1285,2394,5,11,9,1308002
Trammel,1337,2397,0,11,9,1308002
Trammel,1365,2397,0,11,18,1308002
Trammel,1325,2400,0,11,9,1308002
Trammel,1305,2403,0,11,9,1308002
Trammel,1282,2412,10,10,12,1308002
Trammel,1297,2412,5,11,12,1308002
Trammel,1391,2415,0,9,9,1308002
Trammel,1329,2421,0,11,9,1308002
Trammel,1357,2421,0,11,9,1308002
Trammel,1289,2442,5,11,9,1308002
Trammel,1315,2445,5,9,9,1308002
Trammel,1378,2448,0,10,9,1308002
Trammel,1310,2454,5,10,9,1308002
Trammel,1337,2457,0,11,9,1308002
Trammel,1321,2460,5,11,12,1308002
Trammel,1281,2466,9,11,9,1308002
Trammel,1373,2481,0,9,9,1308002
Trammel,1345,2484,0,11,9,1308002
Trammel,1289,2490,5,15,18,1308002
Trammel,1369,2496,0,11,9,1308002
Trammel,1341,2499,0,15,15,1308002
Trammel,1301,2511,2,11,9,1308002
Trammel,1377,2511,0,10,28,1308002
Trammel,1285,2520,5,11,15,1308002
Trammel,1369,2539,5,10,20,1308002
Trammel,1385,2539,0,11,14,1308002
Trammel,1321,2544,0,15,16,1308002
Trammel,1396,2546,0,10,14,1308002
Trammel,1309,2547,0,11,13,1308002
Trammel,1280,2550,1,12,10,1308002
Trammel,1294,2550,0,14,10,1308002
Trammel,1337,2550,0,15,10,1308002
Trammel,1280,2560,0,23,11,1308003
Trammel,1305,2560,0,38,11,1308003
Trammel,1353,2560,0,11,11,1308003
Trammel,1367,2560,5,25,11,1308003
Trammel,1314,2571,0,26,9,1308003
Trammel,1393,2577,0,11,9,1308003
Trammel,1329,2580,0,19,15,1308003
Trammel,1348,2584,0,12,19,1308003
Trammel,1399,2586,0,9,12,1308003
Trammel,1363,2589,0,9,20,1308003
Trammel,1334,2595,0,13,9,1308003
Trammel,1373,2601,0,11,15,1308003
Trammel,1375,2616,0,9,13,1308003
Trammel,1393,2622,0,11,9,1308003
Trammel,1376,2629,0,16,10,1308003
Trammel,1397,2640,0,11,9,1308003
Trammel,1280,2644,0,9,11,1308003
Trammel,1289,2647,0,9,14,1308003
Trammel,1298,2650,0,9,23,1308003
Trammel,1308,2671,0,9,14,1308003
Trammel,1309,2688,5,13,15,0
Trammel,1317,2703,0,9,9,0
Trammel,1318,2713,0,10,13,0
Trammel,1311,2728,0,13,10,0
Trammel,1369,2736,0,9,12,0
Trammel,1314,2738,0,11,12,0
Trammel,1373,2748,0,9,10,0
Trammel,1281,2751,0,9,11,0
Trammel,1337,2757,0,11,9,0
Trammel,1365,2760,0,9,15,0
Trammel,1337,2781,0,11,11,0
Trammel,1367,2787,0,9,9,0
Trammel,1381,2791,0,9,10,0
Trammel,1365,2796,5,11,9,0
Trammel,1338,2798,0,10,18,0
Trammel,1397,2798,0,9,18,0
Trammel,1332,2816,2,13,30,0
Trammel,1345,2828,0,9,18,0
Trammel,1397,2832,0,11,9,0
Trammel,1319,2842,2,9,11,0
Trammel,1350,2846,0,10,11,0
Trammel,1309,2849,-1,10,14,0
Trammel,1384,2849,0,9,9,0
Trammel,1299,2853,0,9,9,0
Trammel,1370,2853,0,14,10,0
Trammel,1346,2862,0,9,10,0
Trammel,1303,2863,0,9,9,0
Trammel,1370,2866,0,11,9,0
Trammel,1339,2872,0,10,10,0
Trammel,1371,2881,0,9,9,0
Trammel,1336,2882,0,13,13,0
Trammel,1349,2893,0,9,25,0
Trammel,1352,2918,0,12,9,0
Trammel,1354,2927,0,13,9,0
Trammel,1367,2953,0,9,9,0
Trammel,1324,2962,0,9,12,0
Trammel,1335,3000,0,9,13,0
Trammel,1335,3013,0,14,24,0
Trammel,1334,3037,-2,12,11,0
Trammel,1328,3048,0,9,13,0
Trammel,1366,3048,0,9,12,0
Trammel,1370,3089,0,9,24,0
Trammel,1379,3093,0,11,13,0
Trammel,1326,3107,1,10,16,0
Trammel,1317,3120,2,9,17,0
Trammel,1306,3129,2,9,11,0
Trammel,1295,3136,1,9,10,0
Trammel,1370,3143,0,11,9,0
Trammel,1288,3146,-2,12,9,0
Trammel,1327,3150,0,9,10,0
Trammel,1359,3152,0,14,10,0
Trammel,1287,3155,0,10,9,0
Trammel,1328,3160,0,9,11,0
Trammel,1290,3164,0,10,10,0
Trammel,1368,3173,0,10,13,0
Trammel,1452,168,1,9,48,0
Trammel,1469,172,14,15,32,0
Trammel,1495,183,6,9,11,0
Trammel,1484,184,16,9,17,0
Trammel,1438,188,-1,9,22,0
Trammel,1426,193,0,12,22,0
Trammel,1519,211,1,11,14,0
Trammel,1497,221,16,12,10,0
Trammel,1408,225,10,10,15,0
Trammel,1509,230,16,9,10,0
Trammel,1521,246,5,11,9,0
Trammel,1417,256,1,9,14,0
Trammel,1460,256,1,20,10,0
Trammel,1409,270,1,10,29,0
Trammel,1501,273,1,11,9,0
Trammel,1521,279,1,15,10,0
Trammel,1419,384,6,11,26,0
Trammel,1417,410,8,9,9,0
Trammel,1410,419,7,9,10,0
Trammel,1525,643,16,9,10,0
Trammel,1526,653,16,10,10,0
Trammel,1509,654,12,10,16,0
Trammel,1519,663,6,9,29,0
Trammel,1496,676,-1,10,29,0
Trammel,1487,684,-1,9,21,0
Trammel,1477,696,0,9,48,0
Trammel,1511,696,15,9,9,0
Trammel,1463,697,1,14,18,0
Trammel,1525,699,16,11,12,0
Trammel,1486,720,6,10,27,0
Trammel,1521,726,22,15,9,0
Trammel,1455,730,3,22,17,0
Trammel,1509,732,16,11,12,0
Trammel,1444,735,0,11,24,0
Trammel,1429,736,0,15,17,0
Trammel,1420,737,3,9,16,0
Trammel,1410,741,3,10,21,0
Trammel,1501,744,16,11,12,0
Trammel,1473,750,6,11,9,0
Trammel,1455,756,6,9,9,0
Trammel,1517,759,8,11,9,0
Trammel,1425,789,0,11,11,0
Trammel,1414,790,0,10,13,0
Trammel,1447,792,0,9,9,0
Trammel,1473,795,0,9,9,0
Trammel,1460,798,0,12,10,0
Trammel,1473,807,0,11,21,0
Trammel,1463,808,0,10,10,0
Trammel,1509,813,0,11,9,0
Trammel,1464,818,0,9,58,0
Trammel,1485,822,0,11,12,0
Trammel,1473,837,0,11,9,0
Trammel,1522,843,0,10,9,0
Trammel,1455,848,0,9,10,0
Trammel,1453,858,0,11,14,0
Trammel,1473,864,0,11,12,0
Trammel,1474,876,0,18,10,0
Trammel,1497,876,0,11,12,0
Trammel,1482,886,0,9,10,0
Trammel,1439,896,0,11,18,0
Trammel,1485,896,0,15,46,0
Trammel,1513,924,0,11,9,0
Trammel,1509,942,0,11,9,0
Trammel,1489,945,0,11,12,0
Trammel,1480,950,0,9,13,0
Trammel,1517,954,0,11,9,0
Trammel,1471,962,0,9,45,0
Trammel,1481,963,0,11,9,0
Trammel,1481,984,0,11,12,0
Trammel,1480,996,0,16,28,0
Trammel,1517,999,0,11,9,0
Trammel,1480,1024,0,9,35,0
Trammel,1491,1024,0,17,11,0
Trammel,1509,1029,0,11,9,0
Trammel,1489,1035,0,11,9,0
Trammel,1521,1041,0,15,9,0
Trammel,1471,1049,0,9,9,0
Trammel,1462,1057,0,9,20,0
Trammel,1471,1058,0,9,16,0
Trammel,1452,1072,0,10,14,0
Trammel,1485,1077,0,11,9,0
Trammel,1438,1078,0,14,14,0
Trammel,1501,1080,0,11,9,0
Trammel,1428,1082,0,10,10,0
Trammel,1410,1083,0,18,18,0
Trammel,1525,1086,0,11,9,0
Trammel,1469,1089,0,11,9,0
Trammel,1505,1089,0,11,9,0
Trammel,1497,1098,0,11,9,0
Trammel,1521,1104,0,15,16,0
Trammel,1445,1110,0,11,9,0
Trammel,1505,1110,0,16,14,0
Trammel,1493,1116,0,12,11,0
Trammel,1481,1125,0,12,12,0
Trammel,1469,1134,0,12,18,0
Trammel,1409,1140,0,11,12,0
Trammel,1420,1143,0,12,9,0
Trammel,1416,1152,0,23,9,0
Trammel,1413,1251,0,11,12,0
Trammel,1447,1251,0,10,9,0
Trammel,1433,1252,0,14,11,0
Trammel,1482,1256,0,14,10,0
Trammel,1443,1263,0,9,9,0
Trammel,1465,1266,0,11,9,0
Trammel,1509,1266,0,11,9,0
Trammel,1465,1281,0,11,9,1101053
Trammel,1518,1293,0,9,12,1101053
Trammel,1497,1305,0,11,9,1101053
Trammel,1417,1308,0,11,9,1101053
Trammel,1513,1308,0,11,9,1101053
Trammel,1437,1314,0,11,15,1101053
Trammel,1449,1317,0,11,15,1101053
Trammel,1481,1317,0,11,9,1101053
Trammel,1517,1323,0,11,9,1101053
Trammel,1501,1341,0,11,12,1101053
Trammel,1493,1353,0,10,10,1101053
Trammel,1449,1356,0,11,9,1101053
Trammel,1461,1364,0,11,10,1101053
Trammel,1478,1377,0,13,12,1101053
Trammel,1457,1380,0,11,9,1101053
Trammel,1429,1386,0,11,18,1101053
Trammel,1473,1389,0,9,17,1101053
Trammel,1490,1864,1,9,38,1101002
Trammel,1500,1867,0,9,23,1101002
Trammel,1480,1868,2,10,34,1101002
Trammel,1509,1874,0,9,22,1101002
Trammel,1430,1875,0,10,9,1101002
Trammel,1471,1877,1,9,16,1101002
Trammel,1518,1880,0,18,9,1101002
Trammel,1453,1884,-1,17,12,1101002
Trammel,1425,1890,0,11,9,1101002
Trammel,1499,1890,0,10,11,1101002
Trammel,1445,1902,0,10,12,1101002
Trammel,1485,1908,0,15,9,1101002
Trammel,1517,1920,0,11,12,1101003
Trammel,1493,1923,0,11,9,1101003
Trammel,1429,1926,0,11,9,1101003
Trammel,1409,1932,0,11,9,1101003
Trammel,1521,1932,0,15,21,1101003
Trammel,1433,1947,0,11,9,1101003
Trammel,1493,1953,0,11,12,1101003
Trammel,1521,1953,0,15,12,1101003
Trammel,1409,1956,0,11,12,1101003
Trammel,1437,1956,0,11,9,1101003
Trammel,1525,1965,0,11,11,1101003
Trammel,1409,1971,0,15,9,1101003
Trammel,1461,1971,0,11,9,1101003
Trammel,1523,1976,0,13,40,1101003
Trammel,1509,1977,0,11,9,1101003
Trammel,1417,1980,0,11,9,1101003
Trammel,1437,1986,0,11,9,1101003
Trammel,1449,1986,0,11,9,1101003
Trammel,1481,1986,0,11,9,1101003
Trammel,1497,1986,0,11,9,1101003
Trammel,1513,1986,0,10,12,1101003
Trammel,1441,1995,0,9,13,1101003
Trammel,1501,1995,0,11,9,1101003
Trammel,1441,2013,0,11,9,1101003
Trammel,1477,2016,0,11,9,1101003
Trammel,1525,2016,0,11,12,1101003
Trammel,1501,2022,0,11,9,1101003
Trammel,1473,2025,0,11,12,1101003
Trammel,1409,2031,0,11,9,1101003
Trammel,1489,2031,0,11,9,1101003
Trammel,1489,2058,0,11,9,0
Trammel,1469,2061,0,11,9,0
Trammel,1483,2070,0,9,9,0
Trammel,1493,2079,0,11,9,0
Trammel,1417,2085,5,11,12,0
Trammel,1417,2111,5,11,9,0
Trammel,1525,2112,0,11,9,0
Trammel,1433,2127,0,11,9,0
Trammel,1457,2133,0,11,9,0
Trammel,1417,2148,1,11,9,0
Trammel,1477,2178,0,11,9,1308003
Trammel,1465,2187,0,11,9,1308003
Trammel,1449,2190,0,11,18,1308003
Trammel,1457,2208,0,10,24,1308003
Trammel,1413,2214,0,11,9,1308003
Trammel,1445,2217,0,12,9,1308003
Trammel,1425,2229,0,11,9,1308003
Trammel,1429,2253,5,15,9,1308003
Trammel,1450,2253,5,10,9,1308003
Trammel,1419,2256,0,9,9,1308003
Trammel,1523,2256,5,9,9,1308003
Trammel,1485,2262,5,11,9,1308003
Trammel,1505,2265,5,11,9,1308003
Trammel,1517,2268,5,11,9,1308003
Trammel,1497,2274,5,11,9,1308003
Trammel,1525,2283,0,11,9,1308003
Trammel,1422,2286,0,10,9,1308003
Trammel,1475,2289,0,9,9,1308003
Trammel,1469,2304,5,11,9,1308002
Trammel,1497,2310,5,11,22,1308002
Trammel,1429,2313,0,11,9,1308002
Trammel,1445,2325,2,11,27,1308002
Trammel,1477,2325,5,11,12,1308002
Trammel,1413,2331,0,10,9,1308002
Trammel,1433,2334,0,12,12,1308002
Trammel,1513,2334,10,11,9,1308002
Trammel,1485,2355,5,11,9,1308002
Trammel,1489,2364,5,11,9,1308002
Trammel,1525,2364,5,11,9,1308002
Trammel,1429,2367,0,11,9,1308002
Trammel,1445,2376,0,11,9,1308002
Trammel,1497,2382,0,11,9,1308002
Trammel,1453,2385,3,11,9,1308002
Trammel,1510,2385,5,10,9,1308002
Trammel,1497,2391,0,11,9,1308002
Trammel,1493,2400,0,11,9,1308002
Trammel,1475,2403,0,9,21,1308002
Trammel,1509,2403,5,11,9,1308002
Trammel,1449,2406,0,10,9,1308002
Trammel,1466,2417,2,9,10,1308002
Trammel,1437,2418,0,11,9,1308002
Trammel,1497,2418,0,11,12,1308002
Trammel,1459,2432,0,9,25,1308002
Trammel,1501,2448,0,11,24,1308002
Trammel,1433,2451,0,26,9,1308002
Trammel,1465,2466,0,11,9,1308002
Trammel,1513,2469,0,15,9,1308002
Trammel,1429,2478,5,11,9,1308002
Trammel,1491,2478,0,9,9,1308002
Trammel,1465,2481,5,11,12,1308002
Trammel,1525,2485,5,11,11,1308002
Trammel,1413,2508,0,11,11,1308002
Trammel,1478,2511,5,10,18,1308002
Trammel,1457,2513,5,9,13,1308002
Trammel,1429,2514,0,11,9,1308002
Trammel,1410,2519,0,10,16,1308002
Trammel,1517,2520,10,11,18,1308002
Trammel,1421,2523,0,15,20,1308002
Trammel,1489,2532,10,11,9,1308002
Trammel,1457,2538,5,11,9,1308002
Trammel,1517,2538,10,19,22,1308002
Trammel,1431,2547,0,9,13,1308002
Trammel,1465,2547,5,15,13,1308002
Trammel,1497,2547,10,11,13,1308002
Trammel,1508,2551,10,9,9,1308002
Trammel,1408,2560,0,43,10,1308003
Trammel,1469,2560,5,11,11,1308003
Trammel,1501,2560,10,11,11,1308003
Trammel,1409,2570,0,11,10,1308003
Trammel,1439,2579,2,9,13,1308003
Trammel,1525,2583,7,11,9,1308003
Trammel,1433,2595,5,11,18,1308003
Trammel,1493,2595,10,11,18,1308003
Trammel,1457,2601,10,11,9,1308003
Trammel,1511,2607,10,9,9,1308003
Trammel,1445,2610,10,11,9,1308003
Trammel,1465,2610,10,11,12,1308003
Trammel,1485,2631,10,11,9,1308003
Trammel,1445,2634,5,11,19,1308003
Trammel,1489,2640,10,10,9,1308003
Trammel,1409,2643,1,11,13,1308003
Trammel,1459,2643,5,9,9,1308003
Trammel,1495,2649,5,9,15,1308003
Trammel,1417,2656,0,11,11,1308003
Trammel,1426,2667,0,10,10,1308003
Trammel,1437,2670,0,11,12,1308003
Trammel,1489,2673,0,11,9,1308003
Trammel,1449,2676,0,10,12,1308003
Trammel,1452,2688,0,10,9,0
Trammel,1463,2688,0,9,14,0
Trammel,1509,2697,5,10,15,0
Trammel,1473,2700,0,11,9,0
Trammel,1519,2704,5,9,11,0
Trammel,1497,2706,0,11,9,0
Trammel,1493,2722,0,11,12,0
Trammel,1517,2724,0,11,12,0
Trammel,1501,2734,0,11,37,0
Trammel,1517,2745,0,11,43,0
Trammel,1521,2788,0,9,28,0
Trammel,1506,2816,0,11,12,0
Trammel,1502,2828,0,10,12,0
Trammel,1512,2833,0,11,9,0
Trammel,1506,2842,0,10,17,0
Trammel,1416,2905,0,10,11,0
Trammel,1519,2915,0,9,16,0
Trammel,1519,2933,0,10,10,0
Trammel,1427,2934,0,9,10,0
Trammel,1518,2952,0,10,13,0
Trammel,1517,2965,0,10,14,0
Trammel,1450,2976,0,9,12,0
Trammel,1519,2979,0,9,26,0
Trammel,1517,3005,0,12,9,0
Trammel,1519,3014,0,14,12,0
Trammel,1410,3018,0,9,10,0
Trammel,1517,3026,0,9,12,0
Trammel,1508,3027,0,9,9,0
Trammel,1408,3028,0,9,9,0
Trammel,1438,3028,0,9,13,0
Trammel,1472,3048,0,10,17,0
Trammel,1462,3051,0,10,10,0
Trammel,1441,3075,0,9,9,0
Trammel,1495,3091,0,10,11,0
Trammel,1492,3102,0,10,11,0
Trammel,1422,3116,0,11,13,0
Trammel,1417,3132,0,15,9,0
Trammel,1516,3141,0,10,9,0
Trammel,1477,3153,0,10,9,0
Trammel,1490,3163,0,9,9,0
Trammel,1485,3172,0,13,12,0
Trammel,1431,3176,1,10,9,0
Trammel,1510,3181,0,12,9,0
Trammel,1512,3190,0,14,9,0
Trammel,1465,3200,0,12,10,1104003
Trammel,1445,3223,0,9,9,1104003
Trammel,1515,3248,0,13,11,1104003
Trammel,1627,242,2,10,14,0
Trammel,1611,256,1,10,51,0
Trammel,1636,268,9,11,16,0
Trammel,1621,272,6,10,19,0
Trammel,1647,272,6,9,15,0
Trammel,1623,451,1,9,19,0
Trammel,1655,470,-1,9,19,0
Trammel,1628,471,5,10,24,0
Trammel,1592,477,-1,9,15,0
Trammel,1569,484,1,23,9,0
Trammel,1638,484,1,17,11,0
Trammel,1617,489,16,9,9,0
Trammel,1560,493,1,9,10,0
Trammel,1647,495,6,9,9,0
Trammel,1581,496,9,11,16,0
Trammel,1564,503,1,13,9,0
Trammel,1563,512,1,14,24,0
Trammel,1593,513,22,11,9,0
Trammel,1633,519,24,11,12,0
Trammel,1585,522,16,13,34,0
Trammel,1564,536,1,10,40,0
Trammel,1576,536,13,9,28,0
Trammel,1637,537,22,11,9,0
Trammel,1648,545,12,16,29,0
Trammel,1537,551,1,9,12,0
Trammel,1636,552,14,12,10,0
Trammel,1554,556,1,10,9,0
Trammel,1627,558,14,9,27,0
Trammel,1618,564,14,9,21,0
Trammel,1574,572,6,11,31,0
Trammel,1585,578,6,10,22,0
Trammel,1641,582,16,11,9,0
Trammel,1601,585,6,11,9,0
Trammel,1585,600,1,12,40,0
Trammel,1572,603,1,13,14,0
Trammel,1536,611,1,10,29,0
Trammel,1629,615,22,11,9,0
Trammel,1575,617,1,10,9,0
Trammel,1617,618,16,10,9,0
Trammel,1599,621,8,9,9,0
Trammel,1546,622,1,9,18,0
Trammel,1552,653,16,13,17,0
Trammel,1567,655,16,23,39,0
Trammel,1590,664,20,14,14,0
Trammel,1536,668,6,16,19,0
Trammel,1552,673,6,9,17,0
Trammel,1633,678,6,11,16,0
Trammel,1597,681,22,11,15,0
Trammel,1621,689,6,12,79,0
Trammel,1573,694,22,11,14,0
Trammel,1612,698,14,9,55,0
Trammel,1557,702,16,11,9,0
Trammel,1584,706,21,9,14,0
Trammel,1603,707,11,9,43,0
Trammel,1555,717,22,9,9,0
Trammel,1585,720,16,9,9,0
Trammel,1594,725,13,9,19,0
Trammel,1637,728,6,9,40,0
Trammel,1647,730,6,10,38,0
Trammel,1569,759,6,11,9,0
Trammel,1581,759,6,10,9,0
Trammel,1593,759,6,11,9,0
Trammel,1569,768,0,27,9,0
Trammel,1597,768,0,19,9,0
Trammel,1617,768,0,47,9,0
Trammel,1581,777,0,15,12,0
Trammel,1629,780,0,11,15,0
Trammel,1653,786,0,11,9,0
Trammel,1537,798,0,11,12,0
Trammel,1601,801,0,11,9,0
Trammel,1577,804,0,11,9,0
Trammel,1617,825,0,11,16,0
Trammel,1581,828,0,11,9,0
Trammel,1633,828,0,11,16,0
Trammel,1645,828,0,11,17,0
Trammel,1593,834,0,11,20,0
Trammel,1605,834,0,11,13,0
Trammel,1581,843,0,12,23,0
Trammel,1537,852,0,11,9,0
Trammel,1573,866,0,10,9,0
Trammel,1569,875,0,10,21,0
Trammel,1561,896,0,14,31,0
Trammel,1541,918,0,11,9,0
Trammel,1561,927,0,16,12,0
Trammel,1569,939,0,10,24,0
Trammel,1537,951,0,11,9,0
Trammel,1573,963,0,11,30,0
Trammel,1537,975,0,11,9,0
Trammel,1584,977,0,9,37,0
Trammel,1549,990,0,9,9,0
Trammel,1559,990,0,9,9,0
Trammel,1593,998,0,9,26,0
Trammel,1541,1002,0,11,9,0
Trammel,1581,1014,0,12,9,0
Trammel,1593,1024,0,16,14,0
Trammel,1553,1029,0,11,9,0
Trammel,1569,1038,0,11,9,0
Trammel,1601,1038,0,14,15,0
Trammel,1617,1047,0,9,21,0
Trammel,1626,1055,0,9,19,0
Trammel,1569,1056,0,11,9,0
Trammel,1637,1065,0,13,9,0
Trammel,1573,1068,0,11,9,0
Trammel,1553,1071,0,11,15,0
Trammel,1625,1074,0,11,9,0
Trammel,1645,1074,0,13,31,0
Trammel,1581,1080,0,9,9,0
Trammel,1605,1089,0,11,9,0
Trammel,1570,1095,0,10,20,0
Trammel,1593,1095,0,12,21,0
Trammel,1545,1098,0,15,19,0
Trammel,1581,1098,0,11,12,0
Trammel,1605,1098,0,11,20,0
Trammel,1633,1098,0,12,15,0
Trammel,1617,1101,0,15,15,0
Trammel,1536,1102,0,9,18,0
Trammel,1560,1103,0,10,14,0
Trammel,1651,1204,0,9,16,0
Trammel,1641,1215,0,10,24,0
Trammel,1652,1220,0,12,16,0
Trammel,1614,1227,0,18,18,0
Trammel,1632,1232,0,9,13,0
Trammel,1651,1236,0,9,9,0
Trammel,1604,1237,0,10,14,0
Trammel,1595,1241,0,9,13,0
Trammel,1577,1242,0,15,11,0
Trammel,1614,1245,0,10,9,0
Trammel,1544,1247,0,18,10,0
Trammel,1563,1247,0,14,10,0
Trammel,1549,1263,0,15,9,0
Trammel,1617,1266,0,10,9,0
Trammel,1565,1290,0,11,9,1101003
Trammel,1549,1293,0,11,12,1101003
Trammel,1537,1302,0,11,9,1101003
Trammel,1617,1308,0,15,12,1101003
Trammel,1634,1320,0,10,9,1101003
Trammel,1625,1322,0,9,10,1101003
Trammel,1561,1323,0,11,14,1101003
Trammel,1573,1323,0,15,14,1101003
Trammel,1593,1326,0,11,9,1101003
Trammel,1641,1329,0,11,9,1101003
Trammel,1653,1332,0,11,9,1101003
Trammel,1613,1338,0,11,9,1101003
Trammel,1588,1343,0,12,17,1101003
Trammel,1594,1360,0,10,27,1101003
Trammel,1641,1362,0,11,12,1101003
Trammel,1613,1380,0,11,15,1101003
Trammel,1596,1387,0,12,11,1101003
Trammel,1651,1389,0,9,9,1101003
Trammel,1595,1408,0,13,17,1101002
Trammel,1609,1422,0,11,12,1101002
Trammel,1587,1425,0,9,18,1101002
Trammel,1633,1455,0,11,15,1101002
Trammel,1627,1476,15,10,9,1101002
Trammel,1606,1489,34,10,9,1101002
Trammel,1537,1878,0,14,12,1101002
Trammel,1558,1878,-1,10,9,1101002
Trammel,1582,1896,0,10,9,1101002
Trammel,1573,1899,0,9,12,1101002
Trammel,1541,1908,0,11,9,1101002
Trammel,1537,1932,0,11,15,1101003
Trammel,1553,1974,0,11,9,1101003
Trammel,1536,1995,0,11,9,1101003
Trammel,1561,2048,0,10,11,0
Trammel,1617,2060,1,9,16,0
Trammel,1608,2076,-2,15,21,0
Trammel,1555,2083,0,10,11,0
Trammel,1617,2097,0,10,26,0
Trammel,1607,2099,0,10,12,0
Trammel,1601,2111,1,12,10,0
Trammel,1591,2118,-2,10,11,0
Trammel,1569,2122,0,11,11,0
Trammel,1622,2123,0,10,22,0
Trammel,1589,2129,0,11,10,0
Trammel,1541,2139,5,11,9,0
Trammel,1566,2142,5,10,21,0
Trammel,1626,2145,0,11,15,0
Trammel,1645,2150,-1,19,13,0
Trammel,1576,2155,5,9,11,0
Trammel,1597,2160,5,15,9,0
Trammel,1597,2176,5,15,11,1308003
Trammel,1610,2190,5,10,9,1308003
Trammel,1573,2193,0,11,9,1308003
Trammel,1641,2193,0,13,9,1308003
Trammel,1565,2202,5,11,9,1308003
Trammel,1649,2202,0,9,9,1308003
Trammel,1609,2208,0,11,18,1308003
Trammel,1621,2214,0,11,9,1308003
Trammel,1637,2214,0,11,15,1308003
Trammel,1569,2217,5,11,24,1308003
Trammel,1649,2232,0,11,9,1308003
Trammel,1653,2250,5,11,9,1308003
Trammel,1565,2256,0,11,12,1308003
Trammel,1593,2256,0,9,9,1308003
Trammel,1637,2256,5,9,15,1308003
Trammel,1625,2262,5,11,9,1308003
Trammel,1589,2265,0,9,9,1308003
Trammel,1641,2277,0,11,15,1308003
Trammel,1621,2280,3,11,9,1308003
Trammel,1593,2292,0,10,9,1308003
Trammel,1549,2295,5,11,9,1308003
Trammel,1557,2319,5,11,9,1308002
Trammel,1537,2337,10,11,9,1308002
Trammel,1585,2340,5,11,12,1308002
Trammel,1617,2340,0,11,9,1308002
Trammel,1553,2346,5,11,21,1308002
Trammel,1628,2346,0,9,9,1308002
Trammel,1541,2352,5,11,9,1308002
Trammel,1593,2352,5,11,12,1308002
Trammel,1609,2355,0,11,9,1308002
Trammel,1593,2364,5,11,9,1308002
Trammel,1649,2367,5,11,9,1308002
Trammel,1549,2370,5,9,12,1308002
Trammel,1581,2376,5,11,9,1308002
Trammel,1585,2385,5,10,9,1308002
Trammel,1545,2391,10,9,9,1308002
Trammel,1605,2403,5,11,13,1308002
Trammel,1541,2415,5,11,9,1308002
Trammel,1645,2415,5,10,12,1308002
Trammel,1553,2421,5,11,9,1308002
Trammel,1597,2432,5,11,10,1308002
Trammel,1585,2433,5,11,9,1308002
Trammel,1645,2433,5,11,9,1308002
Trammel,1562,2454,5,13,9,1308002
Trammel,1605,2454,0,11,9,1308002
Trammel,1575,2457,5,13,15,1308002
Trammel,1589,2457,5,11,13,1308002
Trammel,1609,2469,0,11,9,1308002
Trammel,1594,2470,-3,10,9,1308002
Trammel,1581,2472,0,13,12,1308002
Trammel,1541,2484,5,11,15,1308002
Trammel,1577,2484,0,11,12,1308002
Trammel,1621,2487,0,11,9,1308002
Trammel,1565,2490,0,11,13,1308002
Trammel,1553,2493,5,11,15,1308002
Trammel,1655,2493,10,9,11,1308002
Trammel,1641,2494,5,9,26,1308002
Trammel,1625,2496,0,11,9,1308002
Trammel,1577,2499,0,11,9,1308002
Trammel,1567,2503,0,9,11,1308002
Trammel,1650,2504,5,13,9,1308002
Trammel,1577,2508,0,11,9,1308002
Trammel,1613,2508,0,11,12,1308002
Trammel,1625,2508,0,10,9,1308002
Trammel,1569,2526,5,11,9,1308002
Trammel,1537,2529,10,15,9,1308002
Trammel,1565,2535,5,13,12,1308002
Trammel,1537,2538,10,11,15,1308002
Trammel,1597,2538,5,11,9,1308002
Trammel,1581,2547,10,10,12,1308002
Trammel,1647,2571,5,9,9,1308003
Trammel,1581,2574,5,15,9,1308003
Trammel,1565,2577,10,9,18,1308003
Trammel,1629,2586,0,11,15,1308003
Trammel,1641,2586,5,11,12,1308003
Trammel,1601,2592,0,11,9,1308003
Trammel,1553,2604,10,9,9,1308003
Trammel,1637,2604,5,11,12,1308003
Trammel,1605,2607,0,11,12,1308003
Trammel,1537,2631,5,11,9,1308003
Trammel,1563,2633,5,9,25,1308003
Trammel,1573,2634,0,11,9,1308003
Trammel,1605,2634,5,11,9,1308003
Trammel,1621,2634,0,11,9,1308003
Trammel,1553,2637,5,10,21,1308003
Trammel,1538,2649,0,10,9,1308003
Trammel,1613,2649,0,11,9,1308003
Trammel,1561,2658,0,11,9,1308003
Trammel,1589,2658,0,11,9,1308003
Trammel,1633,2658,5,11,21,1308003
Trammel,1574,2661,0,10,9,1308003
Trammel,1653,2664,10,11,21,1308003
Trammel,1621,2667,5,12,9,1308003
Trammel,1585,2673,0,11,15,1308003
Trammel,1641,2679,10,10,9,1308003
Trammel,1553,2688,0,15,9,0
Trammel,1593,2694,0,11,9,0
Trammel,1629,2700,5,9,9,0
Trammel,1609,2709,5,11,9,0
Trammel,1558,2715,0,10,9,0
Trammel,1617,2718,10,11,9,0
Trammel,1569,2730,0,11,12,0
Trammel,1537,2733,5,11,9,0
Trammel,1629,2736,5,9,9,0
Trammel,1597,2739,10,11,9,0
Trammel,1537,2742,5,11,9,0
Trammel,1569,2742,0,11,9,0
Trammel,1561,2757,0,11,9,0
Trammel,1613,2757,5,15,9,0
Trammel,1549,2760,0,11,12,0
Trammel,1633,2760,5,11,14,0
Trammel,1589,2763,0,11,12,0
Trammel,1645,2766,5,9,12,0
Trammel,1577,2769,0,11,15,0
Trammel,1633,2774,5,10,13,0
Trammel,1561,2775,0,11,21,0
Trammel,1649,2781,2,9,9,0
Trammel,1574,2787,0,10,9,0
Trammel,1617,2790,0,11,12,0
Trammel,1573,2802,0,9,9,0
Trammel,1582,2805,0,10,9,0
Trammel,1641,2817,0,11,9,0
Trammel,1605,2823,0,11,18,0
Trammel,1617,2835,0,10,9,0
Trammel,1540,2837,0,10,10,0
Trammel,1569,2838,0,11,13,0
Trammel,1637,2838,0,11,9,0
Trammel,1649,2838,0,11,30,0
Trammel,1605,2850,0,11,12,0
Trammel,1637,2877,0,11,9,0
Trammel,1622,2880,0,9,9,0
Trammel,1593,2892,0,10,15,0
Trammel,1553,2909,0,12,18,0
Trammel,1565,2917,3,10,10,0
Trammel,1562,2928,0,9,12,0
Trammel,1603,2945,0,9,12,0
Trammel,1634,2947,0,10,11,0
Trammel,1608,2957,0,10,10,0
Trammel,1583,2967,0,11,10,0
Trammel,1586,2977,0,14,17,0
Trammel,1609,2977,0,9,13,0
Trammel,1636,2982,0,9,15,0
Trammel,1562,2989,0,10,11,0
Trammel,1557,3008,0,11,11,0
Trammel,1628,3017,0,9,14,0
Trammel,1575,3033,0,9,12,0
Trammel,1587,3034,0,9,17,0
Trammel,1627,3060,0,10,9,0
Trammel,1568,3091,0,9,16,0
Trammel,1577,3104,1,15,16,0
Trammel,1584,3121,0,10,12,0
Trammel,1581,3137,0,9,9,0
Trammel,1611,3145,0,9,11,0
Trammel,1636,3151,0,9,9,0
Trammel,1585,3155,0,9,11,0
Trammel,1562,3158,0,9,10,0
Trammel,1627,3160,0,15,12,0
Trammel,1618,3161,0,9,12,0
Trammel,1571,3163,0,11,10,0
Trammel,1610,3173,0,9,9,0
Trammel,1630,3174,0,13,10,0
Trammel,1607,3183,0,10,9,0
Trammel,1630,3184,0,17,9,0
Trammel,1647,3188,0,10,10,0
Trammel,1588,3201,0,14,10,1104003
Trammel,1544,3214,0,9,13,1104003
Trammel,1610,3228,0,11,9,1104003
Trammel,1654,3228,0,10,11,1104003
Trammel,1556,3229,0,12,9,1104003
Trammel,1573,3235,0,11,9,1104003
Trammel,1619,3239,0,11,17,1104003
Trammel,1559,3242,0,9,10,1104003
Trammel,1645,3252,0,10,10,1104003
Trammel,1636,3258,0,9,23,1104003
Trammel,1580,3263,0,9,17,1104003
Trammel,1655,3337,0,9,41,1104002
Trammel,1573,3338,0,10,9,1104002
Trammel,1605,3338,3,10,14,1104002
Trammel,1629,3353,3,10,9,1104002
Trammel,1579,3355,0,10,10,1104002
Trammel,1646,3355,3,9,11,1104002
Trammel,1584,3368,0,11,9,1104002
Trammel,1616,3375,0,9,9,1104002
Trammel,1644,3377,0,10,9,1104002
Trammel,1589,3382,0,9,9,1104002
Trammel,1650,3386,0,10,9,1104002
Trammel,1590,3391,0,10,12,1104002
Trammel,1601,3415,0,9,10,1104002
Trammel,1580,3433,-1,9,10,1104002
Trammel,1604,3434,0,9,10,1104002
Trammel,1602,3461,0,9,11,1104002
Trammel,1621,3509,-1,9,53,1104002
Trammel,1610,3513,-1,11,18,1104002
Trammel,1630,3514,0,10,52,1104002
Trammel,1640,3523,0,9,46,1104002
Trammel,1594,3528,-2,9,10,1104002
Trammel,1610,3531,0,11,28,1104002
Trammel,1649,3534,0,9,36,1104002
Trammel,1598,3538,0,12,9,1104002
Trammel,1700,189,0,9,12,0
Trammel,1690,202,3,9,16,0
Trammel,1715,216,6,9,15,0
Trammel,1703,220,16,9,14,0
Trammel,1766,225,6,9,15,0
Trammel,1776,225,1,16,15,0
Trammel,1730,226,1,13,11,0
Trammel,1749,226,14,9,28,0
Trammel,1694,231,1,9,9,0
Trammel,1670,234,1,14,9,0
Trammel,1705,243,16,11,9,0
Trammel,1758,243,19,9,9,0
Trammel,1664,256,16,12,9,0
Trammel,1745,256,18,15,11,0
Trammel,1729,261,21,11,9,0
Trammel,1664,268,6,10,16,0
Trammel,1778,273,6,11,17,0
Trammel,1721,281,6,10,9,0
Trammel,1731,286,6,9,13,0
Trammel,1775,292,8,9,23,0
Trammel,1766,294,6,9,23,0
Trammel,1741,297,6,9,9,0
Trammel,1750,301,6,16,11,0
Trammel,1783,343,2,9,10,0
Trammel,1779,353,1,10,31,0
Trammel,1751,384,0,32,18,0
Trammel,1752,402,1,16,30,0
Trammel,1712,419,1,11,49,0
Trammel,1703,430,1,9,14,0
Trammel,1745,432,0,13,30,0
Trammel,1758,441,6,10,12,0
Trammel,1736,448,3,9,14,0
Trammel,1723,449,1,13,16,0
Trammel,1697,457,-1,15,14,0
Trammel,1686,458,1,11,16,0
Trammel,1666,459,-1,9,15,0
Trammel,1753,462,6,11,9,0
Trammel,1676,468,13,9,9,0
Trammel,1714,468,6,10,9,0
Trammel,1749,471,6,11,12,0
Trammel,1664,474,1,10,9,0
Trammel,1769,477,6,11,9,0
Trammel,1677,486,16,11,9,0
Trammel,1713,495,6,9,17,0
Trammel,1723,495,6,9,17,0
Trammel,1695,498,7,9,14,0
Trammel,1704,500,6,9,12,0
Trammel,1685,501,21,9,11,0
Trammel,1732,502,6,9,9,0
Trammel,1694,512,12,42,25,0
Trammel,1736,512,6,12,13,0
Trammel,1777,528,6,11,54,0
Trammel,1757,531,6,11,9,0
Trammel,1679,535,9,9,27,0
Trammel,1705,537,6,19,9,0
Trammel,1749,540,6,11,9,0
Trammel,1762,540,6,15,20,0
Trammel,1668,542,14,11,34,0
Trammel,1753,549,6,9,11,0
Trammel,1708,553,14,13,80,0
Trammel,1738,558,6,15,10,0
Trammel,1754,560,6,15,25,0
Trammel,1697,564,14,9,9,0
Trammel,1721,564,16,9,24,0
Trammel,1730,573,16,9,23,0
Trammel,1739,574,16,12,27,0
Trammel,1681,582,6,11,9,0
Trammel,1769,582,6,9,29,0
Trammel,1779,582,6,13,19,0
Trammel,1758,585,6,11,55,0
Trammel,1693,588,6,9,52,0
Trammel,1721,588,22,9,39,0
Trammel,1730,596,21,9,25,0
Trammel,1665,597,16,11,9,0
Trammel,1739,601,16,14,20,0
Trammel,1778,601,6,14,39,0
Trammel,1684,604,6,9,36,0
Trammel,1670,606,16,12,18,0
Trammel,1769,612,6,9,28,0
Trammel,1749,621,16,9,19,0
Trammel,1684,640,6,19,20,0
Trammel,1757,640,10,29,26,0
Trammel,1671,642,14,9,9,0
Trammel,1706,642,15,10,11,0
Trammel,1669,651,6,15,12,0
Trammel,1748,653,11,9,10,0
Trammel,1665,663,6,23,9,0
Trammel,1738,663,14,10,12,0
Trammel,1765,666,6,27,18,0
Trammel,1665,672,6,23,27,0
Trammel,1769,684,6,13,18,0
Trammel,1782,684,3,10,15,0
Trammel,1713,693,6,11,9,0
Trammel,1668,699,15,12,13,0
Trammel,1782,699,6,10,26,0
Trammel,1697,702,16,9,9,0
Trammel,1773,705,6,9,36,0
Trammel,1753,720,6,11,9,0
Trammel,1782,725,6,10,13,0
Trammel,1764,727,6,9,19,0
Trammel,1724,732,7,10,36,0
Trammel,1734,735,6,10,33,0
Trammel,1745,735,6,11,33,0
Trammel,1713,736,8,11,32,0
Trammel,1664,737,6,26,25,0
Trammel,1695,737,11,18,20,0
Trammel,1783,748,6,9,20,0
Trammel,1774,753,6,9,15,0
Trammel,1691,757,6,22,11,0
Trammel,1664,768,0,23,9,0
Trammel,1697,768,0,16,10,0
Trammel,1728,768,0,10,10,0
Trammel,1741,768,0,11,9,0
Trammel,1764,768,0,14,15,0
Trammel,1688,771,0,9,11,0
Trammel,1697,778,0,16,13,0
Trammel,1716,780,0,9,9,0
Trammel,1755,780,0,9,15,0
Trammel,1737,794,0,13,13,0
Trammel,1751,795,0,10,15,0
Trammel,1762,795,0,9,15,0
Trammel,1681,808,0,11,20,0
Trammel,1721,810,0,11,9,0
Trammel,1753,810,0,12,9,0
Trammel,1693,822,0,11,9,0
Trammel,1673,828,0,11,30,0
Trammel,1729,828,0,11,9,0
Trammel,1664,835,0,9,20,0
Trammel,1685,840,0,12,28,0
Trammel,1698,859,0,10,37,0
Trammel,1709,879,0,11,17,0
Trammel,1695,896,0,23,13,0
Trammel,1719,896,0,9,32,0
Trammel,1706,909,0,13,9,0
Trammel,1729,912,0,11,73,0
Trammel,1740,941,0,9,44,0
Trammel,1749,963,0,9,14,0
Trammel,1754,1003,0,9,21,0
Trammel,1732,1024,0,44,12,0
Trammel,1743,1036,0,20,9,0
Trammel,1764,1036,0,12,116,0
Trammel,1747,1045,0,14,10,0
Trammel,1752,1055,0,12,10,0
Trammel,1754,1065,0,10,24,0
Trammel,1761,1152,0,15,22,0
Trammel,1752,1172,0,9,46,0
Trammel,1737,1176,0,15,18,0
Trammel,1728,1186,0,9,17,0
Trammel,1718,1188,0,10,21,0
Trammel,1709,1189,0,9,13,0
Trammel,1761,1198,0,9,22,0
Trammel,1705,1202,0,12,13,0
Trammel,1687,1207,0,17,17,0
Trammel,1664,1208,0,23,22,0
Trammel,1717,1209,0,11,9,0
Trammel,1770,1214,0,9,25,0
Trammel,1761,1220,0,9,10,0
Trammel,1687,1224,0,9,12,0
Trammel,1779,1224,0,9,22,0
Trammel,1761,1230,0,9,9,0
Trammel,1759,1242,0,9,9,0
Trammel,1777,1246,0,11,14,0
Trammel,1737,1254,0,11,9,0
Trammel,1753,1260,0,11,9,0
Trammel,1781,1260,0,9,12,0
Trammel,1725,1263,0,11,12,0
Trammel,1741,1269,0,15,9,0
Trammel,1671,1284,0,9,9,1101003
Trammel,1729,1290,0,11,9,1101003
Trammel,1681,1293,0,11,9,1101003
Trammel,1701,1293,0,11,12,1101003
Trammel,1765,1296,0,11,9,1101003
Trammel,1673,1302,0,11,9,1101003
Trammel,1713,1302,0,11,16,1101003
Trammel,1745,1305,0,11,9,1101003
Trammel,1725,1308,0,11,21,1101003
Trammel,1761,1311,0,9,9,1101003
Trammel,1673,1317,0,11,9,1101003
Trammel,1701,1317,0,12,9,1101003
Trammel,1736,1322,0,12,13,1101003
Trammel,1713,1324,0,11,11,1101003
Trammel,1750,1335,0,10,12,1101003
Trammel,1741,1344,0,9,9,1101003
Trammel,1674,1353,0,10,25,1101003
Trammel,1705,1353,0,11,9,1101003
Trammel,1733,1365,0,11,9,1101003
Trammel,1765,1365,0,11,9,1101003
Trammel,1665,1368,0,9,24,1101003
Trammel,1721,1368,0,11,9,1101003
Trammel,1693,1371,0,9,9,1101003
Trammel,1684,1375,0,9,14,1101003
Trammel,1703,1377,0,9,21,1101003
Trammel,1693,1380,0,10,15,1101003
Trammel,1754,1380,0,10,9,1101003
Trammel,1781,1380,0,11,9,1101003
Trammel,1669,1392,0,13,9,1101003
Trammel,1683,1392,0,9,16,1101003
Trammel,1745,1398,0,11,10,1101003
Trammel,1757,1398,0,11,10,1101003
Trammel,1683,1408,0,17,17,1101002
Trammel,1729,1408,0,35,14,1101002
Trammel,1781,1416,0,11,9,1101002
Trammel,1721,1425,0,11,9,1101002
Trammel,1765,1425,0,11,9,1101002
Trammel,1733,1443,0,11,12,1101002
Trammel,1664,1444,0,9,12,1101002
Trammel,1676,1446,0,12,21,1101002
Trammel,1721,1449,0,11,33,1101002
Trammel,1690,1452,0,14,9,1101002
Trammel,1705,1455,0,16,9,1101002
Trammel,1733,1458,0,11,9,1101002
Trammel,1769,1461,0,11,9,1101002
Trammel,1689,1464,0,11,9,1101002
Trammel,1681,1473,0,11,9,1101002
Trammel,1733,1473,0,11,9,1101002
Trammel,1749,1476,0,11,12,1101002
Trammel,1705,1479,0,10,9,1101002
Trammel,1769,1479,0,11,9,1101002
Trammel,1665,1488,0,11,10,1101002
Trammel,1677,1488,0,11,10,1101002
Trammel,1711,1488,0,9,9,1101002
Trammel,1773,1488,0,11,9,1101002
Trammel,1765,1500,0,11,9,1101002
Trammel,1749,1509,0,11,9,1101002
Trammel,1740,1513,0,9,23,1101002
Trammel,1753,1518,0,11,9,1101002
Trammel,1687,1970,-2,9,13,1101003
Trammel,1705,1970,0,11,10,1101003
Trammel,1717,1974,0,9,9,1101003
Trammel,1705,1980,0,11,10,1101003
Trammel,1697,1995,0,11,9,1101003
Trammel,1737,2007,0,12,9,1101003
Trammel,1669,2019,0,11,9,1101003
Trammel,1664,2147,0,10,19,0
Trammel,1782,2151,2,9,9,0
Trammel,1674,2154,0,9,22,0
Trammel,1775,2166,-1,9,10,0
Trammel,1667,2176,0,12,10,1308003
Trammel,1773,2184,0,11,12,1308003
Trammel,1767,2196,0,9,12,1308003
Trammel,1720,2200,-1,10,17,1308003
Trammel,1708,2202,0,12,9,1308003
Trammel,1757,2207,-2,9,16,1308003
Trammel,1709,2211,0,11,15,1308003
Trammel,1737,2216,0,15,10,1308003
Trammel,1665,2219,0,9,13,1308003
Trammel,1674,2226,0,9,9,1308003
Trammel,1711,2226,0,9,10,1308003
Trammel,1677,2235,0,14,12,1308003
Trammel,1717,2238,0,11,9,1308003
Trammel,1737,2238,0,11,18,1308003
Trammel,1778,2247,1,10,15,1308003
Trammel,1665,2250,0,11,15,1308003
Trammel,1759,2250,5,9,12,1308003
Trammel,1689,2252,0,9,10,1308003
Trammel,1719,2254,0,9,11,1308003
Trammel,1781,2262,0,11,21,1308003
Trammel,1665,2265,0,11,12,1308003
Trammel,1729,2268,0,11,9,1308003
Trammel,1753,2271,0,15,18,1308003
Trammel,1697,2280,0,11,12,1308003
Trammel,1665,2289,5,11,9,1308003
Trammel,1779,2304,5,9,9,1308003
Trammel,1729,2325,0,11,9,1308003
Trammel,1665,2328,0,11,12,1308003
Trammel,1689,2328,0,11,9,1308003
Trammel,1781,2329,0,9,57,1308003
Trammel,1705,2331,0,11,9,1308003
Trammel,1707,2340,0,9,24,1308003
Trammel,1738,2343,0,10,9,1308003
Trammel,1749,2349,0,15,15,1308003
Trammel,1665,2352,0,11,9,1308003
Trammel,1697,2352,5,10,9,1308003
Trammel,1765,2358,0,16,15,1308003
Trammel,1753,2364,5,11,12,1308003
Trammel,1769,2373,0,12,9,1308003
Trammel,1705,2382,5,11,15,1308003
Trammel,1770,2382,0,11,16,1308003
Trammel,1781,2390,0,11,42,1308003
Trammel,1725,2391,5,10,9,1308003
Trammel,1677,2397,10,11,21,1308003
Trammel,1737,2397,5,15,9,1308003
Trammel,1765,2398,5,11,11,1308003
Trammel,1665,2400,5,11,9,1308003
Trammel,1754,2400,5,9,15,1308003
Trammel,1693,2403,10,15,9,1308003
Trammel,1717,2403,10,11,9,1308003
Trammel,1753,2415,5,11,10,1308003
Trammel,1777,2432,0,15,19,1308003
Trammel,1717,2436,5,11,10,1308003
Trammel,1705,2439,5,11,15,1308003
Trammel,1767,2442,5,9,9,1308003
Trammel,1722,2446,10,14,11,1308003
Trammel,1749,2451,5,9,9,1308003
Trammel,1781,2451,0,11,79,1308003
Trammel,1765,2457,0,15,27,1308003
Trammel,1745,2466,5,9,9,1308003
Trammel,1717,2469,10,9,9,1308003
Trammel,1705,2478,5,11,9,1308003
Trammel,1725,2481,5,11,9,1308003
Trammel,1677,2496,10,10,10,1308003
Trammel,1772,2512,0,9,14,1308003
Trammel,1685,2517,5,11,9,1308003
Trammel,1761,2521,3,11,11,1308003
Trammel,1701,2526,5,11,9,1308003
Trammel,1741,2526,0,10,9,1308003
Trammel,1777,2530,1,15,11,1308003
Trammel,1673,2544,5,11,9,1308003
Trammel,1697,2544,0,11,9,1308003
Trammel,1693,2568,0,11,9,1308003
Trammel,1713,2592,0,11,10,1308003
Trammel,1685,2607,0,11,9,1308003
Trammel,1713,2613,0,11,9,1308003
Trammel,1689,2616,0,11,9,1308003
Trammel,1729,2616,0,13,9,1308003
Trammel,1689,2625,0,11,12,1308003
Trammel,1701,2625,0,11,18,1308003
Trammel,1779,2632,-2,13,11,1308003
Trammel,1733,2649,0,11,9,1308003
Trammel,1781,2661,0,11,27,1308003
Trammel,1729,2667,0,11,9,1308003
Trammel,1765,2679,0,11,9,1308003
Trammel,1782,2689,0,9,14,0
Trammel,1677,2697,10,11,9,0
Trammel,1717,2697,5,11,9,0
Trammel,1777,2703,5,14,17,0
Trammel,1765,2712,7,12,9,0
Trammel,1681,2715,10,11,9,0
Trammel,1733,2715,10,10,21,0
Trammel,1665,2718,10,11,9,0
Trammel,1782,2720,0,9,11,0
Trammel,1765,2721,5,11,9,0
Trammel,1745,2724,5,11,9,0
Trammel,1773,2730,5,9,18,0
Trammel,1782,2731,0,9,35,0
Trammel,1677,2733,10,11,12,0
Trammel,1733,2736,10,11,12,0
Trammel,1665,2742,10,11,9,0
Trammel,1781,2766,0,10,9,0
Trammel,1669,2769,5,11,9,0
Trammel,1761,2775,0,11,9,0
Trammel,1673,2790,0,15,9,0
Trammel,1750,2793,0,9,12,0
Trammel,1733,2796,0,11,9,0
Trammel,1778,2796,0,10,12,0
Trammel,1697,2799,0,11,9,0
Trammel,1741,2820,0,15,9,0
Trammel,1757,2820,0,11,9,0
Trammel,1782,2820,0,10,23,0
Trammel,1769,2823,0,11,21,0
Trammel,1677,2832,0,11,9,0
Trammel,1689,2835,0,11,19,0
Trammel,1779,2851,2,10,9,0
Trammel,1745,2863,-1,10,11,0
Trammel,1673,2871,0,11,9,0
Trammel,1729,2900,0,9,11,0
Trammel,1686,2903,0,16,9,0
Trammel,1781,2934,0,9,10,0
Trammel,1716,2959,0,9,9,0
Trammel,1744,2961,0,9,9,0
Trammel,1685,2988,0,11,12,0
Trammel,1724,3001,-2,9,10,0
Trammel,1783,3020,0,9,9,0
Trammel,1750,3031,0,9,9,0
Trammel,1742,3100,0,9,10,0
Trammel,1665,3103,0,14,24,0
Trammel,1741,3110,0,9,18,0
Trammel,1682,3112,0,15,10,0
Trammel,1697,3118,0,12,13,0
Trammel,1751,3120,0,9,14,0
Trammel,1679,3122,0,18,11,0
Trammel,1719,3124,0,9,12,0
Trammel,1670,3127,0,9,9,0
Trammel,1701,3131,0,13,11,0
Trammel,1688,3133,0,13,18,0
Trammel,1769,3148,0,12,18,0
Trammel,1710,3163,0,11,14,0
Trammel,1721,3168,0,12,9,0
Trammel,1733,3169,0,10,15,0
Trammel,1701,3171,0,9,14,0
Trammel,1664,3182,0,12,9,0
Trammel,1701,3185,0,14,10,0
Trammel,1738,3189,0,10,11,0
Trammel,1701,3200,0,15,11,1104003
Trammel,1741,3200,0,14,18,1104003
Trammel,1707,3211,0,9,10,1104003
Trammel,1666,3212,0,9,10,1104003
Trammel,1716,3215,0,13,13,1104003
Trammel,1767,3217,0,9,35,1104003
Trammel,1783,3220,0,9,13,1104003
Trammel,1708,3238,0,11,13,1104003
Trammel,1670,3269,0,9,16,1104003
Trammel,1782,3271,0,10,10,1104003
Trammel,1679,3276,0,11,13,1104003
Trammel,1692,3277,0,10,9,1104003
Trammel,1707,3281,0,10,9,1104003
Trammel,1778,3281,0,9,11,1104003
Trammel,1745,3283,0,18,9,1104003
Trammel,1682,3295,0,12,9,1104003
Trammel,1740,3303,0,11,9,1104003
Trammel,1679,3307,0,9,9,1104003
Trammel,1720,3307,0,16,9,1104003
Trammel,1766,3333,0,9,15,1104002
Trammel,1723,3341,3,14,18,1104002
Trammel,1708,3342,3,12,16,1104002
Trammel,1671,3354,0,10,34,1104002
Trammel,1681,3360,0,9,26,1104002
Trammel,1690,3363,0,9,9,1104002
Trammel,1734,3370,0,9,12,1104002
Trammel,1761,3379,0,10,11,1104002
Trammel,1716,3388,0,9,9,1104002
Trammel,1695,3389,0,9,11,1104002
Trammel,1759,3390,3,9,12,1104002
Trammel,1749,3393,0,10,17,1104002
Trammel,1744,3434,0,9,11,1104002
Trammel,1711,3439,-1,10,13,1104002
Trammel,1744,3446,0,9,9,1104002
Trammel,1717,3456,0,10,17,1104002
Trammel,1756,3459,3,10,18,1104002
Trammel,1716,3473,0,9,9,1104002
Trammel,1751,3480,3,14,18,1104002
Trammel,1738,3483,3,11,10,1104002
Trammel,1694,3500,2,9,9,1104002
Trammel,1721,3510,3,9,10,1104002
Trammel,1730,3512,2,9,13,1104002
Trammel,1687,3513,0,9,11,1104002
Trammel,1713,3533,3,9,9,1104002
Trammel,1733,3536,0,9,9,1104002
Trammel,1668,3557,0,9,15,1104002
Trammel,1896,160,-1,17,13,0
Trammel,1887,171,-1,9,66,0
Trammel,1896,173,0,24,10,0
Trammel,1897,183,0,11,39,0
Trammel,1909,198,0,11,18,0
Trammel,1878,204,3,9,39,0
Trammel,1792,217,0,9,23,0
Trammel,1801,223,0,13,17,0
Trammel,1868,228,1,10,28,0
Trammel,1814,229,0,10,17,0
Trammel,1857,231,2,11,25,0
Trammel,1831,232,0,19,17,0
Trammel,1793,240,0,11,9,0
Trammel,1813,256,0,12,9,0
Trammel,1840,256,0,44,20,0
Trammel,1801,261,0,9,18,0
Trammel,1792,271,0,9,15,0
Trammel,1837,276,-1,10,108,0
Trammel,1848,276,0,17,108,0
Trammel,1865,276,0,15,16,0
Trammel,1865,292,0,9,10,0
Trammel,1828,296,-2,9,68,0
Trammel,1819,312,0,9,32,0
Trammel,1810,337,2,9,47,0
Trammel,1798,340,0,10,44,0
Trammel,1819,344,0,9,40,0
Trammel,1828,364,0,9,20,0
Trammel,1792,384,0,81,12,0
Trammel,1793,396,0,11,9,0
Trammel,1825,396,0,52,9,0
Trammel,1841,405,0,35,12,0
Trammel,1805,414,0,11,9,0
Trammel,1876,415,1,9,17,0
Trammel,1849,423,0,11,9,0
Trammel,1885,429,2,10,28,0
Trammel,1805,432,0,11,15,0
Trammel,1895,432,0,21,25,0
Trammel,1813,453,0,11,12,0
Trammel,1881,457,0,15,33,0
Trammel,1801,474,0,11,9,0
Trammel,1829,477,0,11,9,0
Trammel,1857,489,0,11,9,0
Trammel,1873,490,0,12,12,0
Trammel,1886,490,0,10,22,0
Trammel,1797,498,0,11,9,0
Trammel,1896,500,0,9,12,0
Trammel,1821,501,0,11,9,0
Trammel,1873,502,0,13,10,0
Trammel,1889,512,0,22,10,0
Trammel,1911,521,0,9,19,0
Trammel,1797,522,0,11,11,0
Trammel,1809,522,0,11,21,0
Trammel,1899,522,0,12,9,0
Trammel,1873,525,0,11,12,0
Trammel,1792,533,0,9,77,0
Trammel,1897,537,0,11,9,0
Trammel,1885,540,0,11,9,0
Trammel,1801,543,0,11,15,0
Trammel,1857,543,0,11,9,0
Trammel,1893,564,0,11,9,0
Trammel,1849,573,0,11,24,0
Trammel,1821,582,0,11,9,0
Trammel,1801,588,0,11,12,0
Trammel,1801,600,0,11,40,0
Trammel,1849,600,0,11,9,0
Trammel,1881,600,0,10,9,0
Trammel,1853,609,0,11,9,0
Trammel,1792,611,0,9,29,0
Trammel,1873,615,0,11,9,0
Trammel,1792,640,0,16,11,0
Trammel,1857,640,0,11,11,0
Trammel,1837,642,0,11,18,0
Trammel,1885,645,0,11,9,0
Trammel,1794,651,0,10,21,0
Trammel,1825,651,0,11,15,0
Trammel,1853,660,0,11,24,0
Trammel,1829,669,0,11,15,0
Trammel,1793,678,0,11,14,0
Trammel,1840,678,0,12,10,0
Trammel,1829,684,0,9,9,0
Trammel,1792,692,0,12,13,0
Trammel,1825,693,0,11,9,0
Trammel,1882,699,0,10,9,0
Trammel,1792,705,0,11,27,0
Trammel,1857,705,0,11,9,0
Trammel,1837,714,0,15,9,0
Trammel,1885,732,0,11,9,0
Trammel,1795,743,0,9,16,0
Trammel,1905,747,0,10,12,0
Trammel,1798,777,0,10,11,0
Trammel,1845,777,0,11,9,0
Trammel,1829,786,0,15,12,0
Trammel,1808,787,0,9,23,0
Trammel,1845,789,0,11,13,0
Trammel,1865,792,0,15,12,0
Trammel,1881,795,0,11,39,0
Trammel,1897,795,0,11,41,0
Trammel,1909,795,0,11,9,0
Trammel,1860,809,-1,14,56,0
Trammel,1849,813,-1,10,52,0
Trammel,1839,816,-1,9,51,0
Trammel,1908,831,-1,11,43,0
Trammel,1823,832,-1,12,50,0
Trammel,1874,834,3,23,20,0
Trammel,1881,854,-1,17,22,0
Trammel,1814,856,-1,9,9,0
Trammel,1903,874,7,11,22,0
Trammel,1879,876,7,10,20,0
Trammel,1870,880,-1,9,16,0
Trammel,1836,881,6,16,15,0
Trammel,1823,882,-1,10,14,0
Trammel,1817,896,-1,13,12,0
Trammel,1851,896,-1,29,21,0
Trammel,1910,896,7,10,21,0
Trammel,1886,899,-1,9,58,0
Trammel,1895,909,-1,11,55,0
Trammel,1856,917,-1,23,9,0
Trammel,1908,918,7,10,45,0
Trammel,1857,926,-1,9,41,0
Trammel,1877,932,7,9,23,0
Trammel,1847,934,-1,10,14,0
Trammel,1827,937,-1,12,32,0
Trammel,1868,939,-1,9,19,0
Trammel,1818,955,-1,9,11,0
Trammel,1910,993,0,10,31,0
Trammel,1891,995,0,9,29,0
Trammel,1881,997,0,10,27,0
Trammel,1900,997,0,10,27,0
Trammel,1871,1002,0,10,11,0
Trammel,1850,1008,0,11,16,0
Trammel,1838,1013,0,12,11,0
Trammel,1864,1013,0,10,11,0
Trammel,1825,1024,0,95,10,0
Trammel,1840,1034,0,9,115,0
Trammel,1849,1034,0,23,10,0
Trammel,1897,1034,0,23,10,0
Trammel,1851,1044,0,13,14,0
Trammel,1905,1044,0,15,21,0
Trammel,1822,1056,0,10,9,0
Trammel,1849,1058,0,11,15,0
Trammel,1893,1059,0,11,12,0
Trammel,1822,1065,0,9,27,0
Trammel,1909,1065,0,11,33,0
Trammel,1831,1068,0,9,30,0
Trammel,1851,1075,0,13,27,0
Trammel,1822,1092,0,9,30,0
Trammel,1865,1098,0,11,34,0
Trammel,1831,1099,0,9,16,0
Trammel,1849,1102,0,10,50,0
Trammel,1909,1106,0,10,46,0
Trammel,1831,1116,0,9,12,0
Trammel,1876,1116,0,12,32,0
Trammel,1889,1119,0,9,24,0
Trammel,1900,1123,0,9,13,0
Trammel,1859,1132,0,11,20,0
Trammel,1860,1152,0,24,9,0
Trammel,1849,1161,0,11,9,0
Trammel,1861,1161,0,31,9,0
Trammel,1865,1170,0,29,9,0
Trammel,1902,1173,0,10,28,0
Trammel,1869,1179,0,11,12,0
Trammel,1881,1179,0,21,20,0
Trammel,1845,1182,0,11,9,0
Trammel,1857,1188,0,11,9,0
Trammel,1845,1197,0,15,9,0
Trammel,1869,1200,0,11,9,0
Trammel,1893,1206,0,27,9,0
Trammel,1837,1209,0,11,9,0
Trammel,1865,1212,0,11,9,0
Trammel,1901,1215,0,11,9,0
Trammel,1845,1221,0,11,9,0
Trammel,1909,1224,0,11,9,0
Trammel,1889,1245,0,11,12,0
Trammel,1797,1248,0,11,9,0
Trammel,1870,1251,0,10,9,0
Trammel,1881,1257,0,11,9,0
Trammel,1803,1281,0,9,9,1101003
Trammel,1879,1284,0,9,9,1101003
Trammel,1793,1287,0,10,12,1101003
Trammel,1845,1293,0,11,9,1101003
Trammel,1869,1305,0,11,9,1101003
Trammel,1893,1305,0,11,9,1101003
Trammel,1905,1320,0,11,9,1101003
Trammel,1843,1323,0,9,9,1101003
Trammel,1882,1326,0,10,9,1101003
Trammel,1853,1329,0,11,9,1101003
Trammel,1793,1332,0,11,9,1101003
Trammel,1810,1332,0,10,9,1101003
Trammel,1901,1353,0,11,9,1101003
Trammel,1878,1362,0,10,9,1101003
Trammel,1889,1362,0,11,9,1101003
Trammel,1841,1368,0,11,9,1101003
Trammel,1805,1377,0,11,12,1101003
Trammel,1845,1380,0,9,9,1101003
Trammel,1821,1389,0,11,9,1101003
Trammel,1857,1389,0,11,9,1101003
Trammel,1885,1389,0,15,16,1101003
Trammel,1900,1392,0,12,11,1101003
Trammel,1875,1398,0,10,10,1101003
Trammel,1869,1408,0,13,18,1101003
Trammel,1801,1413,0,11,9,1101003
Trammel,1805,1422,0,11,9,1101003
Trammel,1869,1426,0,12,57,1101003
Trammel,1853,1443,0,16,9,1101003
Trammel,1858,1459,0,11,38,1101003
Trammel,1881,1460,0,10,24,1101003
Trammel,1891,1467,0,9,18,1101003
Trammel,1869,1483,0,11,10,1101003
Trammel,1882,1484,0,9,26,1101003
Trammel,1849,1485,0,9,51,1101003
Trammel,1869,1493,0,12,31,1101003
Trammel,1858,1498,0,11,11,1101003
Trammel,1797,1503,0,11,12,1101003
Trammel,1858,1509,0,11,16,1101003
Trammel,1883,1510,0,13,17,1101003
Trammel,1837,1518,0,12,9,1101003
Trammel,1793,1524,0,11,9,1101003
Trammel,1869,1524,0,14,12,1101003
Trammel,1858,1525,0,9,11,1101003
Trammel,1838,1527,0,11,9,1101003
Trammel,1894,1527,0,10,9,1101003
Trammel,1844,1536,0,46,9,1101003
Trammel,1892,1536,0,12,16,1101003
Trammel,1809,1542,0,11,12,1101003
Trammel,1861,1545,0,23,17,1101003
Trammel,1797,1548,0,12,12,1101003
Trammel,1884,1552,0,12,11,1101003
Trammel,1868,2057,2,26,31,0
Trammel,1856,2058,-2,12,36,0
Trammel,1894,2060,0,9,19,0
Trammel,1845,2063,2,11,36,0
Trammel,1903,2063,0,9,16,0
Trammel,1836,2072,1,9,19,0
Trammel,1872,2088,0,23,15,0
Trammel,1911,2097,0,9,35,0
Trammel,1895,2101,0,15,36,0
Trammel,1886,2121,-2,9,18,0
Trammel,1811,2138,-2,9,16,0
Trammel,1905,2141,0,10,9,0
Trammel,1802,2146,-1,9,30,0
Trammel,1792,2163,0,10,13,0
Trammel,1792,2176,0,20,15,0
Trammel,1801,2191,0,9,49,0
Trammel,1792,2195,0,9,11,0
Trammel,1841,2201,2,9,41,0
Trammel,1792,2207,0,9,45,0
Trammel,1831,2218,0,10,28,0
Trammel,1811,2228,0,12,32,0
Trammel,1801,2240,0,10,16,0
Trammel,1881,2241,-1,9,22,0
Trammel,1842,2242,0,11,9,0
Trammel,1833,2246,0,9,10,0
Trammel,1792,2252,0,9,52,0
Trammel,1847,2252,0,9,9,0
Trammel,1857,2252,-1,10,11,0
Trammel,1823,2253,0,10,10,0
Trammel,1837,2256,0,10,20,0
Trammel,1803,2260,0,16,17,0
Trammel,1847,2261,0,10,32,0
Trammel,1866,2265,0,12,12,0
Trammel,1857,2266,0,9,9,0
Trammel,1822,2270,0,14,11,0
Trammel,1858,2278,0,14,14,0
Trammel,1902,2282,0,9,12,0
Trammel,1812,2283,0,9,10,0
Trammel,1829,2283,0,9,15,0
Trammel,1911,2284,0,9,16,0
Trammel,1886,2285,0,9,13,0
Trammel,1803,2291,0,9,13,0
Trammel,1861,2292,0,12,10,0
Trammel,1792,2304,0,11,50,0
Trammel,1855,2304,0,15,15,0
Trammel,1876,2304,0,13,11,0
Trammel,1821,2305,0,9,15,0
Trammel,1841,2305,0,9,10,0
Trammel,1804,2307,0,9,9,0
Trammel,1830,2314,0,9,14,0
Trammel,1845,2315,0,10,10,0
Trammel,1882,2315,0,9,14,0
Trammel,1896,2316,0,10,10,0
Trammel,1862,2319,0,10,11,0
Trammel,1808,2320,0,13,10,0
Trammel,1828,2328,0,9,11,0
Trammel,1840,2328,0,9,13,0
Trammel,1803,2330,0,9,75,0
Trammel,1859,2330,0,9,11,0
Trammel,1895,2333,0,9,13,0
Trammel,1886,2337,0,9,12,0
Trammel,1850,2339,0,9,15,0
Trammel,1826,2342,0,9,33,0
Trammel,1898,2346,0,13,13,0
Trammel,1870,2347,0,10,10,0
Trammel,1839,2348,0,11,14,0
Trammel,1880,2349,0,9,24,0
Trammel,1889,2353,0,9,15,0
Trammel,1793,2354,0,10,11,0
Trammel,1860,2354,0,9,9,0
Trammel,1856,2363,0,10,15,0
Trammel,1792,2365,0,10,11,0
Trammel,1835,2366,0,11,10,0
Trammel,1893,2370,0,11,10,0
Trammel,1812,2372,0,9,9,0
Trammel,1846,2372,0,10,12,0
Trammel,1904,2373,0,10,12,0
Trammel,1792,2376,0,11,21,0
Trammel,1834,2376,0,12,10,0
Trammel,1866,2377,0,14,9,0
Trammel,1812,2381,0,10,23,0
Trammel,1856,2383,0,10,9,0
Trammel,1837,2386,0,15,11,0
Trammel,1871,2387,0,10,10,0
Trammel,1892,2388,0,10,14,0
Trammel,1903,2390,0,11,9,0
Trammel,1822,2393,0,11,13,0
Trammel,1860,2393,0,11,9,0
Trammel,1792,2397,0,11,26,0
Trammel,1841,2397,0,9,11,0
Trammel,1905,2399,0,15,33,0
Trammel,1867,2402,0,9,16,0
Trammel,1878,2403,0,17,9,0
Trammel,1896,2405,0,9,12,0
Trammel,1850,2406,0,9,16,0
Trammel,1877,2413,0,11,10,0
Trammel,1803,2415,0,10,17,0
Trammel,1892,2417,0,13,11,0
Trammel,1867,2418,0,10,14,0
Trammel,1853,2423,0,10,9,0
Trammel,1792,2432,0,12,84,0
Trammel,1805,2432,0,37,21,0
Trammel,1889,2432,0,10,14,0
Trammel,1875,2433,0,9,12,0
Trammel,1855,2434,0,10,11,0
Trammel,1843,2442,0,9,9,0
Trammel,1854,2446,0,11,12,0
Trammel,1882,2446,0,9,9,0
Trammel,1842,2451,0,11,13,0
Trammel,1866,2452,0,11,69,0
Trammel,1814,2453,0,28,11,0
Trammel,1804,2455,0,10,35,0
Trammel,1878,2455,0,11,62,0
Trammel,1853,2458,0,9,29,0
Trammel,1818,2464,0,12,50,0
Trammel,1832,2464,0,12,24,0
Trammel,1844,2465,0,9,61,0
Trammel,1889,2480,0,10,16,0
Trammel,1853,2487,0,9,39,0
Trammel,1830,2488,0,14,26,0
Trammel,1899,2489,0,9,22,0
Trammel,1889,2496,0,10,17,0
Trammel,1807,2499,0,11,15,0
Trammel,1792,2516,0,14,22,0
Trammel,1837,2526,0,14,15,0
Trammel,1794,2538,0,9,9,0
Trammel,1803,2545,0,16,15,0
Trammel,1820,2546,0,11,14,0
Trammel,1792,2547,0,11,9,0
Trammel,1870,2599,0,9,10,0
Trammel,1792,2617,0,9,23,0
Trammel,1870,2622,0,10,9,0
Trammel,1894,2622,0,12,9,0
Trammel,1792,2640,0,9,25,0
Trammel,1801,2642,0,12,11,0
Trammel,1841,2649,2,9,10,0
Trammel,1802,2654,0,9,27,0
Trammel,1793,2665,0,9,15,0
Trammel,1793,2948,0,10,17,0
Trammel,1804,2954,0,9,10,0
Trammel,1851,2954,5,14,38,0
Trammel,1893,2955,0,12,14,0
Trammel,1868,2956,0,21,17,0
Trammel,1911,2956,0,9,19,0
Trammel,1792,2965,0,9,46,0
Trammel,1897,2971,0,13,12,0
Trammel,1865,2973,7,18,9,0
Trammel,1885,2973,0,10,22,0
Trammel,1839,2975,5,10,29,0
Trammel,1806,2991,0,9,13,0
Trammel,1822,2996,3,11,14,0
Trammel,1803,3004,0,12,12,0
Trammel,1845,3006,0,9,9,0
Trammel,1815,3010,3,14,49,0
Trammel,1792,3011,0,10,27,0
Trammel,1878,3014,-2,11,10,0
Trammel,1804,3018,0,11,45,0
Trammel,1829,3025,0,10,11,0
Trammel,1882,3028,0,9,11,0
Trammel,1891,3037,0,9,9,0
Trammel,1907,3037,0,10,9,0
Trammel,1882,3044,0,9,9,0
Trammel,1792,3045,0,9,27,0
Trammel,1843,3048,1,9,10,0
Trammel,1864,3050,0,9,9,0
Trammel,1866,3059,0,9,13,0
Trammel,1819,3072,0,17,15,0
Trammel,1869,3075,0,11,9,0
Trammel,1837,3084,0,15,11,0
Trammel,1828,3087,0,9,34,0
Trammel,1792,3088,0,18,45,0
Trammel,1853,3093,0,11,24,0
Trammel,1865,3093,0,10,20,0
Trammel,1887,3093,0,9,51,0
Trammel,1906,3093,0,14,39,0
Trammel,1843,3095,0,10,35,0
Trammel,1896,3097,0,9,19,0
Trammel,1876,3099,0,11,34,0
Trammel,1896,3116,0,10,28,0
Trammel,1906,3132,0,14,14,0
Trammel,1792,3133,0,10,18,0
Trammel,1911,3150,2,9,14,0
Trammel,1800,3151,0,9,37,0
Trammel,1810,3176,0,10,15,0
Trammel,1792,3188,0,11,12,0
Trammel,1803,3191,0,13,9,0
Trammel,1817,3191,0,11,9,0
Trammel,1807,3200,0,30,15,1104003
Trammel,1798,3204,0,9,46,1104003
Trammel,1849,3210,0,21,19,1104003
Trammel,1837,3212,0,12,16,1104003
Trammel,1807,3215,0,9,47,1104003
Trammel,1816,3215,0,13,13,1104003
Trammel,1885,3215,0,9,22,1104003
Trammel,1822,3228,0,12,17,1104003
Trammel,1899,3229,0,9,10,1104003
Trammel,1870,3230,9,9,19,1104003
Trammel,1798,3251,0,9,54,1104003
Trammel,1809,3268,3,11,13,1104003
Trammel,1854,3275,3,11,15,1104003
Trammel,1844,3283,0,10,17,1104003
Trammel,1807,3285,0,13,20,1104003
Trammel,1875,3285,0,9,27,1104003
Trammel,1865,3288,0,10,14,1104003
Trammel,1884,3297,0,13,13,1104003
Trammel,1792,3305,0,10,19,1104003
Trammel,1911,3413,0,9,17,1104002
Trammel,1851,3416,10,14,9,1104002
Trammel,1849,3425,10,9,10,1104002
Trammel,1903,3430,0,16,15,1104002
Trammel,1818,3433,9,17,14,1104002
Trammel,1847,3435,10,11,16,1104002
Trammel,1898,3445,0,22,11,1104002
Trammel,1893,3456,0,13,12,1104002
Trammel,1907,3456,0,12,16,1104002
Trammel,1887,3468,0,16,16,1104002
Trammel,1874,3487,0,9,11,1104002
Trammel,1813,3490,0,9,22,1104002
Trammel,1792,3493,0,21,17,1104002
Trammel,1824,3496,0,10,16,1104002
Trammel,1840,3496,0,13,18,1104002
Trammel,1853,3498,0,13,14,1104002
Trammel,2026,23,0,12,48,0
Trammel,1959,35,4,9,16,0
Trammel,1968,35,1,9,13,0
Trammel,1987,39,4,10,9,0
Trammel,1950,46,2,9,11,0
Trammel,1993,48,4,10,10,0
Trammel,2038,49,0,9,32,0
Trammel,1941,55,1,9,9,0
Trammel,1922,59,1,19,12,0
Trammel,2024,71,0,9,37,0
Trammel,1929,84,2,15,9,0
Trammel,2034,86,3,14,12,0
Trammel,1933,93,3,15,11,0
Trammel,2036,98,3,12,16,0
Trammel,1991,102,7,9,26,0
Trammel,2015,103,4,9,25,0
Trammel,1943,105,4,9,9,0
Trammel,2024,108,1,12,12,0
Trammel,1961,110,8,11,18,0
Trammel,1952,112,4,9,11,0
Trammel,1975,114,8,11,14,0
Trammel,1969,128,4,10,40,0
Trammel,1980,128,4,17,25,0
Trammel,1998,128,1,18,10,0
Trammel,1959,149,-1,10,28,0
Trammel,1947,152,1,9,34,0
Trammel,1979,153,0,13,10,0
Trammel,1937,154,0,10,35,0
Trammel,1920,159,0,17,12,0
Trammel,1921,171,0,9,42,0
Trammel,1973,171,0,11,9,0
Trammel,1941,204,0,9,11,0
Trammel,1929,342,0,10,42,0
Trammel,1939,352,0,21,23,0
Trammel,2005,352,0,24,14,0
Trammel,1920,365,0,9,15,0
Trammel,2013,366,0,25,9,0
Trammel,1939,375,0,9,9,0
Trammel,2005,375,0,9,9,0
Trammel,2015,375,0,27,9,0
Trammel,1924,384,0,24,14,0
Trammel,2017,384,0,26,9,0
Trammel,1969,387,1,11,9,0
Trammel,2021,393,0,27,24,0
Trammel,1926,398,0,18,57,0
Trammel,1961,408,0,11,11,0
Trammel,1973,411,0,11,13,0
Trammel,1985,411,0,11,9,0
Trammel,2006,411,0,10,15,0
Trammel,1997,414,0,9,12,0
Trammel,1984,420,0,11,9,0
Trammel,1927,455,0,11,9,0
Trammel,2038,485,-1,10,27,0
Trammel,2034,512,0,14,10,0
Trammel,2023,517,0,9,75,0
Trammel,2032,522,0,16,18,0
Trammel,1920,523,0,10,17,0
Trammel,1969,531,0,10,30,0
Trammel,1934,533,0,9,34,0
Trammel,1979,537,0,9,19,0
Trammel,1925,540,0,9,15,0
Trammel,2034,540,0,10,18,0
Trammel,1949,543,0,20,9,0
Trammel,2014,548,2,9,25,0
Trammel,1957,552,0,12,9,0
Trammel,2005,554,-1,9,37,0
Trammel,1925,558,0,9,9,0
Trammel,1996,560,-2,9,13,0
Trammel,1943,564,0,9,9,0
Trammel,2014,573,0,9,21,0
Trammel,1993,576,0,10,9,0
Trammel,1929,579,0,11,9,0
Trammel,2033,579,0,11,21,0
Trammel,2024,593,0,9,10,0
Trammel,1997,594,0,11,9,0
Trammel,2013,597,0,11,12,0
Trammel,1933,603,0,10,11,0
Trammel,1985,606,0,15,9,0
Trammel,2013,609,0,15,24,0
Trammel,1961,612,0,11,9,0
Trammel,1951,616,0,9,11,0
Trammel,1921,618,0,11,9,0
Trammel,2029,618,0,11,22,0
Trammel,1997,621,0,16,19,0
Trammel,1973,624,0,9,12,0
Trammel,1993,640,0,15,11,0
Trammel,2021,640,0,23,13,0
Trammel,1985,651,0,11,9,0
Trammel,2017,653,0,10,13,0
Trammel,2028,653,0,12,13,0
Trammel,2001,660,0,11,9,0
Trammel,1961,666,0,11,12,0
Trammel,2029,669,0,11,9,0
Trammel,2029,678,0,11,15,0
Trammel,1961,681,0,11,9,0
Trammel,2009,681,0,11,9,0
Trammel,1993,684,0,11,9,0
Trammel,2013,690,0,15,38,0
Trammel,1953,693,0,11,9,0
Trammel,1973,693,0,11,9,0
Trammel,1938,705,0,10,9,0
Trammel,1993,708,0,11,15,0
Trammel,2029,717,0,11,51,0
Trammel,1973,726,0,11,12,0
Trammel,2020,728,0,9,10,0
Trammel,1961,735,0,11,12,0
Trammel,1993,735,0,11,12,0
Trammel,1949,751,0,10,17,0
Trammel,1959,755,0,9,13,0
Trammel,1998,756,0,11,12,0
Trammel,1945,768,0,35,9,0
Trammel,1989,768,0,9,45,0
Trammel,1999,768,0,17,11,0
Trammel,2029,768,0,19,12,0
Trammel,1953,777,0,15,9,0
Trammel,1998,779,0,18,27,0
Trammel,1973,780,0,11,25,0
Trammel,2028,780,0,9,9,0
Trammel,1921,792,0,11,17,0
Trammel,1941,792,0,15,16,0
Trammel,2016,793,0,10,30,0
Trammel,1957,795,0,11,20,0
Trammel,2026,796,0,10,51,0
Trammel,1998,806,0,15,78,0
Trammel,1975,807,0,14,89,0
Trammel,1943,808,-1,14,9,0
Trammel,1989,814,0,9,82,0
Trammel,2036,814,0,12,33,0
Trammel,1945,817,-1,9,54,0
Trammel,2013,823,0,10,47,0
Trammel,1928,837,7,13,43,0
Trammel,1948,871,-1,11,25,0
Trammel,2037,873,0,11,13,0
Trammel,1959,878,7,16,18,0
Trammel,1920,880,7,16,16,0
Trammel,1922,896,7,12,59,0
Trammel,1934,896,-1,11,11,0
Trammel,1959,896,7,9,27,0
Trammel,1969,896,-1,10,21,0
Trammel,1980,896,7,9,9,0
Trammel,2038,896,0,10,19,0
Trammel,1944,907,7,12,25,0
Trammel,2029,914,0,9,10,0
Trammel,2038,915,0,10,9,0
Trammel,2004,917,0,10,19,0
Trammel,1995,921,0,9,16,0
Trammel,2024,930,0,9,21,0
Trammel,1986,931,0,9,15,0
Trammel,1938,932,7,12,10,0
Trammel,1996,939,0,12,11,0
Trammel,2011,940,0,9,24,0
Trammel,1979,946,0,9,21,0
Trammel,1990,952,0,9,9,0
Trammel,2001,952,0,9,10,0
Trammel,1970,957,0,9,15,0
Trammel,2038,957,0,10,14,0
Trammel,1961,962,0,9,15,0
Trammel,2027,962,0,10,10,0
Trammel,1982,967,0,10,12,0
Trammel,1998,970,0,16,9,0
Trammel,2020,972,0,12,12,0
Trammel,1951,974,0,9,50,0
Trammel,2034,975,0,12,11,0
Trammel,1962,977,0,12,21,0
Trammel,1987,979,0,9,11,0
Trammel,1942,980,0,9,34,0
Trammel,1982,990,0,11,10,0
Trammel,1933,992,0,9,26,0
Trammel,1960,998,0,10,11,0
Trammel,1920,999,0,9,22,0
Trammel,2010,999,0,9,9,0
Trammel,1990,1000,0,9,15,0
Trammel,2021,1000,0,9,13,0
Trammel,2039,1007,0,9,9,0
Trammel,1999,1010,0,12,10,0
Trammel,1970,1011,0,10,13,0
Trammel,2030,1011,0,9,13,0
Trammel,1942,1015,0,9,9,0
Trammel,1920,1024,0,40,11,0
Trammel,1976,1024,0,11,9,0
Trammel,2021,1024,0,10,17,0
Trammel,1998,1026,0,14,9,0
Trammel,1962,1029,0,14,12,0
Trammel,2037,1029,0,10,19,0
Trammel,1976,1034,0,9,18,0
Trammel,1921,1035,0,9,79,0
Trammel,1931,1035,0,25,59,0
Trammel,1998,1035,0,13,14,0
Trammel,1956,1041,0,11,30,0
Trammel,2011,1041,0,12,12,0
Trammel,2026,1044,0,10,11,0
Trammel,1967,1047,0,9,32,0
Trammel,2037,1051,0,11,12,0
Trammel,1979,1054,0,9,26,0
Trammel,1990,1055,0,11,9,0
Trammel,2002,1056,0,9,11,0
Trammel,2011,1063,0,12,9,0
Trammel,2029,1069,0,10,14,0
Trammel,1996,1070,0,10,37,0
Trammel,1956,1074,0,10,31,0
Trammel,2010,1075,0,11,25,0
Trammel,1969,1080,0,14,15,0
Trammel,2021,1083,0,13,27,0
Trammel,2035,1089,0,9,21,0
Trammel,1930,1094,0,16,12,0
Trammel,1946,1097,0,10,11,0
Trammel,1987,1098,0,9,54,0
Trammel,2006,1100,0,10,52,0
Trammel,1971,1108,0,11,21,0
Trammel,1997,1108,0,9,44,0
Trammel,1961,1111,0,10,38,0
Trammel,1952,1114,0,9,9,0
Trammel,1943,1116,0,9,12,0
Trammel,1930,1120,0,13,24,0
Trammel,1952,1124,0,9,25,0
Trammel,1943,1128,0,9,24,0
Trammel,1971,1129,0,13,13,0
Trammel,1971,1142,0,16,10,0
Trammel,1982,1152,0,35,23,0
Trammel,2017,1168,0,9,31,0
Trammel,2027,1173,0,9,18,0
Trammel,1981,1175,0,13,18,0
Trammel,1995,1175,0,9,97,0
Trammel,2004,1175,0,13,22,0
Trammel,2037,1176,0,11,14,0
Trammel,1969,1188,0,12,45,0
Trammel,2036,1190,0,12,12,0
Trammel,1938,1191,0,9,13,0
Trammel,1953,1191,0,11,36,0
Trammel,2026,1191,0,10,88,0
Trammel,1984,1193,0,11,46,0
Trammel,2004,1197,0,13,16,0
Trammel,1928,1198,0,10,23,0
Trammel,2017,1200,0,9,16,0
Trammel,2037,1202,0,11,70,0
Trammel,1941,1204,0,12,12,0
Trammel,1938,1216,0,9,11,0
Trammel,2009,1217,0,17,43,0
Trammel,1921,1221,0,11,9,0
Trammel,1961,1233,0,11,9,0
Trammel,1977,1239,0,12,12,0
Trammel,1977,1251,0,15,12,0
Trammel,2007,1263,0,13,14,0
Trammel,1921,1266,0,11,9,0
Trammel,2005,1280,0,37,14,0
Trammel,1937,1287,0,11,12,0
Trammel,1921,1293,0,11,9,0
Trammel,2001,1294,0,35,11,0
Trammel,2037,1294,0,11,10,0
Trammel,1954,1296,0,10,9,0
Trammel,1934,1305,0,10,9,0
Trammel,2009,1305,0,17,26,0
Trammel,1923,1323,0,9,9,0
Trammel,2001,1331,0,16,36,0
Trammel,1961,1332,0,11,9,0
Trammel,2017,1332,0,9,9,0
Trammel,1937,1335,0,11,9,0
Trammel,1989,1342,0,12,12,0
Trammel,1933,1347,0,11,9,0
Trammel,1933,1356,0,11,9,0
Trammel,1989,1356,0,12,9,0
Trammel,1989,1365,0,11,24,0
Trammel,2003,1367,0,11,12,0
Trammel,1921,1368,0,11,9,0
Trammel,1941,1389,0,11,11,0
Trammel,1996,1389,0,12,19,0
Trammel,1920,1408,0,12,10,0
Trammel,1997,1408,0,11,38,0
Trammel,1936,1419,0,12,9,0
Trammel,1977,1428,0,11,9,0
Trammel,1949,1431,0,11,9,0
Trammel,1961,1434,0,11,14,0
Trammel,1988,1435,0,9,17,0
Trammel,1973,1440,0,15,19,0
Trammel,1988,1452,0,9,29,0
Trammel,1972,1459,0,16,17,0
Trammel,1962,1469,0,10,40,0
Trammel,1985,1481,0,17,13,0
Trammel,1953,1486,3,9,38,0
Trammel,1987,1494,0,14,12,0
Trammel,1977,1503,0,10,9,0
Trammel,1989,1506,0,14,9,0
Trammel,1962,1515,0,10,21,0
Trammel,2001,1515,0,10,12,0
Trammel,2013,1525,0,9,11,0
Trammel,1973,1527,0,11,9,0
Trammel,1993,1527,0,11,9,0
Trammel,1967,1536,0,40,9,0
Trammel,2010,1536,0,11,18,0
Trammel,1975,1545,0,35,9,0
Trammel,1985,1554,0,20,9,0
Trammel,2030,1920,-1,15,9,0
Trammel,2021,1925,-1,9,10,0
Trammel,2017,1935,0,11,12,0
Trammel,2021,1948,0,11,9,0
Trammel,2036,1967,0,12,9,0
Trammel,2039,1986,2,9,48,0
Trammel,2027,1990,-2,12,41,0
Trammel,2017,1992,-1,10,12,0
Trammel,2007,1994,-1,10,17,0
Trammel,2017,2004,0,10,20,0
Trammel,1920,2063,0,9,18,0
Trammel,1932,2063,-1,19,41,0
Trammel,1968,2070,0,10,29,0
Trammel,1958,2072,0,10,17,0
Trammel,1923,2081,0,9,27,0
Trammel,1951,2089,0,15,15,0
Trammel,1920,2113,0,16,13,0
Trammel,1925,2126,0,9,9,0
Trammel,2034,2139,-1,14,30,0
Trammel,2012,2162,0,11,11,0
Trammel,2020,2176,0,25,9,0
Trammel,1922,2179,0,9,14,0
Trammel,2031,2185,0,17,9,0
Trammel,1931,2192,0,9,28,0
Trammel,1946,2206,0,9,25,0
Trammel,1955,2214,0,12,23,0
Trammel,1967,2219,0,10,36,0
Trammel,1977,2223,0,9,50,0
Trammel,1986,2229,0,10,47,0
Trammel,1996,2234,0,9,27,0
Trammel,2005,2239,0,10,14,0
Trammel,1968,2259,0,9,21,0
Trammel,1925,2269,-3,10,9,0
Trammel,1995,2276,0,9,11,0
Trammel,1937,2278,0,12,9,0
Trammel,1950,2280,0,11,10,0
Trammel,1962,2280,0,9,18,0
Trammel,2023,2284,0,11,15,0
Trammel,1939,2287,0,11,9,0
Trammel,1971,2287,0,16,12,0
Trammel,1930,2289,0,9,11,0
Trammel,1993,2291,0,9,12,0
Trammel,2034,2291,0,12,12,0
Trammel,2005,2294,0,9,10,0
Trammel,1920,2295,0,10,9,0
Trammel,1958,2304,0,10,9,0
Trammel,1970,2304,0,12,10,0
Trammel,2031,2304,0,17,11,0
Trammel,2006,2305,0,11,16,0
Trammel,1940,2307,0,9,15,0
Trammel,1921,2310,0,10,9,0
Trammel,1982,2312,0,11,12,0
Trammel,1950,2313,0,10,11,0
Trammel,1995,2313,0,9,15,0
Trammel,1931,2314,0,9,19,0
Trammel,1960,2314,0,9,11,0
Trammel,1971,2314,0,11,11,0
Trammel,2028,2318,0,9,9,0
Trammel,2006,2321,0,16,10,0
Trammel,2037,2324,0,9,11,0
Trammel,1967,2329,0,10,11,0
Trammel,1989,2330,0,13,14,0
Trammel,2022,2332,0,12,10,0
Trammel,1928,2334,0,14,11,0
Trammel,2002,2334,0,9,11,0
Trammel,1977,2337,0,11,11,0
Trammel,2034,2337,0,9,15,0
Trammel,1960,2340,0,11,12,0
Trammel,1930,2345,0,16,21,0
Trammel,2003,2345,0,12,28,0
Trammel,1972,2349,0,15,15,0
Trammel,1989,2350,0,14,18,0
Trammel,1921,2351,0,9,9,0
Trammel,2036,2355,0,9,12,0
Trammel,2025,2356,0,10,9,0
Trammel,1948,2357,0,10,21,0
Trammel,1959,2357,0,12,9,0
Trammel,1934,2366,0,14,10,0
Trammel,1921,2367,0,10,10,0
Trammel,1990,2368,0,13,24,0
Trammel,1932,2376,0,14,15,0
Trammel,1920,2377,0,9,14,0
Trammel,1920,2391,0,10,9,0
Trammel,1935,2944,6,11,30,1112003
Trammel,1948,2944,0,17,10,1112003
Trammel,1926,2957,0,9,19,1112003
Trammel,1954,3017,-2,9,9,1112003
Trammel,1940,3021,0,9,13,1112003
Trammel,1930,3024,0,10,12,1112003
Trammel,1920,3033,0,10,10,1112003
Trammel,1934,3036,0,9,10,1112003
Trammel,2029,3045,12,9,10,1112003
Trammel,1934,3046,0,9,13,1112003
Trammel,1964,3052,15,15,9,1112003
Trammel,1954,3058,0,9,14,1112003
Trammel,1932,3059,0,12,10,1112003
Trammel,1945,3072,0,103,12,0
Trammel,1941,3084,0,79,16,0
Trammel,2020,3084,0,28,11,0
Trammel,2021,3095,0,27,23,0
Trammel,1921,3096,0,11,21,0
Trammel,1932,3100,0,22,23,0
Trammel,1955,3100,0,26,35,0
Trammel,1981,3100,0,12,13,0
Trammel,1994,3100,0,27,9,0
Trammel,1993,3109,0,16,24,0
Trammel,2009,3109,0,10,13,0
Trammel,1921,3117,0,11,16,0
Trammel,2030,3118,0,18,16,0
Trammel,1944,3131,2,9,12,0
Trammel,1957,3135,0,9,15,0
Trammel,1966,3136,0,9,9,0
Trammel,1934,3138,2,10,15,0
Trammel,1925,3148,2,9,16,0
Trammel,2018,3216,0,9,11,1104003
Trammel,2028,3226,0,9,11,1104003
Trammel,1986,3251,0,10,15,1104003
Trammel,2031,3259,0,12,9,1104003
Trammel,1961,3300,4,13,9,1104003
Trammel,1927,3383,7,10,20,1104002
Trammel,1962,3386,0,9,32,1104002
Trammel,1937,3387,10,9,10,1104002
Trammel,1972,3388,0,12,22,1104002
Trammel,2025,3388,0,17,11,1104002
Trammel,1952,3393,0,10,31,1104002
Trammel,1985,3396,0,10,14,1104002
Trammel,1942,3400,0,10,9,1104002
Trammel,1995,3406,0,16,9,1104002
Trammel,1937,3409,0,15,9,1104002
Trammel,2004,3415,0,15,9,1104002
Trammel,1938,3418,0,10,16,1104002
Trammel,1926,3425,0,12,11,1104002
Trammel,2009,3427,0,9,11,1104002
Trammel,1920,3436,0,11,12,1104002
Trammel,2015,3457,0,12,10,1104002
Trammel,2017,3467,0,9,12,1104002
Trammel,2104,31,0,9,97,0
Trammel,2115,37,0,10,49,0
Trammel,2055,47,-2,9,10,0
Trammel,2125,52,0,9,16,0
Trammel,2054,57,0,9,9,0
Trammel,2048,66,2,9,32,0
Trammel,2127,68,0,12,26,0
Trammel,2057,70,0,9,9,0
Trammel,2057,79,0,12,14,0
Trammel,2113,86,0,10,22,0
Trammel,2057,93,0,9,24,0
Trammel,2066,93,0,9,10,0
Trammel,2123,94,0,9,12,0
Trammel,2093,96,-3,11,14,0
Trammel,2048,98,0,9,13,0
Trammel,2068,103,0,10,25,0
Trammel,2078,104,0,11,9,0
Trammel,2115,108,3,13,20,0
Trammel,2089,110,0,12,9,0
Trammel,2078,113,0,11,15,0
Trammel,2082,128,0,11,25,0
Trammel,2094,128,3,45,16,0
Trammel,2093,144,1,50,24,0
Trammel,2143,165,0,9,56,0
Trammel,2063,167,0,9,9,0
Trammel,2097,168,3,18,12,0
Trammel,2119,168,3,24,14,0
Trammel,2152,174,0,9,36,0
Trammel,2067,176,0,13,10,0
Trammel,2101,180,3,18,17,0
Trammel,2119,182,3,24,12,0
Trammel,2084,184,0,16,11,0
Trammel,2161,185,0,9,9,0
Trammel,2073,186,0,9,9,0
Trammel,2134,194,0,9,16,0
Trammel,2092,195,0,9,15,0
Trammel,2125,219,0,14,18,0
Trammel,2139,222,0,13,32,0
Trammel,2152,229,0,9,22,0
Trammel,2161,233,0,9,10,0
Trammel,2129,237,0,10,12,0
Trammel,2117,246,0,11,10,0
Trammel,2133,256,0,14,32,0
Trammel,2147,257,0,9,11,0
Trammel,2121,276,0,12,9,0
Trammel,2133,288,0,14,12,0
Trammel,2133,303,0,11,12,0
Trammel,2165,315,0,11,9,0
Trammel,2141,324,0,11,12,0
Trammel,2131,327,0,9,26,0
Trammel,2117,339,0,13,24,0
Trammel,2105,348,0,12,36,0
Trammel,2093,366,0,12,9,0
Trammel,2093,384,0,12,31,0
Trammel,2105,384,0,9,12,0
Trammel,2049,388,0,11,11,0
Trammel,2049,405,0,11,13,0
Trammel,2085,415,0,9,10,0
Trammel,2053,418,0,12,9,0
Trammel,2077,447,0,11,10,0
Trammel,2082,457,0,14,9,0
Trammel,2154,461,3,9,25,0
Trammel,2145,476,-1,9,36,0
Trammel,2164,484,0,12,23,0
Trammel,2136,486,2,9,25,0
Trammel,2154,486,0,9,26,0
Trammel,2048,493,0,9,19,0
Trammel,2057,496,0,10,16,0
Trammel,2117,498,-2,13,14,0
Trammel,2068,499,0,13,13,0
Trammel,2082,501,0,19,11,0
Trammel,2104,501,0,13,9,0
Trammel,2048,512,0,64,10,0
Trammel,2125,512,0,17,10,0
Trammel,2150,512,0,13,77,0
Trammel,2163,520,0,9,11,0
Trammel,2059,522,0,17,15,0
Trammel,2129,522,0,16,9,0
Trammel,2048,524,0,11,19,0
Trammel,2133,531,0,17,9,0
Trammel,2105,537,0,11,9,0
Trammel,2129,540,0,17,27,0
Trammel,2085,543,0,11,9,0
Trammel,2097,546,0,11,9,0
Trammel,2163,553,0,9,16,0
Trammel,2061,555,0,11,9,0
Trammel,2073,555,0,11,9,0
Trammel,2049,558,0,11,9,0
Trammel,2097,564,0,11,9,0
Trammel,2141,567,0,9,9,0
Trammel,2163,569,0,11,30,0
Trammel,2093,573,0,11,9,0
Trammel,2061,582,0,11,12,0
Trammel,2145,589,0,13,17,0
Trammel,2133,599,0,11,10,0
Trammel,2158,599,0,13,10,0
Trammel,2053,600,0,11,9,0
Trammel,2081,603,0,11,9,0
Trammel,2157,609,0,11,9,0
Trammel,2101,612,0,11,9,0
Trammel,2113,621,0,11,9,0
Trammel,2141,640,0,14,72,0
Trammel,2155,640,0,9,30,0
Trammel,2164,640,0,12,10,0
Trammel,2049,642,0,11,9,0
Trammel,2101,648,0,11,9,0
Trammel,2166,650,0,10,10,0
Trammel,2085,651,0,10,9,0
Trammel,2129,651,0,11,9,0
Trammel,2105,660,0,11,9,0
Trammel,2057,669,0,11,9,0
Trammel,2069,669,0,11,9,0
Trammel,2093,669,0,15,11,0
Trammel,2155,670,0,12,19,0
Trammel,2129,681,0,12,16,0
Trammel,2049,687,0,11,9,0
Trammel,2159,689,0,9,13,0
Trammel,2125,697,0,9,41,0
Trammel,2049,699,0,11,9,0
Trammel,2155,702,0,9,18,0
Trammel,2065,711,0,11,9,0
Trammel,2101,711,0,11,51,0
Trammel,2136,712,0,10,47,0
Trammel,2146,712,0,9,23,0
Trammel,2113,717,0,12,41,0
Trammel,2069,732,0,11,9,0
Trammel,2155,734,0,9,9,0
Trammel,2089,735,0,12,9,0
Trammel,2146,736,0,9,32,0
Trammel,2127,738,0,9,21,0
Trammel,2069,741,0,11,12,0
Trammel,2164,741,0,12,10,0
Trammel,2155,743,0,9,25,0
Trammel,2089,744,0,12,9,0
Trammel,2164,751,0,12,17,0
Trammel,2114,758,0,13,10,0
Trammel,2130,759,0,16,9,0
Trammel,2048,768,0,35,18,0
Trammel,2084,768,0,44,13,0
Trammel,2134,768,0,12,41,0
Trammel,2152,768,0,24,21,0
Trammel,2105,781,0,29,11,0
Trammel,2157,789,0,19,16,0
Trammel,2111,792,0,23,11,0
Trammel,2090,794,0,10,29,0
Trammel,2146,796,0,11,10,0
Trammel,2081,801,0,9,95,0
Trammel,2125,803,0,9,9,0
Trammel,2100,808,0,9,69,0
Trammel,2155,810,0,11,46,0
Trammel,2109,811,0,9,53,0
Trammel,2118,818,0,25,16,0
Trammel,2166,819,0,10,41,0
Trammel,2061,821,0,18,25,0
Trammel,2144,822,0,11,40,0
Trammel,2090,824,0,10,72,0
Trammel,2118,834,0,26,62,0
Trammel,2059,846,0,22,10,0
Trammel,2156,856,0,10,40,0
Trammel,2065,863,0,16,17,0
Trammel,2109,864,0,9,32,0
Trammel,2144,864,0,12,32,0
Trammel,2048,866,0,10,11,0
Trammel,2166,868,0,10,28,0
Trammel,2100,877,0,9,19,0
Trammel,2062,880,0,10,16,0
Trammel,2072,881,0,9,15,0
Trammel,2048,896,0,92,12,0
Trammel,2141,896,0,19,13,0
Trammel,2161,896,0,15,10,0
Trammel,2053,908,0,11,23,0
Trammel,2065,908,0,40,25,0
Trammel,2106,908,0,35,24,0
Trammel,2141,924,0,11,28,0
Trammel,2057,933,0,18,16,0
Trammel,2078,933,0,12,49,0
Trammel,2090,933,0,10,10,0
Trammel,2153,933,0,11,26,0
Trammel,2164,936,0,11,11,0
Trammel,2048,947,0,9,10,0
Trammel,2063,949,0,15,11,0
Trammel,2144,952,0,9,17,0
Trammel,2054,965,0,10,12,0
Trammel,2090,968,0,9,40,0
Trammel,2052,977,0,10,20,0
Trammel,2063,990,0,10,11,0
Trammel,2075,993,0,10,10,0
Trammel,2066,1001,0,9,9,0
Trammel,2076,1005,0,14,18,0
Trammel,2095,1008,0,9,9,0
Trammel,2051,1013,0,9,11,0
Trammel,2050,1024,0,12,14,0
Trammel,2063,1024,0,9,16,0
Trammel,2078,1024,0,9,27,0
Trammel,2069,1040,0,9,12,0
Trammel,2053,1050,0,9,14,0
Trammel,2071,1052,0,9,10,0
Trammel,2064,1062,0,9,13,0
Trammel,2048,1073,0,9,19,0
Trammel,2063,1077,0,9,10,0
Trammel,2072,1080,0,9,10,0
Trammel,2063,1087,0,9,19,0
Trammel,2048,1104,0,15,13,0
Trammel,2071,1152,0,20,18,0
Trammel,2056,1167,0,12,30,0
Trammel,2048,1197,0,10,18,0
Trammel,2058,1198,0,10,10,0
Trammel,2059,1208,0,9,72,0
Trammel,2048,1215,0,11,65,0
Trammel,2068,1223,0,10,11,0
Trammel,2078,1225,0,15,19,0
Trammel,2093,1227,0,12,14,0
Trammel,2068,1234,0,9,31,0
Trammel,2079,1256,0,9,13,0
Trammel,2068,1266,0,11,14,0
Trammel,2088,1267,0,9,13,0
Trammel,2048,1280,0,37,18,0
Trammel,2086,1280,0,10,11,0
Trammel,2048,1920,0,10,23,0
Trammel,2058,1924,0,10,13,0
Trammel,2111,1939,2,9,10,0
Trammel,2102,1945,-2,9,11,0
Trammel,2065,1947,0,11,10,0
Trammel,2127,1948,0,9,23,0
Trammel,2113,1949,0,11,10,0
Trammel,2085,1956,0,11,10,0
Trammel,2117,1959,0,10,9,0
Trammel,2117,1977,0,10,12,0
Trammel,2109,1995,0,9,10,0
Trammel,2049,1998,0,11,12,0
Trammel,2049,2010,0,15,21,0
Trammel,2064,2024,0,9,9,0
Trammel,2131,2055,0,12,17,0
Trammel,2118,2056,-1,10,20,0
Trammel,2094,2059,-2,14,14,0
Trammel,2143,2060,0,9,11,0
Trammel,2084,2062,-1,10,14,0
Trammel,2108,2063,0,10,10,0
Trammel,2075,2071,0,9,11,0
Trammel,2128,2072,0,9,16,0
Trammel,2066,2082,-1,10,9,0
Trammel,2137,2083,0,9,11,0
Trammel,2063,2091,0,9,36,0
Trammel,2149,2093,0,9,12,0
Trammel,2158,2102,0,9,13,0
Trammel,2167,2110,0,9,17,0
Trammel,2129,2115,0,11,9,0
Trammel,2054,2119,-2,9,17,0
Trammel,2089,2127,0,10,16,0
Trammel,2073,2130,0,11,9,0
Trammel,2099,2130,0,9,15,0
Trammel,2109,2136,0,10,20,0
Trammel,2073,2139,0,9,14,0
Trammel,2119,2139,0,9,12,0
Trammel,2133,2139,0,15,13,0
Trammel,2061,2151,0,10,10,0
Trammel,2148,2152,0,9,17,0
Trammel,2157,2157,0,11,19,0
Trammel,2056,2161,0,9,11,0
Trammel,2048,2176,0,16,20,0
Trammel,2153,2176,0,19,13,0
Trammel,2077,2254,-2,10,12,0
Trammel,2066,2261,2,11,27,0
Trammel,2147,2273,-2,10,10,0
Trammel,2137,2277,2,9,17,0
Trammel,2057,2278,0,9,10,0
Trammel,2128,2279,-1,9,19,0
Trammel,2094,2280,0,34,9,0
Trammel,2117,2289,0,11,15,0
Trammel,2048,2293,0,13,11,0
Trammel,2066,2294,0,10,10,0
Trammel,2093,2295,0,11,9,0
Trammel,2056,2304,0,13,14,0
Trammel,2072,2304,0,10,16,0
Trammel,2118,2304,0,16,13,0
Trammel,2089,2309,0,9,9,0
Trammel,2098,2311,0,12,32,0
Trammel,2118,2317,0,10,11,0
Trammel,2063,2318,0,9,17,0
Trammel,2089,2318,0,9,35,0
Trammel,2078,2320,0,9,12,0
Trammel,2124,2328,0,9,20,0
Trammel,2057,2335,0,23,11,0
Trammel,2053,2346,0,9,9,0
Trammel,2080,2349,0,9,9,0
Trammel,2063,2350,0,12,9,0
Trammel,2107,2355,0,9,38,0
Trammel,2096,2357,0,10,25,0
Trammel,2085,2358,0,10,24,0
Trammel,2116,2360,0,9,46,0
Trammel,2052,2364,0,15,9,0
Trammel,2070,2366,0,15,11,0
Trammel,2125,2377,0,10,23,0
Trammel,2101,2675,0,13,13,1112003
Trammel,2099,2688,0,9,10,1112002
Trammel,2113,2752,5,10,16,1112002
Trammel,2132,2780,0,15,12,1112002
Trammel,2095,3020,5,9,9,1112003
Trammel,2127,3072,0,9,32,0
Trammel,2049,3075,0,11,10,0
Trammel,2073,3078,0,12,33,0
Trammel,2145,3083,0,9,49,0
Trammel,2049,3085,0,10,50,0
Trammel,2059,3085,0,9,26,0
Trammel,2136,3085,0,9,55,0
Trammel,2118,3097,-2,9,58,0
Trammel,2085,3099,0,9,13,0
Trammel,2127,3104,0,9,42,0
Trammel,2154,3106,0,9,18,0
Trammel,2097,3107,0,16,23,0
Trammel,2065,3111,0,9,9,0
Trammel,2104,3168,0,9,30,0
Trammel,2097,3202,0,9,9,1104003
Trammel,2072,3203,0,9,23,1104003
Trammel,2081,3208,0,9,14,1104003
Trammel,2054,3214,0,9,9,1104003
Trammel,2061,3223,0,11,9,1104003
Trammel,2066,3293,0,11,11,1104003
Trammel,2056,3294,0,9,12,1104003
Trammel,2077,3302,0,10,13,1104003
Trammel,2096,3310,0,9,12,1104003
Trammel,2094,3346,0,13,14,1104003
Trammel,2083,3351,0,10,17,1104003
Trammel,2130,3371,10,9,23,1104003
Trammel,2120,3393,10,9,9,1104003
Trammel,2077,3400,0,9,16,1104003
Trammel,2048,3406,0,9,11,1104003
Trammel,2166,3407,0,10,11,1104003
Trammel,2152,3408,0,12,13,1104003
Trammel,2138,3418,0,14,38,1104003
Trammel,2078,3419,0,12,19,1104003
Trammel,2120,3424,0,9,14,1104003
Trammel,2129,3425,0,9,29,1104003
Trammel,2107,3430,0,13,14,1104003
Trammel,2120,3438,0,9,11,1104003
Trammel,2066,3551,0,9,21,1104003
Trammel,2064,3572,0,9,12,1104003
Trammel,2066,3593,0,9,9,1104003
Trammel,2121,3593,10,11,9,1104003
Trammel,2138,3593,0,9,14,1104003
Trammel,2075,3597,0,10,9,1104003
Trammel,2147,3601,0,9,15,1104003
Trammel,2088,3606,0,10,9,1104003
Trammel,2156,3610,0,9,17,1104003
Trammel,2107,3615,0,9,11,1104003
Trammel,2129,3908,0,9,14,1104003
Trammel,2138,3921,1,10,10,1104003
Trammel,2123,3922,3,15,9,1104003
Trammel,2163,3927,0,9,12,1104003
Trammel,2160,3939,3,11,9,1104003
Trammel,2117,3944,0,11,10,1104003
Trammel,2121,3954,0,10,14,1104003
Trammel,2156,3968,0,9,9,1104003
Trammel,2112,3987,2,10,10,1104003
Trammel,2144,3998,0,11,11,1104003
Trammel,2208,267,0,10,21,0
Trammel,2218,269,0,9,10,0
Trammel,2195,278,-2,9,13,0
Trammel,2181,309,0,13,11,0
Trammel,2242,352,2,9,19,0
Trammel,2233,360,2,9,11,0
Trammel,2227,371,0,13,9,0
Trammel,2264,387,0,9,9,0
Trammel,2243,395,0,10,10,0
Trammel,2244,405,0,10,21,0
Trammel,2273,409,0,9,20,0
Trammel,2239,429,3,11,11,0
Trammel,2269,429,0,9,9,0
Trammel,2230,439,2,9,15,0
Trammel,2221,452,1,9,11,0
Trammel,2212,462,2,9,13,0
Trammel,2203,472,1,9,10,0
Trammel,2194,479,2,9,22,0
Trammel,2176,484,0,18,24,0
Trammel,2244,512,0,20,11,0
Trammel,2232,515,2,12,37,0
Trammel,2244,523,0,16,10,0
Trammel,2223,543,2,9,9,0
Trammel,2275,545,2,9,9,0
Trammel,2226,552,0,13,51,0
Trammel,2267,554,-1,9,20,0
Trammel,2215,557,0,9,43,0
Trammel,2206,568,1,9,11,0
Trammel,2258,571,2,9,25,0
Trammel,2240,573,0,18,30,0
Trammel,2197,574,2,9,15,0
Trammel,2176,577,0,9,12,0
Trammel,2186,577,0,11,38,0
Trammel,2206,580,0,9,19,0
Trammel,2197,589,0,9,29,0
Trammel,2177,593,0,9,19,0
Trammel,2206,599,0,9,13,0
Trammel,2216,600,0,9,27,0
Trammel,2232,603,0,18,18,0
Trammel,2206,612,0,10,9,0
Trammel,2225,621,0,14,15,0
Trammel,2205,640,0,18,26,0
Trammel,2224,640,0,12,15,0
Trammel,2293,642,0,11,9,0
Trammel,2189,648,0,11,17,0
Trammel,2177,651,0,11,14,0
Trammel,2223,655,0,13,17,0
Trammel,2278,678,0,10,9,0
Trammel,2289,720,0,11,9,0
Trammel,2190,739,-1,10,21,0
Trammel,2176,741,0,14,27,0
Trammel,2285,753,0,11,12,0
Trammel,2269,756,0,11,9,0
Trammel,2176,768,0,11,28,0
Trammel,2188,768,0,12,49,0
Trammel,2201,768,0,43,11,0
Trammel,2273,774,0,11,9,0
Trammel,2200,779,0,13,21,0
Trammel,2214,779,0,16,47,0
Trammel,2230,779,0,14,16,0
Trammel,2231,795,0,17,33,0
Trammel,2176,796,0,12,14,0
Trammel,2261,798,0,11,9,0
Trammel,2201,801,0,13,24,0
Trammel,2249,819,0,11,12,0
Trammel,2176,822,0,9,69,0
Trammel,2185,824,0,9,54,0
Trammel,2269,825,0,11,9,0
Trammel,2281,828,0,15,9,0
Trammel,2194,830,0,13,30,0
Trammel,2208,831,0,17,56,0
Trammel,2225,839,0,10,27,0
Trammel,2240,847,0,9,49,0
Trammel,2285,852,0,11,9,0
Trammel,2249,853,0,11,9,0
Trammel,2194,860,0,14,36,0
Trammel,2249,862,0,13,34,0
Trammel,2225,866,0,11,14,0
Trammel,2271,875,0,9,13,0
Trammel,2185,879,0,9,17,0
Trammel,2227,880,0,13,16,0
Trammel,2208,887,0,13,9,0
Trammel,2176,896,0,98,9,0
Trammel,2274,904,0,9,11,0
Trammel,2189,905,0,24,18,0
Trammel,2213,905,0,16,9,0
Trammel,2250,905,0,24,9,0
Trammel,2251,914,0,20,9,0
Trammel,2185,923,0,11,9,0
Trammel,2247,924,2,12,23,0
Trammel,2289,928,0,11,11,0
Trammel,2260,932,0,11,13,0
Trammel,2271,936,0,10,50,0
Trammel,2259,945,0,9,12,0
Trammel,2281,975,0,9,15,0
Trammel,2290,984,0,10,9,0
Trammel,2275,990,0,15,13,0
Trammel,2290,993,0,10,14,0
Trammel,2293,1007,0,11,15,0
Trammel,2280,1009,0,13,9,0
Trammel,2286,1024,0,18,9,1103023
Trammel,2258,1047,0,9,12,1103023
Trammel,2277,1069,0,9,16,1103023
Trammel,2274,1085,0,20,11,1103023
Trammel,2295,1095,0,9,9,1103023
Trammel,2265,1104,3,9,28,1103023
Trammel,2270,1135,0,18,9,1103023
Trammel,2292,1135,0,12,17,1103023
Trammel,2213,1281,0,10,9,1103023
Trammel,2209,1371,0,11,9,1103023
Trammel,2195,1973,-1,9,13,0
Trammel,2176,2116,0,9,11,0
Trammel,2185,2121,0,10,18,0
Trammel,2195,2128,0,9,25,0
Trammel,2189,2154,0,10,13,0
Trammel,2179,2163,0,10,10,0
Trammel,2210,3349,0,10,41,0
Trammel,2220,3363,0,9,46,0
Trammel,2176,3403,0,13,9,0
Trammel,2329,54,0,9,15,1106043
Trammel,2315,58,2,9,14,1106043
Trammel,2315,72,0,13,9,1106043
Trammel,2317,81,0,11,10,1106043
Trammel,2341,111,0,11,9,1106043
Trammel,2343,138,0,9,41,1106043
Trammel,2361,162,0,11,9,1106043
Trammel,2352,169,0,9,49,1106043
Trammel,2361,180,0,11,41,1106043
Trammel,2423,186,0,9,41,1106043
Trammel,2343,196,0,9,14,1106043
Trammel,2372,200,0,14,15,1106043
Trammel,2412,208,0,11,18,1106043
Trammel,2383,215,0,9,9,1106043
Trammel,2341,557,0,9,18,0
Trammel,2322,576,1,9,9,0
Trammel,2334,594,0,9,9,0
Trammel,2356,600,2,9,12,0
Trammel,2400,642,-2,9,12,0
Trammel,2377,643,0,11,11,0
Trammel,2310,645,0,10,9,0
Trammel,2317,654,0,9,15,0
Trammel,2326,660,0,10,12,0
Trammel,2353,660,0,11,9,0
Trammel,2313,669,0,11,9,0
Trammel,2341,669,0,11,9,0
Trammel,2329,672,0,11,9,0
Trammel,2309,678,0,11,33,0
Trammel,2377,681,0,11,9,0
Trammel,2365,693,0,11,9,0
Trammel,2397,696,0,11,12,0
Trammel,2349,702,0,11,9,0
Trammel,2405,708,0,11,12,0
Trammel,2314,711,0,10,24,0
Trammel,2349,714,0,11,9,0
Trammel,2333,726,0,11,15,0
Trammel,2362,726,0,10,9,0
Trammel,2413,730,0,9,9,0
Trammel,2309,735,0,11,12,0
Trammel,2345,738,0,14,9,0
Trammel,2361,738,0,11,9,0
Trammel,2320,741,0,16,12,0
Trammel,2373,741,0,11,12,0
Trammel,2385,747,0,11,9,0
Trammel,2397,747,0,13,9,0
Trammel,2405,756,0,11,9,0
Trammel,2343,777,0,9,15,0
Trammel,2321,780,0,15,12,0
Trammel,2417,780,0,11,9,0
Trammel,2367,798,0,9,9,0
Trammel,2405,810,0,11,11,0
Trammel,2417,813,0,11,14,0
Trammel,2309,844,0,9,17,0
Trammel,2365,860,0,9,12,0
Trammel,2339,863,0,19,16,0
Trammel,2321,864,0,18,19,0
Trammel,2309,867,0,11,18,0
Trammel,2320,883,0,10,13,0
Trammel,2317,896,0,12,43,1103013
Trammel,2413,922,0,9,14,1103013
Trammel,2402,923,0,10,16,1103013
Trammel,2305,924,0,12,9,1103013
Trammel,2422,924,0,10,18,1103013
Trammel,2393,932,0,9,13,1103013
Trammel,2341,943,0,11,11,1103013
Trammel,2360,947,0,12,10,1103013
Trammel,2413,951,0,11,9,1103013
Trammel,2329,960,0,11,9,1103013
Trammel,2313,969,0,11,9,1103013
Trammel,2397,999,0,11,9,1103013
Trammel,2309,1011,0,11,9,1103013
Trammel,2313,1026,0,11,18,1103023
Trammel,2421,1026,0,11,9,1103023
Trammel,2325,1032,0,15,14,1103023
Trammel,2304,1035,0,9,9,1103023
Trammel,2341,1040,0,15,15,1103023
Trammel,2357,1050,0,11,18,1103023
Trammel,2421,1056,1,11,12,1103023
Trammel,2359,1068,0,13,25,1103023
Trammel,2382,1073,0,10,9,1103023
Trammel,2373,1074,0,9,12,1103023
Trammel,2315,1087,0,9,12,1103023
Trammel,2304,1089,-1,11,15,1103023
Trammel,2324,1090,0,9,17,1103023
Trammel,2358,1093,-1,14,20,1103023
Trammel,2377,1098,0,11,9,1103023
Trammel,2333,1101,0,9,12,1103023
Trammel,2343,1101,-2,15,12,1103023
Trammel,2389,1101,0,11,9,1103023
Trammel,2313,1104,0,11,15,1103023
Trammel,2377,1116,1,11,12,1103023
Trammel,2305,1119,0,11,18,1103023
Trammel,2385,1134,0,11,9,1103023
Trammel,2321,1137,0,11,12,1103023
Trammel,2309,1140,0,11,9,1103023
Trammel,2353,1140,5,11,9,1103023
Trammel,2305,1152,0,11,12,1103022
Trammel,2417,1155,0,11,9,1103022
Trammel,2365,1164,5,11,10,1103022
Trammel,2401,1164,0,11,9,1103022
Trammel,2423,1174,0,9,11,1103022
Trammel,2393,1176,0,11,9,1103022
Trammel,2336,1185,5,11,9,1103022
Trammel,2373,1188,5,11,9,1103022
Trammel,2413,1206,0,11,9,1103022
Trammel,2361,1209,5,11,9,1103022
Trammel,2357,1224,0,9,33,1103022
Trammel,2409,1224,0,11,9,1103022
Trammel,2367,1225,4,9,14,1103022
Trammel,2305,1230,0,9,21,1103022
Trammel,2345,1230,0,11,15,1103022
Trammel,2401,1234,0,10,11,1103022
Trammel,2330,1239,0,10,22,1103022
Trammel,2366,1245,0,10,11,1103022
Trammel,2377,1245,5,10,11,1103022
Trammel,2387,1245,5,9,9,1103022
Trammel,2397,1248,0,11,14,1103022
Trammel,2421,1251,0,11,15,1103022
Trammel,2410,1254,0,9,9,1103022
Trammel,2341,1257,0,10,9,1103022
Trammel,2374,3374,-2,11,42,0
Trammel,2385,3380,0,9,49,0
Trammel,2394,3391,0,9,31,0
Trammel,2350,3409,-2,9,11,0
Trammel,2359,3445,3,10,11,0
Trammel,2339,3446,-2,9,10,0
Trammel,2331,3457,2,9,11,0
Trammel,2314,3470,-2,9,10,0
Trammel,2367,3478,6,11,15,0
Trammel,2335,3491,3,10,11,0
Trammel,2305,3506,1,11,9,0
Trammel,2360,3527,0,9,10,0
Trammel,2548,58,0,12,70,1106042
Trammel,2536,62,0,11,66,1106042
Trammel,2524,64,0,12,11,1106042
Trammel,2498,66,0,26,48,1106042
Trammel,2482,68,0,12,60,1106042
Trammel,2456,76,0,10,48,1106042
Trammel,2524,79,0,12,49,1106042
Trammel,2446,88,0,10,9,1106042
Trammel,2466,90,0,16,10,1106042
Trammel,2466,100,0,16,28,1106042
Trammel,2494,114,0,13,14,1106042
Trammel,2508,114,0,16,14,1106042
Trammel,2450,128,0,18,79,1106042
Trammel,2468,128,0,42,17,1106042
Trammel,2511,128,0,11,79,1106042
Trammel,2522,128,0,38,16,1106042
Trammel,2523,144,0,10,38,1106042
Trammel,2533,144,0,14,14,1106042
Trammel,2548,144,0,12,16,1106042
Trammel,2470,145,0,10,53,1106042
Trammel,2481,145,0,29,53,1106042
Trammel,2534,158,0,14,58,1106042
Trammel,2548,160,0,10,74,1106042
Trammel,2434,164,0,16,46,1106042
Trammel,2522,182,0,12,28,1106042
Trammel,2501,207,0,11,15,1106042
Trammel,2525,210,0,9,9,1106042
Trammel,2534,216,0,9,9,1106042
Trammel,2517,219,0,11,9,1106042
Trammel,2445,228,0,15,9,1106042
Trammel,2533,234,0,11,9,1106042
Trammel,2549,234,0,11,12,1106042
Trammel,2445,240,0,11,9,1106042
Trammel,2447,256,0,20,11,1106042
Trammel,2546,257,7,12,9,1106042
Trammel,2529,267,12,10,36,1106042
Trammel,2539,285,15,10,30,1106042
Trammel,2550,292,15,9,23,1106042
Trammel,2550,339,13,10,9,1106042
Trammel,2545,690,0,11,13,1106003
Trammel,2545,708,0,11,9,1106003
Trammel,2549,720,0,11,15,1106003
Trammel,2551,751,-1,9,17,1106003
Trammel,2467,753,0,9,9,1106003
Trammel,2497,774,0,11,9,0
Trammel,2521,777,0,11,9,0
Trammel,2453,780,0,11,9,0
Trammel,2533,783,0,11,9,0
Trammel,2541,792,0,11,12,0
Trammel,2501,795,0,11,9,0
Trammel,2453,807,0,11,12,0
Trammel,2485,808,0,11,12,0
Trammel,2506,810,0,10,23,0
Trammel,2521,810,0,9,27,0
Trammel,2541,810,0,11,9,0
Trammel,2473,813,0,12,14,0
Trammel,2433,819,0,11,18,0
Trammel,2461,819,0,11,13,0
Trammel,2530,819,0,10,15,0
Trammel,2541,819,0,11,13,0
Trammel,2445,822,0,11,14,0
Trammel,2473,1005,0,11,12,1103013
Trammel,2489,1024,0,15,11,1103012
Trammel,2525,1024,0,18,11,1103012
Trammel,2505,1026,0,11,9,1103012
Trammel,2545,1026,0,10,11,1103012
Trammel,2437,1035,0,11,9,1103012
Trammel,2545,1037,3,11,9,1103012
Trammel,2541,1047,0,11,9,1103012
Trammel,2433,1050,0,11,12,1103012
Trammel,2485,1053,5,10,15,1103012
Trammel,2541,1056,0,9,12,1103012
Trammel,2523,1059,0,9,9,1103012
Trammel,2454,1076,5,10,10,1103012
Trammel,2457,1089,10,11,9,1103012
Trammel,2538,1092,0,10,9,1103012
Trammel,2501,1095,0,9,9,1103012
Trammel,2529,1101,5,15,18,1103012
Trammel,2489,1119,5,11,15,1103012
Trammel,2537,1119,5,11,9,1103012
Trammel,2441,1120,8,15,11,1103012
Trammel,2533,1128,0,11,9,1103012
Trammel,2545,1128,0,11,9,1103012
Trammel,2513,1140,0,11,12,1103012
Trammel,2533,1143,0,11,9,1103012
Trammel,2445,1152,0,11,12,1103022
Trammel,2489,1152,0,11,9,1103022
Trammel,2521,1152,0,11,9,1103022
Trammel,2545,1170,3,15,12,1103022
Trammel,2527,1176,5,9,9,1103022
Trammel,2493,1179,0,11,11,1103022
Trammel,2517,1182,0,10,9,1103022
Trammel,2497,1190,0,11,10,1103022
Trammel,2481,1191,0,11,9,1103022
Trammel,2549,1191,5,11,12,1103022
Trammel,2549,1203,5,11,52,1103022
Trammel,2449,1206,10,9,18,1103022
Trammel,2519,1206,5,9,9,1103022
Trammel,2463,1209,5,9,9,1103022
Trammel,2481,1218,0,11,12,1103022
Trammel,2469,1230,0,11,12,1103022
Trammel,2481,1230,0,11,12,1103022
Trammel,2457,1236,0,12,9,1103022
Trammel,2533,1236,0,10,9,1103022
Trammel,2477,1242,0,11,12,1103022
Trammel,2501,1242,5,11,15,1103022
Trammel,2513,1242,0,11,10,1103022
Trammel,2443,1245,0,9,22,1103022
Trammel,2533,1245,0,16,13,1103022
Trammel,2433,1248,0,9,20,1103022
Trammel,2457,1248,0,11,15,1103022
Trammel,2513,1252,0,11,13,1103022
Trammel,2477,1254,0,15,9,1103022
Trammel,2492,1255,2,9,10,1103022
Trammel,2524,1255,0,9,10,1103022
Trammel,2549,1255,0,11,10,1103022
Trammel,2502,1257,0,11,9,1103022
Trammel,2479,3535,0,10,9,0
Trammel,2463,3539,-1,9,12,0
Trammel,2502,3597,1,10,11,0
Trammel,2463,3617,0,9,9,0
Trammel,2491,3618,3,9,11,0
Trammel,2467,3635,-1,10,25,0
Trammel,2458,3653,1,9,10,0
Trammel,2458,3884,-2,12,9,0
Trammel,2438,3918,3,9,10,0
Trammel,2450,3926,0,9,11,0
Trammel,2463,3952,3,9,9,0
Trammel,2479,4003,-1,10,9,0
Trammel,2503,4013,3,9,12,0
Trammel,2476,4018,0,10,9,0
Trammel,2625,38,38,9,13,1106043
Trammel,2560,62,0,10,20,1106043
Trammel,2570,64,0,10,14,1106043
Trammel,2600,64,-1,9,19,1106043
Trammel,2580,66,0,20,10,1106043
Trammel,2609,66,0,9,14,1106043
Trammel,2580,76,0,20,52,1106043
Trammel,2618,76,0,10,26,1106043
Trammel,2571,78,0,9,13,1106043
Trammel,2609,81,0,9,47,1106043
Trammel,2560,82,0,11,16,1106043
Trammel,2600,83,0,9,45,1106043
Trammel,2629,84,0,13,44,1106043
Trammel,2642,90,0,10,38,1106043
Trammel,2571,91,0,9,37,1106043
Trammel,2652,94,0,24,34,1106043
Trammel,2676,96,0,12,32,1106043
Trammel,2560,98,0,11,30,1106043
Trammel,2618,102,0,11,20,1106043
Trammel,2560,128,0,128,16,1106043
Trammel,2560,144,0,20,69,1106043
Trammel,2585,144,0,48,29,1106043
Trammel,2638,144,0,20,16,1106043
Trammel,2659,144,0,22,12,1106043
Trammel,2643,170,0,10,19,1106043
Trammel,2654,170,0,9,9,1106043
Trammel,2580,173,0,16,24,1106043
Trammel,2596,173,0,27,15,1106043
Trammel,2621,204,0,11,9,1106043
Trammel,2581,207,0,11,15,1106043
Trammel,2560,213,0,12,21,1106043
Trammel,2560,234,0,12,17,1106043
Trammel,2671,259,1,10,12,1106043
Trammel,2659,260,3,10,13,1106043
Trammel,2647,272,9,12,12,1106043
Trammel,2633,275,15,13,9,1106043
Trammel,2667,277,15,9,33,1106043
Trammel,2586,278,20,12,9,1106043
Trammel,2676,283,16,9,10,1106043
Trammel,2638,284,15,11,9,1106043
Trammel,2595,287,15,9,16,1106043
Trammel,2654,290,23,9,32,1106043
Trammel,2639,293,15,15,12,1106043
Trammel,2677,293,16,9,12,1106043
Trammel,2601,303,15,10,28,1106043
Trammel,2641,305,15,13,19,1106043
Trammel,2642,324,15,14,32,1106043
Trammel,2674,332,15,11,16,1106043
Trammel,2659,333,15,13,14,1106043
Trammel,2585,342,15,9,12,1106043
Trammel,2677,348,13,11,22,1106043
Trammel,2634,356,15,15,21,1106043
Trammel,2654,356,15,9,9,1106043
Trammel,2659,373,17,9,11,1106043
Trammel,2642,384,15,15,11,1106002
Trammel,2649,395,15,14,11,1106002
Trammel,2663,404,15,12,11,1106002
Trammel,2676,405,15,9,11,1106002
Trammel,2654,406,15,9,11,1106002
Trammel,2658,417,15,13,11,1106002
Trammel,2671,421,15,10,10,1106002
Trammel,2662,428,15,9,38,1106002
Trammel,2679,486,15,9,14,1106002
Trammel,2647,514,0,11,57,1106002
Trammel,2658,546,0,10,40,1106002
Trammel,2669,567,0,11,26,1106002
Trammel,2633,623,0,10,13,1106002
Trammel,2643,626,0,9,10,1106002
Trammel,2652,627,0,9,9,1106002
Trammel,2657,654,0,11,12,1106003
Trammel,2625,657,0,11,12,1106003
Trammel,2669,660,0,11,12,1106003
Trammel,2569,666,0,11,9,1106003
Trammel,2613,666,0,11,15,1106003
Trammel,2569,675,0,11,10,1106003
Trammel,2585,675,0,11,9,1106003
Trammel,2657,678,0,11,9,1106003
Trammel,2565,690,0,15,12,1106003
Trammel,2583,690,0,9,12,1106003
Trammel,2625,693,0,11,9,1106003
Trammel,2637,693,0,11,9,1106003
Trammel,2610,696,0,10,9,1106003
Trammel,2621,702,0,11,12,1106003
Trammel,2661,702,0,11,12,1106003
Trammel,2645,708,0,11,9,1106003
Trammel,2669,714,0,11,15,1106003
Trammel,2617,735,0,11,9,1106003
Trammel,2629,738,0,11,9,1106003
Trammel,2561,745,0,10,18,1106003
Trammel,2677,747,0,11,9,1106003
Trammel,2589,759,0,11,9,1106003
Trammel,2607,759,0,9,9,1106003
Trammel,2641,759,0,11,9,1106003
Trammel,2653,759,0,16,9,1106003
Trammel,2633,771,0,11,9,1113003
Trammel,2577,783,0,11,9,1113003
Trammel,2621,783,0,11,9,1113003
Trammel,2617,795,0,11,9,1113003
Trammel,2637,804,0,11,12,1113003
Trammel,2585,807,0,11,9,1113003
Trammel,2625,807,0,11,9,1113003
Trammel,2609,822,0,11,9,1113003
Trammel,2581,828,0,11,9,1113003
Trammel,2649,828,0,11,9,1113003
Trammel,2593,831,0,11,10,1113003
Trammel,2605,831,0,11,11,1113003
Trammel,2617,837,0,11,16,1113003
Trammel,2637,857,0,11,10,1113003
Trammel,2619,862,0,9,11,1113003
Trammel,2631,867,0,9,9,1113003
Trammel,2625,876,0,15,9,1113003
Trammel,2630,896,0,10,16,1103013
Trammel,2649,900,0,11,9,1103013
Trammel,2595,909,0,17,15,1103013
Trammel,2617,909,0,11,12,1103013
Trammel,2653,915,0,11,9,1103013
Trammel,2601,924,0,11,12,1103013
Trammel,2579,929,0,9,10,1103013
Trammel,2633,948,0,11,33,1103013
Trammel,2573,960,0,11,9,1103013
Trammel,2605,960,0,11,9,1103013
Trammel,2621,960,0,12,18,1103013
Trammel,2581,969,0,11,15,1103013
Trammel,2593,972,0,11,9,1103013
Trammel,2597,1011,0,11,9,1103013
Trammel,2561,1014,0,15,9,1103013
Trammel,2569,1032,0,11,21,1103013
Trammel,2581,1032,0,11,18,1103013
Trammel,2621,1044,5,11,9,1103013
Trammel,2669,1044,0,11,15,1103013
Trammel,2633,1047,5,11,12,1103013
Trammel,2593,1053,5,11,15,1103013
Trammel,2645,1068,10,10,9,1103013
Trammel,2589,1077,5,11,9,1103013
Trammel,2573,1086,5,15,9,1103013
Trammel,2629,1089,0,9,12,1103013
Trammel,2673,1091,5,15,13,1103013
Trammel,2561,1098,0,11,12,1103013
Trammel,2625,1101,5,11,9,1103013
Trammel,2590,1107,0,9,21,1103013
Trammel,2669,1110,0,11,9,1103013
Trammel,2677,1122,0,11,18,1103013
Trammel,2570,1126,0,9,11,1103013
Trammel,2637,1131,0,11,12,1103013
Trammel,2665,1131,3,12,13,1103013
Trammel,2649,1134,0,15,16,1103013
Trammel,2561,1143,5,11,9,1103013
Trammel,2569,1152,5,11,9,1103022
Trammel,2597,1152,0,15,17,1103022
Trammel,2641,1152,0,9,12,1103022
Trammel,2613,1161,0,11,9,1103022
Trammel,2637,1164,3,9,9,1103022
Trammel,2633,1179,0,10,14,1103022
Trammel,2562,1185,10,10,15,1103022
Trammel,2633,1199,0,10,48,1103022
Trammel,2561,1200,5,11,15,1103022
Trammel,2577,1200,5,11,9,1103022
Trammel,2595,1203,5,9,13,1103022
Trammel,2585,1209,5,10,9,1103022
Trammel,2581,1218,4,11,9,1103022
Trammel,2605,1227,0,11,9,1103022
Trammel,2643,1240,0,9,10,1103022
Trammel,2569,1242,0,11,16,1103022
Trammel,2581,1248,0,11,10,1103022
Trammel,2593,1248,0,11,10,1103022
Trammel,2637,1250,0,15,9,1103022
Trammel,2613,1251,5,11,13,1103022
Trammel,2604,1252,0,9,9,1103022
Trammel,2625,1254,0,12,9,1103022
Trammel,2688,102,0,10,10,0
Trammel,2688,112,0,10,16,0
Trammel,2688,128,0,14,14,0
Trammel,2803,231,-1,9,9,0
Trammel,2793,237,0,10,9,0
Trammel,2781,243,0,9,9,0
Trammel,2797,246,0,11,9,0
Trammel,2805,264,7,10,120,1106003
Trammel,2732,266,15,13,21,1106003
Trammel,2796,267,15,9,24,1106003
Trammel,2786,270,15,10,11,1106003
Trammel,2745,285,15,9,9,1106003
Trammel,2739,295,15,9,12,1106003
Trammel,2731,307,15,10,25,1106003
Trammel,2796,310,15,9,13,1106003
Trammel,2785,317,15,9,9,1106003
Trammel,2755,322,15,9,11,1106003
Trammel,2796,323,15,9,9,1106003
Trammel,2786,326,15,9,9,1106003
Trammel,2770,327,15,10,9,1106003
Trammel,2736,332,15,9,11,1106003
Trammel,2740,344,15,9,11,1106003
Trammel,2688,351,15,9,24,1106003
Trammel,2741,355,15,9,21,1106003
Trammel,2796,356,15,9,10,1106003
Trammel,2758,358,15,10,10,1106003
Trammel,2769,360,15,10,9,1106003
Trammel,2717,361,16,10,23,1106003
Trammel,2728,363,15,10,21,1106003
Trammel,2753,368,16,9,16,1106003
Trammel,2769,371,18,9,10,1106003
Trammel,2692,375,15,12,9,1106003
Trammel,2695,384,15,26,9,1106003
Trammel,2744,384,15,11,12,1106003
Trammel,2769,384,15,11,10,1106003
Trammel,2798,384,15,18,17,1106003
Trammel,2713,395,15,10,11,1106003
Trammel,2752,396,15,9,15,1106003
Trammel,2777,401,17,11,10,1106003
Trammel,2799,401,15,17,12,1106003
Trammel,2729,403,15,9,12,1106003
Trammel,2742,409,18,9,9,1106003
Trammel,2778,411,16,9,12,1106003
Trammel,2797,413,15,19,14,1106003
Trammel,2688,415,15,11,11,1106003
Trammel,2708,417,15,9,10,1106003
Trammel,2748,424,18,9,9,1106003
Trammel,2772,426,15,10,9,1106003
Trammel,2801,427,15,15,35,1106003
Trammel,2746,433,15,9,11,1106003
Trammel,2756,437,15,9,13,1106003
Trammel,2689,439,15,9,13,1106003
Trammel,2698,442,15,9,12,1106003
Trammel,2776,444,18,9,9,1106003
Trammel,2711,447,16,9,11,1106003
Trammel,2737,449,15,9,12,1106003
Trammel,2784,454,15,9,12,1106003
Trammel,2758,455,18,11,11,1106003
Trammel,2804,462,16,12,50,1106003
Trammel,2709,473,15,9,9,1106003
Trammel,2737,479,15,9,11,1106003
Trammel,2792,480,15,12,15,1106003
Trammel,2699,491,15,10,21,1106003
Trammel,2775,493,16,17,9,1106003
Trammel,2720,494,15,9,9,1106003
Trammel,2688,495,18,10,17,1106003
Trammel,2792,495,15,10,17,1106003
Trammel,2709,496,15,10,16,1106003
Trammel,2793,513,8,9,9,1106003
Trammel,2802,520,5,14,10,1106003
Trammel,2773,522,0,10,12,1106003
Trammel,2712,525,14,14,15,1106003
Trammel,2726,525,8,11,22,1106003
Trammel,2713,540,8,11,9,1106003
Trammel,2798,543,0,10,9,1106003
Trammel,2707,553,0,9,34,1106003
Trammel,2716,555,2,9,9,1106003
Trammel,2697,561,0,10,28,1106003
Trammel,2688,568,0,9,23,1106003
Trammel,2765,594,0,10,9,1106003
Trammel,2785,606,0,11,9,1106003
Trammel,2747,609,0,9,9,1106003
Trammel,2769,610,0,11,11,1106003
Trammel,2735,614,-1,9,10,1106003
Trammel,2801,614,0,15,10,1106003
Trammel,2759,621,0,9,9,1106003
Trammel,2703,622,-2,16,13,1106003
Trammel,2726,622,-1,9,14,1106003
Trammel,2694,624,-2,9,12,1106003
Trammel,2769,627,0,9,9,1106003
Trammel,2737,642,0,11,9,1113002
Trammel,2701,651,0,11,9,1113002
Trammel,2725,654,0,10,12,1113002
Trammel,2711,660,0,9,15,1113002
Trammel,2741,660,0,9,12,1113002
Trammel,2701,669,0,9,9,1113002
Trammel,2735,672,0,9,9,1113002
Trammel,2785,675,0,11,9,1113002
Trammel,2749,693,0,11,9,1113002
Trammel,2805,693,0,11,11,1113002
Trammel,2793,699,0,11,9,1113002
Trammel,2701,701,0,11,13,1113002
Trammel,2733,702,0,11,12,1113002
Trammel,2790,709,0,10,11,1113002
Trammel,2761,711,0,12,12,1113002
Trammel,2689,714,0,11,9,1113002
Trammel,2701,717,0,11,18,1113002
Trammel,2741,720,0,10,10,1113002
Trammel,2773,720,0,11,9,1113002
Trammel,2803,721,0,9,11,1113002
Trammel,2757,726,0,15,9,1113002
Trammel,2797,732,0,11,30,1113002
Trammel,2731,734,0,9,13,1113002
Trammel,2753,735,0,15,9,1113002
Trammel,2693,741,0,12,12,1113002
Trammel,2769,741,0,11,15,1113002
Trammel,2729,747,0,15,9,1113002
Trammel,2753,747,0,11,12,1113002
Trammel,2717,753,0,10,9,1113002
Trammel,2737,756,0,11,9,1113002
Trammel,2773,756,0,12,12,1113002
Trammel,2697,759,0,11,9,1113002
Trammel,2757,759,0,11,9,1113002
Trammel,2705,768,0,11,9,1113002
Trammel,2769,768,0,16,9,1113002
Trammel,2697,777,0,11,9,1113002
Trammel,2777,783,0,9,9,1113002
Trammel,2701,789,0,11,9,1113002
Trammel,2777,792,0,9,12,1113002
Trammel,2717,801,0,11,9,1113002
Trammel,2733,807,0,11,9,1113002
Trammel,2757,807,0,11,9,1113002
Trammel,2721,810,0,11,9,1113002
Trammel,2770,813,0,10,9,1113002
Trammel,2721,819,0,11,9,1113002
Trammel,2745,819,0,11,9,1113002
Trammel,2761,825,0,11,9,1113002
Trammel,2733,828,0,11,11,1113002
Trammel,2701,846,0,11,9,1113002
Trammel,2784,846,0,9,17,1113002
Trammel,2689,858,0,11,9,1113002
Trammel,2717,873,0,10,9,1113002
Trammel,2784,873,0,9,15,1113002
Trammel,2717,882,0,10,9,1113002
Trammel,2769,1024,0,27,18,1103023
Trammel,2757,1029,0,11,33,1103023
Trammel,2729,1041,0,11,9,1103023
Trammel,2768,1042,0,9,10,1103023
Trammel,2741,1044,0,16,21,1103023
Trammel,2739,1065,0,12,21,1103023
Trammel,2729,1066,0,10,43,1103023
Trammel,2717,1089,0,12,19,1103023
Trammel,2701,1101,0,11,9,1103023
Trammel,2713,1108,0,16,11,1103023
Trammel,2701,1122,0,11,12,1103023
Trammel,2688,1125,0,12,12,1103023
Trammel,2772,1991,0,11,13,1102033
Trammel,2715,2027,0,13,10,1102033
Trammel,2785,3488,0,9,10,0
Trammel,2781,3502,0,9,12,0
Trammel,2769,3544,0,10,9,0
Trammel,2866,32,-1,9,22,0
Trammel,2935,51,1,9,15,0
Trammel,2857,52,-2,9,20,0
Trammel,2926,55,-1,9,14,0
Trammel,2889,66,0,14,20,0
Trammel,2903,68,0,9,13,0
Trammel,2933,78,0,11,9,0
Trammel,2858,84,-1,10,9,0
Trammel,2897,93,0,11,12,0
Trammel,2917,93,0,9,18,0
Trammel,2908,97,0,9,24,0
Trammel,2829,105,0,9,11,0
Trammel,2855,105,-2,9,23,0
Trammel,2897,111,0,11,10,0
Trammel,2838,114,0,17,14,0
Trammel,2836,128,0,28,9,0
Trammel,2842,137,0,10,56,0
Trammel,2882,159,0,9,41,0
Trammel,2857,165,0,11,9,0
Trammel,2833,168,1,9,9,0
Trammel,2845,201,0,11,9,0
Trammel,2861,222,0,11,9,0
Trammel,2833,240,0,11,12,0
Trammel,2845,256,0,12,9,0
Trammel,2836,258,0,9,9,0
Trammel,2833,267,0,14,11,0
Trammel,2847,271,2,10,9,0
Trammel,2838,278,2,9,10,0
Trammel,2848,280,0,9,10,0
Trammel,2927,283,2,9,31,0
Trammel,2918,295,0,9,26,0
Trammel,2909,309,1,9,12,0
Trammel,2852,318,1,10,19,0
Trammel,2898,318,-2,9,18,0
Trammel,2862,325,0,9,19,0
Trammel,2843,326,-2,9,14,0
Trammel,2933,327,5,10,10,0
Trammel,2888,329,-2,10,13,0
Trammel,2871,330,0,17,9,0
Trammel,2816,331,15,16,21,0
Trammel,2898,340,4,9,16,0
Trammel,2834,343,10,12,17,0
Trammel,2913,351,5,19,9,0
Trammel,2816,352,15,9,16,0
Trammel,2900,360,0,9,9,0
Trammel,2831,363,15,15,10,0
Trammel,2875,364,0,9,12,0
Trammel,2849,368,12,11,10,0
Trammel,2906,369,0,9,12,0
Trammel,2915,372,0,10,11,0
Trammel,2888,373,0,13,9,0
Trammel,2825,375,15,12,9,0
Trammel,2817,389,15,9,121,0
Trammel,2853,393,15,9,10,0
Trammel,2895,393,0,10,12,0
Trammel,2843,395,15,9,9,0
Trammel,2915,395,0,9,10,0
Trammel,2826,399,15,9,37,0
Trammel,2907,405,0,9,9,0
Trammel,2923,407,0,9,10,0
Trammel,2877,410,10,10,9,0
Trammel,2847,413,15,9,9,0
Trammel,2835,414,15,9,22,0
Trammel,2896,415,0,10,16,0
Trammel,2878,419,10,11,12,0
Trammel,2916,423,0,9,10,0
Trammel,2848,428,15,10,10,0
Trammel,2826,436,15,9,25,0
Trammel,2838,437,15,10,9,0
Trammel,2858,437,15,9,12,0
Trammel,2848,438,15,9,9,0
Trammel,2847,447,15,9,15,0
Trammel,2906,453,5,10,10,0
Trammel,2894,458,0,9,9,0
Trammel,2833,463,15,9,44,0
Trammel,2847,466,15,9,18,0
Trammel,2890,472,1,10,9,0
Trammel,2906,472,5,11,14,0
Trammel,2874,480,0,9,9,0
Trammel,2856,483,15,10,14,0
Trammel,2842,484,15,9,15,0
Trammel,2934,484,10,10,10,0
Trammel,2913,491,10,11,21,0
Trammel,2884,493,10,18,14,0
Trammel,2932,494,12,12,10,0
Trammel,2866,496,10,18,11,0
Trammel,2902,498,10,11,14,0
Trammel,2845,499,15,10,11,0
Trammel,2856,500,10,10,10,0
Trammel,2929,514,15,11,15,1113003
Trammel,2914,518,8,9,14,1113003
Trammel,2842,519,8,10,9,1113003
Trammel,2905,525,0,9,15,1113003
Trammel,2847,528,0,10,11,1113003
Trammel,2875,529,0,11,13,1113003
Trammel,2935,529,8,9,9,1113003
Trammel,2890,530,8,11,9,1113003
Trammel,2933,545,0,10,11,1113003
Trammel,2899,547,0,9,10,1113003
Trammel,2910,548,0,9,10,1113003
Trammel,2905,558,0,11,10,1113003
Trammel,2850,560,0,10,9,1113003
Trammel,2887,561,0,9,9,1113003
Trammel,2930,562,0,10,9,1113003
Trammel,2917,563,0,12,9,1113003
Trammel,2864,565,0,10,11,1113003
Trammel,2886,570,0,13,13,1113003
Trammel,2874,572,0,9,11,1113003
Trammel,2920,572,0,10,9,1113003
Trammel,2836,573,0,9,9,1113003
Trammel,2899,576,0,11,13,1113003
Trammel,2845,580,0,13,9,1113003
Trammel,2930,580,0,9,10,1113003
Trammel,2913,581,0,14,10,1113003
Trammel,2874,589,0,13,9,1113003
Trammel,2816,616,0,9,21,1113003
Trammel,2825,623,0,9,17,1113003
Trammel,2817,3459,0,9,10,0
Trammel,2852,3520,0,9,9,0
Trammel,2896,3524,10,9,9,0
Trammel,2846,3529,0,15,9,0
Trammel,2931,3536,10,10,9,0
Trammel,2948,42,1,9,18,0
Trammel,2951,60,0,12,11,0
Trammel,3025,70,0,9,26,0
Trammel,3060,70,-1,12,14,0
Trammel,2950,71,0,9,9,0
Trammel,3035,73,0,11,55,0
Trammel,3046,74,0,14,19,0
Trammel,3047,93,0,17,23,0
Trammel,3018,96,-1,15,32,0
Trammel,3046,116,0,18,12,0
Trammel,3011,128,0,10,10,0
Trammel,3022,128,0,16,24,0
Trammel,3046,128,0,9,77,0
Trammel,3055,128,0,9,19,0
Trammel,3055,150,0,9,12,0
Trammel,3025,152,0,21,44,0
Trammel,2978,155,0,14,11,0
Trammel,3055,165,0,9,10,0
Trammel,2980,166,0,16,14,0
Trammel,3005,170,0,17,44,0
Trammel,2973,180,-2,15,47,0
Trammel,3055,180,0,13,12,0
Trammel,3023,196,0,9,47,0
Trammel,3033,196,0,13,30,0
Trammel,2996,199,0,9,11,0
Trammel,3055,204,0,9,14,0
Trammel,3046,206,0,9,43,0
Trammel,2988,210,0,11,12,0
Trammel,2963,211,-2,10,15,0
Trammel,3013,214,0,10,26,0
Trammel,3055,225,0,9,15,0
Trammel,3032,226,0,9,20,0
Trammel,2983,227,0,9,10,0
Trammel,3057,240,0,11,9,0
Trammel,2947,256,0,28,14,0
Trammel,2980,258,0,14,12,0
Trammel,3052,258,0,13,13,0
Trammel,3019,260,0,12,31,0
Trammel,3032,260,0,13,14,0
Trammel,2994,262,0,9,10,0
Trammel,2944,270,0,15,9,0
Trammel,2985,270,0,9,12,0
Trammel,3032,278,0,9,19,0
Trammel,2948,279,0,9,11,0
Trammel,2958,279,0,9,9,0
Trammel,2980,289,0,10,22,0
Trammel,3001,289,0,14,13,0
Trammel,2958,292,2,10,11,0
Trammel,2990,292,6,9,19,0
Trammel,3016,293,1,11,9,0
Trammel,3029,297,0,9,22,0
Trammel,2999,302,0,10,9,0
Trammel,2966,306,5,10,15,0
Trammel,3035,320,0,9,9,0
Trammel,2945,342,0,9,22,0
Trammel,2954,353,0,9,18,0
Trammel,2963,362,0,9,16,0
Trammel,2974,370,0,10,13,0
Trammel,3012,384,0,12,19,0
Trammel,2978,388,7,9,11,0
Trammel,2987,397,0,9,18,0
Trammel,2944,398,5,10,12,0
Trammel,2996,400,0,11,11,0
Trammel,2967,401,0,9,72,0
Trammel,2976,406,1,10,21,0
Trammel,2956,417,5,11,27,0
Trammel,2946,440,2,10,9,0
Trammel,2976,441,0,9,26,0
Trammel,2956,444,0,11,15,0
Trammel,3059,463,-1,9,23,0
Trammel,2944,482,10,9,25,0
Trammel,2953,487,10,9,23,0
Trammel,3039,492,-3,17,9,0
Trammel,3037,512,0,11,10,0
Trammel,2965,525,8,9,13,0
Trammel,3005,525,0,15,18,0
Trammel,3025,525,0,11,13,0
Trammel,3041,525,0,11,9,0
Trammel,2990,528,1,10,12,0
Trammel,2981,535,1,9,11,0
Trammel,2964,538,0,9,10,0
Trammel,3020,538,0,13,18,0
Trammel,3040,539,0,10,13,0
Trammel,3011,543,0,9,12,0
Trammel,3050,544,0,10,29,0
Trammel,2991,545,0,13,10,0
Trammel,3004,560,0,11,9,0
Trammel,2969,561,0,14,13,0
Trammel,3031,561,0,9,10,0
Trammel,2946,564,0,10,9,0
Trammel,2990,566,0,9,9,0
Trammel,2957,568,0,10,11,0
Trammel,3032,571,0,11,11,0
Trammel,2987,575,0,9,13,0
Trammel,3054,576,0,10,9,0
Trammel,3039,583,0,9,57,0
Trammel,3021,588,0,12,52,0
Trammel,3048,588,0,16,52,0
Trammel,3010,3552,15,11,10,0
Trammel,2998,3589,15,13,9,0
Trammel,2960,3623,0,9,9,0
Trammel,3164,15,0,10,73,0
Trammel,3174,16,0,10,25,0
Trammel,3184,24,0,9,14,0
Trammel,3155,26,0,9,20,0
Trammel,3146,35,1,9,14,0
Trammel,3155,46,3,9,38,0
Trammel,3108,48,0,9,24,0
Trammel,3138,49,0,9,31,0
Trammel,3117,56,0,21,16,0
Trammel,3075,61,0,9,14,0
Trammel,3099,62,-1,9,12,0
Trammel,3174,62,2,9,12,0
Trammel,3174,74,4,15,22,0
Trammel,3085,81,4,11,9,0
Trammel,3121,99,0,10,15,0
Trammel,3089,114,4,11,9,0
Trammel,3137,128,0,10,13,0
Trammel,3191,136,0,9,20,0
Trammel,3141,141,0,9,9,0
Trammel,3089,150,4,11,9,0
Trammel,3185,156,1,15,12,0
Trammel,3125,162,0,14,20,0
Trammel,3113,171,4,12,32,0
Trammel,3177,177,0,11,9,0
Trammel,3081,180,4,11,9,0
Trammel,3093,180,4,11,9,0
Trammel,3163,192,-1,9,12,0
Trammel,3185,195,0,11,12,0
Trammel,3109,203,0,9,11,0
Trammel,3077,219,0,12,9,0
Trammel,3105,219,0,9,9,0
Trammel,3191,231,2,9,25,0
Trammel,3081,237,0,11,9,0
Trammel,3188,256,0,12,12,0
Trammel,3184,301,-2,9,71,0
Trammel,3175,306,1,9,69,0
Trammel,3083,311,-1,9,15,0
Trammel,3166,311,1,9,14,0
Trammel,3163,328,0,12,12,0
Trammel,3093,329,0,25,9,0
Trammel,3118,334,0,9,25,0
Trammel,3104,338,0,14,10,0
Trammel,3127,344,0,9,26,0
Trammel,3136,354,0,9,30,0
Trammel,3164,361,1,11,17,0
Trammel,3145,362,0,9,22,0
Trammel,3155,362,0,9,19,0
Trammel,3127,371,0,9,13,0
Trammel,3125,384,-2,19,9,0
Trammel,3121,393,0,19,10,0
Trammel,3141,402,4,11,9,0
Trammel,3128,403,3,12,11,0
Trammel,3085,414,0,11,9,0
Trammel,3097,414,0,11,9,0
Trammel,3109,419,0,9,10,0
Trammel,3181,420,4,9,9,0
Trammel,3125,426,9,11,9,0
Trammel,3169,435,4,11,12,0
Trammel,3157,441,6,11,9,0
Trammel,3089,444,0,11,9,0
Trammel,3145,447,8,11,15,0
Trammel,3161,459,4,11,9,0
Trammel,3117,468,4,11,9,0
Trammel,3191,480,1,9,15,0
Trammel,3182,486,1,9,12,0
Trammel,3093,489,0,10,9,0
Trammel,3117,489,4,11,9,0
Trammel,3149,489,0,10,9,0
Trammel,3191,495,0,9,9,0
Trammel,3097,498,0,11,9,0
Trammel,3121,498,4,11,9,0
Trammel,3093,513,0,11,9,0
Trammel,3106,525,4,10,9,0
Trammel,3141,525,5,11,9,0
Trammel,3073,528,0,15,9,0
Trammel,3089,528,0,11,9,0
Trammel,3137,534,5,11,9,0
Trammel,3101,540,0,11,9,0
Trammel,3149,543,5,11,30,0
Trammel,3169,549,8,11,9,0
Trammel,3125,558,8,11,9,0
Trammel,3137,564,8,12,9,0
Trammel,3161,567,8,11,9,0
Trammel,3177,576,8,11,9,0
Trammel,3109,579,5,15,9,0
Trammel,3145,579,8,11,9,0
Trammel,3165,585,8,15,48,0
Trammel,3181,585,8,11,48,0
Trammel,3153,594,8,12,36,0
Trammel,3081,600,0,15,9,0
Trammel,3119,603,5,9,9,0
Trammel,3137,609,5,11,9,0
Trammel,3097,612,0,9,9,0
Trammel,3107,627,0,9,12,0
Trammel,3133,648,0,11,9,0
Trammel,3177,654,8,9,9,0
Trammel,3189,660,5,11,12,0
Trammel,3165,669,8,11,9,0
Trammel,3149,675,5,15,9,0
Trammel,3174,684,8,10,9,0
Trammel,3177,696,5,11,9,0
Trammel,3110,708,0,10,9,0
Trammel,3146,738,0,10,17,0
Trammel,3157,741,0,12,27,0
Trammel,3169,750,5,11,18,0
Trammel,3147,755,0,10,9,0
Trammel,3181,756,5,15,12,0
Trammel,3147,768,-1,53,18,0
Trammel,3152,786,0,48,10,0
Trammel,3158,796,0,30,9,0
Trammel,3174,805,0,14,9,0
Trammel,3247,86,-1,11,17,0
Trammel,3258,87,0,9,18,0
Trammel,3234,91,0,10,23,0
Trammel,3267,96,0,9,13,0
Trammel,3276,101,0,9,25,0
Trammel,3253,108,4,10,9,0
Trammel,3285,110,0,9,18,0
Trammel,3225,112,0,9,16,0
Trammel,3234,117,0,10,9,0
Trammel,3225,128,0,15,10,0
Trammel,3277,128,0,16,10,0
Trammel,3228,138,0,11,11,0
Trammel,3241,141,0,11,12,0
Trammel,3238,153,0,10,9,0
Trammel,3257,156,4,11,9,0
Trammel,3200,160,0,9,14,0
Trammel,3244,162,0,12,10,0
Trammel,3243,186,-2,9,9,0
Trammel,3261,198,0,14,9,0
Trammel,3237,204,0,11,10,0
Trammel,3265,207,0,10,9,0
Trammel,3273,217,0,9,20,0
Trammel,3213,219,0,11,9,0
Trammel,3249,225,0,11,12,0
Trammel,3319,233,-1,9,23,0
Trammel,3277,237,0,12,18,0
Trammel,3201,240,0,11,9,0
Trammel,3217,258,0,11,9,0
Trammel,3249,261,4,11,9,0
Trammel,3201,264,0,11,16,0
Trammel,3233,264,2,15,9,0
Trammel,3269,273,0,11,9,0
Trammel,3299,274,-1,9,26,0
Trammel,3215,279,0,9,18,0
Trammel,3225,282,0,11,12,0
Trammel,3213,297,2,15,15,0
Trammel,3200,298,0,13,16,0
Trammel,3262,300,3,10,9,0
Trammel,3281,301,0,9,11,0
Trammel,3213,312,2,11,9,0
Trammel,3226,312,4,10,9,0
Trammel,3265,312,0,11,9,0
Trammel,3285,312,0,9,12,0
Trammel,3201,314,2,11,22,0
Trammel,3261,330,4,11,9,0
Trammel,3217,336,9,11,9,0
Trammel,3201,342,9,11,9,0
Trammel,3241,348,7,11,9,0
Trammel,3287,364,-1,9,15,0
Trammel,3257,375,0,9,9,0
Trammel,3245,386,0,10,13,0
Trammel,3233,387,3,10,9,0
Trammel,3271,391,-1,9,16,0
Trammel,3290,396,0,10,9,0
Trammel,3262,404,2,9,22,0
Trammel,3289,405,-1,11,9,0
Trammel,3271,407,0,9,15,0
Trammel,3301,411,0,12,9,0
Trammel,3252,414,-1,10,12,0
Trammel,3223,415,-2,9,11,0
Trammel,3241,417,0,11,9,0
Trammel,3305,435,0,9,9,0
Trammel,3233,468,3,11,9,0
Trammel,3255,475,-2,9,11,0
Trammel,3293,480,4,11,9,0
Trammel,3200,483,0,12,21,0
Trammel,3233,483,0,11,9,0
Trammel,3255,495,0,9,9,0
Trammel,3313,498,0,11,12,0
Trammel,3269,512,0,11,10,0
Trammel,3249,519,0,11,9,0
Trammel,3201,528,5,11,9,0
Trammel,3286,537,0,10,9,0
Trammel,3239,544,5,9,11,0
Trammel,3209,549,5,11,9,0
Trammel,3229,552,5,10,36,0
Trammel,3220,556,5,9,35,0
Trammel,3239,561,0,9,21,0
Trammel,3265,561,0,11,9,0
Trammel,3205,570,8,15,9,0
Trammel,3273,570,0,11,9,0
Trammel,3297,579,0,11,9,0
Trammel,3265,594,5,11,9,0
Trammel,3205,603,8,11,15,0
Trammel,3285,609,0,11,14,0
Trammel,3233,612,5,11,9,0
Trammel,3269,612,0,9,12,0
Trammel,3257,615,0,11,25,0
Trammel,3292,623,0,12,15,0
Trammel,3201,624,5,11,12,0
Trammel,3245,627,0,12,13,0
Trammel,3229,630,0,11,9,0
Trammel,3213,640,5,11,11,0
Trammel,3237,640,0,19,39,0
Trammel,3305,660,0,11,12,0
Trammel,3225,666,0,12,41,0
Trammel,3209,672,0,11,18,0
Trammel,3289,672,0,9,33,0
Trammel,3238,685,0,9,9,0
Trammel,3206,690,3,19,15,0
Trammel,3213,705,0,12,26,0
Trammel,3283,705,0,9,23,0
Trammel,3201,720,5,11,9,0
Trammel,3276,728,0,12,13,0
Trammel,3209,731,0,9,13,0
Trammel,3205,744,0,11,22,0
Trammel,3429,107,0,9,9,0
Trammel,3438,112,0,9,16,0
Trammel,3447,116,0,9,12,0
Trammel,3444,128,0,12,9,0
Trammel,3366,182,-1,10,19,0
Trammel,3447,184,2,9,17,0
Trammel,3381,187,0,9,11,0
Trammel,3352,191,-1,14,19,0
Trammel,3428,197,-1,12,16,0
Trammel,3393,198,0,9,9,0
Trammel,3377,204,0,12,9,0
Trammel,3339,205,0,13,21,0
Trammel,3405,208,0,19,14,0
Trammel,3328,210,0,11,42,0
Trammel,3381,213,0,11,9,0
Trammel,3369,216,0,11,9,0
Trammel,3340,226,0,12,17,0
Trammel,3371,231,4,9,20,0
Trammel,3410,231,0,10,12,0
Trammel,3433,231,0,11,13,0
Trammel,3445,231,0,10,11,0
Trammel,3361,240,4,10,9,0
Trammel,3417,256,0,9,10,0
Trammel,3406,258,1,10,36,0
Trammel,3353,270,4,9,12,0
Trammel,3389,273,4,10,9,0
Trammel,3341,276,4,9,12,0
Trammel,3416,284,0,10,10,0
Trammel,3362,288,9,10,12,0
Trammel,3426,290,0,10,13,0
Trammel,3436,295,0,9,14,0
Trammel,3349,297,9,11,9,0
Trammel,3373,297,9,12,9,0
Trammel,3445,298,0,9,14,0
Trammel,3337,300,4,10,9,0
Trammel,3397,303,4,11,9,0
Trammel,3417,306,0,11,9,0
Trammel,3329,309,4,11,9,0
Trammel,3381,315,4,15,9,0
Trammel,3334,327,4,10,36,0
Trammel,3445,327,0,11,9,0
Trammel,3381,333,4,11,9,0
Trammel,3344,339,4,12,24,0
Trammel,3369,360,4,15,9,0
Trammel,3333,363,0,11,9,0
Trammel,3349,364,4,11,11,0
Trammel,3397,375,4,11,9,0
Trammel,3413,387,4,9,9,0
Trammel,3329,390,0,11,9,0
Trammel,3441,408,0,11,11,0
Trammel,3413,411,4,11,9,0
Trammel,3381,417,9,11,9,0
Trammel,3425,417,4,10,9,0
Trammel,3445,423,0,11,9,0
Trammel,3401,432,9,11,9,0
Trammel,3377,438,9,11,9,0
Trammel,3445,441,0,10,40,0
Trammel,3385,450,9,11,9,0
Trammel,3337,459,0,11,12,0
Trammel,3433,465,0,12,17,0
Trammel,3353,471,4,11,9,0
Trammel,3390,471,6,10,12,0
Trammel,3409,483,0,9,9,0
Trammel,3357,489,4,11,9,0
Trammel,3385,498,0,9,12,0
Trammel,3385,516,0,9,13,0
Trammel,3353,519,5,15,15,0
Trammel,3342,531,5,11,18,0
Trammel,3381,532,0,9,10,0
Trammel,3333,534,5,9,16,0
Trammel,3357,558,0,11,9,0
Trammel,3439,576,-2,9,9,0
Trammel,3361,579,0,11,21,0
Trammel,3347,585,0,9,12,0
Trammel,3427,587,1,9,13,0
Trammel,3373,590,0,9,19,0
Trammel,3418,593,1,9,13,0
Trammel,3386,596,0,9,16,0
Trammel,3399,597,0,19,12,0
Trammel,3335,615,8,9,9,0
Trammel,3425,624,0,12,9,0
Trammel,3406,627,0,10,9,0
Trammel,3413,640,0,22,22,0
Trammel,3435,640,0,14,9,0
Trammel,3329,642,0,12,18,0
Trammel,3365,657,0,11,9,0
Trammel,3401,657,0,12,17,0
Trammel,3413,662,0,9,9,0
Trammel,3411,2586,42,9,11,1109012
Trammel,3399,2612,42,11,31,1109012
Trammel,3411,2612,50,9,10,1109012
Trammel,3419,2623,49,9,41,1109012
Trammel,3410,2628,49,9,9,1109012
Trammel,3409,2646,49,10,24,1109012
Trammel,3348,2659,2,9,11,1109012
Trammel,3400,2659,48,9,29,1109012
Trammel,3421,2667,48,16,12,1109012
Trammel,3348,2671,0,9,17,1109012
Trammel,3385,2673,43,15,12,1109012
Trammel,3425,2679,48,10,9,1109012
Trammel,3401,2688,46,15,12,1109012
Trammel,3422,2688,51,10,12,1109012
Trammel,3401,2700,47,22,9,1109012
Trammel,3436,2700,49,12,12,1109012
Trammel,3403,2709,46,10,9,1109012
Trammel,3431,2712,54,9,21,1109012
Trammel,3441,2718,52,11,15,1109012
Trammel,3435,2733,48,13,9,1109012
Trammel,3456,128,0,12,15,0
Trammel,3468,139,0,9,29,0
Trammel,3477,162,0,9,15,0
Trammel,3465,168,0,11,9,0
Trammel,3458,177,0,14,12,0
Trammel,3461,222,0,9,9,0
Trammel,3510,279,0,9,9,0
Trammel,3500,288,-2,15,22,0
Trammel,3489,295,0,11,11,0
Trammel,3475,297,-2,9,9,0
Trammel,3456,298,0,12,17,0
Trammel,3489,306,0,11,17,0
Trammel,3477,312,0,12,13,0
Trammel,3465,321,0,12,12,0
Trammel,3481,340,0,10,17,0
Trammel,3491,344,0,9,12,0
Trammel,3496,356,0,11,16,0
Trammel,3457,408,0,11,17,0
Trammel,3468,409,0,9,20,0
Trammel,3456,425,0,12,12,0
Trammel,3474,531,0,9,12,0
Trammel,3473,561,0,11,9,0
Trammel,3473,588,0,9,10,0
Trammel,3461,591,0,11,9,0
Trammel,3566,2112,20,9,10,1105003
Trammel,3540,2148,20,10,9,1105003
Trammel,3525,2373,5,9,9,1109012
Trammel,3485,2381,13,13,10,1109012
Trammel,3560,2390,12,9,10,1109012
Trammel,3547,2404,19,10,14,1109012
Trammel,3517,2408,48,9,24,1109012
Trammel,3559,2412,10,9,20,1109012
Trammel,3569,2421,9,9,9,1109012
Trammel,3463,2658,6,14,9,1109012
Trammel,3457,2723,47,9,10,1109012
Trammel,3457,2736,49,14,9,1109012
Trammel,3699,2025,-3,13,20,1105003
Trammel,3687,2030,-3,12,15,1105003
Trammel,3642,2102,23,10,9,1105002
Trammel,3607,2397,36,9,9,1109012
Trammel,3613,2406,46,10,9,1109012
Trammel,3599,2415,45,18,17,1109012
Trammel,3689,2418,41,11,9,1109012
Trammel,3657,2422,31,13,10,1109012
Trammel,3657,2433,40,10,9,1109012
Trammel,3696,2437,43,9,14,1109012
Trammel,3627,2439,30,12,9,1109012
Trammel,3669,2442,36,10,9,1109012
Trammel,3617,2457,7,10,14,1109012
Trammel,3657,2460,0,19,9,1109012
Trammel,3598,2462,6,9,10,1109012
Trammel,3584,2469,2,12,12,1109012
Trammel,3597,2478,0,10,21,1109012
Trammel,3625,2479,0,22,10,1109012
Trammel,3657,2479,0,14,10,1109012
Trammel,3615,2481,0,10,14,1109012
Trammel,3679,2481,0,10,22,1109012
Trammel,3701,2481,0,9,9,1109012
Trammel,3691,2487,0,10,9,1109012
Trammel,3649,2490,0,11,12,1109012
Trammel,3585,2499,0,14,15,1109012
Trammel,3617,2511,0,22,10,1109012
Trammel,3673,2511,0,14,10,1109012
Trammel,3647,2513,0,10,14,1109012
Trammel,3701,2513,0,11,16,1109012
Trammel,3593,2517,0,11,9,1109012
Trammel,3604,2521,0,9,11,1109012
Trammel,3613,2522,0,10,10,1109012
Trammel,3584,2524,0,9,11,1109012
Trammel,3593,2526,0,11,12,1109012
Trammel,3609,2532,0,11,15,1109012
Trammel,3641,2535,0,14,10,1109012
Trammel,3681,2535,0,11,15,1109012
Trammel,3697,2541,0,12,9,1109012
Trammel,3585,2544,0,11,16,1109012
Trammel,3647,2545,0,10,12,1109012
Trammel,3669,2546,0,11,10,1109012
Trammel,3597,2550,0,11,10,1109012
Trammel,3647,2560,0,10,18,1109012
Trammel,3630,2566,0,10,9,1109012
Trammel,3613,2570,0,9,10,1109012
Trammel,3598,2571,0,9,9,1109012
Trammel,3670,2573,0,10,10,1109012
Trammel,3592,2581,0,20,15,1109012
Trammel,3647,2581,0,9,22,1109012
Trammel,3614,2582,0,9,11,1109012
Trammel,3628,2600,0,11,9,1109012
Trammel,3589,2608,0,17,18,1109012
Trammel,3646,2614,0,11,11,1109012
Trammel,3647,2625,0,10,11,1109012
Trammel,3681,2625,0,9,9,1109012
Trammel,3693,2626,13,12,12,1109012
Trammel,3682,2641,0,9,11,1109012
Trammel,3693,2644,14,10,14,1109012
Trammel,3696,2677,18,9,11,1109012
Trammel,3698,2697,17,14,13,1109012
Trammel,3712,2023,0,10,22,1105003
Trammel,3722,2027,0,9,18,1105003
Trammel,3731,2030,0,9,15,1105003
Trammel,3718,2469,26,10,9,1109012
Trammel,3741,2499,45,9,12,1109012
Trammel,3712,2505,0,12,9,1109012
Trammel,3742,2511,47,10,9,1109012
Trammel,3739,2531,33,9,16,1109012
Trammel,3745,2550,40,9,10,1109012
Trammel,3745,2565,40,9,10,1109012
Trammel,3757,2586,67,9,12,1109012
Trammel,3742,2637,40,10,10,1109012
Trammel,3927,195,7,9,61,0
Trammel,3903,196,3,10,32,0
Trammel,3894,207,-1,9,49,0
Trammel,3913,207,0,14,49,0
Trammel,3936,210,0,9,46,0
Trammel,3959,213,-1,9,43,0
Trammel,3945,214,0,9,42,0
Trammel,3885,222,-2,9,34,0
Trammel,3903,235,0,10,21,0
Trammel,3876,236,2,9,20,0
Trammel,3867,247,2,9,9,0
Trammel,3869,256,0,72,12,0
Trammel,3874,268,0,64,9,0
Trammel,3881,277,0,57,9,0
Trammel,3890,286,0,48,9,0
Trammel,3903,295,0,38,9,0
Trammel,3908,304,0,37,9,0
Trammel,3910,313,0,38,71,0
Trammel,3948,333,0,9,51,0
Trammel,3957,351,0,9,33,0
Trammel,3902,384,0,64,36,0
Trammel,3893,419,0,9,20,0
Trammel,3902,420,0,19,40,0
Trammel,3921,420,0,24,9,0
Trammel,3921,429,0,9,9,0
Trammel,3907,460,0,14,11,0
Trammel,3915,471,0,14,9,0
Trammel,3924,480,0,16,9,0
Trammel,3940,485,0,10,19,0
Trammel,3950,490,0,12,22,0
Trammel,3945,512,0,23,11,0
Trammel,3950,523,0,18,9,0
Trammel,3959,532,0,9,9,0
Trammel,3989,179,2,10,77,0
Trammel,3999,187,0,9,69,0
Trammel,4008,189,0,10,67,0
Trammel,3979,191,-1,10,65,0
Trammel,4018,193,0,9,63,0
Trammel,4027,202,0,9,54,0
Trammel,3970,203,1,9,53,0
Trammel,4036,227,0,9,29,0
Trammel,3981,256,0,69,9,0
Trammel,4021,265,0,29,9,0
Trammel,4025,274,0,29,10,0
Trammel,4031,284,0,30,10,0
Trammel,4065,291,0,10,50,0
Trammel,4075,294,0,9,58,0
Trammel,4084,296,0,10,71,0
Trammel,4052,315,0,13,10,0
Trammel,3968,393,0,9,22,0
Trammel,4059,490,0,12,22,0
Trammel,4050,492,0,9,20,0
Trammel,3968,493,0,16,19,0
Trammel,3984,494,0,10,18,0
Trammel,4033,494,0,17,18,0
Trammel,4071,494,0,9,18,0
Trammel,3994,495,0,39,17,0
Trammel,4080,499,0,16,13,0
Trammel,3968,512,3,128,20,0
Trammel,3968,532,0,65,17,0
Trammel,4062,532,0,34,108,0
Trammel,4033,539,-2,13,101,0
Trammel,3974,549,0,59,10,0
Trammel,3978,559,0,55,11,0
Trammel,3982,570,0,51,12,0
Trammel,4046,571,5,16,69,0
Trammel,3987,582,0,46,10,0
Trammel,3991,592,0,42,14,0
Trammel,3994,606,0,39,11,0
Trammel,4003,617,0,30,9,0
Trammel,4016,626,0,17,9,0
Trammel,4035,3273,0,9,11,0
Trammel,4044,3283,0,9,10,0
Trammel,4042,3367,-3,54,21,1305003
Trammel,4063,3388,0,24,59,1305003
Trammel,4087,3388,0,9,13,1305003
Trammel,4043,3403,0,20,10,1305003
Trammel,4047,3413,0,16,9,1305003
Trammel,4049,3422,0,14,11,1305003
Trammel,4054,3433,0,9,9,1305003
Trammel,4087,3440,0,9,16,1305003
Trammel,4076,3447,0,11,9,1305003
Trammel,4081,3456,0,15,10,1305003
Trammel,4119,287,0,10,97,0
Trammel,4108,291,-1,11,93,0
Trammel,4099,295,1,9,89,0
Trammel,4193,351,-2,10,21,0
Trammel,4178,352,1,15,32,0
Trammel,4167,354,-2,11,30,0
Trammel,4129,355,0,9,29,0
Trammel,4157,361,-3,10,23,0
Trammel,4138,365,0,19,19,0
Trammel,4104,384,0,94,9,0
Trammel,4129,393,0,67,9,0
Trammel,4136,402,0,60,9,0
Trammel,4145,411,0,55,9,0
Trammel,4156,420,0,51,10,0
Trammel,4165,430,0,43,9,0
Trammel,4176,439,0,36,9,0
Trammel,4185,448,0,27,10,0
Trammel,4193,458,0,25,9,0
Trammel,4201,467,0,19,12,0
Trammel,4203,479,0,20,11,0
Trammel,4210,490,0,14,9,0
Trammel,4096,498,0,9,14,0
Trammel,4105,500,0,10,12,0
Trammel,4096,512,0,16,128,0
Trammel,4120,512,0,9,128,0
Trammel,4133,527,0,10,113,0
Trammel,4143,540,0,9,97,0
Trammel,4152,550,0,10,83,0
Trammel,4162,555,0,10,78,0
Trammel,4214,577,34,9,9,0
Trammel,4172,583,0,9,34,0
Trammel,4181,604,0,10,13,0
Trammel,4204,612,0,10,28,0
Trammel,4214,613,0,10,27,0
Trammel,4204,640,0,20,73,0
Trammel,4167,648,0,20,10,0
Trammel,4191,648,0,13,52,0
Trammel,4173,658,0,18,9,0
Trammel,4177,667,0,14,10,0
Trammel,4179,677,0,12,9,0
Trammel,4214,713,0,10,10,0
Trammel,4204,3264,0,10,40,0
Trammel,4214,3268,0,10,35,0
Trammel,4180,3269,0,10,59,0
Trammel,4190,3274,0,11,54,0
Trammel,4170,3277,0,10,51,0
Trammel,4161,3280,0,9,48,0
Trammel,4150,3286,0,11,9,0
Trammel,4106,3294,0,13,13,0
Trammel,4119,3303,0,15,9,0
Trammel,4134,3307,0,9,11,0
Trammel,4143,3311,0,18,17,0
Trammel,4113,3316,0,9,12,0
Trammel,4121,3328,0,38,58,1305003
Trammel,4159,3328,0,39,16,1305003
Trammel,4159,3344,0,20,12,1305003
Trammel,4108,3348,0,13,52,1305003
Trammel,4098,3356,0,10,45,1305003
Trammel,4184,3362,0,9,36,1305003
Trammel,4193,3363,0,15,15,1305003
Trammel,4175,3369,0,9,80,1305003
Trammel,4159,3373,0,16,54,1305003
Trammel,4121,3386,0,13,18,1305003
Trammel,4184,3403,0,12,11,1305003
Trammel,4122,3408,0,9,33,1305003
Trammel,4163,3427,0,12,11,1305003
Trammel,4112,3430,0,9,16,1305003
Trammel,4103,3436,0,9,12,1305003
Trammel,4120,3456,0,9,15,1305002
Trammel,4096,3461,0,11,23,1305002
Trammel,4110,3461,0,9,14,1305002
Trammel,4099,3485,0,9,10,1305002
Trammel,4103,3495,0,13,11,1305002
Trammel,4130,3604,0,10,12,1305002
Trammel,4121,3609,0,9,22,1305002
Trammel,4134,3618,0,12,13,1305002
Trammel,4137,3631,0,10,11,1305002
Trammel,4162,3658,0,10,10,1305002
Trammel,4202,3663,3,10,11,1305002
Trammel,4148,3668,-1,13,11,1305002
Trammel,4181,3712,0,9,10,1305003
Trammel,4196,3713,0,10,10,1305003
Trammel,4208,3740,0,9,9,1305003
Trammel,4178,3743,-2,11,12,1305003
Trammel,4215,3762,0,9,14,1305003
Trammel,4224,496,0,10,16,0
Trammel,4229,512,0,13,12,0
Trammel,4236,524,0,11,10,0
Trammel,4256,593,0,9,40,0
Trammel,4241,608,0,15,32,0
Trammel,4227,611,0,14,29,0
Trammel,4224,640,0,38,91,0
Trammel,4262,697,0,9,59,0
Trammel,4271,707,0,9,52,0
Trammel,4280,719,0,9,40,0
Trammel,4242,731,0,20,9,0
Trammel,4253,740,0,9,9,0
Trammel,4293,1026,0,10,9,1107002
Trammel,4275,1035,0,13,24,1107002
Trammel,4337,1041,6,15,9,1107002
Trammel,4327,1047,8,9,12,1107002
Trammel,4337,1053,3,15,9,1107002
Trammel,4317,1056,8,9,9,1107002
Trammel,4325,1068,10,11,9,1107002
Trammel,4341,1068,0,11,12,1107002
Trammel,4317,1083,0,10,9,1107002
Trammel,4317,1116,0,11,11,1107002
Trammel,4337,1119,0,11,12,1107002
Trammel,4281,1122,7,11,9,1107002
Trammel,4265,1128,0,10,10,1107002
Trammel,4313,1128,10,10,9,1107002
Trammel,4282,1140,0,11,9,1107002
Trammel,4304,1152,3,12,9,1107002
Trammel,4292,1154,0,9,9,1107002
Trammel,4313,1167,0,11,9,1107002
Trammel,4330,1185,0,10,9,1107002
Trammel,4343,1212,0,9,10,1107002
Trammel,4224,3274,0,9,29,0
Trammel,4233,3281,0,9,20,0
Trammel,4284,3319,0,20,9,0
Trammel,4275,3328,0,29,16,1305003
Trammel,4266,3337,0,9,42,1305003
Trammel,4288,3344,0,15,22,1305003
Trammel,4275,3352,0,13,30,1305003
Trammel,4248,3381,0,10,10,1305003
Trammel,4260,3387,0,9,9,1305003
Trammel,4271,3413,0,11,43,1305003
Trammel,4282,3426,0,13,30,1305003
Trammel,4262,3429,0,9,27,1305003
Trammel,4252,3440,0,10,16,1305003
Trammel,4295,3445,0,16,11,1305003
Trammel,4238,3456,0,72,9,1305003
Trammel,4259,3465,0,19,9,1305003
Trammel,4233,3648,0,14,9,1305003
Trammel,4263,3651,0,9,9,1305003
Trammel,4297,3660,0,10,9,1305003
Trammel,4270,3661,0,13,11,1305003
Trammel,4315,3675,0,9,16,1305003
Trammel,4241,3677,0,10,11,1305003
Trammel,4328,3684,0,9,9,1305003
Trammel,4256,3694,0,9,15,1305003
Trammel,4337,3703,0,10,9,1305003
Trammel,4245,3716,0,9,11,1305003
Trammel,4337,3722,0,12,10,1305003
Trammel,4263,3725,0,10,10,1305003
Trammel,4329,3748,0,14,9,1305003
Trammel,4329,3759,0,10,11,1305003
Trammel,4320,3769,1,9,11,1305003
Trammel,4311,3776,0,9,14,1305003
Trammel,4291,3783,0,10,12,1305003
Trammel,4373,945,0,10,18,1107002
Trammel,4357,963,0,11,10,1107002
Trammel,4461,987,10,11,9,1107002
Trammel,4445,1002,0,11,12,1107002
Trammel,4441,1284,0,15,9,1107002
Trammel,4453,1299,8,11,9,1107002
Trammel,4465,1308,8,11,9,1107002
Trammel,4461,1365,8,11,9,1107002
Trammel,4431,1374,0,9,9,1107002
Trammel,4445,1383,10,11,11,1107002
Trammel,4457,1383,8,11,9,1107002
Trammel,4461,1395,8,11,9,1107002
Trammel,4470,3099,0,10,14,0
Trammel,4380,3128,0,11,9,0
Trammel,4408,3131,0,9,10,0
Trammel,4470,3146,0,10,15,0
Trammel,4376,3148,0,9,14,0
Trammel,4371,3162,0,9,9,0
Trammel,4443,3168,0,9,10,0
Trammel,4430,3169,0,9,14,0
Trammel,4374,3177,0,9,14,0
Trammel,4407,3178,0,9,9,0
Trammel,4430,3185,0,14,13,0
Trammel,4442,3207,0,10,10,0
Trammel,4447,3225,0,9,12,0
Trammel,4448,3237,0,9,10,0
Trammel,4449,3263,0,10,12,0
Trammel,4426,3265,2,9,16,0
Trammel,4416,3294,0,9,10,0
Trammel,4445,3302,0,12,9,0
Trammel,4405,3303,0,11,11,0
Trammel,4422,3309,0,10,9,0
Trammel,4436,3309,0,9,13,0
Trammel,4405,3316,0,9,11,0
Trammel,4447,3319,0,9,9,0
Trammel,4406,3332,0,9,14,0
Trammel,4395,3350,-2,12,9,0
Trammel,4393,3359,0,10,12,0
Trammel,4383,3362,0,9,30,0
Trammel,4400,3375,0,9,12,0
Trammel,4374,3376,1,9,11,0
Trammel,4411,3425,0,9,14,0
Trammel,4468,3498,0,12,9,0
Trammel,4452,3510,0,10,11,0
Trammel,4437,3514,-1,10,11,0
Trammel,4412,3520,-1,25,9,0
Trammel,4419,3529,0,19,11,0
Trammel,4428,3540,0,15,9,0
Trammel,4465,3626,0,9,11,0
Trammel,4469,3637,0,11,11,0
Trammel,4454,3645,2,11,10,0
Trammel,4404,3649,-1,11,9,0
Trammel,4418,3653,0,9,9,0
Trammel,4456,3658,0,10,11,0
Trammel,4361,3674,0,9,12,0
Trammel,4448,3680,0,12,17,0
Trammel,4436,3684,0,10,12,0
Trammel,4362,3686,0,11,10,0
Trammel,4431,3696,0,9,16,0
Trammel,4445,3700,0,12,9,0
Trammel,4465,3716,0,9,11,0
Trammel,4433,3717,0,11,12,0
Trammel,4352,3730,0,13,9,0
Trammel,4376,3758,0,21,9,0
Trammel,4355,3769,0,11,16,0
Trammel,4417,3773,0,9,11,0
Trammel,4394,3778,0,9,9,0
Trammel,4448,3783,0,9,10,0
Trammel,4443,3897,0,9,9,0
Trammel,4436,3914,0,9,11,0
Trammel,4452,3939,0,10,13,0
Trammel,4441,3941,-1,10,11,0
Trammel,4465,3942,0,9,23,0
Trammel,4454,3952,0,11,9,0
Trammel,4569,1024,0,10,17,1107002
Trammel,4550,1026,0,10,9,1107002
Trammel,4481,1032,0,11,9,1107002
Trammel,4517,1083,0,11,9,1107002
Trammel,4545,1086,0,10,9,1107002
Trammel,4537,1098,0,11,9,1107002
Trammel,4513,1104,0,10,9,1107002
Trammel,4537,1107,0,11,12,1107002
Trammel,4557,1111,0,9,11,1107002
Trammel,4538,1119,0,10,9,1107002
Trammel,4557,1125,0,11,9,1107002
Trammel,4586,1136,0,10,10,1107002
Trammel,4545,1152,0,10,9,1107002
Trammel,4589,1155,0,15,9,1107002
Trammel,4597,1188,0,11,9,1107002
Trammel,4485,1195,0,15,16,1107002
Trammel,4505,1195,0,11,14,1107002
Trammel,4587,1203,0,9,11,1107002
Trammel,4541,1208,0,9,10,1107002
Trammel,4509,1212,0,11,9,1107002
Trammel,4525,1215,0,11,9,1107002
Trammel,4541,1224,0,10,9,1107002
Trammel,4509,1236,0,11,12,1107002
Trammel,4525,1236,0,11,12,1107002
Trammel,4497,1239,0,11,9,1107002
Trammel,4493,1251,0,16,9,1107002
Trammel,4533,1251,0,9,9,1107002
Trammel,4513,1257,0,11,9,1107002
Trammel,4481,1260,0,11,9,1107002
Trammel,4501,1260,0,11,12,1107002
Trammel,4592,1269,1,9,11,1107002
Trammel,4541,1284,7,11,9,1107002
Trammel,4590,1287,0,10,9,1107002
Trammel,4485,1289,7,11,13,1107002
Trammel,4525,1289,9,10,10,1107002
Trammel,4513,1290,8,11,9,1107002
Trammel,4485,1302,8,15,9,1107002
Trammel,4525,1302,8,10,10,1107002
Trammel,4548,1306,8,9,10,1107002
Trammel,4573,1308,8,11,9,1107002
Trammel,4509,1314,8,11,9,1107002
Trammel,4597,1323,0,11,9,1107002
Trammel,4528,1326,8,29,9,1107002
Trammel,4573,1326,8,11,9,1107002
Trammel,4485,1329,8,11,9,1107002
Trammel,4498,1338,8,14,9,1107002
Trammel,4597,1347,0,11,9,1107002
Trammel,4546,1359,8,10,9,1107002
Trammel,4573,1377,12,10,9,1107002
Trammel,4589,1380,0,11,9,1107002
Trammel,4546,1389,8,10,9,1107002
Trammel,4546,1398,8,10,9,1107002
Trammel,4569,1398,12,11,10,1107002
Trammel,4481,1425,8,15,9,1107052
Trammel,4549,1425,8,11,9,1107052
Trammel,4597,1428,0,9,9,1107052
Trammel,4497,1431,8,11,12,1107052
Trammel,4557,1437,8,11,9,1107052
Trammel,4545,1440,8,11,9,1107052
Trammel,4485,1443,8,15,9,1107052
Trammel,4505,1443,8,9,9,1107052
Trammel,4571,1461,2,9,9,1107052
Trammel,4597,1464,0,11,9,1107052
Trammel,4545,1467,11,10,9,1107052
Trammel,4517,1470,9,11,11,1107052
Trammel,4593,1476,0,15,9,1107052
Trammel,4521,1482,0,12,9,1107052
Trammel,4585,1488,0,11,13,1107052
Trammel,4509,1493,0,14,9,1107052
Trammel,4557,1509,0,14,9,1107052
Trammel,4484,3093,0,9,9,0
Trammel,4572,3112,0,10,10,0
Trammel,4515,3122,0,12,9,0
Trammel,4572,3122,3,12,9,0
Trammel,4501,3130,0,9,16,0
Trammel,4570,3138,1,9,17,0
Trammel,4485,3153,0,11,10,0
Trammel,4566,3156,0,10,9,0
Trammel,4561,3171,0,10,12,0
Trammel,4562,3183,0,9,16,0
Trammel,4568,3219,0,9,15,0
Trammel,4517,3237,0,14,11,0
Trammel,4586,3241,0,9,9,0
Trammel,4512,3248,0,22,9,0
Trammel,4591,3255,0,9,9,0
Trammel,4480,3256,0,12,11,0
Trammel,4557,3263,0,9,19,0
Trammel,4598,3271,0,10,9,0
Trammel,4496,3279,0,9,14,0
Trammel,4563,3290,0,9,9,0
Trammel,4599,3302,0,9,9,0
Trammel,4480,3303,0,9,22,0
Trammel,4503,3307,0,11,9,0
Trammel,4489,3308,0,9,9,0
Trammel,4599,3311,0,9,17,0
Trammel,4554,3316,-1,9,10,0
Trammel,4568,3334,0,9,9,0
Trammel,4560,3361,0,9,16,0
Trammel,4597,3373,0,9,11,0
Trammel,4558,3383,0,9,12,0
Trammel,4491,3384,0,12,16,0
Trammel,4596,3387,0,12,10,0
Trammel,4480,3388,-1,9,12,0
Trammel,4503,3389,0,9,9,0
Trammel,4557,3398,0,11,11,0
Trammel,4491,3400,0,13,9,0
Trammel,4587,3400,0,10,12,0
Trammel,4497,3413,0,9,9,0
Trammel,4572,3416,0,9,9,0
Trammel,4579,3425,0,9,13,0
Trammel,4563,3437,0,11,13,0
Trammel,4561,3456,0,11,10,0
Trammel,4580,3469,0,9,11,0
Trammel,4561,3485,0,9,11,0
Trammel,4552,3497,0,9,11,0
Trammel,4595,3502,20,10,15,0
Trammel,4543,3505,0,9,14,0
Trammel,4586,3509,23,9,14,0
Trammel,4528,3516,0,15,10,0
Trammel,4558,3521,29,13,10,0
Trammel,4514,3529,0,9,10,0
Trammel,4558,3533,25,12,9,0
Trammel,4582,3533,30,10,15,0
Trammel,4547,3547,24,9,11,0
Trammel,4520,3556,0,9,11,0
Trammel,4550,3574,30,9,10,0
Trammel,4548,3596,20,9,15,0
Trammel,4493,3601,2,11,10,0
Trammel,4554,3626,40,9,9,0
Trammel,4591,3655,80,9,17,0
Trammel,4515,3686,40,10,9,0
Trammel,4535,3701,40,12,11,0
Trammel,4539,3712,40,10,13,0
Trammel,4502,3726,20,9,10,0
Trammel,4576,3751,4,9,9,0
Trammel,4522,3753,0,9,10,0
Trammel,4531,3756,0,10,9,0
Trammel,4513,3762,0,9,10,0
Trammel,4555,3830,0,9,10,0
Trammel,4558,3840,0,11,13,0
Trammel,4589,3845,0,13,9,0
Trammel,4593,3877,0,9,13,0
Trammel,4495,3935,0,9,11,0
Trammel,4551,3938,0,9,16,0
Trammel,4509,3944,0,12,9,0
Trammel,4512,3968,0,11,11,0
Trammel,4524,3971,0,10,10,0
Trammel,4689,1110,0,11,12,1107002
Trammel,4675,1111,-1,9,11,1107002
Trammel,4646,1122,-1,10,9,1107002
Trammel,4634,1128,-2,10,9,1107002
Trammel,4613,1143,0,11,9,1107002
Trammel,4669,1152,0,11,9,1107002
Trammel,4681,1152,0,11,9,1107002
Trammel,4647,1155,0,9,11,1107002
Trammel,4669,1161,0,9,9,1107002
Trammel,4665,1173,0,11,9,1107002
Trammel,4657,1186,0,9,11,1107002
Trammel,4665,1200,0,11,9,1107002
Trammel,4636,1210,0,10,11,1107002
Trammel,4609,1218,0,10,9,1107002
Trammel,4616,1266,0,9,14,1107002
Trammel,4620,1280,0,9,11,1107002
Trammel,4644,1309,0,9,14,1107002
Trammel,4633,1340,0,10,13,1107002
Trammel,4617,1362,0,11,9,1107002
Trammel,4656,1362,0,11,11,1107002
Trammel,4628,1364,0,9,10,1107002
Trammel,4643,1367,0,12,14,1107002
Trammel,4659,1373,0,9,14,1107002
Trammel,4629,1386,0,9,12,1107002
Trammel,4638,1394,0,11,9,1107002
Trammel,4609,1398,0,11,9,1107002
Trammel,4641,1409,0,9,10,1107002
Trammel,4699,1410,0,9,24,1107002
Trammel,4712,1412,0,9,11,1107002
Trammel,4636,1419,0,9,11,1107002
Trammel,4683,1427,0,10,9,1107002
Trammel,4617,1434,0,15,12,1107002
Trammel,4632,1441,0,13,11,1107002
Trammel,4633,1452,0,12,16,1107002
Trammel,4613,1464,0,11,9,1107002
Trammel,4640,1468,0,11,17,1107002
Trammel,4617,1485,0,11,14,1107002
Trammel,4628,1488,0,11,13,1107002
Trammel,4610,3261,0,9,16,0
Trammel,4609,3282,0,9,19,0
Trammel,4609,3330,0,9,9,0
Trammel,4646,3330,0,9,13,0
Trammel,4664,3342,0,9,10,0
Trammel,4616,3345,0,11,10,0
Trammel,4608,3355,0,11,9,0
Trammel,4615,3395,0,9,10,0
Trammel,4717,3400,0,10,16,0
Trammel,4720,3416,0,12,12,0
Trammel,4608,3421,0,9,12,0
Trammel,4693,3436,0,9,20,0
Trammel,4683,3437,0,9,11,0
Trammel,4708,3441,0,10,11,0
Trammel,4635,3442,20,9,11,0
Trammel,4688,3466,0,9,10,0
Trammel,4713,3467,0,9,9,0
Trammel,4665,3515,46,9,12,0
Trammel,4611,3519,29,9,12,0
Trammel,4709,3522,0,12,10,0
Trammel,4689,3559,0,10,11,0
Trammel,4680,3623,41,9,9,0
Trammel,4623,3669,80,10,24,0
Trammel,4646,3742,5,9,12,0
Trammel,4615,3752,7,10,11,0
Trammel,4727,3815,0,9,18,0
Trammel,4635,3829,0,10,11,0
Trammel,4659,3831,0,13,9,0
Trammel,4616,3845,0,9,13,0
Trammel,4616,3879,0,14,10,0
Trammel,4751,3456,0,9,9,0
Trammel,4750,3472,0,13,10,0
Trammel,4736,3482,0,9,9,0
Trammel,4748,3482,0,12,13,0
Trammel,4737,3491,0,9,10,0
Trammel,4760,3492,0,11,10,0
Trammel,4830,3591,0,9,9,0
Trammel,4832,3600,0,9,11,0
Trammel,4815,3638,0,14,9,0
Trammel,4831,3649,0,9,9,0
Trammel,4819,3663,0,10,9,0
Trammel,4830,3681,0,12,10,0
Trammel,4820,3683,0,9,14,0
Trammel,4736,3684,0,9,9,0
Trammel,4814,3712,0,11,15,0
Trammel,4827,3715,0,9,12,0
Trammel,4798,3726,0,9,9,0
Trammel,4784,3727,0,13,9,0
Trammel,4768,3754,0,9,21,0
Trammel,4788,3763,0,9,9,0
Trammel,4766,3793,0,9,18,0
Trammel,4738,3818,0,9,17,0
Trammel,4751,3818,0,11,12,0
Trammel,4773,3824,0,10,16,0
Trammel,4767,3840,0,10,10,0
Trammel,4778,3842,0,10,11,0
Trammel,5120,256,15,128,23,1114003
Trammel,5120,279,15,10,105,1114003
Trammel,5130,279,15,9,16,1114003
Trammel,5145,279,15,11,21,1114003
Trammel,5163,279,15,85,105,1114003
Trammel,5151,300,15,12,84,1114003
Trammel,5130,308,15,21,76,1114003
Trammel,5120,384,15,128,128,0
Trammel,5144,1288,0,9,9,0
Trammel,5159,1288,0,9,23,0
Trammel,5192,1295,0,9,9,0
Trammel,5202,1295,0,14,9,0
Trammel,5128,1303,0,9,9,0
Trammel,5138,1303,0,14,9,0
Trammel,5159,1312,0,9,16,0
Trammel,5176,1319,0,9,9,0
Trammel,5186,1319,2,14,9,0
Trammel,5128,1320,0,9,9,0
Trammel,5200,1327,0,16,9,0
Trammel,5191,1328,0,9,24,0
Trammel,5175,1336,0,9,9,0
Trammel,5128,1343,0,32,9,0
Trammel,5175,1346,0,9,29,0
Trammel,5135,1352,0,9,16,0
Trammel,5151,1352,0,9,32,0
Trammel,5184,1359,0,16,9,0
Trammel,5160,1375,0,16,9,0
Trammel,5152,1424,0,24,16,0
Trammel,5199,1424,0,9,24,0
Trammel,5135,1432,0,9,9,0
Trammel,5223,1432,0,9,9,0
Trammel,5233,1432,0,15,9,0
Trammel,5135,1442,0,9,15,0
Trammel,5223,1443,1,9,29,0
Trammel,5144,1455,0,17,9,0
Trammel,5162,1455,0,13,9,0
Trammel,5199,1456,0,9,24,0
Trammel,5239,1464,0,9,40,0
Trammel,5151,1477,0,9,12,0
Trammel,5160,1479,0,16,9,0
Trammel,5136,1480,0,9,9,0
Trammel,5151,1490,0,9,22,0
Trammel,5207,1814,0,13,13,0
Trammel,5140,1824,0,11,21,0
Trammel,5140,1867,0,9,23,0
Trammel,5194,1877,0,11,26,0
Trammel,5149,1878,0,9,12,0
Trammel,5205,1887,0,9,18,0
Trammel,5226,1944,0,10,24,0
Trammel,5195,2011,0,11,21,0
Trammel,5206,2014,0,9,12,0
Trammel,5120,2048,0,128,128,0
Trammel,5209,2315,28,9,9,0
Trammel,5151,2316,31,10,16,0
Trammel,5141,2320,30,10,18,0
Trammel,5210,2324,31,13,10,0
Trammel,5180,2331,29,9,17,0
Trammel,5163,2340,35,17,9,0
Trammel,5232,2345,5,12,10,0
Trammel,5197,2349,29,13,9,0
Trammel,5141,2354,29,9,9,0
Trammel,5163,2365,22,10,14,0
Trammel,5173,2367,23,12,12,0
Trammel,5173,2392,34,11,9,0
Trammel,5164,2394,35,9,12,0
Trammel,5135,2406,17,11,11,0
Trammel,5146,2409,21,9,12,0
Trammel,5127,2447,18,9,13,0
Trammel,5130,2515,3,10,9,0
Trammel,5139,2882,48,14,11,0
Trammel,5129,2888,52,9,29,0
Trammel,5170,2901,-2,10,29,0
Trammel,5138,2905,51,14,11,0
Trammel,5161,2911,2,9,18,0
Trammel,5190,2987,59,9,12,0
Trammel,5129,3047,47,11,20,0
Trammel,5186,3114,90,9,11,0
Trammel,5226,3125,92,9,10,0
Trammel,5206,3170,22,14,30,0
Trammel,5146,3200,79,21,12,0
Trammel,5206,3200,19,19,11,0
Trammel,5154,3212,79,13,10,0
Trammel,5213,3224,3,11,10,0
Trammel,5236,3244,3,11,31,0
Trammel,5203,3246,5,9,14,0
Trammel,5227,3247,5,9,35,0
Trammel,5176,3263,40,11,45,0
Trammel,5199,3335,1,9,13,0
Trammel,5177,3348,29,9,25,0
Trammel,5205,3382,33,9,10,0
Trammel,5190,3404,27,13,9,0
Trammel,5166,3436,60,16,19,0
Trammel,5168,3467,-2,11,10,0
Trammel,5203,3477,4,12,9,0
Trammel,5185,3482,-2,11,10,0
Trammel,5154,3497,25,10,12,0
Trammel,5206,3502,2,10,28,0
Trammel,5216,3505,2,16,19,0
Trammel,5181,3507,-1,25,17,0
Trammel,5188,3524,2,18,10,0
Trammel,5189,3534,1,21,10,0
Trammel,5169,3540,61,10,10,0
Trammel,5192,3544,2,21,14,0
Trammel,5170,3550,60,9,9,0
Trammel,5221,3550,1,9,34,0
Trammel,5208,3558,2,13,26,0
Trammel,5230,3558,-3,9,26,0
Trammel,5239,3561,-1,9,23,0
Trammel,5171,3563,29,10,14,0
Trammel,5237,3589,12,11,10,0
Trammel,5171,3717,-1,11,26,0
Trammel,5162,3731,1,9,17,0
Trammel,5150,3738,-2,11,12,0
Trammel,5196,3757,0,9,30,0
Trammel,5205,3772,2,11,18,0
Trammel,5171,3776,-2,10,14,0
Trammel,5181,3787,0,11,12,0
Trammel,5167,3805,-2,12,11,0
Trammel,5152,3808,-2,9,32,0
Trammel,5218,3811,23,14,20,0
Trammel,5196,3814,24,9,18,0
Trammel,5161,3827,-2,19,13,0
Trammel,5144,3840,3,72,9,0
Trammel,5187,3849,-1,20,16,0
Trammel,5229,3860,45,12,16,0
Trammel,5224,3876,46,9,19,0
Trammel,5185,3879,3,19,26,0
Trammel,5173,3883,2,12,16,0
Trammel,5162,3887,0,11,13,0
Trammel,5152,3905,1,15,11,0
Trammel,5215,3920,34,13,13,0
Trammel,5205,3922,37,10,16,0
Trammel,5148,3927,34,13,9,0
Trammel,5248,256,15,24,128,1114003
Trammel,5316,256,15,60,128,1114003
Trammel,5272,275,7,24,109,1114003
Trammel,5296,299,7,20,85,1114003
Trammel,5248,384,15,127,128,0
Trammel,5311,1416,0,9,16,0
Trammel,5320,1423,0,32,9,0
Trammel,5359,1423,0,9,25,0
Trammel,5334,1432,0,10,16,0
Trammel,5248,1438,0,9,10,0
Trammel,5294,1440,0,10,25,0
Trammel,5343,1448,0,9,16,0
Trammel,5271,1456,0,23,9,0
Trammel,5334,1456,0,9,12,0
Trammel,5248,1471,0,16,9,0
Trammel,5325,1809,0,12,20,0
Trammel,5316,1815,0,9,12,0
Trammel,5257,1832,0,9,17,0
Trammel,5270,1876,0,9,22,0
Trammel,5279,1879,0,9,16,0
Trammel,5314,1895,0,10,24,0
Trammel,5305,1899,0,9,18,0
Trammel,5248,2048,0,128,128,0
Trammel,5322,2334,7,13,19,0
Trammel,5309,2336,6,13,14,0
Trammel,5341,2576,42,9,13,0
Trammel,5347,3107,2,9,18,0
Trammel,5255,3149,45,9,9,0
Trammel,5260,3165,86,9,13,0
Trammel,5367,3183,7,9,17,0
Trammel,5288,3228,4,14,15,0
Trammel,5279,3232,2,9,12,0
Trammel,5340,3335,2,10,9,0
Trammel,5264,3343,25,12,26,0
Trammel,5276,3345,26,11,28,0
Trammel,5329,3382,-1,9,12,0
Trammel,5296,3392,0,9,9,0
Trammel,5320,3393,1,9,13,0
Trammel,5270,3395,3,9,10,0
Trammel,5312,3416,1,15,25,0
Trammel,5333,3422,0,9,15,0
Trammel,5327,3437,-1,13,9,0
Trammel,5315,3483,60,12,25,0
Trammel,5304,3495,61,11,20,0
Trammel,5344,3504,-2,9,12,0
Trammel,5367,3507,-1,9,76,0
Trammel,5353,3520,-1,14,64,0
Trammel,5248,3525,3,15,23,0
Trammel,5340,3525,-1,13,24,0
Trammel,5331,3533,1,9,17,0
Trammel,5320,3534,-2,11,20,0
Trammel,5279,3538,-2,11,9,0
Trammel,5273,3556,1,9,28,0
Trammel,5343,3557,-1,10,27,0
Trammel,5334,3558,1,9,26,0
Trammel,5294,3560,3,11,24,0
Trammel,5324,3560,-2,10,24,0
Trammel,5305,3563,-1,19,21,0
Trammel,5248,3564,-1,10,20,0
Trammel,5282,3569,0,12,15,0
Trammel,5272,3588,27,14,11,0
Trammel,5325,3601,2,9,13,0
Trammel,5327,3632,0,13,9,0
Trammel,5346,3636,2,9,16,0
Trammel,5276,3639,4,11,10,0
Trammel,5367,3639,1,9,24,0
Trammel,5349,3656,0,9,12,0
Trammel,5304,3658,2,12,12,0
Trammel,5316,3660,5,16,9,0
Trammel,5295,3662,5,9,13,0
Trammel,5283,3663,3,12,15,0
Trammel,5271,3671,3,12,15,0
Trammel,5341,3682,0,9,20,0
Trammel,5350,3697,3,10,15,0
Trammel,5360,3698,5,12,14,0
Trammel,5346,3712,-1,29,11,0
Trammel,5271,3717,-3,10,9,0
Trammel,5359,3723,-3,16,10,0
Trammel,5330,3729,1,12,9,0
Trammel,5309,3736,-2,10,9,0
Trammel,5270,3742,23,9,45,0
Trammel,5361,3754,0,14,10,0
Trammel,5261,3761,21,9,38,0
Trammel,5252,3769,24,9,33,0
Trammel,5319,3793,-1,9,11,0
Trammel,5297,3807,25,9,9,0
Trammel,5345,3809,22,9,13,0
Trammel,5315,3821,-1,9,19,0
Trammel,5248,3826,-2,27,14,0
Trammel,5275,3831,2,9,9,0
Trammel,5289,3840,-2,11,9,0
Trammel,5363,3840,-1,13,10,0
Trammel,5270,3850,20,10,10,0
Trammel,5367,3850,-2,9,16,0
Trammel,5354,3851,19,9,11,0
Trammel,5330,3855,44,21,42,0
Trammel,5257,3874,1,11,9,0
Trammel,5321,3875,44,9,20,0
Trammel,5367,3875,-1,9,93,0
Trammel,5284,3887,3,12,9,0
Trammel,5285,3906,0,16,10,0
Trammel,5301,3908,0,18,11,0
Trammel,5357,3911,-1,10,57,0
Trammel,5319,3913,-1,21,11,0
Trammel,5340,3914,-1,17,32,0
Trammel,5323,3924,-3,17,15,0
Trammel,5345,3946,3,12,22,0
Trammel,5384,272,0,9,9,0
Trammel,5431,272,0,10,9,0
Trammel,5431,282,0,9,14,0
Trammel,5440,287,0,64,9,0
Trammel,5388,295,0,12,11,0
Trammel,5463,298,0,9,46,0
Trammel,5400,303,0,16,9,0
Trammel,5472,303,0,24,9,0
Trammel,5447,312,0,9,9,0
Trammel,5487,312,0,9,47,0
Trammel,5400,320,0,9,9,0
Trammel,5447,322,0,9,23,0
Trammel,5384,327,0,9,10,0
Trammel,5424,327,0,9,9,0
Trammel,5434,335,0,13,9,0
Trammel,5416,344,0,9,9,0
Trammel,5447,346,0,9,14,0
Trammel,5471,346,0,9,30,0
Trammel,5384,351,0,32,9,0
Trammel,5416,359,0,9,9,0
Trammel,5426,367,0,14,9,0
Trammel,5455,400,0,9,9,0
Trammel,5455,410,0,9,14,0
Trammel,5464,415,0,16,9,0
Trammel,5480,423,0,16,9,0
Trammel,5447,424,0,9,9,0
Trammel,5471,426,0,9,14,0
Trammel,5456,431,0,15,9,0
Trammel,5407,440,0,9,9,0
Trammel,5463,442,0,9,14,0
Trammel,5424,447,0,9,9,0
Trammel,5434,447,0,10,9,0
Trammel,5472,447,0,16,9,0
Trammel,5407,450,0,9,22,0
Trammel,5479,458,0,9,14,0
Trammel,5416,463,0,24,9,0
Trammel,5469,479,17,27,9,0
Trammel,5418,480,0,10,16,0
Trammel,5430,480,0,10,10,0
Trammel,5384,495,0,9,9,0
Trammel,5394,495,0,14,9,0
Trammel,5432,495,0,9,9,0
Trammel,5442,495,0,46,9,0
Trammel,5425,1536,0,40,128,0
Trammel,5465,1536,0,12,32,0
Trammel,5479,1536,0,25,34,0
Trammel,5480,1570,0,24,94,0
Trammel,5465,1571,0,9,93,0
Trammel,5425,1664,0,79,112,0
Trammel,5376,2048,0,48,128,0
Trammel,5424,2064,0,80,112,0
Trammel,5458,2309,33,9,23,0
Trammel,5443,2312,32,15,21,0
Trammel,5474,2316,34,9,11,0
Trammel,5379,2338,6,9,41,0
Trammel,5388,2342,2,9,39,0
Trammel,5472,2352,36,10,9,0
Trammel,5495,2364,35,9,9,0
Trammel,5427,2365,7,9,25,0
Trammel,5415,2367,5,12,12,0
Trammel,5461,2380,4,10,28,0
Trammel,5449,2388,4,12,17,0
Trammel,5491,2388,7,13,23,0
Trammel,5435,2394,3,14,9,0
Trammel,5471,2403,4,18,10,0
Trammel,5456,2542,41,12,9,0
Trammel,5474,2542,45,10,10,0
Trammel,5376,2560,0,9,18,0
Trammel,5412,2560,0,9,9,0
Trammel,5439,2573,43,9,12,0
Trammel,5471,2615,43,10,10,0
Trammel,5461,2630,48,9,14,0
Trammel,5493,2630,44,11,13,0
Trammel,5470,2632,43,9,23,0
Trammel,5447,2669,48,9,14,0
Trammel,5456,2674,47,9,9,0
Trammel,5401,2679,2,9,9,0
Trammel,5422,2716,16,11,10,0
Trammel,5452,2722,44,13,12,0
Trammel,5443,2724,44,9,20,0
Trammel,5465,2724,46,11,47,0
Trammel,5493,2729,43,11,9,0
Trammel,5452,2740,45,13,14,0
Trammel,5422,2741,3,13,9,0
Trammel,5456,2768,46,9,12,0
Trammel,5480,2770,45,12,18,0
Trammel,5492,2772,43,12,16,0
Trammel,5492,2816,-2,10,11,0
Trammel,5440,2851,34,11,18,0
Trammel,5465,2854,37,10,20,0
Trammel,5451,2856,38,14,13,0
Trammel,5415,2863,37,16,22,0
Trammel,5431,2869,36,10,9,0
Trammel,5424,2885,35,14,9,0
Trammel,5462,2983,-1,10,9,0
Trammel,5426,3200,2,19,10,0
Trammel,5448,3233,3,10,23,0
Trammel,5458,3235,2,14,16,0
Trammel,5384,3245,3,12,19,0
Trammel,5383,3290,2,9,16,0
Trammel,5470,3291,3,14,35,0
Trammel,5387,3306,3,11,14,0
Trammel,5484,3307,2,9,16,0
Trammel,5401,3332,2,9,9,0
Trammel,5472,3339,0,9,9,0
Trammel,5488,3342,0,10,13,0
Trammel,5460,3343,0,9,9,0
Trammel,5435,3382,35,15,26,0
Trammel,5378,3383,5,10,43,0
Trammel,5404,3404,39,18,29,0
Trammel,5488,3405,1,11,11,0
Trammel,5379,3435,2,9,21,0
Trammel,5488,3438,40,16,18,0
Trammel,5444,3440,4,12,10,0
Trammel,5401,3441,34,15,11,0
Trammel,5385,3456,1,9,9,0
Trammel,5459,3456,-1,9,10,0
Trammel,5484,3456,37,20,28,0
Trammel,5394,3463,5,10,18,0
Trammel,5453,3501,35,13,15,0
Trammel,5376,3507,1,10,19,0
Trammel,5474,3508,36,10,9,0
Trammel,5396,3526,4,10,18,0
Trammel,5488,3530,1,14,18,0
Trammel,5422,3531,2,9,13,0
Trammel,5404,3544,1,10,9,0
Trammel,5444,3544,3,16,10,0
Trammel,5376,3549,3,11,20,0
Trammel,5397,3555,2,15,18,0
Trammel,5447,3570,0,9,10,0
Trammel,5376,3574,4,9,9,0
Trammel,5394,3584,-1,18,10,0
Trammel,5444,3594,28,16,12,0
Trammel,5460,3595,32,11,11,0
Trammel,5457,3606,30,9,11,0
Trammel,5397,3607,32,9,24,0
Trammel,5486,3611,-1,16,13,0
Trammel,5474,3614,-1,12,15,0
Trammel,5490,3637,29,14,17,0
Trammel,5437,3652,2,9,10,0
Trammel,5441,3662,1,16,9,0
Trammel,5450,3671,2,15,11,0
Trammel,5452,3682,-3,20,9,0
Trammel,5391,3688,28,9,11,0
Trammel,5465,3691,-1,15,10,0
Trammel,5409,3712,-1,20,11,0
Trammel,5405,3723,2,11,15,0
Trammel,5470,3724,31,9,9,0
Trammel,5487,3735,30,17,10,0
Trammel,5450,3737,-1,9,9,0
Trammel,5478,3757,0,17,17,0
Trammel,5494,3776,-1,9,9,0
Trammel,5455,3780,31,9,13,0
Trammel,5473,3795,29,15,20,0
Trammel,5488,3799,29,10,24,0
Trammel,5392,3801,-2,9,11,0
Trammel,5399,3812,2,10,10,0
Trammel,5376,3815,-1,9,25,0
Trammel,5385,3829,2,9,11,0
Trammel,5421,3829,0,9,11,0
Trammel,5430,3830,-2,11,10,0
Trammel,5376,3840,-1,10,95,0
Trammel,5386,3840,2,14,12,0
Trammel,5465,3841,-1,14,9,0
Trammel,5472,3850,0,9,9,0
Trammel,5416,3857,-2,9,11,0
Trammel,5406,3862,5,10,11,0
Trammel,5426,3889,38,10,11,0
Trammel,5478,3893,-3,9,9,0
Trammel,5446,3904,38,16,13,0
Trammel,5430,3909,39,9,10,0
Trammel,5490,3968,39,14,12,0
Trammel,5413,3982,0,13,10,0
Trammel,5426,3989,2,9,11,0
Trammel,5491,3998,-2,10,13,0
Trammel,5376,4002,-2,9,69,0
Trammel,5385,4004,2,9,9,0
Trammel,5430,4013,1,16,15,0
Trammel,5385,4014,-1,9,24,0
Trammel,5446,4016,-3,10,12,0
Trammel,5400,4036,-1,13,11,0
Trammel,5424,4045,2,9,16,0
Trammel,5433,4047,1,10,17,0
Trammel,5385,4050,1,9,21,0
Trammel,5463,4050,5,12,19,0
Trammel,5475,4056,-3,11,11,0
Trammel,5490,4056,-2,14,16,0
Trammel,5560,264,0,10,14,0
Trammel,5527,271,0,9,17,0
Trammel,5538,271,0,22,9,0
Trammel,5610,271,0,14,9,0
Trammel,5594,275,0,14,9,0
Trammel,5564,278,0,12,10,0
Trammel,5576,279,0,18,9,0
Trammel,5591,288,0,9,9,0
Trammel,5591,298,0,9,14,0
Trammel,5600,303,0,10,17,0
Trammel,5535,304,0,9,9,0
Trammel,5560,304,0,9,9,0
Trammel,5575,304,0,16,9,0
Trammel,5535,314,0,9,23,0
Trammel,5610,319,0,14,9,0
Trammel,5559,322,0,9,15,0
Trammel,5583,322,0,9,22,0
Trammel,5512,327,0,9,9,0
Trammel,5522,327,0,13,9,0
Trammel,5544,327,0,15,9,0
Trammel,5615,330,0,9,14,0
Trammel,5568,335,0,15,9,0
Trammel,5592,335,0,16,21,0
Trammel,5559,338,0,9,22,0
Trammel,5504,351,0,17,9,0
Trammel,5522,351,0,37,9,0
Trammel,5568,351,0,24,9,0
Trammel,5608,351,0,16,9,0
Trammel,5592,357,0,12,19,0
Trammel,5551,362,0,9,14,0
Trammel,5606,362,0,10,14,0
Trammel,5544,392,0,9,9,0
Trammel,5575,392,0,17,9,0
Trammel,5592,399,0,16,9,0
Trammel,5519,400,0,9,9,0
Trammel,5576,401,0,10,9,0
Trammel,5608,407,0,10,17,0
Trammel,5519,410,0,9,23,0
Trammel,5543,410,0,9,15,0
Trammel,5528,415,0,15,9,0
Trammel,5504,423,0,9,9,0
Trammel,5552,423,0,32,9,0
Trammel,5543,426,0,9,15,0
Trammel,5528,431,0,15,9,0
Trammel,5519,434,0,9,22,0
Trammel,5575,434,0,9,15,0
Trammel,5543,442,0,9,14,0
Trammel,5584,447,0,24,9,0
Trammel,5575,450,0,9,23,0
Trammel,5599,458,0,9,14,0
Trammel,5504,463,0,28,9,0
Trammel,5533,463,17,27,9,0
Trammel,5566,463,0,9,9,0
Trammel,5575,474,0,9,12,0
Trammel,5590,479,0,10,11,0
Trammel,5504,487,0,9,9,0
Trammel,5514,487,0,38,9,0
Trammel,5573,487,0,9,9,0
Trammel,5504,1536,0,128,128,0
Trammel,5504,1664,0,128,112,0
Trammel,5608,2048,0,24,128,0
Trammel,5504,2064,0,104,112,0
Trammel,5509,2333,20,11,43,0
Trammel,5561,2343,20,12,35,0
Trammel,5520,2351,19,9,24,0
Trammel,5552,2352,17,9,12,0
Trammel,5524,2392,6,14,16,0
Trammel,5538,2393,8,10,9,0
Trammel,5504,2395,5,19,15,0
Trammel,5595,2521,42,9,20,0
Trammel,5583,2522,45,12,23,0
Trammel,5604,2523,44,9,13,0
Trammel,5574,2530,42,9,14,0
Trammel,5622,2560,-1,9,12,0
Trammel,5569,2575,42,10,12,0
Trammel,5579,2578,44,10,12,0
Trammel,5534,2590,12,15,10,0
Trammel,5568,2599,13,16,10,0
Trammel,5519,2607,15,9,12,0
Trammel,5567,2621,14,10,10,0
Trammel,5520,2631,13,12,11,0
Trammel,5562,2631,10,9,9,0
Trammel,5525,2648,17,11,9,0
Trammel,5576,2659,47,9,29,0
Trammel,5585,2666,46,17,22,0
Trammel,5538,2692,46,13,10,0
Trammel,5599,2698,45,11,20,0
Trammel,5551,2700,45,11,13,0
Trammel,5541,2702,44,10,9,0
Trammel,5565,2702,44,16,17,0
Trammel,5589,2712,44,10,30,0
Trammel,5504,2717,47,9,24,0
Trammel,5578,2719,43,11,11,0
Trammel,5599,2738,44,10,10,0
Trammel,5514,2745,45,10,41,0
Trammel,5596,2748,46,10,9,0
Trammel,5504,2756,44,10,34,0
Trammel,5597,2757,43,11,10,0
Trammel,5528,2762,45,10,23,0
Trammel,5538,2769,43,13,18,0
Trammel,5600,2774,46,9,9,0
Trammel,5575,2779,0,9,10,0
Trammel,5562,2795,-1,9,10,0
Trammel,5518,2816,1,10,9,0
Trammel,5572,2816,-2,10,9,0
Trammel,5508,2830,33,12,13,0
Trammel,5581,2831,37,11,15,0
Trammel,5520,2832,36,10,15,0
Trammel,5571,2834,37,10,13,0
Trammel,5592,2840,33,11,9,0
Trammel,5530,2843,35,9,11,0
Trammel,5594,2849,35,13,24,0
Trammel,5527,2857,32,9,23,0
Trammel,5545,2859,34,9,36,0
Trammel,5536,2861,37,9,22,0
Trammel,5516,2880,35,9,14,0
Trammel,5600,2890,8,11,9,0
Trammel,5517,2894,36,13,11,0
Trammel,5531,2904,35,9,18,0
Trammel,5595,2913,36,9,12,0
Trammel,5522,2915,35,9,13,0
Trammel,5513,2924,36,9,15,0
Trammel,5504,2933,34,9,11,0
Trammel,5569,3167,2,11,33,0
Trammel,5552,3169,3,10,15,0
Trammel,5555,3184,2,14,16,0
Trammel,5558,3200,3,20,9,0
Trammel,5600,3213,4,9,9,0
Trammel,5513,3286,4,13,30,0
Trammel,5564,3288,3,10,15,0
Trammel,5527,3289,4,13,15,0
Trammel,5529,3335,4,13,11,0
Trammel,5619,3348,1,9,9,0
Trammel,5585,3353,2,9,10,0
Trammel,5610,3353,1,9,12,0
Trammel,5520,3365,3,9,24,0
Trammel,5598,3368,1,10,10,0
Trammel,5617,3392,4,13,9,0
Trammel,5508,3393,0,9,14,0
Trammel,5517,3394,3,9,10,0
Trammel,5534,3418,38,9,30,0
Trammel,5513,3426,37,13,16,0
Trammel,5544,3430,39,10,20,0
Trammel,5504,3435,35,9,21,0
Trammel,5608,3441,4,9,10,0
Trammel,5587,3446,3,17,9,0
Trammel,5504,3456,35,9,16,0
Trammel,5606,3459,4,11,31,0
Trammel,5523,3471,2,9,9,0
Trammel,5538,3482,4,9,11,0
Trammel,5580,3492,2,9,12,0
Trammel,5526,3512,37,9,9,0
Trammel,5509,3514,36,12,9,0
Trammel,5593,3533,41,22,12,0
Trammel,5581,3545,34,9,11,0
Trammel,5606,3549,36,9,13,0
Trammel,5526,3560,1,18,9,0
Trammel,5605,3563,38,11,12,0
Trammel,5508,3572,1,9,11,0
Trammel,5582,3584,3,37,13,0
Trammel,5622,3584,3,10,12,0
Trammel,5602,3597,-3,20,23,0
Trammel,5526,3599,32,10,11,0
Trammel,5584,3608,32,9,10,0
Trammel,5507,3633,32,10,19,0
Trammel,5581,3675,-2,13,10,0
Trammel,5623,3676,2,9,36,0
Trammel,5510,3679,0,9,17,0
Trammel,5506,3696,1,11,12,0
Trammel,5623,3716,5,9,21,0
Trammel,5551,3738,-1,15,38,0
Trammel,5505,3739,28,9,9,0
Trammel,5541,3741,-2,10,24,0
Trammel,5532,3745,-1,9,16,0
Trammel,5566,3749,0,9,35,0
Trammel,5623,3821,0,9,19,0
Trammel,5546,3828,-3,9,12,0
Trammel,5555,3831,1,11,9,0
Trammel,5555,3840,-1,17,10,0
Trammel,5585,3840,1,46,12,0
Trammel,5528,3848,-3,9,16,0
Trammel,5560,3850,0,12,9,0
Trammel,5583,3852,1,16,9,0
Trammel,5621,3852,2,10,17,0
Trammel,5508,3859,2,9,9,0
Trammel,5553,3864,-2,10,10,0
Trammel,5587,3873,1,9,14,0
Trammel,5556,3874,-2,11,11,0
Trammel,5575,3875,-1,12,12,0
Trammel,5581,3887,0,14,23,0
Trammel,5561,3895,0,10,14,0
Trammel,5509,3906,42,9,9,0
Trammel,5587,3910,-1,9,9,0
Trammel,5518,3914,40,9,19,0
Trammel,5527,3917,38,9,19,0
Trammel,5509,3920,42,9,11,0
Trammel,5590,3920,-2,11,17,0
Trammel,5601,3922,-2,9,12,0
Trammel,5622,3949,-2,9,13,0
Trammel,5504,3995,-3,14,13,0
Trammel,5518,4012,41,20,10,0
Trammel,5545,4035,1,10,14,0
Trammel,5622,4040,3,9,23,0
Trammel,5528,4042,2,17,15,0
Trammel,5519,4044,1,9,15,0
Trammel,5632,1536,0,128,128,0
Trammel,5632,2048,0,128,128,0
Trammel,5748,2325,3,9,10,0
Trammel,5716,2489,45,10,9,0
Trammel,5646,2511,47,12,9,0
Trammel,5731,2511,44,11,9,0
Trammel,5653,2520,43,10,9,0
Trammel,5726,2527,46,9,23,0
Trammel,5634,2528,5,9,14,0
Trammel,5713,2531,46,13,14,0
Trammel,5735,2534,45,12,15,0
Trammel,5747,2535,45,13,13,0
Trammel,5646,2613,47,9,27,0
Trammel,5738,2613,47,9,27,0
Trammel,5691,2614,1,9,16,0
Trammel,5682,2616,-2,9,12,0
Trammel,5711,2623,-2,9,14,0
Trammel,5686,2642,-1,10,9,0
Trammel,5717,2645,-1,10,9,0
Trammel,5645,2649,42,18,14,0
Trammel,5738,2651,44,10,37,0
Trammel,5748,2652,47,12,36,0
Trammel,5725,2662,43,13,11,0
Trammel,5651,2663,47,16,9,0
Trammel,5654,2672,45,11,10,0
Trammel,5633,2675,-3,10,11,0
Trammel,5632,2690,1,9,9,0
Trammel,5671,2693,17,9,9,0
Trammel,5632,2700,2,11,12,0
Trammel,5713,2703,43,9,16,0
Trammel,5670,2711,43,16,38,0
Trammel,5686,2714,45,9,9,0
Trammel,5661,2721,43,9,22,0
Trammel,5644,2725,2,9,15,0
Trammel,5651,2770,1,9,9,0
Trammel,5714,2782,46,20,15,0
Trammel,5704,2785,43,10,20,0
Trammel,5686,2788,44,18,13,0
Trammel,5685,2816,15,9,16,0
Trammel,5694,2819,15,9,9,0
Trammel,5632,2829,15,9,24,0
Trammel,5633,2853,14,10,16,0
Trammel,5658,2854,0,17,11,0
Trammel,5654,2882,35,9,11,0
Trammel,5702,2897,34,10,9,0
Trammel,5662,3329,0,12,22,0
Trammel,5701,3336,1,9,11,0
Trammel,5647,3338,-3,15,15,0
Trammel,5634,3349,-1,13,9,0
Trammel,5733,3355,15,9,25,0
Trammel,5673,3381,-3,17,22,0
Trammel,5681,3403,-3,11,11,0
Trammel,5651,3407,16,9,25,0
Trammel,5682,3414,2,11,9,0
Trammel,5685,3423,2,9,14,0
Trammel,5751,3441,1,9,15,0
Trammel,5737,3456,-1,23,22,0
Trammel,5666,3460,15,12,54,0
Trammel,5728,3462,-2,9,9,0
Trammel,5657,3475,13,9,42,0
Trammel,5648,3478,16,9,17,0
Trammel,5741,3478,2,9,9,0
Trammel,5639,3482,14,9,11,0
Trammel,5703,3494,-2,22,9,0
Trammel,5749,3521,0,11,9,0
Trammel,5746,3536,2,9,33,0
Trammel,5719,3539,-1,16,30,0
Trammel,5735,3540,0,11,31,0
Trammel,5638,3545,-2,9,9,0
Trammel,5647,3546,0,9,24,0
Trammel,5685,3559,0,26,18,0
Trammel,5635,3561,-2,12,11,0
Trammel,5675,3584,-3,12,9,0
Trammel,5736,3585,-1,24,20,0
Trammel,5636,3602,0,14,9,0
Trammel,5740,3605,-1,10,14,0
Trammel,5679,3612,-2,13,9,0
Trammel,5739,3619,0,9,18,0
Trammel,5704,3620,0,13,12,0
Trammel,5733,3637,-2,10,21,0
Trammel,5719,3638,-2,10,16,0
Trammel,5649,3641,3,13,11,0
Trammel,5686,3642,17,18,9,0
Trammel,5751,3667,-3,9,19,0
Trammel,5691,3685,25,15,21,0
Trammel,5679,3690,22,12,21,0
Trammel,5706,3690,18,10,13,0
Trammel,5632,3727,-1,13,18,0
Trammel,5672,3739,20,26,17,0
Trammel,5662,3754,21,10,15,0
Trammel,5666,3785,19,11,12,0
Trammel,5645,3790,24,21,31,0
Trammel,5747,3817,21,9,10,0
Trammel,5679,3821,1,9,18,0
Trammel,5727,3829,0,15,10,0
Trammel,5713,3842,1,9,22,0
Trammel,5748,3842,0,12,14,0
Trammel,5693,3843,3,20,16,0
Trammel,5722,3843,0,26,12,0
Trammel,5655,3878,1,13,16,0
Trammel,5695,3878,21,9,20,0
Trammel,5683,3880,17,12,19,0
Trammel,5637,3924,-1,9,14,0
Trammel,5726,3926,0,19,22,0
Trammel,5745,3932,0,9,26,0
Trammel,5646,3937,0,15,31,0
Trammel,5732,3948,0,13,9,0
Trammel,5640,3968,0,11,10,0
Trammel,5711,3968,22,24,40,0
Trammel,5701,3970,22,10,39,0
Trammel,5735,3983,19,9,23,0
Trammel,5636,4008,-3,11,32,0
Trammel,5728,4016,-2,9,17,0
Trammel,5703,4027,19,12,18,0
Trammel,5694,4031,17,9,10,0
Trammel,5732,4064,20,9,20,0
Trammel,5661,4066,17,11,20,0
Trammel,5652,4074,21,9,15,0
Trammel,5760,1536,0,65,128,0
Trammel,5825,1536,0,63,65,0
Trammel,5825,1601,0,16,16,0
Trammel,5855,1601,0,18,16,0
Trammel,5841,1615,0,14,18,0
Trammel,5873,1615,0,15,18,0
Trammel,5825,1631,0,16,18,0
Trammel,5855,1631,0,18,18,0
Trammel,5841,1647,0,14,17,0
Trammel,5873,1647,0,15,17,0
Trammel,5824,1664,0,17,112,0
Trammel,5855,1664,0,18,112,0
Trammel,5841,1679,0,14,97,0
Trammel,5873,1679,0,11,97,0
Trammel,5760,2048,0,128,128,0
Trammel,5846,2311,46,15,11,0
Trammel,5864,2316,24,12,12,0
Trammel,5879,2322,5,9,16,0
Trammel,5832,2342,24,10,9,0
Trammel,5801,2345,26,13,12,0
Trammel,5878,2347,3,10,24,0
Trammel,5842,2349,24,9,14,0
Trammel,5851,2354,25,16,13,0
Trammel,5859,2465,46,12,10,0
Trammel,5860,2483,3,9,12,0
Trammel,5793,2560,-2,12,10,0
Trammel,5792,2618,42,10,23,0
Trammel,5802,2624,44,9,21,0
Trammel,5811,2628,45,9,12,0
Trammel,5761,2650,44,12,38,0
Trammel,5773,2653,46,9,16,0
Trammel,5824,2653,15,9,13,0
Trammel,5815,2666,16,9,15,0
Trammel,5825,2666,13,12,11,0
Trammel,5810,2688,15,13,9,0
Trammel,5760,2709,47,10,15,0
Trammel,5792,2759,-2,11,11,0
Trammel,5768,2761,-2,9,11,0
Trammel,5760,2916,37,9,12,0
Trammel,5781,3328,0,13,10,0
Trammel,5799,3337,-2,9,11,0
Trammel,5857,3346,13,12,20,0
Trammel,5841,3350,14,16,10,0
Trammel,5791,3410,-2,13,28,0
Trammel,5834,3412,-2,9,18,0
Trammel,5843,3415,0,15,14,0
Trammel,5805,3416,0,9,22,0
Trammel,5878,3428,-1,9,15,0
Trammel,5760,3434,-2,14,22,0
Trammel,5760,3456,1,23,24,0
Trammel,5858,3460,16,10,20,0
Trammel,5821,3466,17,23,14,0
Trammel,5773,3480,-1,14,9,0
Trammel,5816,3488,15,10,10,0
Trammel,5864,3497,2,9,40,0
Trammel,5853,3499,2,11,31,0
Trammel,5787,3508,1,9,13,0
Trammel,5792,3532,2,19,29,0
Trammel,5811,3540,-1,10,30,0
Trammel,5768,3556,-1,9,28,0
Trammel,5861,3575,1,13,9,0
Trammel,5760,3584,0,16,19,0
Trammel,5864,3584,-1,24,27,0
Trammel,5797,3586,1,9,11,0
Trammel,5788,3591,2,9,19,0
Trammel,5798,3603,0,10,9,0
Trammel,5875,3611,1,11,21,0
Trammel,5858,3625,0,12,17,0
Trammel,5777,3628,-3,12,9,0
Trammel,5845,3635,-1,10,16,0
Trammel,5836,3643,0,9,9,0
Trammel,5784,3647,-2,9,9,0
Trammel,5761,3648,0,12,48,0
Trammel,5773,3653,0,9,39,0
Trammel,5792,3668,1,9,13,0
Trammel,5782,3671,-2,9,13,0
Trammel,5813,3685,17,9,11,0
Trammel,5844,3685,-1,9,23,0
Trammel,5853,3693,-1,11,13,0
Trammel,5801,3730,2,10,17,0
Trammel,5774,3750,-1,9,10,0
Trammel,5809,3756,17,13,9,0
Trammel,5843,3756,2,9,9,0
Trammel,5783,3759,1,10,51,0
Trammel,5771,3765,-1,12,43,0
Trammel,5793,3768,2,10,40,0
Trammel,5778,3811,22,14,17,0
Trammel,5792,3817,22,19,12,0
Trammel,5873,3822,-2,14,18,0
Trammel,5858,3825,-2,15,15,0
Trammel,5873,3840,-2,14,10,0
Trammel,5760,3842,-3,18,14,0
Trammel,5778,3844,1,11,13,0
Trammel,5789,3846,-1,9,10,0
Trammel,5851,3854,21,12,26,0
Trammel,5841,3856,22,10,23,0
Trammel,5863,3861,21,9,15,0
Trammel,5765,3903,19,13,33,0
Trammel,5778,3911,20,9,18,0
Trammel,5819,3935,19,10,33,0
Trammel,5830,3936,22,12,32,0
Trammel,5842,3941,18,11,26,0
Trammel,5810,3944,20,9,24,0
Trammel,5773,3949,22,17,19,0
Trammel,5774,3968,20,12,9,0
Trammel,5868,3980,0,9,12,0
Trammel,5855,4009,20,10,31,0
Trammel,5761,4011,-1,13,35,0
Trammel,5875,4016,-1,9,9,0
Trammel,5823,4019,19,9,19,0
Trammel,5774,4020,3,9,27,0
Trammel,5810,4022,21,13,20,0
Trammel,5801,4063,19,12,30,0
Trammel,5813,4070,22,10,22,0
Trammel,5792,4080,19,9,11,0
Trammel,5780,4083,21,10,9,0
Trammel,5947,294,22,13,9,0
Trammel,5938,312,0,11,16,0
Trammel,5924,315,22,12,13,0
Trammel,5945,441,22,14,14,0
Trammel,5888,1536,0,128,65,0
Trammel,5888,1601,0,17,16,0
Trammel,5919,1601,0,97,63,0
Trammel,5905,1615,0,14,18,0
Trammel,5888,1631,0,17,18,0
Trammel,5905,1647,0,14,17,0
Trammel,5932,1664,0,84,112,0
Trammel,5936,1776,0,80,16,0
Trammel,5936,1792,0,80,128,0
Trammel,5936,1920,0,80,128,0
Trammel,5888,2048,0,128,14,0
Trammel,5905,2062,0,111,114,0
Trammel,5888,2075,0,17,101,0
Trammel,5897,2321,24,10,31,0
Trammel,5921,2324,24,9,9,0
Trammel,5978,2332,25,25,9,0
Trammel,5953,2333,25,12,11,0
Trammel,6003,2344,47,10,26,0
Trammel,5902,2352,25,12,11,0
Trammel,5889,2354,6,9,18,0
Trammel,5961,2362,47,9,12,0
Trammel,5994,2362,45,9,12,0
Trammel,5908,2363,27,9,9,0
Trammel,5970,2364,44,24,13,0
Trammel,5921,2365,23,27,10,0
Trammel,5898,2371,3,9,14,0
Trammel,6007,2383,47,9,9,0
Trammel,5903,2385,5,20,13,0
Trammel,5955,2385,27,9,9,0
Trammel,5964,2388,28,9,38,0
Trammel,5928,2394,5,10,9,0
Trammel,5946,2400,6,10,20,0
Trammel,5998,2407,25,9,25,0
Trammel,6007,2408,25,9,24,0
Trammel,5989,2414,24,9,18,0
Trammel,5973,2416,23,16,16,0
Trammel,5980,2432,27,29,9,0
Trammel,6001,2843,15,11,12,0
Trammel,5997,2879,15,19,36,0
Trammel,5986,2884,15,11,27,0
Trammel,5949,2889,15,9,9,0
Trammel,5969,2921,18,9,11,0
Trammel,5967,2932,15,10,11,0
Trammel,6001,2968,16,9,13,0
Trammel,6005,2981,16,10,10,0
Trammel,6005,3200,16,11,19,0
Trammel,5996,3201,14,9,9,0
Trammel,5960,3246,-1,12,44,0
Trammel,5951,3255,-3,9,10,0
Trammel,5952,3315,-1,13,11,0
Trammel,5965,3317,-2,10,9,0
Trammel,5976,3317,-3,9,9,0
Trammel,5955,3329,1,9,9,0
Trammel,5944,3350,0,10,10,0
Trammel,5942,3360,0,9,36,0
Trammel,5975,3376,3,11,11,0
Trammel,5918,3384,0,11,10,0
Trammel,5889,3395,-2,11,15,0
Trammel,5963,3411,4,11,9,0
Trammel,5963,3420,6,10,12,0
Trammel,6004,3460,4,10,13,0
Trammel,5938,3499,0,9,9,0
Trammel,5925,3504,4,9,12,0
Trammel,6003,3531,0,9,10,0
Trammel,5998,3556,0,9,11,0
Trammel,5889,3558,1,12,16,0
Trammel,5954,3560,0,11,23,0
Trammel,6007,3564,3,9,12,0
Trammel,5965,3571,1,9,12,0
Trammel,5895,3584,2,10,20,0
Trammel,5963,3584,-3,28,21,0
Trammel,6004,3584,1,12,11,0
Trammel,5991,3587,0,9,11,0
Trammel,5926,3588,-1,20,9,0
Trammel,5905,3595,-1,10,14,0
Trammel,5965,3605,-1,21,23,0
Trammel,5901,3609,-1,11,36,0
Trammel,5918,3611,0,9,35,0
Trammel,5956,3635,0,9,10,0
Trammel,5934,3637,2,11,9,0
Trammel,5945,3642,0,10,16,0
Trammel,5927,3683,19,9,27,0
Trammel,5906,3684,21,21,12,0
Trammel,5962,3684,0,11,9,0
Trammel,5936,3687,19,9,22,0
Trammel,5912,3696,19,15,15,0
Trammel,5889,3715,-1,9,12,0
Trammel,5950,3731,-2,9,16,0
Trammel,5923,3738,-2,9,11,0
Trammel,5898,3747,22,11,26,0
Trammel,5923,3761,20,12,11,0
Trammel,5969,3766,19,10,16,0
Trammel,5935,3769,22,9,15,0
Trammel,5920,3796,1,9,34,0
Trammel,5995,3796,0,13,33,0
Trammel,5909,3797,-1,11,26,0
Trammel,5929,3797,1,11,23,0
Trammel,5985,3798,2,10,30,0
Trammel,5912,3841,1,9,9,0
Trammel,5929,3841,0,11,13,0
Trammel,5960,3841,2,12,9,0
Trammel,5940,3852,-1,15,9,0
Trammel,5888,3853,1,13,42,0
Trammel,6004,3854,1,10,14,0
Trammel,5937,3871,18,9,49,0
Trammel,5975,3876,-1,9,14,0
Trammel,5928,3879,23,9,41,0
Trammel,5946,3880,17,11,45,0
Trammel,5919,3893,17,9,26,0
Trammel,6001,3894,2,9,9,0
Trammel,5889,3895,1,9,56,0
Trammel,5957,3899,19,9,20,0
Trammel,5973,3940,-2,10,10,0
Trammel,6005,3953,19,11,15,0
Trammel,5889,3968,-1,21,13,0
Trammel,5998,3968,21,18,19,0
Trammel,5910,3971,1,9,18,0
Trammel,5897,3981,-1,9,10,0
Trammel,5917,3989,-2,9,10,0
Trammel,5889,3995,-2,9,52,0
Trammel,5915,3999,-1,10,31,0
Trammel,5984,4015,-2,9,13,0
Trammel,5975,4027,-1,9,28,0
Trammel,5918,4030,0,9,9,0
Trammel,5935,4030,-3,9,42,0
Trammel,5944,4038,-2,13,35,0
Trammel,5957,4056,1,9,24,0
Trammel,5966,4066,0,9,14,0
Trammel,5975,4070,2,12,12,0
Trammel,6035,273,0,12,14,0
Trammel,6090,273,44,13,14,0
Trammel,6113,273,22,14,14,0
Trammel,6041,321,22,14,22,0
Trammel,6033,353,44,14,14,0
Trammel,6038,401,0,9,14,0
Trammel,6016,1536,0,9,128,0
Trammel,6025,1537,0,72,127,0
Trammel,6097,1537,0,47,18,0
Trammel,6107,1555,-3,37,109,0
Trammel,6097,1558,-4,10,106,0
Trammel,6016,1664,0,128,128,0
Trammel,6016,1792,0,128,128,0
Trammel,6016,1920,0,128,128,0
Trammel,6016,2048,0,128,128,0
Trammel,6067,2323,25,12,43,0
Trammel,6079,2324,27,22,28,0
Trammel,6037,2333,46,10,12,0
Trammel,6101,2335,23,10,11,0
Trammel,6111,2338,26,15,11,0
Trammel,6113,2349,27,13,22,0
Trammel,6016,2352,45,9,18,0
Trammel,6079,2361,24,9,58,0
Trammel,6088,2364,27,13,12,0
Trammel,6070,2366,25,9,11,0
Trammel,6102,2375,24,19,57,0
Trammel,6092,2386,27,10,46,0
Trammel,6024,2395,24,14,27,0
Trammel,6038,2399,27,15,11,0
Trammel,6083,2419,27,9,9,0
Trammel,6082,2444,24,11,10,0
Trammel,6109,2453,46,10,13,0
Trammel,6092,2454,5,11,11,0
Trammel,6093,2839,14,11,46,0
Trammel,6084,2857,15,9,41,0
Trammel,6075,2868,15,9,22,0
Trammel,6016,2878,13,11,43,0
Trammel,6032,2927,28,11,17,0
Trammel,6023,2933,28,9,11,0
Trammel,6019,2944,29,24,16,0
Trammel,6072,2968,29,10,27,0
Trammel,6063,2973,28,9,14,0
Trammel,6082,2977,29,9,19,0
Trammel,6025,2995,32,9,21,0
Trammel,6114,3036,13,18,30,0
Trammel,6105,3045,15,9,25,0
Trammel,6095,3050,13,10,14,0
Trammel,6051,3265,17,9,31,0
Trammel,6062,3265,15,9,14,0
Trammel,6032,3287,1,10,11,0
Trammel,6085,3299,-1,12,23,0
Trammel,6097,3303,-1,9,17,0
Trammel,6016,3313,1,12,11,0
Trammel,6053,3357,0,9,10,0
Trammel,6102,3414,-2,14,42,0
Trammel,6093,3430,3,9,26,0
Trammel,6088,3456,-3,30,22,0
Trammel,6019,3475,2,13,14,0
Trammel,6074,3476,0,9,9,0
Trammel,6098,3478,-2,16,31,0
Trammel,6035,3513,2,9,20,0
Trammel,6024,3527,0,10,10,0
Trammel,6077,3529,-2,11,39,0
Trammel,6031,3584,1,12,12,0
Trammel,6090,3584,1,12,13,0
Trammel,6077,3588,1,12,29,0
Trammel,6067,3590,2,10,21,0
Trammel,6016,3592,3,10,20,0
Trammel,6050,3630,-2,9,36,0
Trammel,6032,3636,-2,9,20,0
Trammel,6059,3639,-2,10,33,0
Trammel,6020,3641,-1,9,9,0
Trammel,6069,3641,-1,9,32,0
Trammel,6045,3674,-1,10,30,0
Trammel,6035,3675,2,10,31,0
Trammel,6087,3678,17,13,19,0
Trammel,6025,3684,2,10,26,0
Trammel,6036,3713,-3,18,22,0
Trammel,6066,3763,17,18,42,0
Trammel,6084,3772,19,9,37,0
Trammel,6093,3779,19,10,30,0
Trammel,6042,3809,17,12,18,0
Trammel,6094,3826,-2,9,9,0
Trammel,6073,3827,1,21,9,0
Trammel,6064,3841,-2,12,12,0
Trammel,6110,3847,23,10,31,0
Trammel,6044,3849,2,10,16,0
Trammel,6065,3853,-1,10,10,0
Trammel,6098,3853,19,9,36,0
Trammel,6120,3856,23,11,16,0
Trammel,6066,3874,1,11,41,0
Trammel,6055,3886,2,11,12,0
Trammel,6077,3893,2,10,25,0
Trammel,6028,3912,1,9,9,0
Trammel,6016,3916,3,12,12,0
Trammel,6080,3925,-1,9,14,0
Trammel,6124,3937,20,10,27,0
Trammel,6047,3951,21,12,12,0
Trammel,6016,3952,20,12,16,0
Trammel,6016,3968,17,18,18,0
Trammel,6083,3989,0,10,9,0
Trammel,6066,4005,3,9,30,0
Trammel,6034,4007,-2,9,10,0
Trammel,6051,4011,4,15,16,0
Trammel,6096,4012,-1,9,13,0
Trammel,6076,4016,1,15,19,0
Trammel,6016,4017,20,14,19,0
Trammel,6042,4017,-2,9,22,0
Trammel,6055,4034,-1,11,18,0
Trammel,6083,4035,3,10,10,0
Trammel,6016,4036,21,9,9,0
Trammel,6050,4057,19,10,24,0
Trammel,6039,4059,19,11,19,0
Trammel,6060,4061,18,19,10,0
Trammel,6079,4063,19,9,22,0
Trammel,6028,4066,20,11,12,0
Trammel,6245,2873,0,13,24,0
Trammel,6158,2877,0,9,30,0
Trammel,6205,2883,0,9,18,0
Trammel,6283,2868,0,13,12,0
Trammel,6300,2870,0,12,25,0
Trammel,6446,1214,11,9,11,0
Trammel,6455,1222,12,9,11,0
Trammel,6426,1231,10,9,10,0
Trammel,6459,1233,10,10,10,0
Trammel,6439,1242,12,9,19,0
Trammel,6455,1243,10,9,16,0
Trammel,6401,1244,10,9,23,0
Trammel,6422,1244,10,17,9,0
Trammel,6427,1253,10,12,10,0
Trammel,6441,1261,11,11,19,0
Trammel,6411,1268,12,11,11,0
Trammel,6429,1269,9,11,11,0
Trammel,6428,1280,10,10,9,0
Trammel,6575,3349,3,12,51,0
Trammel,6581,3400,0,13,10,0
Trammel,6594,3405,0,11,22,0
Trammel,6636,3413,2,10,12,0
Trammel,6623,3415,0,13,10,0
Trammel,6609,3417,6,13,10,0
Trammel,6646,3421,0,9,9,0
Trammel,6639,3456,2,15,18,0
Trammel,6630,3465,2,9,22,0
Trammel,6721,648,0,10,112,0
Trammel,6731,648,0,53,15,0
Trammel,6759,663,0,24,10,0
Trammel,6768,673,0,14,87,0
Trammel,6759,688,0,9,34,0
Trammel,6731,690,0,9,28,0
Trammel,6740,696,0,19,16,0
Trammel,6759,737,0,9,23,0
Trammel,6731,739,0,9,21,0
Trammel,6740,745,0,19,15,0
Trammel,6748,2163,0,11,12,0
Trammel,6767,2203,0,9,9,0
Trammel,6729,2215,10,11,12,0
Trammel,6749,2224,0,10,19,0
Trammel,6768,3283,10,13,10,0
Trammel,6762,3372,0,9,9,0
Trammel,6704,3411,0,9,10,0
Trammel,6672,3423,2,12,13,0
Trammel,6661,3424,0,11,21,0
Trammel,6656,3445,0,11,11,0
Trammel,6675,3476,0,27,23,0
Trammel,6713,3481,0,9,12,0
Trammel,6747,3481,0,11,12,0
Trammel,6764,3481,0,11,13,0
Trammel,6784,648,0,56,17,0
Trammel,6820,665,0,20,95,0
Trammel,6789,672,0,24,16,0
Trammel,6811,695,0,9,19,0
Trammel,6784,696,0,27,18,0
Trammel,6789,721,0,24,16,0
Trammel,6811,744,0,9,16,0
Trammel,6784,745,0,27,15,0
Trammel,6866,1191,0,9,10,0
Trammel,6796,2104,0,11,11,0
Trammel,6822,2120,0,9,10,0
Trammel,6784,2176,0,15,15,0
Trammel,6817,2184,0,13,11,0
Trammel,6903,3161,0,9,14,0
Trammel,6787,3182,15,14,11,0
Trammel,6841,3203,0,10,22,0
Trammel,6817,3224,0,9,10,0
Trammel,6846,3225,0,10,11,0
Trammel,6828,3235,0,18,11,0
Trammel,6846,3243,0,9,18,0
Trammel,6838,3261,4,13,18,0
Trammel,6844,3279,0,11,14,0
Trammel,6794,3281,10,9,13,0
Trammel,6834,3288,6,10,11,0
Trammel,6863,3296,0,10,9,0
Trammel,6840,3299,0,15,12,0
Trammel,6844,3311,0,13,17,0
Trammel,6838,3328,2,13,16,0
Trammel,6792,3335,0,10,40,0
Trammel,6827,3344,2,12,50,0
Trammel,6865,3353,0,9,10,0
Trammel,6802,3359,0,10,14,0
Trammel,6814,3365,0,13,9,0
Trammel,6829,3394,0,10,40,0
Trammel,6862,3398,0,34,20,0
Trammel,6847,3410,0,9,10,0
Trammel,6902,3410,0,9,9,0
Trammel,6875,3424,0,9,10,0
Trammel,6839,3425,0,31,9,0
Trammel,6888,3425,0,24,9,0
Trammel,6847,3439,0,9,9,0
Trammel,6870,3439,0,11,16,0
Trammel,6902,3439,0,9,9,0
Trammel,6881,3440,0,13,15,0
Trammel,6826,3460,0,15,10,0
Trammel,6784,3462,0,27,51,0
Trammel,6822,3474,0,23,27,0
Trammel,6875,3476,0,10,23,0
Trammel,6825,3505,0,16,10,0
Trammel,6894,3509,0,9,18,0
Trammel,6821,3539,0,26,12,0
Trammel,6869,3541,0,13,42,0
Trammel,6855,3542,0,14,41,0
Trammel,6882,3542,0,22,41,0
Trammel,6816,3573,0,31,11,0
Trammel,6865,3591,0,28,28,0
Trammel,6917,3409,0,15,41,0
Trammel,6922,3510,0,10,15,0
Trammel,6912,3540,0,26,12,0
Trammel,6912,3572,0,29,12,0
Malas,82,217,-1,11,14,0
Malas,263,623,-1,121,17,0
Malas,263,640,-1,41,128,0
Malas,304,640,-1,80,37,0
Malas,304,677,-1,23,13,0
Malas,329,686,-1,9,10,0
Malas,305,690,-1,11,10,0
Malas,318,692,-1,10,10,0
Malas,305,700,-1,10,68,0
Malas,339,707,-1,9,9,0
Malas,315,731,-1,9,27,0
Malas,339,732,-1,10,15,0
Malas,375,735,-1,9,11,0
Malas,263,768,-1,52,89,0
Malas,334,785,-1,9,10,0
Malas,344,785,-1,9,111,0
Malas,373,789,-1,10,10,0
Malas,315,792,-1,12,104,0
Malas,353,792,-1,11,17,0
Malas,327,795,-1,10,101,0
Malas,364,828,-1,9,9,0
Malas,354,840,-1,10,56,0
Malas,370,840,-1,11,56,0
Malas,384,623,-1,120,17,0
Malas,384,640,-1,120,33,0
Malas,388,673,-1,21,10,0
Malas,411,673,-1,18,10,0
Malas,432,673,-1,72,14,0
Malas,441,687,-1,63,10,0
Malas,436,697,-1,9,10,0
Malas,456,697,-1,48,71,0
Malas,446,707,-1,10,45,0
Malas,433,716,-1,12,10,0
Malas,435,729,-1,9,11,0
Malas,422,738,-2,9,13,0
Malas,408,741,-1,14,10,0
Malas,436,743,-1,10,12,0
Malas,420,768,-1,11,15,0
Malas,442,768,-1,62,9,0
Malas,438,777,-1,66,18,0
Malas,414,789,-1,11,10,0
Malas,448,795,-1,56,101,0
Malas,433,800,-1,9,9,0
Malas,423,825,-1,9,9,0
Malas,422,834,-1,9,62,0
Malas,431,835,-1,9,61,0
Malas,385,836,-1,12,60,0
Malas,397,838,-1,10,58,0
Malas,407,845,-1,9,51,0
Tokuno,109,654,35,9,11,0
Tokuno,165,211,17,11,21,0
Tokuno,182,281,20,10,40,5303003
Tokuno,192,287,20,10,39,5303003
Tokuno,170,290,18,12,28,5303003
Tokuno,202,291,20,10,15,5303003
Tokuno,209,593,37,10,10,5303003
Tokuno,187,603,39,9,16,5303003
Tokuno,189,619,43,15,13,5303003
Tokuno,158,622,41,10,9,5303003
Tokuno,241,630,11,15,10,5303003
Tokuno,172,650,37,10,9,5303003
Tokuno,244,661,15,9,10,5303003
Tokuno,128,668,41,9,15,5303003
Tokuno,234,668,15,10,11,5303003
Tokuno,182,669,30,11,10,5303003
Tokuno,193,671,26,9,10,5303003
Tokuno,229,679,18,10,17,5303003
Tokuno,197,681,20,10,17,5303003
Tokuno,177,698,23,14,9,5303003
Tokuno,205,700,18,10,10,5303003
Tokuno,245,704,32,11,15,5303003
Tokuno,134,705,31,14,20,5303003
Tokuno,148,710,35,9,15,5303003
Tokuno,157,713,32,11,10,5303003
Tokuno,236,713,32,9,12,5303003
Tokuno,169,715,25,11,12,5303003
Tokuno,226,722,33,10,12,5303003
Tokuno,184,728,27,9,9,5303003
Tokuno,150,737,33,10,11,5303003
Tokuno,188,738,35,10,11,5303003
Tokuno,200,738,34,11,9,5303003
Tokuno,245,751,48,10,17,5303003
Tokuno,189,768,53,16,14,0
Tokuno,164,773,39,9,26,0
Tokuno,174,774,47,9,9,0
Tokuno,229,783,56,9,10,0
Tokuno,240,797,61,10,9,0
Tokuno,180,810,53,13,12,0
Tokuno,220,810,59,9,11,0
Tokuno,181,822,54,11,10,0
Tokuno,199,823,60,14,15,0
Tokuno,216,839,55,9,9,0
Tokuno,206,847,56,9,15,0
Tokuno,164,851,32,9,10,0
Tokuno,162,864,31,9,12,0
Tokuno,219,864,55,10,14,0
Tokuno,210,876,53,9,20,0
Tokuno,165,880,33,9,11,0
Tokuno,174,887,34,9,9,0
Tokuno,164,896,29,10,11,0
Tokuno,197,896,53,10,11,0
Tokuno,211,896,59,14,16,0
Tokuno,226,901,59,9,9,0
Tokuno,206,917,49,9,12,0
Tokuno,197,931,40,9,9,0
Tokuno,179,933,28,11,17,0
Tokuno,214,935,45,9,10,0
Tokuno,191,940,36,14,10,0
Tokuno,217,945,42,12,9,0
Tokuno,233,948,40,10,10,0
Tokuno,205,953,39,11,10,0
Tokuno,221,954,41,9,11,0
Tokuno,232,961,37,10,9,0
Tokuno,204,968,32,9,10,0
Tokuno,220,971,32,11,10,0
Tokuno,184,974,21,10,10,0
Tokuno,234,979,23,15,12,0
Tokuno,179,984,16,9,12,0
Tokuno,198,986,11,10,13,0
Tokuno,170,990,13,9,10,0
Tokuno,218,991,18,10,17,0
Tokuno,242,991,16,9,11,0
Tokuno,175,1004,10,9,20,0
Tokuno,229,1004,10,9,11,0
Tokuno,239,1008,13,9,11,0
Tokuno,179,1024,10,9,41,0
Tokuno,240,1034,10,9,13,0
Tokuno,189,1073,15,9,22,0
Tokuno,245,1073,10,11,9,0
Tokuno,234,1085,10,9,9,0
Tokuno,193,1095,11,12,9,0
Tokuno,205,1103,9,9,15,0
Tokuno,214,1116,12,9,11,0
Tokuno,223,1124,10,9,12,0
Tokuno,247,1133,10,9,9,0
Tokuno,232,1134,11,9,10,0
Tokuno,241,1142,15,11,10,0
Tokuno,247,1152,15,9,11,0
Tokuno,337,239,29,10,9,0
Tokuno,347,245,28,9,11,0
Tokuno,346,256,29,14,11,5303003
Tokuno,297,337,15,9,10,5303003
Tokuno,310,337,14,10,9,5303003
Tokuno,352,341,20,9,12,5303003
Tokuno,286,343,14,10,11,5303003
Tokuno,368,350,24,10,15,5303003
Tokuno,274,354,15,11,9,5303003
Tokuno,345,355,23,12,12,5303003
Tokuno,297,365,26,9,9,5303003
Tokuno,313,366,32,9,12,5303003
Tokuno,323,368,32,9,10,5303003
Tokuno,274,373,18,9,9,5303003
Tokuno,272,384,18,10,18,5303002
Tokuno,262,395,18,10,20,5303002
Tokuno,282,398,23,9,9,5303002
Tokuno,338,399,32,9,9,5303002
Tokuno,292,400,29,11,9,5303002
Tokuno,283,409,28,11,12,5303002
Tokuno,266,416,26,11,12,5303002
Tokuno,269,428,30,16,14,5303002
Tokuno,294,428,32,9,9,5303002
Tokuno,331,434,32,9,9,5303002
Tokuno,277,442,36,16,13,5303002
Tokuno,314,443,32,10,9,5303002
Tokuno,291,460,32,9,15,5303002
Tokuno,267,461,27,9,22,5303002
Tokuno,332,465,32,9,14,5303002
Tokuno,372,467,32,12,10,5303002
Tokuno,370,481,32,10,31,5303002
Tokuno,275,483,32,10,9,5303002
Tokuno,361,483,31,9,29,5303002
Tokuno,293,484,32,9,9,5303002
Tokuno,334,487,32,10,11,5303002
Tokuno,302,488,32,9,12,5303002
Tokuno,351,488,29,10,12,5303002
Tokuno,312,489,32,9,11,5303002
Tokuno,293,498,32,9,14,5303002
Tokuno,336,498,32,11,14,5303002
Tokuno,347,500,27,10,12,5303002
Tokuno,346,512,23,11,27,5303002
Tokuno,374,518,23,10,34,5303002
Tokuno,279,520,33,9,9,5303002
Tokuno,357,522,23,17,37,5303002
Tokuno,337,527,23,9,52,5303002
Tokuno,313,537,38,9,15,5303002
Tokuno,346,539,15,11,29,5303002
Tokuno,304,544,41,9,9,5303002
Tokuno,328,552,23,9,12,5303002
Tokuno,319,563,22,9,38,5303002
Tokuno,328,564,15,9,27,5303002
Tokuno,359,569,15,11,26,5303002
Tokuno,310,575,22,9,39,5303002
Tokuno,350,578,15,9,19,5303002
Tokuno,299,583,23,11,44,5303002
Tokuno,287,588,22,12,52,5303002
Tokuno,278,594,17,9,25,5303002
Tokuno,337,594,15,9,18,5303002
Tokuno,327,605,15,9,31,5303002
Tokuno,318,617,15,9,23,5303002
Tokuno,309,630,15,9,10,5303002
Tokuno,372,630,46,10,9,5303002
Tokuno,277,640,15,9,14,5303003
Tokuno,301,640,15,18,12,5303003
Tokuno,354,646,37,9,10,5303003
Tokuno,290,649,15,11,23,5303003
Tokuno,265,653,15,12,25,5303003
Tokuno,362,657,46,9,10,5303003
Tokuno,256,664,15,9,12,5303003
Tokuno,374,666,52,9,21,5303003
Tokuno,333,667,36,9,9,5303003
Tokuno,277,668,15,10,10,5303003
Tokuno,361,668,45,13,15,5303003
Tokuno,331,676,41,9,13,5303003
Tokuno,315,697,53,9,9,5303003
Tokuno,358,697,48,10,21,5303003
Tokuno,260,699,39,9,10,5303003
Tokuno,290,707,55,10,9,5303003
Tokuno,307,728,64,9,9,5303003
Tokuno,332,728,59,9,9,5303003
Tokuno,316,729,62,9,9,5303003
Tokuno,258,738,46,9,10,5303003
Tokuno,278,741,56,9,11,5303003
Tokuno,289,742,58,15,10,5303003
Tokuno,309,768,20,11,9,0
Tokuno,370,804,31,9,12,0
Tokuno,366,1040,10,10,11,0
Tokuno,262,1094,10,9,9,0
Tokuno,274,1114,10,9,12,0
Tokuno,275,1126,10,13,11,0
Tokuno,267,1137,10,12,12,0
Tokuno,256,1141,10,9,11,0
Tokuno,256,1154,14,12,9,0
Tokuno,281,1154,15,9,12,0
Tokuno,312,1195,13,11,34,0
Tokuno,356,1341,20,9,14,0
Tokuno,369,1365,18,15,10,0
Tokuno,464,57,24,10,22,0
Tokuno,455,60,23,9,19,0
Tokuno,453,216,21,9,21,0
Tokuno,411,330,22,9,13,5303003
Tokuno,393,331,19,10,24,5303003
Tokuno,436,331,24,10,10,5303003
Tokuno,473,331,32,10,10,5303003
Tokuno,457,334,33,15,11,5303003
Tokuno,420,335,26,11,12,5303003
Tokuno,384,336,16,9,13,5303003
Tokuno,436,342,29,9,14,5303003
Tokuno,415,347,26,12,10,5303003
Tokuno,465,348,33,13,16,5303003
Tokuno,479,348,38,11,9,5303003
Tokuno,427,350,30,9,11,5303003
Tokuno,446,351,31,9,11,5303003
Tokuno,490,359,46,10,14,5303003
Tokuno,501,361,47,10,15,5303003
Tokuno,422,362,32,10,9,5303003
Tokuno,395,365,32,11,12,5303003
Tokuno,432,370,32,12,9,5303003
Tokuno,406,373,32,9,11,5303003
Tokuno,397,384,32,12,9,5303003
Tokuno,491,391,41,9,14,5303003
Tokuno,403,396,32,10,11,5303003
Tokuno,503,396,52,9,14,5303003
Tokuno,469,400,31,13,10,5303003
Tokuno,441,406,32,14,10,5303003
Tokuno,456,406,32,9,10,5303003
Tokuno,465,410,32,17,19,5303003
Tokuno,389,423,32,9,13,5303003
Tokuno,399,423,32,11,13,5303003
Tokuno,411,426,32,10,17,5303003
Tokuno,421,435,32,9,11,5303003
Tokuno,491,435,24,9,9,5303003
Tokuno,459,437,32,11,31,5303003
Tokuno,471,441,27,16,11,5303003
Tokuno,448,447,32,11,34,5303003
Tokuno,498,469,27,9,9,5303003
Tokuno,470,470,21,9,10,5303003
Tokuno,432,478,23,9,25,5303003
Tokuno,441,481,17,9,10,5303003
Tokuno,461,481,23,9,26,5303003
Tokuno,422,483,23,10,29,5303003
Tokuno,412,489,23,10,23,5303003
Tokuno,451,491,15,10,21,5303003
Tokuno,403,494,23,9,18,5303003
Tokuno,499,495,32,12,16,5303003
Tokuno,391,499,23,12,13,5303003
Tokuno,384,512,16,25,29,5303003
Tokuno,413,512,15,10,15,5303003
Tokuno,437,512,15,23,11,5303003
Tokuno,428,522,15,9,22,5303003
Tokuno,497,523,32,9,20,5303003
Tokuno,419,533,15,9,32,5303003
Tokuno,483,534,32,9,10,5303003
Tokuno,463,537,32,10,21,5303003
Tokuno,384,541,15,10,9,5303003
Tokuno,476,544,32,12,16,5303003
Tokuno,406,545,15,10,38,5303003
Tokuno,445,547,26,9,9,5303003
Tokuno,396,551,15,10,31,5303003
Tokuno,386,556,15,10,27,5303003
Tokuno,427,571,29,22,14,5303003
Tokuno,493,585,22,11,11,5303003
Tokuno,397,607,33,11,9,5303003
Tokuno,403,617,39,10,10,5303003
Tokuno,384,628,48,9,10,5303003
Tokuno,385,977,10,10,11,0
Tokuno,519,309,18,9,10,0
Tokuno,534,341,7,10,11,0
Tokuno,572,352,16,13,12,0
Tokuno,616,354,30,9,11,0
Tokuno,629,354,31,11,10,0
Tokuno,571,364,21,10,17,0
Tokuno,583,364,22,10,10,0
Tokuno,630,364,32,10,11,0
Tokuno,514,367,50,9,10,0
Tokuno,532,375,46,9,9,0
Tokuno,526,384,54,11,17,0
Tokuno,542,384,50,9,10,0
Tokuno,553,384,42,10,9,0
Tokuno,620,384,35,11,13,0
Tokuno,512,386,55,10,22,0
Tokuno,569,399,35,9,12,0
Tokuno,537,400,45,10,11,0
Tokuno,619,400,40,12,9,0
Tokuno,552,401,39,9,16,0
Tokuno,631,402,41,9,15,0
Tokuno,582,405,32,9,9,0
Tokuno,561,411,31,9,14,0
Tokuno,549,418,31,10,30,0
Tokuno,528,424,29,10,14,0
Tokuno,560,427,34,14,9,0
Tokuno,538,432,24,9,12,0
Tokuno,559,436,32,10,17,0
Tokuno,522,463,32,9,12,0
Tokuno,513,475,32,12,16,0
Tokuno,583,479,32,10,13,0
Tokuno,550,480,32,9,18,0
Tokuno,520,491,32,10,13,0
Tokuno,612,491,32,9,9,0
Tokuno,580,496,32,9,14,0
Tokuno,622,499,32,12,13,0
Tokuno,512,512,32,12,15,0
Tokuno,568,512,32,13,11,0
Tokuno,596,512,32,27,9,0
Tokuno,543,514,32,13,16,0
Tokuno,524,519,32,9,11,0
Tokuno,556,523,32,9,11,0
Tokuno,593,523,32,9,9,0
Tokuno,533,528,32,10,15,0
Tokuno,513,538,32,9,10,0
Tokuno,548,540,32,9,9,0
Tokuno,585,543,32,17,9,0
Tokuno,570,544,32,9,9,0
Tokuno,557,545,32,10,14,0
Tokuno,624,548,31,10,9,0
Tokuno,526,550,32,10,16,0
Tokuno,565,832,7,9,13,0
Tokuno,554,843,7,11,16,0
Tokuno,515,845,6,14,9,0
Tokuno,565,852,5,9,14,0
Tokuno,520,854,2,13,17,0
Tokuno,574,854,3,18,12,0
Tokuno,627,869,22,13,11,0
Tokuno,550,870,11,9,9,0
Tokuno,565,871,14,12,15,0
Tokuno,577,873,15,16,11,0
Tokuno,541,875,15,9,21,0
Tokuno,594,875,16,10,21,0
Tokuno,604,875,19,9,15,0
Tokuno,530,877,13,9,19,0
Tokuno,613,877,26,14,9,0
Tokuno,554,879,20,10,13,0
Tokuno,628,880,30,12,16,0
Tokuno,516,882,3,9,14,0
Tokuno,585,884,20,9,12,0
Tokuno,565,886,22,10,10,0
Tokuno,619,886,28,9,10,0
Tokuno,520,896,5,11,9,0
Tokuno,542,896,21,9,23,0
Tokuno,551,896,23,37,14,0
Tokuno,590,896,23,13,10,0
Tokuno,604,896,24,21,12,0
Tokuno,627,896,29,13,9,0
Tokuno,588,906,24,12,17,0
Tokuno,606,908,26,9,9,0
Tokuno,622,909,34,10,18,0
Tokuno,561,910,23,13,23,0
Tokuno,575,910,23,13,37,0
Tokuno,606,920,32,9,14,0
Tokuno,535,922,15,12,10,0
Tokuno,550,924,22,11,13,0
Tokuno,628,928,42,10,26,0
Tokuno,615,930,40,12,29,0
Tokuno,589,935,27,9,11,0
Tokuno,547,944,27,12,10,0
Tokuno,560,944,28,15,10,0
Tokuno,603,944,39,9,28,0
Tokuno,519,946,26,17,10,0
Tokuno,575,947,31,14,11,0
Tokuno,590,952,36,13,10,0
Tokuno,630,954,42,10,15,0
Tokuno,521,956,33,10,20,0
Tokuno,543,956,33,14,12,0
Tokuno,532,958,34,11,9,0
Tokuno,559,958,38,10,23,0
Tokuno,612,959,42,16,12,0
Tokuno,570,960,38,20,11,0
Tokuno,569,971,40,14,10,0
Tokuno,555,981,43,13,9,0
Tokuno,577,981,46,11,18,0
Tokuno,594,983,49,10,12,0
Tokuno,568,988,45,9,12,0
Tokuno,627,990,50,11,12,0
Tokuno,606,993,51,12,10,0
Tokuno,593,995,54,12,11,0
Tokuno,582,1000,54,11,12,0
Tokuno,625,1002,57,15,9,0
Tokuno,562,1159,26,9,121,5101003
Tokuno,575,1162,26,12,118,5101003
Tokuno,530,1174,17,9,11,5101003
Tokuno,587,1182,25,9,98,5101003
Tokuno,529,1196,24,33,65,5101003
Tokuno,615,1206,25,9,24,5101003
Tokuno,606,1208,25,9,20,5101003
Tokuno,515,1209,25,14,10,5101003
Tokuno,613,1234,25,9,24,5101003
Tokuno,630,1246,25,10,11,5101003
Tokuno,604,1248,25,9,13,5101003
Tokuno,609,1261,25,13,19,5101003
Tokuno,630,1270,25,10,9,5101003
Tokuno,613,1316,25,9,19,5101003
Tokuno,748,154,16,9,11,0
Tokuno,739,160,19,9,13,0
Tokuno,743,188,38,13,11,0
Tokuno,756,188,40,12,12,0
Tokuno,753,236,63,11,12,0
Tokuno,643,348,28,9,9,0
Tokuno,642,374,34,9,10,0
Tokuno,640,400,40,14,11,0
Tokuno,643,411,39,9,13,0
Tokuno,653,411,34,10,9,0
Tokuno,649,429,39,12,13,0
Tokuno,661,430,33,9,10,0
Tokuno,674,431,27,9,9,0
Tokuno,704,433,16,9,16,0
Tokuno,667,478,28,9,11,0
Tokuno,650,521,25,9,10,0
Tokuno,751,821,24,9,10,0
Tokuno,703,826,36,11,11,0
Tokuno,692,830,37,9,20,0
Tokuno,733,830,33,10,27,0
Tokuno,752,831,29,14,16,0
Tokuno,714,832,37,13,14,0
Tokuno,683,833,39,9,16,0
Tokuno,658,840,26,9,24,0
Tokuno,724,846,40,9,23,0
Tokuno,746,848,31,15,13,0
Tokuno,647,849,22,10,27,0
Tokuno,733,857,38,10,13,0
Tokuno,745,863,34,21,10,0
Tokuno,658,875,28,9,10,0
Tokuno,745,875,36,12,13,0
Tokuno,640,876,28,10,20,0
Tokuno,757,881,35,9,15,0
Tokuno,650,885,31,10,11,0
Tokuno,745,896,42,12,22,0
Tokuno,654,898,29,11,10,0
Tokuno,670,903,34,13,15,0
Tokuno,690,903,38,10,14,0
Tokuno,640,905,33,14,12,0
Tokuno,654,908,37,10,17,0
Tokuno,736,909,35,9,11,0
Tokuno,721,914,39,11,28,0
Tokuno,711,915,40,9,31,0
Tokuno,641,917,41,13,25,0
Tokuno,691,917,41,12,22,0
Tokuno,664,918,42,14,12,0
Tokuno,747,918,42,21,16,0
Tokuno,733,925,42,9,13,0
Tokuno,654,929,42,10,10,0
Tokuno,678,929,42,13,29,0
Tokuno,664,930,42,10,22,0
Tokuno,745,934,42,11,17,0
Tokuno,654,939,42,10,20,0
Tokuno,698,939,42,13,16,0
Tokuno,759,947,36,9,16,0
Tokuno,728,950,40,11,10,0
Tokuno,745,951,36,10,9,0
Tokuno,715,953,41,12,9,0
Tokuno,641,954,43,9,11,0
Tokuno,704,955,42,9,9,0
Tokuno,694,956,43,9,14,0
Tokuno,669,958,44,18,12,0
Tokuno,727,960,33,11,14,0
Tokuno,739,960,30,9,44,0
Tokuno,748,960,29,11,11,0
Tokuno,651,961,44,9,21,0
Tokuno,759,963,29,9,15,0
Tokuno,674,970,44,22,12,0
Tokuno,748,971,28,11,11,0
Tokuno,665,976,44,9,20,0
Tokuno,723,976,39,10,16,0
Tokuno,759,978,28,9,23,0
Tokuno,654,982,44,9,14,0
Tokuno,750,982,27,9,13,0
Tokuno,675,984,45,9,9,0
Tokuno,641,991,50,13,11,0
Tokuno,748,1001,32,13,9,0
Tokuno,732,1008,35,9,12,0
Tokuno,743,1012,34,11,9,0
Tokuno,715,1024,35,22,12,0
Tokuno,743,1024,40,10,12,0
Tokuno,748,1080,22,9,14,0
Tokuno,749,1103,34,9,12,0
Tokuno,753,1121,33,9,18,0
Tokuno,729,1125,25,9,12,0
Tokuno,720,1128,25,9,10,0
Tokuno,742,1135,25,9,10,0
Tokuno,717,1138,25,11,14,0
Tokuno,751,1139,25,9,13,0
Tokuno,640,1297,25,11,24,5101002
Tokuno,649,1321,25,20,9,5101002
Tokuno,697,1321,25,10,27,5101002
Tokuno,742,1321,25,11,25,5101002
Tokuno,669,1322,25,14,22,5101002
Tokuno,753,1322,25,9,23,5101002
Tokuno,718,1323,25,9,24,5101002
Tokuno,727,1324,25,9,22,5101002
Tokuno,685,1325,25,12,10,5101002
Tokuno,649,1330,25,9,9,5101002
Tokuno,660,1330,25,9,10,5101002
Tokuno,686,1335,25,11,12,5101002
Tokuno,887,119,39,9,9,0
Tokuno,875,128,41,16,14,0
Tokuno,867,142,45,13,9,0
Tokuno,882,149,49,9,9,0
Tokuno,799,154,21,11,9,0
Tokuno,774,157,17,9,9,0
Tokuno,787,165,28,12,13,0
Tokuno,800,168,32,9,9,0
Tokuno,792,184,37,10,15,0
Tokuno,768,186,39,12,12,0
Tokuno,803,190,39,11,16,0
Tokuno,780,191,43,12,9,0
Tokuno,851,193,18,10,9,0
Tokuno,814,194,35,9,12,0
Tokuno,792,199,46,11,16,0
Tokuno,823,200,35,9,20,0
Tokuno,834,204,31,9,13,0
Tokuno,843,207,28,11,9,0
Tokuno,868,210,20,9,12,0
Tokuno,798,215,44,25,9,0
Tokuno,825,220,37,9,36,0
Tokuno,872,222,23,12,11,0
Tokuno,806,224,44,19,13,0
Tokuno,834,228,33,9,10,0
Tokuno,879,234,28,10,16,0
Tokuno,812,237,45,11,19,0
Tokuno,877,258,41,9,17,0
Tokuno,819,259,39,9,21,0
Tokuno,853,259,27,11,13,0
Tokuno,810,264,45,9,14,0
Tokuno,828,269,32,10,11,0
Tokuno,868,278,30,9,31,0
Tokuno,806,293,43,9,26,0
Tokuno,816,297,35,9,22,0
Tokuno,825,306,30,13,13,0
Tokuno,785,307,37,9,22,0
Tokuno,795,309,38,11,13,0
Tokuno,871,314,39,15,9,0
Tokuno,887,327,19,9,29,0
Tokuno,861,328,40,9,11,0
Tokuno,867,343,31,9,14,0
Tokuno,799,349,40,9,14,0
Tokuno,861,363,27,9,10,0
Tokuno,852,369,28,9,12,0
Tokuno,876,372,16,13,12,0
Tokuno,793,374,25,11,10,0
Tokuno,795,384,20,10,14,0
Tokuno,847,384,16,12,15,0
Tokuno,879,384,19,14,19,0
Tokuno,853,403,21,9,11,0
Tokuno,856,414,19,18,10,0
Tokuno,884,415,14,12,17,0
Tokuno,857,424,18,10,20,0
Tokuno,868,428,18,12,12,0
Tokuno,879,571,43,9,10,0
Tokuno,870,598,25,9,20,0
Tokuno,862,618,21,9,20,0
Tokuno,853,629,12,9,11,0
Tokuno,850,642,13,11,15,0
Tokuno,886,647,20,9,11,0
Tokuno,869,676,8,15,11,0
Tokuno,852,677,7,9,9,0
Tokuno,886,681,9,9,9,0
Tokuno,843,717,11,9,10,0
Tokuno,836,727,13,9,9,0
Tokuno,829,736,22,10,10,0
Tokuno,768,828,19,9,19,0
Tokuno,777,842,20,9,11,0
Tokuno,768,853,24,11,14,0
Tokuno,782,853,26,10,14,0
Tokuno,768,867,27,9,15,0
Tokuno,780,867,28,9,10,0
Tokuno,792,870,32,12,17,0
Tokuno,777,877,29,10,19,0
Tokuno,805,882,32,11,10,0
Tokuno,768,883,32,9,13,0
Tokuno,768,896,39,13,12,0
Tokuno,813,896,29,11,13,0
Tokuno,768,908,42,10,14,0
Tokuno,779,914,35,12,13,0
Tokuno,768,930,35,9,10,0
Tokuno,790,935,29,9,9,0
Tokuno,776,944,29,18,9,0
Tokuno,811,944,26,13,11,0
Tokuno,833,944,27,10,22,0
Tokuno,796,951,22,10,9,0
Tokuno,815,955,19,9,11,0
Tokuno,771,956,28,15,10,0
Tokuno,768,966,29,11,11,0
Tokuno,769,981,28,14,10,0
Tokuno,879,1036,15,10,27,0
Tokuno,875,1063,19,21,37,0
Tokuno,875,1100,20,21,29,0
Tokuno,864,1110,21,11,11,0
Tokuno,776,1112,38,10,10,0
Tokuno,849,1116,18,15,22,0
Tokuno,840,1121,21,9,10,0
Tokuno,768,1122,31,12,14,0
Tokuno,800,1125,26,11,13,0
Tokuno,782,1126,27,15,10,0
Tokuno,865,1126,20,10,15,0
Tokuno,875,1129,20,11,12,0
Tokuno,832,1133,27,9,19,0
Tokuno,808,1139,25,10,13,0
Tokuno,850,1139,25,12,13,0
Tokuno,778,1140,25,9,12,0
Tokuno,799,1140,25,9,12,0
Tokuno,862,1141,25,9,11,0
Tokuno,787,1142,25,10,10,0
Tokuno,773,1152,25,21,9,5101003
Tokuno,797,1152,25,21,9,5101003
Tokuno,827,1152,25,18,9,5101003
Tokuno,850,1152,25,20,10,5101003
Tokuno,887,1155,27,9,15,5101003
Tokuno,790,1165,25,10,18,5101003
Tokuno,801,1167,25,13,25,5101003
Tokuno,775,1169,25,10,23,5101003
Tokuno,833,1170,25,15,23,5101003
Tokuno,885,1170,25,11,11,5101003
Tokuno,814,1171,25,9,21,5101003
Tokuno,862,1171,25,10,11,5101003
Tokuno,824,1174,25,9,12,5101003
Tokuno,785,1183,25,10,9,5101003
Tokuno,824,1186,25,9,9,5101003
Tokuno,821,1198,25,10,22,5101003
Tokuno,832,1198,25,9,23,5101003
Tokuno,863,1212,25,11,23,5101003
Tokuno,854,1213,25,9,21,5101003
Tokuno,832,1231,25,9,22,5101003
Tokuno,820,1234,25,12,9,5101003
Tokuno,859,1238,25,10,24,5101003
Tokuno,822,1243,25,10,16,5101003
Tokuno,849,1248,25,10,9,5101003
Tokuno,819,1259,25,10,21,5101003
Tokuno,831,1260,25,9,20,5101003
Tokuno,860,1262,25,12,18,5101003
Tokuno,851,1270,25,9,10,5101003
Tokuno,863,1280,25,11,11,5101003
Tokuno,858,1291,25,10,17,5101003
Tokuno,820,1292,25,10,16,5101003
Tokuno,831,1296,25,11,23,5101003
Tokuno,819,1308,25,12,10,5101003
Tokuno,851,1312,25,9,10,5101003
Tokuno,819,1320,25,13,18,5101003
Tokuno,768,1321,25,15,22,5101003
Tokuno,790,1321,25,21,16,5101003
Tokuno,911,54,33,9,9,0
Tokuno,920,65,40,14,9,0
Tokuno,916,74,40,17,17,0
Tokuno,913,91,41,9,21,0
Tokuno,947,94,46,9,23,0
Tokuno,930,97,49,9,31,0
Tokuno,906,112,42,15,16,0
Tokuno,939,117,48,13,11,0
Tokuno,921,118,49,9,10,0
Tokuno,902,128,49,12,18,0
Tokuno,920,128,49,21,16,0
Tokuno,941,128,48,11,9,0
Tokuno,952,140,46,9,13,0
Tokuno,942,143,49,9,10,0
Tokuno,923,144,49,12,9,0
Tokuno,1001,178,31,11,11,0
Tokuno,969,183,27,24,10,0
Tokuno,937,189,20,12,13,0
Tokuno,1008,189,25,10,11,0
Tokuno,949,191,25,20,13,0
Tokuno,991,193,24,11,10,0
Tokuno,922,195,21,9,10,0
Tokuno,956,210,23,11,12,0
Tokuno,988,210,24,9,20,0
Tokuno,968,215,23,19,10,0
Tokuno,1012,218,28,9,12,0
Tokuno,970,229,23,10,10,0
Tokuno,1008,241,33,11,15,0
Tokuno,990,246,25,9,10,0
Tokuno,999,247,29,9,9,0
Tokuno,904,256,24,10,9,0
Tokuno,991,256,28,12,9,0
Tokuno,1003,256,35,17,13,0
Tokuno,920,257,24,9,18,0
Tokuno,977,261,26,11,18,0
Tokuno,929,266,25,10,17,0
Tokuno,963,269,25,9,43,0
Tokuno,940,273,26,13,15,0
Tokuno,972,279,30,12,29,0
Tokuno,984,285,30,9,20,0
Tokuno,1007,287,27,9,15,0
Tokuno,935,288,30,16,9,0
Tokuno,993,291,27,14,10,0
Tokuno,936,297,34,10,18,0
Tokuno,952,298,29,11,16,0
Tokuno,902,301,17,9,13,0
Tokuno,1003,306,20,9,10,0
Tokuno,934,315,36,9,9,0
Tokuno,1010,316,19,9,9,0
Tokuno,896,321,15,10,32,0
Tokuno,911,322,10,14,12,0
Tokuno,995,322,16,10,15,0
Tokuno,970,326,24,10,16,0
Tokuno,980,333,20,9,11,0
Tokuno,913,334,8,16,16,0
Tokuno,1013,341,10,9,9,0
Tokuno,929,344,11,10,14,0
Tokuno,1002,349,15,11,12,0
Tokuno,914,350,7,15,11,0
Tokuno,977,355,15,9,9,0
Tokuno,929,358,5,12,26,0
Tokuno,994,361,17,11,10,0
Tokuno,917,371,6,12,9,0
Tokuno,971,371,1,9,13,0
Tokuno,998,374,15,9,10,0
Tokuno,920,384,7,19,19,0
Tokuno,989,384,3,10,22,0
Tokuno,973,393,3,12,14,0
Tokuno,939,394,7,10,10,0
Tokuno,999,397,1,9,23,0
Tokuno,929,403,11,9,19,0
Tokuno,910,404,13,11,9,0
Tokuno,963,411,7,10,9,0
Tokuno,920,414,12,9,13,0
Tokuno,940,420,11,16,14,0
Tokuno,995,420,-2,10,10,0
Tokuno,896,422,18,10,10,0
Tokuno,931,422,12,9,10,0
Tokuno,1007,422,-1,9,9,0
Tokuno,982,423,-1,10,9,0
Tokuno,918,428,13,10,10,0
Tokuno,997,430,-3,10,19,0
Tokuno,1012,431,-1,9,23,0
Tokuno,896,432,19,9,13,0
Tokuno,942,434,9,11,14,0
Tokuno,953,438,8,9,11,0
Tokuno,911,450,15,9,11,0
Tokuno,997,450,1,9,9,0
Tokuno,896,463,19,9,11,0
Tokuno,1001,471,12,22,10,0
Tokuno,929,474,17,11,10,0
Tokuno,1000,481,14,9,10,0
Tokuno,925,502,22,10,10,0
Tokuno,943,512,9,10,12,0
Tokuno,1003,512,20,12,10,0
Tokuno,979,516,3,9,10,0
Tokuno,953,521,2,10,9,0
Tokuno,952,537,3,9,12,0
Tokuno,954,550,2,12,16,0
Tokuno,990,552,10,9,9,0
Tokuno,980,554,3,10,13,0
Tokuno,968,555,3,11,9,0
Tokuno,966,564,6,13,16,0
Tokuno,984,574,8,11,9,0
Tokuno,1001,578,15,9,11,0
Tokuno,908,646,15,10,10,0
Tokuno,900,656,12,14,9,0
Tokuno,896,720,12,12,9,0
Tokuno,972,726,13,9,9,0
Tokuno,908,733,8,9,9,0
Tokuno,914,742,8,9,11,0
Tokuno,923,752,10,9,10,0
Tokuno,974,752,4,11,12,0
Tokuno,941,768,7,10,10,0
Tokuno,982,768,4,12,10,0
Tokuno,1000,768,1,9,10,0
Tokuno,1010,772,2,9,23,0
Tokuno,957,775,8,21,15,0
Tokuno,938,778,12,12,10,0
Tokuno,1001,781,2,9,10,0
Tokuno,978,783,7,9,12,0
Tokuno,943,788,13,10,9,0
Tokuno,988,790,11,9,19,0
Tokuno,1007,798,3,17,10,0
Tokuno,972,800,10,9,12,0
Tokuno,961,804,13,10,9,0
Tokuno,990,809,13,10,14,0
Tokuno,1007,810,7,12,10,0
Tokuno,970,815,21,9,15,0
Tokuno,1009,821,6,9,10,0
Tokuno,996,825,10,10,28,0
Tokuno,925,828,22,10,9,0
Tokuno,969,830,24,10,9,0
Tokuno,973,839,21,10,11,0
Tokuno,983,849,21,9,9,0
Tokuno,997,854,16,10,14,0
Tokuno,1007,868,18,16,9,0
Tokuno,900,1032,18,11,11,0
Tokuno,896,1047,17,19,19,0
Tokuno,896,1073,21,12,52,0
Tokuno,911,1124,13,9,24,0
Tokuno,896,1152,19,25,31,0
Tokuno,922,1153,25,10,28,0
Tokuno,921,1181,25,10,18,0
Tokuno,931,1182,25,9,21,0
Tokuno,931,1223,22,9,13,0
Tokuno,1024,293,29,9,9,0
Tokuno,1028,302,22,11,10,0
Tokuno,1032,313,17,9,15,0
Tokuno,1024,348,10,9,16,0
Tokuno,1033,354,12,10,21,0
Tokuno,1091,390,9,9,13,0
Tokuno,1085,403,9,10,14,0
Tokuno,1076,438,6,11,9,0
Tokuno,1099,445,17,10,9,0
Tokuno,1051,455,5,11,14,0
Tokuno,1104,456,14,9,12,0
Tokuno,1062,461,9,11,24,0
Tokuno,1110,474,14,9,10,0
Tokuno,1033,477,13,9,13,0
Tokuno,1136,478,12,9,10,0
Tokuno,1049,480,9,11,14,0
Tokuno,1069,485,12,11,10,0
Tokuno,1116,485,15,20,9,0
Tokuno,1026,491,20,9,10,0
Tokuno,1098,491,21,10,9,0
Tokuno,1080,493,19,9,17,0
Tokuno,1112,494,18,10,18,0
Tokuno,1041,495,14,9,9,0
Tokuno,1064,495,13,10,11,0
Tokuno,1089,502,22,9,10,0
Tokuno,1027,512,24,10,13,0
Tokuno,1064,512,16,17,10,0
Tokuno,1059,522,15,12,9,0
Tokuno,1081,525,23,12,18,0
Tokuno,1069,545,22,10,28,0
Tokuno,1117,555,23,12,11,0
Tokuno,1096,556,22,13,9,0
Tokuno,1143,560,19,9,12,0
Tokuno,1098,565,22,10,10,0
Tokuno,1031,568,28,9,11,0
Tokuno,1047,571,22,12,13,0
Tokuno,1060,573,21,11,12,0
Tokuno,1078,574,22,11,17,0
Tokuno,1100,575,19,10,14,0
Tokuno,1138,577,21,9,14,0
Tokuno,1095,589,20,12,19,0
Tokuno,1029,646,2,9,9,0
Tokuno,1037,768,0,9,24,0
Tokuno,1046,768,1,9,12,0
Tokuno,1142,776,33,10,11,0
Tokuno,1085,777,28,9,11,0
Tokuno,1051,781,8,9,14,0
Tokuno,1060,787,13,12,10,0
Tokuno,1104,789,31,9,17,0
Tokuno,1073,792,20,9,10,0
Tokuno,1032,794,1,10,9,0
Tokuno,1143,799,34,9,13,0
Tokuno,1113,802,35,10,12,0
Tokuno,1054,810,11,10,9,0
Tokuno,1067,810,21,9,14,0
Tokuno,1124,811,35,10,13,0
Tokuno,1137,813,38,11,9,0
Tokuno,1058,819,17,9,10,0
Tokuno,1106,821,35,9,12,0
Tokuno,1132,831,43,9,15,0
Tokuno,1103,833,40,10,13,0
Tokuno,1141,836,45,11,10,0
Tokuno,1135,846,46,17,9,0
Tokuno,1104,847,47,13,10,0
Tokuno,1067,852,47,9,14,0
Tokuno,1139,861,48,9,11,0
Tokuno,1124,862,51,10,20,0
Tokuno,1087,866,60,10,17,0
Tokuno,1029,868,14,11,9,0
Tokuno,1098,871,63,9,9,0
Tokuno,1139,872,52,9,14,0
Tokuno,1093,883,67,10,11,0
Tokuno,1058,886,41,9,10,0
Tokuno,1083,886,63,9,10,0
Tokuno,1123,886,61,9,9,0
Tokuno,1141,898,59,11,9,0
Tokuno,1108,903,73,16,10,0
Tokuno,1124,904,69,10,12,0
Tokuno,1039,912,26,16,12,0
Tokuno,1107,915,68,13,11,0
Tokuno,1137,922,71,13,10,0
Tokuno,1107,926,63,10,9,0
Tokuno,1050,936,29,9,12,0
Tokuno,1140,945,67,12,9,0
Tokuno,1036,946,25,12,9,0
Tokuno,1120,957,58,12,11,0
Tokuno,1052,958,28,9,9,0
Tokuno,1135,961,64,9,10,0
Tokuno,1123,968,57,12,11,0
Tokuno,1109,970,47,11,9,0
Tokuno,1039,972,22,10,9,0
Tokuno,1055,973,27,9,9,0
Tokuno,1121,979,56,9,11,0
Tokuno,1143,981,58,9,13,0
Tokuno,1048,988,22,9,9,0
Tokuno,1061,988,21,9,18,0
Tokuno,1094,989,35,10,10,0
Tokuno,1124,994,54,12,9,0
Tokuno,1093,999,31,10,25,0
Tokuno,1061,1007,20,9,14,0
Tokuno,1112,1008,38,9,9,0
Tokuno,1121,1010,43,9,14,0
Tokuno,1130,1014,37,11,9,0
Tokuno,1098,1024,35,10,9,0
Tokuno,1121,1024,36,16,15,0
Tokuno,1141,1027,28,11,12,0
Tokuno,1100,1033,36,9,19,0
Tokuno,1125,1039,33,13,11,0
Tokuno,1109,1046,33,10,12,0
Tokuno,1122,1050,32,18,20,0
Tokuno,1106,1062,28,9,12,0
Tokuno,1142,1071,21,10,14,0
Tokuno,1120,1108,19,14,9,0
Tokuno,1155,470,10,9,10,0
Tokuno,1217,472,19,11,9,0
Tokuno,1214,482,25,9,9,0
Tokuno,1250,493,22,9,9,0
Tokuno,1226,496,27,9,11,0
Tokuno,1235,501,28,9,9,0
Tokuno,1179,503,25,10,9,0
Tokuno,1190,503,24,12,9,0
Tokuno,1164,512,23,10,11,0
Tokuno,1179,512,24,10,11,0
Tokuno,1221,512,29,18,15,0
Tokuno,1252,526,31,9,14,0
Tokuno,1189,536,25,9,24,0
Tokuno,1172,537,23,11,14,0
Tokuno,1207,539,27,10,12,0
Tokuno,1157,542,22,15,9,0
Tokuno,1248,550,29,14,14,0
Tokuno,1176,551,24,13,9,0
Tokuno,1198,553,25,16,15,0
Tokuno,1236,557,28,12,12,0
Tokuno,1215,559,21,10,12,0
Tokuno,1174,560,25,10,16,0
Tokuno,1264,561,28,9,22,0
Tokuno,1184,567,22,10,9,0
Tokuno,1228,571,23,10,9,0
Tokuno,1212,572,22,11,15,0
Tokuno,1178,584,18,10,30,0
Tokuno,1253,601,27,9,10,0
Tokuno,1247,611,27,9,10,0
Tokuno,1259,691,35,10,9,0
Tokuno,1252,737,-1,9,30,0
Tokuno,1261,743,-2,10,16,0
Tokuno,1153,773,31,9,18,0
Tokuno,1269,773,4,9,20,0
Tokuno,1235,778,5,10,9,0
Tokuno,1196,780,15,12,19,0
Tokuno,1208,782,12,12,16,0
Tokuno,1257,782,6,9,26,0
Tokuno,1224,783,8,10,17,0
Tokuno,1186,789,24,9,9,0
Tokuno,1176,792,28,10,10,0
Tokuno,1160,793,28,10,23,0
Tokuno,1243,793,9,14,12,0
Tokuno,1221,801,15,17,11,0
Tokuno,1176,802,27,13,20,0
Tokuno,1190,804,26,9,9,0
Tokuno,1270,805,0,9,11,0
Tokuno,1250,809,10,9,9,0
Tokuno,1227,812,18,20,9,0
Tokuno,1267,818,6,9,16,0
Tokuno,1200,819,28,11,12,0
Tokuno,1212,819,23,11,35,0
Tokuno,1152,822,39,9,11,0
Tokuno,1248,826,19,10,12,0
Tokuno,1237,830,22,11,10,0
Tokuno,1169,831,41,9,14,0
Tokuno,1202,831,30,10,19,0
Tokuno,1260,834,15,11,13,0
Tokuno,1271,834,10,9,12,0
Tokuno,1223,842,26,10,9,0
Tokuno,1190,845,34,12,18,0
Tokuno,1261,847,13,10,13,0
Tokuno,1223,851,25,12,15,0
Tokuno,1242,855,19,14,9,0
Tokuno,1204,856,30,15,12,0
Tokuno,1271,858,4,9,9,0
Tokuno,1173,859,41,11,19,0
Tokuno,1260,861,9,11,10,0
Tokuno,1184,865,38,9,30,0
Tokuno,1219,866,29,10,15,0
Tokuno,1271,867,2,9,12,0
Tokuno,1201,868,33,9,10,0
Tokuno,1153,870,47,9,15,0
Tokuno,1262,872,5,9,13,0
Tokuno,1248,876,15,9,12,0
Tokuno,1196,878,36,11,18,0
Tokuno,1207,880,33,10,16,0
Tokuno,1174,886,44,10,10,0
Tokuno,1159,896,47,16,9,0
Tokuno,1230,896,21,10,10,0
Tokuno,1213,897,30,10,19,0
Tokuno,1175,898,45,13,12,0
Tokuno,1244,898,18,9,17,0
Tokuno,1261,898,11,14,9,0
Tokuno,1190,904,43,9,20,0
Tokuno,1199,905,39,9,12,0
Tokuno,1177,910,48,10,16,0
Tokuno,1264,912,16,10,12,0
Tokuno,1163,914,55,9,10,0
Tokuno,1236,918,23,9,29,0
Tokuno,1250,919,18,9,25,0
Tokuno,1161,924,60,11,10,0
Tokuno,1216,925,30,12,9,0
Tokuno,1264,926,19,14,9,0
Tokuno,1191,927,40,10,20,0
Tokuno,1180,934,47,10,12,0
Tokuno,1219,945,28,9,11,0
Tokuno,1245,946,22,9,9,0
Tokuno,1155,947,61,9,20,0
Tokuno,1183,947,41,10,25,0
Tokuno,1208,953,30,9,9,0
Tokuno,1230,953,24,10,14,0
Tokuno,1174,955,46,9,22,0
Tokuno,1199,959,32,9,11,0
Tokuno,1221,959,23,9,20,0
Tokuno,1208,964,26,10,9,0
Tokuno,1230,968,20,11,26,0
Tokuno,1161,972,52,9,11,0
Tokuno,1185,979,40,10,10,0
Tokuno,1174,986,39,9,9,0
Tokuno,1190,989,34,10,12,0
Tokuno,1212,991,30,9,13,0
Tokuno,1228,994,19,12,12,0
Tokuno,1178,996,34,12,13,0
Tokuno,1190,1001,34,9,10,0
Tokuno,1158,1002,40,9,11,0
Tokuno,1221,1006,20,11,18,0
Tokuno,1186,1011,35,12,13,0
Tokuno,1212,1012,24,9,12,0
Tokuno,1156,1013,32,9,11,0
Tokuno,1157,1024,25,9,10,0
Tokuno,1184,1024,34,14,9,0
Tokuno,1200,1024,28,13,17,0
Tokuno,1188,1034,28,12,15,0
Tokuno,1155,1040,18,9,15,0
Tokuno,1206,1043,22,10,9,0
Tokuno,1171,1049,18,12,16,0
Tokuno,1185,1049,18,10,12,0
Tokuno,1206,1059,22,10,14,0
Tokuno,1219,1067,18,9,10,0
Tokuno,1196,1072,24,9,12,0
Tokuno,1175,1075,17,11,12,0
Tokuno,1169,1087,17,9,10,0
Tokuno,1204,1094,27,13,10,0
Tokuno,1186,1095,25,9,14,0
Tokuno,1282,514,29,9,13,0
Tokuno,1290,533,30,9,9,0
Tokuno,1294,542,29,14,10,0
Tokuno,1293,552,30,19,17,0
Tokuno,1303,569,30,13,11,0
Tokuno,1316,599,49,11,9,0
Tokuno,1306,601,48,10,10,0
Tokuno,1304,611,44,9,13,0
Tokuno,1325,615,40,10,10,0
Tokuno,1295,620,32,9,15,0
Tokuno,1317,625,35,12,15,0
Tokuno,1280,627,27,9,10,0
Tokuno,1330,631,40,9,9,0
Tokuno,1283,640,24,10,28,0
Tokuno,1335,646,40,10,22,0
Tokuno,1310,651,32,9,14,0
Tokuno,1293,657,26,9,10,0
Tokuno,1345,667,33,10,16,0
Tokuno,1321,672,36,9,13,0
Tokuno,1326,685,29,10,21,0
Tokuno,1293,688,22,9,9,0
Tokuno,1282,691,22,11,14,0
Tokuno,1339,696,30,9,15,0
Tokuno,1297,708,21,10,17,0
Tokuno,1326,710,30,9,16,0
Tokuno,1339,711,30,9,9,0
Tokuno,1357,713,23,9,15,0
Tokuno,1312,714,22,9,11,0
Tokuno,1338,721,26,12,12,0
Tokuno,1297,727,25,10,33,0
Tokuno,1352,728,18,10,15,0
Tokuno,1323,741,23,14,9,0
Tokuno,1345,743,17,13,13,0
Tokuno,1310,750,22,9,18,0
Tokuno,1329,753,16,9,12,0
Tokuno,1322,768,12,9,39,0
Tokuno,1311,773,11,11,11,0
Tokuno,1294,787,6,9,29,0
Tokuno,1342,787,14,11,9,0
Tokuno,1303,791,7,9,33,0
Tokuno,1341,796,14,10,10,0
Tokuno,1331,803,10,10,12,0
Tokuno,1346,806,14,10,11,0
Tokuno,1294,820,7,9,12,0
Tokuno,1319,820,13,9,9,0
Tokuno,1330,823,13,9,9,0
Tokuno,1306,824,9,13,10,0
Tokuno,1339,826,14,9,29,0
Tokuno,1280,830,7,13,13,0
Tokuno,1322,832,14,9,61,0
Tokuno,1289,843,4,10,27,0
Tokuno,1299,849,1,11,10,0
Tokuno,1280,855,3,9,9,0
Tokuno,1331,855,14,9,27,0
Tokuno,1313,865,6,9,31,0
Tokuno,1299,872,5,11,18,0
Tokuno,1344,876,14,12,11,0
Tokuno,1280,883,4,12,13,0
Tokuno,1280,896,11,19,10,0
Tokuno,1305,900,9,9,20,0
Tokuno,1282,906,14,10,14,0
Tokuno,1294,918,17,11,17,0
Tokuno,1280,920,20,14,19,0
TerMur,64,1344,80,64,64,0
TerMur,64,1408,80,64,128,0
TerMur,64,1536,80,45,126,0
TerMur,64,1664,80,24,52,0
TerMur,88,1664,80,14,10,0
TerMur,119,1669,0,9,9,0
TerMur,114,1689,0,14,27,0
TerMur,64,1716,80,10,12,0
TerMur,119,1727,0,9,56,0
TerMur,88,1728,0,11,25,0
TerMur,100,1729,0,9,23,0
TerMur,109,1731,0,10,61,0
TerMur,91,1766,0,10,9,0
TerMur,64,1775,80,9,17,0
TerMur,92,1775,0,17,11,0
TerMur,119,1783,0,9,9,0
TerMur,64,1792,80,12,128,0
TerMur,97,1792,0,31,9,0
TerMur,116,1801,0,12,23,0
TerMur,97,1813,0,9,9,0
TerMur,106,1814,0,10,13,0
TerMur,76,1841,80,9,77,0
TerMur,85,1847,80,11,10,0
TerMur,65,1920,80,13,11,0
TerMur,32,2304,0,27,63,0
TerMur,59,2304,0,36,27,0
TerMur,69,2331,0,26,36,0
TerMur,59,2341,0,10,26,0
TerMur,32,2400,0,63,27,0
TerMur,32,2432,0,27,31,0
TerMur,69,2432,0,26,31,0
TerMur,59,2437,0,10,26,0
TerMur,128,1344,80,103,59,0
TerMur,231,1344,80,14,50,0
TerMur,245,1344,80,10,26,0
TerMur,128,1408,80,59,103,0
TerMur,187,1408,80,12,33,0
TerMur,215,1408,80,12,11,0
TerMur,241,1421,40,9,10,0
TerMur,199,1426,80,9,14,0
TerMur,221,1447,77,9,10,0
TerMur,187,1453,80,11,41,0
TerMur,210,1453,77,10,16,0
TerMur,201,1455,77,9,25,0
TerMur,225,1473,40,9,9,0
TerMur,232,1500,40,9,11,0
TerMur,128,1511,80,17,25,0
TerMur,170,1511,80,9,9,0
TerMur,210,1512,80,9,9,0
TerMur,186,1527,80,9,9,0
TerMur,128,1536,80,18,50,0
TerMur,228,1543,40,10,11,0
TerMur,177,1548,77,9,10,0
TerMur,186,1550,80,9,9,0
TerMur,203,1554,80,9,12,0
TerMur,241,1556,40,15,11,0
TerMur,191,1566,40,9,9,0
TerMur,247,1575,80,9,20,0
TerMur,128,1586,79,9,16,0
TerMur,233,1586,72,14,11,0
TerMur,218,1588,73,10,25,0
TerMur,205,1591,80,13,10,0
TerMur,158,1605,80,10,13,0
TerMur,237,1610,77,9,14,0
TerMur,137,1616,80,9,11,0
TerMur,169,1626,80,9,10,0
TerMur,135,1627,80,9,20,0
TerMur,145,1635,80,14,14,0
TerMur,167,1637,80,9,17,0
TerMur,215,1638,80,9,26,0
TerMur,177,1644,80,13,15,0
TerMur,224,1649,80,13,15,0
TerMur,191,1651,80,14,13,0
TerMur,208,1666,80,11,9,0
TerMur,128,1667,0,9,12,0
TerMur,129,1679,0,9,84,0
TerMur,245,1679,77,11,10,0
TerMur,240,1697,80,9,14,0
TerMur,138,1703,0,10,22,0
TerMur,154,1736,0,9,13,0
TerMur,163,1743,0,15,11,0
TerMur,178,1746,0,11,16,0
TerMur,149,1757,80,9,29,0
TerMur,240,1761,80,9,22,0
TerMur,170,1768,0,30,10,0
TerMur,178,1778,0,27,10,0
TerMur,158,1781,80,9,11,0
TerMur,243,1783,80,10,9,0
TerMur,128,1792,0,12,48,0
TerMur,156,1792,80,18,15,0
TerMur,194,1792,0,26,9,0
TerMur,239,1792,72,13,17,0
TerMur,221,1793,0,9,35,0
TerMur,199,1801,0,9,11,0
TerMur,209,1801,0,10,27,0
TerMur,165,1808,80,11,13,0
TerMur,177,1808,80,11,13,0
TerMur,243,1809,80,13,9,0
TerMur,140,1812,0,9,28,0
TerMur,246,1818,80,10,13,0
TerMur,205,1828,0,10,10,0
TerMur,151,1829,0,9,10,0
TerMur,235,1832,0,16,12,0
TerMur,206,1838,0,15,14,0
TerMur,144,1840,0,10,10,0
TerMur,243,1844,0,13,31,0
TerMur,175,1856,0,10,54,0
TerMur,150,1859,0,12,56,0
TerMur,162,1860,0,13,17,0
TerMur,215,1875,72,9,18,0
TerMur,162,1877,0,13,38,0
TerMur,246,1887,80,9,18,0
TerMur,206,1889,80,9,15,0
TerMur,128,1897,0,9,11,0
TerMur,195,1898,0,9,12,0
TerMur,209,1904,80,9,10,0
TerMur,226,1905,80,10,9,0
TerMur,214,1920,80,10,15,0
TerMur,137,1922,0,9,10,0
TerMur,177,1922,-3,9,9,0
TerMur,240,1930,80,9,10,0
TerMur,132,1932,0,11,9,0
TerMur,143,1935,0,9,14,0
TerMur,223,1935,80,9,9,0
TerMur,148,1949,0,10,12,0
TerMur,135,1964,-3,11,9,0
TerMur,128,2304,0,27,63,0
TerMur,155,2304,0,36,27,0
TerMur,165,2331,0,26,36,0
TerMur,155,2341,0,10,26,0
TerMur,128,2400,0,63,27,0
TerMur,128,2432,0,27,31,0
TerMur,165,2432,0,26,31,0
TerMur,155,2437,0,10,26,0
TerMur,275,1344,80,74,11,0
TerMur,301,1355,80,32,11,0
TerMur,375,1359,40,9,11,0
TerMur,358,1368,40,17,12,0
TerMur,340,1373,40,9,22,0
TerMur,353,1380,40,12,10,0
TerMur,352,1390,40,15,9,0
TerMur,375,1392,40,9,11,0
TerMur,330,1398,40,9,10,0
TerMur,348,1399,40,9,9,0
TerMur,310,1408,40,12,9,0
TerMur,367,1408,40,12,9,0
TerMur,325,1411,40,9,15,0
TerMur,334,1416,40,10,9,0
TerMur,346,1416,40,15,14,0
TerMur,365,1418,40,14,9,0
TerMur,310,1420,40,9,9,0
TerMur,266,1422,40,13,9,0
TerMur,280,1430,40,9,9,0
TerMur,320,1430,40,9,16,0
TerMur,337,1430,40,16,9,0
TerMur,263,1431,40,9,10,0
TerMur,353,1431,40,9,11,0
TerMur,371,1431,40,9,11,0
TerMur,339,1452,40,9,12,0
TerMur,308,1454,40,9,18,0
TerMur,294,1456,40,10,9,0
TerMur,265,1461,40,10,16,0
TerMur,256,1463,40,9,9,0
TerMur,278,1470,40,9,15,0
TerMur,350,1478,40,9,19,0
TerMur,328,1481,40,11,13,0
TerMur,372,1497,40,11,12,0
TerMur,294,1499,37,10,14,0
TerMur,314,1503,40,16,9,0
TerMur,257,1516,40,10,11,0
TerMur,319,1521,37,9,14,0
TerMur,267,1523,40,9,12,0
TerMur,299,1526,37,10,9,0
TerMur,332,1526,40,10,10,0
TerMur,275,1579,80,12,11,0
TerMur,256,1580,80,19,9,0
TerMur,280,1603,80,11,11,0
TerMur,360,1603,44,19,10,0
TerMur,295,1608,40,17,12,0
TerMur,323,1610,37,13,16,0
TerMur,293,1620,40,17,16,0
TerMur,281,1636,80,12,9,0
TerMur,299,1638,77,9,9,0
TerMur,374,1642,40,9,19,0
TerMur,355,1650,38,18,9,0
TerMur,261,1664,80,44,11,0
TerMur,334,1664,40,27,11,0
TerMur,362,1668,40,9,18,0
TerMur,268,1675,80,39,11,0
TerMur,338,1675,40,24,13,0
TerMur,342,1688,40,24,13,0
TerMur,368,1692,40,9,9,0
TerMur,258,1695,77,10,24,0
TerMur,285,1698,80,10,12,0
TerMur,268,1711,80,9,12,0
TerMur,329,1713,40,10,12,0
TerMur,339,1714,37,12,15,0
TerMur,294,1718,80,14,14,0
TerMur,362,1721,40,9,27,0
TerMur,371,1723,40,12,29,0
TerMur,308,1725,80,11,17,0
TerMur,349,1729,40,13,10,0
TerMur,272,1732,80,10,41,0
TerMur,284,1739,80,11,13,0
TerMur,306,1742,80,10,9,0
TerMur,263,1743,80,9,27,0
TerMur,334,1748,80,13,11,0
TerMur,282,1763,80,16,19,0
TerMur,311,1763,80,15,29,0
TerMur,301,1764,80,10,18,0
TerMur,329,1770,80,15,13,0
TerMur,289,1792,80,11,14,0
TerMur,313,1792,80,17,26,0
TerMur,352,1792,40,10,9,0
TerMur,365,1793,37,9,14,0
TerMur,292,1807,80,11,26,0
TerMur,304,1807,80,9,30,0
TerMur,274,1808,80,10,10,0
TerMur,259,1814,80,11,24,0
TerMur,271,1835,80,12,31,0
TerMur,296,1837,80,13,14,0
TerMur,262,1838,80,9,17,0
TerMur,338,1860,0,9,9,0
TerMur,283,1861,80,9,14,0
TerMur,266,1867,0,10,47,0
TerMur,375,1874,-3,9,10,0
TerMur,365,1885,0,9,13,0
TerMur,344,1894,0,9,11,0
TerMur,326,1896,-3,11,13,0
TerMur,276,1905,0,13,9,0
TerMur,317,1905,-3,9,11,0
TerMur,353,1905,0,9,9,0
TerMur,320,1930,0,12,10,0
TerMur,367,1939,0,17,10,0
TerMur,361,3131,34,9,12,0
TerMur,471,1344,80,29,9,0
TerMur,434,1351,40,12,16,0
TerMur,471,1353,80,14,9,0
TerMur,390,1356,40,11,20,0
TerMur,406,1356,40,23,16,0
TerMur,433,1367,40,9,10,0
TerMur,446,1372,40,11,9,0
TerMur,419,1375,40,14,33,0
TerMur,387,1376,40,9,10,0
TerMur,459,1379,40,9,20,0
TerMur,397,1385,40,9,10,0
TerMur,440,1391,40,9,12,0
TerMur,474,1392,40,13,11,0
TerMur,398,1398,40,9,10,0
TerMur,419,1408,40,9,19,0
TerMur,436,1408,40,15,9,0
TerMur,465,1409,40,11,26,0
TerMur,384,1411,40,14,9,0
TerMur,400,1417,40,17,42,0
TerMur,439,1417,40,13,12,0
TerMur,436,1429,40,11,11,0
TerMur,454,1429,40,11,9,0
TerMur,461,1438,40,12,12,0
TerMur,474,1442,40,9,11,0
TerMur,445,1444,40,10,21,0
TerMur,385,1452,40,15,11,0
TerMur,484,1452,40,9,9,0
TerMur,470,1453,40,10,10,0
TerMur,432,1459,40,13,12,0
TerMur,447,1470,40,10,15,0
TerMur,457,1474,40,11,9,0
TerMur,476,1478,40,10,13,0
TerMur,406,1484,40,14,14,0
TerMur,456,1493,37,10,10,0
TerMur,441,1503,40,9,15,0
TerMur,409,1507,39,10,10,0
TerMur,403,1518,33,11,9,0
TerMur,494,1541,33,15,30,0
TerMur,484,1555,36,10,10,0
TerMur,427,1571,40,9,11,0
TerMur,384,1578,40,9,12,0
TerMur,472,1580,36,14,9,0
TerMur,437,1584,37,15,10,0
TerMur,418,1591,40,9,14,0
TerMur,390,1592,40,16,11,0
TerMur,497,1592,40,9,9,0
TerMur,468,1601,40,12,13,0
TerMur,384,1620,40,9,9,0
TerMur,413,1627,44,9,16,0
TerMur,393,1629,40,16,9,0
TerMur,423,1631,40,9,9,0
TerMur,432,1634,40,11,16,0
TerMur,400,1641,40,13,19,0
TerMur,454,1647,40,11,14,0
TerMur,426,1650,40,12,9,0
TerMur,486,1654,40,14,10,0
TerMur,496,1664,40,14,17,0
TerMur,384,1668,40,12,14,0
TerMur,486,1672,40,10,25,0
TerMur,386,1682,40,14,17,0
TerMur,402,1684,40,14,12,0
TerMur,503,1685,40,9,21,0
TerMur,494,1697,40,9,18,0
TerMur,503,1707,40,9,20,0
TerMur,491,1722,45,11,35,0
TerMur,384,1727,40,9,13,0
TerMur,416,1731,40,21,20,0
TerMur,462,1731,40,29,16,0
TerMur,438,1741,40,9,35,0
TerMur,384,1743,40,9,17,0
TerMur,463,1747,40,23,16,0
TerMur,419,1751,40,15,12,0
TerMur,453,1754,40,10,21,0
TerMur,385,1771,40,10,9,0
TerMur,417,1779,40,12,12,0
TerMur,446,1781,40,12,9,0
TerMur,388,1826,0,9,10,0
TerMur,443,1849,0,13,31,0
TerMur,427,1852,-3,10,10,0
TerMur,417,1859,-3,10,13,0
TerMur,408,1862,-3,9,18,0
TerMur,399,1873,-3,9,9,0
TerMur,463,1892,0,13,23,0
TerMur,503,1897,0,9,16,0
TerMur,411,1899,0,9,10,0
TerMur,476,1899,0,14,16,0
TerMur,422,1904,0,41,10,0
TerMur,490,1905,0,13,9,0
TerMur,413,1920,0,13,16,0
TerMur,481,1920,0,15,11,0
TerMur,499,1925,0,13,9,0
TerMur,499,3072,33,12,21,0
TerMur,472,3117,38,26,11,0
TerMur,462,3119,37,9,24,0
TerMur,453,3121,35,9,21,0
TerMur,391,3123,37,13,11,0
TerMur,420,3125,38,10,15,0
TerMur,431,3125,37,9,18,0
TerMur,404,3127,37,16,14,0
TerMur,485,3128,38,21,13,0
TerMur,440,3134,37,13,9,0
TerMur,496,3231,38,14,13,0
TerMur,501,3244,38,11,19,0
TerMur,545,1344,77,67,15,0
TerMur,560,1359,80,10,13,0
TerMur,603,1384,80,10,9,0
TerMur,571,1426,40,14,11,0
TerMur,558,1439,40,11,9,0
TerMur,529,1440,40,9,14,0
TerMur,557,1448,40,9,17,0
TerMur,566,1451,40,9,18,0
TerMur,624,1453,40,15,9,0
TerMur,584,1466,40,9,9,0
TerMur,630,1474,37,9,9,0
TerMur,554,1475,40,9,9,0
TerMur,581,1475,40,9,9,0
TerMur,529,1479,40,9,12,0
TerMur,595,1497,40,9,17,0
TerMur,576,1504,40,9,13,0
TerMur,551,1525,40,9,10,0
TerMur,572,1526,40,12,9,0
TerMur,512,1546,40,12,25,0
TerMur,623,1547,40,9,14,0
TerMur,524,1550,40,14,30,0
TerMur,608,1554,33,9,32,0
TerMur,538,1557,40,10,32,0
TerMur,578,1560,38,11,20,0
TerMur,548,1562,40,14,25,0
TerMur,591,1567,40,9,13,0
TerMur,562,1574,40,16,18,0
TerMur,578,1589,40,13,10,0
TerMur,625,1591,37,9,9,0
TerMur,596,1597,40,13,17,0
TerMur,623,1600,40,10,9,0
TerMur,544,1604,40,9,9,0
TerMur,561,1616,40,9,12,0
TerMur,621,1621,37,9,9,0
TerMur,543,1622,37,10,10,0
TerMur,585,1622,37,10,14,0
TerMur,595,1625,37,9,11,0
TerMur,562,1628,37,9,26,0
TerMur,527,1640,40,9,12,0
TerMur,539,1654,35,11,10,0
TerMur,556,1654,40,11,9,0
TerMur,520,1655,40,10,9,0
TerMur,536,1664,40,15,29,0
TerMur,587,1664,40,11,15,0
TerMur,515,1674,40,10,22,0
TerMur,552,1690,40,12,10,0
TerMur,523,1699,40,9,32,0
TerMur,533,1704,40,12,9,0
TerMur,513,1706,40,10,13,0
TerMur,557,1717,40,10,24,0
TerMur,512,1730,40,11,9,0
TerMur,621,1730,40,9,13,0
TerMur,548,1731,37,9,35,0
TerMur,612,1731,40,9,11,0
TerMur,523,1735,40,10,22,0
TerMur,599,1737,40,9,15,0
TerMur,534,1762,37,9,24,0
TerMur,573,1768,40,9,9,0
TerMur,521,1769,40,9,10,0
TerMur,594,1774,40,10,18,0
TerMur,546,1776,40,11,12,0
TerMur,570,1777,40,9,9,0
TerMur,605,1777,40,9,12,0
TerMur,584,1780,40,10,12,0
TerMur,624,1783,40,10,9,0
TerMur,517,1792,0,22,18,0
TerMur,580,1792,40,12,9,0
TerMur,554,1799,40,9,9,0
TerMur,577,1820,40,9,10,0
TerMur,617,1822,40,9,9,0
TerMur,512,1835,40,9,19,0
TerMur,555,1857,40,9,10,0
TerMur,517,1859,40,10,10,0
TerMur,512,1876,40,13,9,0
TerMur,590,1879,40,9,11,0
TerMur,568,1893,40,12,9,0
TerMur,536,1898,40,10,10,0
TerMur,602,1904,40,11,16,0
TerMur,574,1905,40,16,15,0
TerMur,591,1905,40,9,9,0
TerMur,524,1909,0,22,11,0
TerMur,628,1911,40,11,9,0
TerMur,527,1920,0,16,10,0
TerMur,553,1920,32,14,12,0
TerMur,577,1920,40,28,12,0
TerMur,544,1927,36,9,10,0
TerMur,529,1930,0,14,19,0
TerMur,575,1949,80,9,9,0
TerMur,603,1951,40,11,9,0
TerMur,530,1967,80,11,18,0
TerMur,581,1968,80,9,80,0
TerMur,629,1968,73,11,9,0
TerMur,608,1970,40,11,11,0
TerMur,613,1982,40,9,9,0
TerMur,613,1994,40,9,12,0
TerMur,627,1994,40,13,15,0
TerMur,609,2006,40,11,17,0
TerMur,575,2048,80,14,28,0
TerMur,627,2049,40,12,9,0
TerMur,575,2084,80,9,27,0
TerMur,576,2119,80,10,57,0
TerMur,595,2130,80,10,46,0
TerMur,586,2132,80,9,44,0
TerMur,605,2142,80,13,34,0
TerMur,618,2154,80,11,22,0
TerMur,575,2230,80,9,10,0
TerMur,535,3088,38,12,11,0
TerMur,631,3107,37,9,10,0
TerMur,578,3110,48,10,12,0
TerMur,588,3112,57,9,10,0
TerMur,533,3113,41,13,9,0
TerMur,628,3119,37,11,14,0
TerMur,534,3122,46,10,9,0
TerMur,631,3148,38,9,9,0
TerMur,628,3157,38,9,11,0
TerMur,597,3167,38,9,14,0
TerMur,615,3169,38,13,16,0
TerMur,567,3172,38,9,9,0
TerMur,586,3181,38,10,11,0
TerMur,617,3185,38,11,13,0
TerMur,607,3187,38,9,9,0
TerMur,598,3188,38,9,9,0
TerMur,610,3236,37,10,10,0
TerMur,530,3243,37,9,10,0
TerMur,595,3248,37,10,16,0
TerMur,531,3253,36,9,11,0
TerMur,512,3256,36,9,11,0
TerMur,567,3260,38,9,12,0
TerMur,531,3264,35,16,11,0
TerMur,518,3267,36,11,9,0
TerMur,589,3267,37,11,10,0
TerMur,577,3268,37,9,9,0
TerMur,568,3272,38,9,18,0
TerMur,529,3275,37,10,28,0
TerMur,583,3277,37,13,13,0
TerMur,517,3279,37,10,11,0
TerMur,627,3283,37,9,13,0
TerMur,570,3296,38,13,10,0
TerMur,598,3297,37,13,10,0
TerMur,583,3298,38,10,9,0
TerMur,588,3311,37,9,9,0
TerMur,540,3313,35,10,10,0
TerMur,522,3319,37,9,9,0
TerMur,599,3319,37,11,9,0
TerMur,725,1344,80,43,9,0
TerMur,734,1353,80,34,9,0
TerMur,646,1355,80,10,21,0
TerMur,704,1357,77,11,51,0
TerMur,735,1362,77,33,9,0
TerMur,738,1371,80,30,11,0
TerMur,640,1376,80,10,13,0
TerMur,695,1376,77,9,32,0
TerMur,650,1377,80,15,29,0
TerMur,668,1377,77,9,11,0
TerMur,758,1382,80,10,11,0
TerMur,686,1399,77,9,9,0
TerMur,678,1408,77,16,17,0
TerMur,669,1414,77,9,9,0
TerMur,649,1420,80,9,25,0
TerMur,758,1421,77,10,9,0
TerMur,731,1422,80,9,10,0
TerMur,671,1425,80,11,9,0
TerMur,687,1437,40,16,11,0
TerMur,709,1437,40,12,42,0
TerMur,721,1440,40,14,28,0
TerMur,700,1448,40,9,9,0
TerMur,700,1472,37,9,25,0
TerMur,657,1476,40,11,9,0
TerMur,691,1482,37,9,23,0
TerMur,682,1485,37,9,17,0
TerMur,728,1491,34,20,9,0
TerMur,723,1511,40,15,19,0
TerMur,686,1518,32,10,18,0
TerMur,677,1522,40,9,9,0
TerMur,759,1537,80,9,11,0
TerMur,729,1539,80,11,9,0
TerMur,640,1560,40,14,16,0
TerMur,675,1561,40,14,12,0
TerMur,759,1561,77,9,103,0
TerMur,640,1593,40,9,9,0
TerMur,652,1593,37,11,11,0
TerMur,692,1607,40,9,11,0
TerMur,750,1632,80,9,32,0
TerMur,741,1641,80,9,23,0
TerMur,684,1645,80,10,19,0
TerMur,732,1646,80,9,18,0
TerMur,697,1649,80,9,15,0
TerMur,709,1652,80,9,12,0
TerMur,710,1664,80,58,54,0
TerMur,640,1688,40,11,10,0
TerMur,735,1718,80,33,74,0
TerMur,690,1719,40,9,9,0
TerMur,649,1759,40,11,10,0
TerMur,686,1761,40,10,12,0
TerMur,704,1765,40,10,25,0
TerMur,640,1778,40,11,13,0
TerMur,683,1782,40,14,10,0
TerMur,674,1831,40,9,13,0
TerMur,683,1834,40,20,9,0
TerMur,643,1840,40,10,26,0
TerMur,643,1870,40,9,10,0
TerMur,650,1880,40,10,15,0
TerMur,759,1893,80,9,27,0
TerMur,750,1899,80,9,21,0
TerMur,649,1908,40,9,12,0
TerMur,739,1909,80,11,11,0
TerMur,690,1920,80,17,29,0
TerMur,715,1920,80,48,23,0
TerMur,645,1955,40,14,10,0
TerMur,751,1961,40,12,20,0
TerMur,726,1968,40,22,18,0
TerMur,667,1975,40,12,54,0
TerMur,650,1977,80,9,9,0
TerMur,656,1987,40,11,17,0
TerMur,695,2000,40,9,38,0
TerMur,657,2004,40,10,25,0
TerMur,705,2006,40,10,42,0
TerMur,683,2008,40,12,27,0
TerMur,716,2012,40,9,29,0
TerMur,648,2013,40,9,10,0
TerMur,753,2018,40,15,11,0
TerMur,685,2048,40,11,9,0
TerMur,688,2057,40,11,11,0
TerMur,663,2061,40,10,10,0
TerMur,747,2068,40,12,23,0
TerMur,695,2073,40,9,10,0
TerMur,734,2089,40,9,12,0
TerMur,703,2127,40,9,13,0
TerMur,768,1344,80,58,64,0
TerMur,769,1536,77,31,128,0
TerMur,839,1546,2,9,19,0
TerMur,866,1557,0,9,13,0
TerMur,860,1570,0,9,22,0
TerMur,866,1628,0,9,10,0
TerMur,840,1637,0,10,13,0
TerMur,870,1643,0,9,16,0
TerMur,768,1664,80,32,128,0
TerMur,882,1669,0,9,15,0
TerMur,841,1677,0,9,9,0
TerMur,887,1696,0,9,13,0
TerMur,862,1697,0,10,17,0
TerMur,800,1760,80,27,32,0
TerMur,768,1920,80,17,12,0
TerMur,789,1920,80,10,11,0
TerMur,853,1925,75,43,12,0
TerMur,840,1926,75,13,11,0
TerMur,881,1937,80,15,13,0
TerMur,783,1946,40,19,20,0
TerMur,772,1950,40,10,21,0
TerMur,886,1953,80,9,17,0
TerMur,831,1976,40,10,17,0
TerMur,809,1985,79,21,11,0
TerMur,800,1993,76,9,15,0
TerMur,853,1996,40,9,9,0
TerMur,825,2015,40,14,12,0
TerMur,790,2022,40,17,12,0
TerMur,779,2033,40,9,14,0
TerMur,827,2039,40,10,9,0
TerMur,898,1512,0,14,10,0
TerMur,921,1524,0,10,12,0
TerMur,963,1524,0,9,9,0
TerMur,994,1526,0,11,10,0
TerMur,927,1536,0,11,11,0
TerMur,947,1537,0,9,14,0
TerMur,938,1540,0,9,18,0
TerMur,1014,1542,0,10,13,0
TerMur,956,1546,0,12,12,0
TerMur,929,1550,0,9,15,0
TerMur,899,1555,0,11,11,0
TerMur,1000,1561,0,13,10,0
TerMur,981,1564,0,17,9,0
TerMur,993,1591,0,11,13,0
TerMur,980,1611,0,16,14,0
TerMur,996,1624,0,11,12,0
TerMur,985,1625,0,10,24,0
TerMur,975,1647,0,10,12,0
TerMur,975,1665,0,10,9,0
TerMur,1010,1665,0,10,9,0
TerMur,927,1672,0,10,10,0
TerMur,909,1674,0,9,9,0
TerMur,978,1674,0,10,10,0
TerMur,970,1685,0,9,9,0
TerMur,955,1688,0,15,9,0
TerMur,919,1696,0,10,13,0
TerMur,959,1705,0,14,9,0
TerMur,896,1925,72,63,19,0
TerMur,896,1944,80,15,12,0
TerMur,944,2148,80,10,28,0
TerMur,944,2176,80,15,63,0
TerMur,916,2222,80,13,17,0
TerMur,929,2229,80,15,10,0
TerMur,966,3075,51,14,9,0
TerMur,991,3088,38,9,9,0
TerMur,1000,3092,38,11,14,0
TerMur,1011,3096,38,11,9,0
TerMur,983,3120,38,9,34,0
TerMur,1037,1520,0,9,16,0
TerMur,1059,1584,0,9,19,0
TerMur,1049,1587,0,10,11,0
TerMur,1040,1592,2,9,9,0
TerMur,1030,1617,0,9,11,0
TerMur,1026,1629,0,9,9,0
TerMur,1029,1646,0,9,10,0
TerMur,1031,3049,38,11,9,0
TerMur,1059,3173,38,10,9,0
TerMur,1134,3932,2,10,9,6314003
